Price,Close,High,Low,Open,Volume
Ticker,HSY,HSY,HSY,HSY,HSY
Date,,,,,
2014-07-01,73.21823120117188,73.84531514561863,72.99912735967717,73.84531514561863,1065900
2014-07-02,73.11246490478516,73.27868203907933,72.56093252014321,73.21068726462607,819800
2014-07-03,73.00668334960938,73.20312228337255,72.69691980427356,73.11245682989208,635200
2014-07-07,73.14266204833984,73.61864836581154,73.02178056868838,73.06711040303006,654700
2014-07-08,73.23334503173828,73.59600108604589,72.74225057320143,73.13512844571989,925900
2014-07-09,73.01422119140625,73.5204235384072,72.90844773872608,73.21821696744719,782800
2014-07-10,72.74222564697266,72.85555598537333,72.34179678028136,72.59867350071711,713600
2014-07-11,72.87067413330078,73.10489173566782,72.50046702302036,72.64401918922393,666100
2014-07-14,71.7676010131836,73.1502185962778,71.3520640838339,72.90089298013535,2192300
2014-07-15,71.51830291748047,72.18316566522711,71.45785927744275,71.46541040928038,1338100
2014-07-16,69.76544952392578,71.14051595393013,68.81348843822866,70.41520403498816,4479400
2014-07-17,69.63702392578125,69.9467932150855,69.30459547986638,69.62191589996684,1438500
2014-07-18,70.90630340576172,71.08007738632897,69.78056827182337,69.98455830062537,1391000
2014-07-21,70.47566223144531,70.9365348465686,70.25655838456521,70.64187934040415,781800
2014-07-22,70.6494369506836,70.81565406132482,70.27922401726553,70.57388529063454,829400
2014-07-23,71.01963806152344,71.06496790084155,70.6494309239082,70.6494309239082,1089900
2014-07-24,69.76544952392578,70.86096853174998,69.36502062473592,70.64942162381729,1728100
2014-07-25,69.90900421142578,69.939226022827,69.00992405595852,69.76545204832533,1596700
2014-07-28,69.38013458251953,70.07521892864128,69.1836956971474,69.86367202018864,953400
2014-07-29,68.97216796875,69.70503122270193,68.97216796875,69.2819315239185,1521300
2014-07-30,68.26953125,69.12327607385511,68.09575722103011,68.97217273370794,1306900
2014-07-31,66.59977722167969,68.26193608844147,66.56199852570886,68.1637195488249,2098400
2014-08-01,67.31754302978516,67.4535382991068,66.39579795596312,66.7886757403239,2020300
2014-08-04,67.559326171875,67.64999162550808,67.03045876957131,67.2495626260178,1386300
2014-08-05,66.87936401367188,67.57445444538483,66.75092558333172,67.32512871762552,1320600
2014-08-06,67.81619262695312,67.99751772690968,66.84911774155688,66.87933378803214,1353300
2014-08-07,67.64242553710938,68.12596302899306,67.54420896552168,67.81619952523394,1250900
2014-08-08,68.29972839355469,68.37528003633078,67.60464405726135,67.61975208012822,1048600
2014-08-11,68.34506225585938,68.68505331472821,68.0730717144528,68.26951060862892,1238000
2014-08-12,68.38285064697266,68.77572272674806,68.17885482991423,68.29974209398175,905000
2014-08-13,68.73039245605469,68.75305737687044,68.22419001042947,68.61706208775391,957000
2014-08-14,69.75035095214844,69.82590260604448,68.73038921399767,68.73794610865379,1906000
2014-08-15,69.07036590576172,70.05255457631476,68.60949338111062,69.81834274924391,896500
2014-08-18,69.16858673095703,69.43302036291726,68.98725587113783,69.09302932392194,561700
2014-08-19,69.44812774658203,69.57656611460614,69.01747704586172,69.16858609432022,837400
2014-08-20,69.4783706665039,69.61436596932681,69.13082839578372,69.50859248537817,805400
2014-08-21,69.8393325805664,69.92292745633195,69.47455441377569,69.49735196208407,1198200
2014-08-22,69.90774536132812,69.90774536132812,69.50497309732862,69.77095423412509,1069500
2014-08-25,69.92291259765625,70.16609605785595,69.70252668092043,69.77852042511701,863400
2014-08-26,69.8393325805664,70.09771252533095,69.66454171361514,69.84693369598662,827800
2014-08-27,69.4517593383789,69.89253128120914,69.0717847251706,69.82413283589636,1339100
2014-08-28,69.8697280883789,70.07491181183865,69.360557741364,69.360557741364,694200
2014-08-29,69.47457885742188,69.87735114711884,69.34538883958592,69.83935715255467,765500
2014-09-02,69.69496154785156,69.89255002313058,69.29218927751842,69.4669801975641,954300
2014-09-03,69.07936096191406,69.91530365031691,69.01856365418831,69.90770253736359,791700
2014-09-04,68.20545196533203,69.0337939471302,68.11425595900658,69.0034010763083,1517800
2014-09-05,68.83621978759766,68.87421377978802,68.16746058796302,68.47904263287532,932700
2014-09-08,69.8697280883789,70.47768394163323,68.79059586759007,68.90458940193525,2089900
2014-09-09,68.96538543701172,69.80132834332451,68.84379078986343,69.80132834332451,1080200
2014-09-10,69.76333618164062,70.09011455692317,68.96538723331402,69.15537452596777,1487900
2014-09-11,70.19654083251953,70.28773106628475,69.54298376674615,69.77096514911406,862500
2014-09-12,70.42449188232422,70.47768809509338,69.93812485187689,70.18130836710056,1375300
2014-09-15,70.38651275634766,70.52330387490406,69.98373471985401,70.47770297008287,838400
2014-09-16,71.42760467529297,71.7467876607914,70.56126328169164,70.56126328169164,2036500
2014-09-17,71.25286102294922,71.5340386046842,70.89568385895217,71.2452599051322,1337100
2014-09-18,71.5644302368164,71.61762646039347,71.13886044819995,71.43524023640835,749100
2014-09-19,71.3288345336914,71.8152015725689,71.16164477696118,71.80760045691231,924900
2014-09-22,70.93365478515625,71.40482537137198,70.72847105445314,71.38202782328855,602600
2014-09-23,70.2649154663086,70.87287725909637,70.17371945800443,70.68288992359436,656600
2014-09-24,71.59483337402344,71.67082715559579,70.26492190366879,70.26492190366879,1062000
2014-09-25,70.62206268310547,71.28322041797925,70.45487297097985,71.23002421848027,916600
2014-09-26,70.83485412597656,70.87285389973376,70.21929721717981,70.45487958021039,766100
2014-09-29,71.81520080566406,71.95959301183503,70.47768856405783,70.53088477718097,1169000
2014-09-30,72.52194213867188,72.68913186671595,71.81518925063644,72.08117027345591,1379800
2014-10-01,71.68600463867188,72.49154888151442,71.59480865350122,72.24836538567789,1517800
2014-10-02,71.3668441772461,71.80001506229857,70.96406616311549,71.73921772454831,1022300
2014-10-03,71.19966888427734,71.50364403897147,71.16166909096337,71.50364403897147,1322700
2014-10-06,71.05524444580078,71.64800384612555,70.52328236806106,71.32122548467063,908800
2014-10-07,70.37890625,70.9792669022501,70.33331114662381,70.64488734961634,890800
2014-10-08,71.51123046875,71.53402802087398,70.32571137467727,70.432103816558,882500
2014-10-09,71.00206756591797,72.05839669208768,70.66768799862854,71.30604846363985,916600
2014-10-10,70.84248352050781,71.73162292103514,70.83488240313173,71.07806597758245,1086300
2014-10-13,70.09770965576172,71.04764611607162,70.08251322349565,70.82726016152549,1031200
2014-10-14,70.39407348632812,70.79685132491076,70.16609226605853,70.31047863284405,718800
2014-10-15,70.34849548339844,70.59928010474442,69.15537550063523,69.94572334496817,1305900
2014-10-16,69.22376251220703,69.49734465906305,68.14463615402592,69.43655313594633,2058800
2014-10-17,69.92291259765625,70.18129248751487,69.04136893071293,69.52773585111234,956900
2014-10-20,70.84248352050781,70.95647708933397,69.62656564825414,69.91534433105384,682200
2014-10-21,71.6328125,71.80000225000258,70.70567355758736,70.85766107688849,912100
2014-10-22,71.57963562011719,72.43837635219975,71.48843960513568,71.76962296953,787000
2014-10-23,71.32124328613281,72.15718638749364,71.2072497273215,71.93680618453256,658700
2014-10-24,71.53401947021484,71.71641146131132,71.18444351754208,71.57201925118142,906300
2014-10-27,72.07356262207031,72.27115099165138,71.53399951101704,71.66319525148405,793000
2014-10-28,72.59795379638672,72.61315602884152,71.92159940097022,71.95959918415434,1170400
2014-10-29,71.48082733154297,71.65561821682238,69.9533334551904,70.89566893777828,2558100
2014-10-30,72.05836486816406,72.19515592182873,70.59926416104162,71.03243486465456,997800
2014-10-31,72.88672637939453,72.95511902045928,72.34715737610802,72.5827455572189,1501900
2014-11-03,73.20586395263672,73.47184485363448,72.85628822590414,72.95507947543221,1419200
2014-11-04,72.3775634765625,73.3123035861768,72.33196837783339,73.22870870653843,992600
2014-11-05,72.6131591796875,73.06912760791795,72.15718495350391,73.03112782308494,1243300
2014-11-06,73.57828521728516,73.63908254802055,72.79553842741285,72.85633575814825,1103700
2014-11-07,73.28189849853516,73.48708222278613,72.97031655665359,73.3122971610079,921500
2014-11-10,73.3958969116211,73.71507419187114,73.23630827149609,73.33509958263468,733000
2014-11-11,73.31231689453125,73.70748801714129,73.12232955140163,73.39591178934458,520400
2014-11-12,73.4111099243164,73.50990705572012,72.7575529849919,73.00833767523464,723000
2014-11-13,73.44149017333984,74.03424962125727,73.03871802529093,73.44909128876122,956500
2014-11-14,73.00071716308594,73.48708417969735,72.6663434628857,73.43388796844148,622300
2014-11-17,73.48709106445312,73.59348349693241,72.99312868420762,73.00072400227563,642300
2014-11-18,73.34270477294922,73.5706860723856,72.95512902656881,73.37310343913128,626100
2014-11-19,72.98553466796875,73.33511066554233,72.42317378473763,73.11472466312465,1314500
2014-11-20,72.4155502319336,73.06150580553411,72.33955648173674,72.8031258952745,964800
2014-11-21,73.58869171142578,73.5963357462427,72.80916341942468,72.93908868855165,1318500
2014-11-24,73.7568130493164,73.85616216241392,73.35940493554797,73.71095467884209,1016300
2014-11-25,74.0777816772461,74.4828279347345,73.54281602220262,73.65744735493455,1771900
2014-11-26,75.33877563476562,75.41519846359189,74.123631082882,74.123631082882,1511000
2014-11-28,76.63799285888672,76.76791227069613,75.28529050804083,75.65212247440729,931300
2014-12-01,76.57685089111328,77.26466810416773,76.31701207211987,76.60742119288113,1465500
2014-12-02,76.78318786621094,76.92075128892779,76.29407477003721,76.43927639407477,870500
2014-12-03,76.33993530273438,76.7831959146948,75.99602962523772,76.73734337921222,691600
2014-12-04,76.13359832763672,76.36286685159406,75.64448514636753,76.24059147162129,1029800
2014-12-05,76.27115631103516,76.34757914688015,75.89667450322399,76.08009630607835,574400
2014-12-08,76.13359832763672,76.6303497115555,75.88904173700212,76.27116177428675,578700
2014-12-09,75.65975952148438,76.13359041753546,75.19357265797773,75.69032982097364,726200
2014-12-10,75.33877563476562,76.08008931882543,75.23178250827122,75.65975501424882,753600
2014-12-11,76.10302734375,76.93604621884315,75.43049235250814,75.47635072144035,1307100
2014-12-12,75.29293060302734,76.45457879732578,75.27000433338932,75.97310964286012,860200
2014-12-15,75.30057525634766,75.90432562810498,75.10187120003393,75.65976903213777,887300
2014-12-16,74.84968566894531,75.98075787883171,74.6662638262422,75.25473203454071,812400
2014-12-17,76.67620849609375,76.77555760727766,74.9031717467198,75.25472148324259,1053800
2014-12-18,79.31282806396484,79.31282806396484,77.03539607755394,77.03539607755394,1656300
2014-12-19,80.45155334472656,80.76489458672894,79.4504006722893,79.68731323918624,2689700
2014-12-22,80.25286102294922,80.81839711008625,79.8478146701069,80.54327018538397,1074500
2014-12-23,81.49856567382812,81.77369258261731,80.35984953120527,80.93302961940118,1249600
2014-12-24,81.22343444824219,81.62848075612993,81.04766249572327,81.49091730904644,537500
2014-12-26,81.32276916503906,81.56732569562341,81.1087770989261,81.29219886988007,515600
2014-12-29,81.25398254394531,81.38390192215857,80.73429920040482,81.2310562808121,483700
2014-12-30,80.74198913574219,81.26931097966589,80.52800278392495,80.96361952317885,579100
2014-12-31,79.42744445800781,80.91007156962844,79.3433776116363,80.80307846164418,643500
2015-01-02,79.25933837890625,79.93186755349772,78.66323204654508,79.73316932983674,786500
2015-01-05,78.7014389038086,79.48096114958035,78.33460113299986,78.83135830632246,857800
2015-01-06,78.96128845214844,79.71024633038567,78.64030900319933,78.98421472268917,1241200
2015-01-07,80.3521957397461,80.61967858228412,79.3510431730943,79.63380825062508,1020600
2015-01-08,81.90361022949219,82.15581086220205,80.634974693718,80.95595413679095,1245800
2015-01-09,81.32276916503906,82.01822443017146,81.16227365778244,82.00294219793577,748300
2015-01-12,80.57381439208984,81.55968458114857,80.49739156680289,81.35333653911722,1123400
2015-01-13,81.52149200439453,81.85775952220402,81.0247347614549,81.34572004240458,1414400
2015-01-14,81.78898620605469,81.9112674406246,81.11645690799074,81.23109410772747,1499500
2015-01-15,82.88946533203125,83.38622247198977,82.21693626652147,82.41563445795434,1516400
2015-01-16,84.57083129882812,84.63961012457712,83.233410822819,83.27161933800492,2532200
2015-01-20,84.35680389404297,85.09811758119567,83.65370453680688,84.83063476384369,1148700
2015-01-21,84.21927642822266,84.3568399116943,83.08056004490729,83.27162011469063,1320600
2015-01-22,84.6624755859375,84.82296522809445,83.50083377241216,84.33385227180099,1151900
2015-01-23,83.01175689697266,83.54672260335063,82.65256313810934,83.09582376950189,1556900
2015-01-26,83.55437469482422,83.60787127062144,82.66021514334649,82.97355056424756,808500
2015-01-27,83.43972778320312,83.89827064097072,81.7049054582643,81.7049054582643,1071400
2015-01-28,82.29338836669922,84.23455925452299,82.07175799986643,83.43974871402655,1431300
2015-01-29,78.93834686279297,79.03005775784783,75.45341448034344,77.89133600933083,6049800
2015-01-30,78.11296081542969,79.14468353193963,77.79962548302774,78.21230990508147,3111800
2015-02-02,79.52682495117188,79.60325362765592,77.61622465285858,77.95249217118233,1624700
2015-02-03,80.01592254638672,80.07706314336693,79.25932660849351,79.63380256129282,1264300
2015-02-04,80.78016662597656,81.37627873082624,79.90893348209666,79.90893348209666,1555400
2015-02-05,80.86421966552734,81.26926586815854,80.31396602018401,80.95593054998042,886600
2015-02-06,80.65025329589844,81.32278828615165,80.3904144719835,80.67317956498634,1106800
2015-02-09,80.20700073242188,80.98652894402053,80.1000075787812,80.2757853772992,879500
2015-02-10,80.91773986816406,81.17758453469796,80.23756664411279,80.71139760621034,793700
2015-02-11,81.13938903808594,81.35337538333769,80.23758527546025,81.06296617630898,781400
2015-02-12,81.51385498046875,81.52149318366446,80.53562271729841,80.97888339160676,1043600
2015-02-13,81.02471923828125,81.39920102252898,80.79545074517246,81.07821580307547,1122100
2015-02-17,80.94066619873047,81.24635755306336,80.24520495703882,80.92537813260053,1105100
2015-02-18,81.7354965209961,81.77371086769652,80.64263267523756,80.94069175198142,1267100
2015-02-19,80.9712142944336,82.01058101489826,80.5661680842369,81.75074225012592,1447900
2015-02-20,81.95709991455078,82.20930052606226,80.59675358194517,81.04001420265831,1483700
2015-02-23,81.392578125,81.78429642488565,80.80115949537921,81.48474300032127,1141300
2015-02-24,81.21590423583984,81.46168695851235,80.37102649289827,81.07765108809141,1233300
2015-02-25,80.1329345703125,81.28504230294834,80.00236376699529,81.03157719538694,1428500
2015-02-26,79.59527587890625,80.29422400643813,79.39558143668793,80.29422400643813,1768000
2015-02-27,79.71051788330078,80.12527750115046,79.434011471401,79.61067062452996,1100600
2015-03-02,78.85028076171875,80.03310658142551,78.61217443755653,79.7105177215055,1124400
2015-03-03,78.76576232910156,79.03458627652023,78.34332051178468,78.82720361713828,769800
2015-03-04,77.98233032226562,78.58910775839524,77.61365913317604,78.4201310217613,832500
2015-03-05,78.61215209960938,78.78881120218139,78.10522772948312,78.2742044728329,891300
2015-03-06,76.53838348388672,78.24350442882464,76.2618770679549,78.14365130867294,1266000
2015-03-09,76.81485748291016,77.33714650815446,76.53835118366774,76.53835118366774,1447100
2015-03-10,75.6704330444336,76.59212274336909,75.6627565453866,76.49226965652872,1406900
2015-03-11,76.13128662109375,76.36938702798618,75.47842083716237,75.96999222998049,1311400
2015-03-12,77.26802825927734,77.3985990696285,76.14664404229276,76.3617032263825,998600
2015-03-13,76.71501922607422,77.39092624810499,76.11592408194588,77.22963185237225,783500
2015-03-16,77.46771240234375,77.51379482933024,76.79948791142948,76.8916586253245,739900
2015-03-17,76.8609619140625,77.36020986726545,76.55373195363575,77.16050951399946,709500
2015-03-18,77.65972900390625,78.00535892025594,75.81635577689002,76.75340417578538,1075800
2015-03-19,77.22965240478516,77.80570648281213,76.90705766754698,77.36022325608924,650200
2015-03-20,78.41246032714844,78.64288424954849,77.49845871745546,77.73655913999141,1011700
2015-03-23,78.18202209472656,78.75807589218851,78.02840423278336,78.61214038832304,554600
2015-03-24,77.27570343017578,78.88097066203356,77.24497985531767,78.29724031949767,723500
2015-03-25,78.10523986816406,79.10372990507506,77.39093270748646,77.72120388629274,1851000
2015-03-26,77.58291625976562,78.45851744096346,77.4600219873554,78.0514404184671,892200
2015-03-27,78.25885772705078,78.37406970215058,77.4447032602147,77.53686815235494,649000
2015-03-30,78.67359924316406,78.85793484501083,77.8440802449689,78.4738989228749,585200
2015-03-31,77.50611114501953,78.89631892281646,77.50611114501953,78.53532431843523,843700
2015-04-01,77.49075317382812,77.49075317382812,76.33096326859997,76.91469940009469,1016400
2015-04-02,77.38323974609375,77.87480526675398,76.83022707037017,77.2680277953308,643000
2015-04-06,77.95927429199219,78.42011612074867,77.26032626143946,77.31409690371747,1151200
2015-04-07,78.14360809326172,78.77342661237293,78.04376088825296,78.0821668147526,675300
2015-04-08,77.23729705810547,78.29723987496283,76.87630238047566,78.12058078551237,846800
2015-04-09,77.37557220458984,77.55991370508231,76.73039453263932,77.1528306197714,694400
2015-04-10,76.87630462646484,77.69814708843774,76.81486333522514,77.3755524747957,853600
2015-04-13,76.39244079589844,77.26036005063264,76.21578751657943,76.9608124379401,1147100
2015-04-14,77.57524871826172,77.85175502407111,76.30024676814925,76.32329384356882,905100
2015-04-15,77.3064193725586,78.2357854455497,77.23728987097233,77.85943194556008,1138100
2015-04-16,77.89784240722656,78.32028425126954,77.17585888275713,77.51380649806858,651800
2015-04-17,77.0145492553711,77.72885619372106,76.66123696520862,77.12208468795484,1093300
2015-04-20,75.4323501586914,76.86864690334937,75.31713818710078,76.79184087559706,2130900
2015-04-21,75.2863998413086,76.03911282950217,75.21727618786306,75.50146488073757,1232500
2015-04-22,75.5245132446289,75.64740170457851,75.07134776500071,75.31713054482363,1568600
2015-04-23,72.91307067871094,74.9023742227448,72.06051034271815,73.61969546856608,3400100
2015-04-24,72.6826171875,73.15882371389714,72.28322251304421,73.08201772187735,1713700
2015-04-27,71.97601318359375,72.79784983809726,71.56893603602518,72.71336146483699,2046800
2015-04-28,71.70719146728516,72.12963334691402,71.58429715323915,72.12963334691402,1648600
2015-04-29,70.17874145507812,71.76865027666447,70.08657070457878,71.66879716530909,3189200
2015-04-30,70.60116577148438,70.86998975737886,69.9943882833663,70.18640625327998,2093800
2015-05-01,71.89153289794922,72.16803926701212,70.90071938546119,70.90071938546119,2225700
2015-05-04,72.38306427001953,72.69797643150225,72.0988815349383,72.0988815349383,1361900
2015-05-05,72.1142578125,72.6826292799138,71.64573356533162,72.383081759255,1315000
2015-05-06,72.35236358642578,72.48294025024504,71.75326850038599,72.3139635111214,1179800
2015-05-07,72.48294067382812,72.59814676033751,71.84543964883547,72.08354004085221,882400
2015-05-08,72.53669738769531,73.08970998103273,72.46756788356694,72.6058210319013,1055500
2015-05-11,72.14498901367188,72.66727810540839,71.90688861564836,72.47526014315117,1076000
2015-05-12,72.48294067382812,72.68263513039307,71.8223984315336,71.9913751716447,784000
2015-05-13,72.42916870117188,73.23564052641738,72.29091555114087,72.58278070790746,823900
2015-05-14,73.8270492553711,73.93457881779263,72.7440654139406,72.93608332682501,1610200
2015-05-15,73.87315368652344,74.04213043778833,73.55824140281644,73.7502593729041,708000
2015-05-18,73.1665267944336,73.73489832826883,73.15884443507923,73.6888158919891,696400
2015-05-19,73.15884399414062,73.26637358476073,72.60583132242398,73.14348513544769,1019500
2015-05-20,73.02827453613281,73.5121577028724,72.92842144305085,73.22796900245012,1219100
2015-05-21,72.65363311767578,73.42605109559905,72.59956409494441,73.07846536276618,997900
2015-05-22,72.24424743652344,72.99349376515397,72.10521197458085,72.78494351878064,753100
2015-05-26,71.8348617553711,72.52231318674487,71.45637864994839,72.27513970460015,755400
2015-05-27,72.19791412353516,72.3060521761636,71.68811539564516,71.98935795555039,885600
2015-05-28,72.13612365722656,72.25971337808494,71.69584558956251,71.88122427776784,613900
2015-05-29,71.72674560546875,72.30605918344115,71.72674560546875,72.2210927205586,1015800
2015-06-01,71.62635040283203,72.01255954663596,71.4100683321114,71.77310587018049,695900
2015-06-02,71.4718246459961,71.62631175601264,71.14741055458236,71.44092722399279,570300
2015-06-03,70.83073425292969,71.47956849238733,70.57584077004341,71.28646397600194,1516800
2015-06-04,70.49861907958984,71.10111033310685,70.44455003168137,70.49861907958984,1076400
2015-06-05,70.18962860107422,70.55266012546883,70.12783374425227,70.43680213528008,1371300
2015-06-08,70.73033142089844,71.00840243287564,70.066051324851,70.2900533007817,964800
2015-06-09,70.34410858154297,70.73031759009281,70.27459378868326,70.62217953914539,857200
2015-06-10,70.37501525878906,70.98522627966769,70.34411782687441,70.54494818777837,931400
2015-06-11,70.10466766357422,70.57584317103051,69.97335210922235,70.38273864807572,895000
2015-06-12,70.32096099853516,70.69171847323089,69.73392145500247,69.99654673490544,1420800
2015-06-15,70.18191528320312,70.65309083758143,69.72618549924313,70.04287977710653,712900
2015-06-16,71.13970184326172,71.56453413167841,70.12783607477373,70.15100767358153,1075900
2015-06-17,71.4255142211914,71.75765429372309,70.9079954246905,71.09337414865972,817700
2015-06-18,71.26329040527344,71.85032387582432,71.20922137790475,71.57225880155822,1134300
2015-06-19,68.7761001586914,70.63762449408863,68.52120080164063,69.80341752395785,5668100
2015-06-22,68.93059539794922,69.20094057709602,68.57528374920159,69.16232320469386,2170300
2015-06-23,68.83790588378906,69.11597688210304,68.82245422105903,69.01555875360582,1136100
2015-06-24,68.15816497802734,68.83017078229337,68.11182178224412,68.82244495196888,1236500
2015-06-25,67.8646469116211,68.35899396716877,67.81057788657937,68.30492494212704,1395800
2015-06-26,68.39759826660156,68.64477172586422,68.0654583782411,68.19676798936311,987500
2015-06-29,67.90327453613281,68.55982870902743,67.81830807802011,67.826028015607,1192200
2015-06-30,68.61389923095703,69.25500764954975,68.03458567289711,68.31265665221245,1403200
2015-07-01,69.17776489257812,69.17776489257812,68.3744493411753,68.9074197293855,1184300
2015-07-02,69.54853057861328,69.81887575111851,69.20866470855941,69.37087181206255,1253500
2015-07-06,68.68341064453125,69.46355451433621,68.16589197250741,69.27817583495552,1019200
2015-07-07,70.51406860351562,70.61448086284143,68.70660668406263,68.90743709579831,1592500
2015-07-08,69.80342864990234,70.42908545049409,69.54852925222323,70.21280931661461,954400
2015-07-09,70.14330291748047,70.6222043780285,69.99654744991106,70.44454557865433,1155600
2015-07-10,70.9620361328125,71.3636908565639,70.38272269525424,71.17831220660796,1164900
2015-07-13,71.16287231445312,71.42549751397166,70.86162974856086,71.06246009018304,738900
2015-07-14,71.39461517333984,71.75765267385168,71.18606485021775,71.22468222475274,766200
2015-07-15,70.8153076171875,71.41006709538823,70.69171786463039,71.38689549005471,813700
2015-07-16,71.30963897705078,71.47184607138308,71.04701965091728,71.31736480813778,641500
2015-07-17,70.68397521972656,70.86935389593093,70.25914294813128,70.84618229804062,618900
2015-07-20,70.54495239257812,70.75350270407937,70.35956779004044,70.68398789793993,570100
2015-07-21,70.07376098632812,70.58355379525756,69.80341586848057,70.58355379525756,783800
2015-07-22,70.35956573486328,70.55267027038732,69.91928762959175,70.08150062534477,575700
2015-07-23,70.01969146728516,70.5294842726072,69.89610176109706,70.2668649865798,428700
2015-07-24,69.67211151123047,69.88839353329529,69.324525717235,69.7493580370806,538000
2015-07-27,70.03516387939453,70.3441323693325,69.13143590812011,69.47902177612295,721400
2015-07-28,71.07791900634766,71.09337067022105,70.08922466944189,70.32095248287803,767500
2015-07-29,71.44867706298828,71.54908929843191,70.83846603279392,71.13198280084022,614200
2015-07-30,71.72674560546875,71.84260949967972,71.16287779661934,71.39460558504128,714200
2015-07-31,71.74989318847656,72.09747886167784,71.66492675403528,71.9429976498285,1217600
2015-08-03,71.46410369873047,71.74990045197251,70.93885927495765,71.74217462267379,859700
2015-08-04,71.680419921875,71.75766057253047,71.19379262588618,71.38689719906678,889200
2015-08-05,71.5722427368164,71.84258781297954,70.36726685107675,70.75347578647572,1449800
2015-08-06,71.21695709228516,71.98165536843989,70.66082092746805,71.68813267505728,2026800
2015-08-07,69.3091049194336,70.5218015593657,68.00371595093453,70.16648391306806,1997000
2015-08-10,70.91568756103516,71.41003455986386,69.64120270369678,69.64120270369678,1496300
2015-08-11,70.62991333007812,70.84618945634942,70.135566214863,70.62218749897345,813700
2015-08-12,71.26329040527344,71.28646200370545,69.74162591536357,70.32093944849179,991100
2015-08-13,69.88838195800781,71.077900470396,69.87293029816396,70.96204248697488,952700
2015-08-14,70.56037139892578,70.63761200747717,69.72615868317705,69.93471480865458,835600
2015-08-17,71.30191802978516,71.45640519669449,70.1355708583046,70.35956693742817,1244200
2015-08-18,72.17475891113281,72.37558340127417,71.06247481091448,71.2942026294877,2055500
2015-08-19,71.12425231933594,72.01253421624884,70.75348907874313,71.53363292487518,1474300
2015-08-20,70.74576568603516,71.47956636228155,70.4445231208976,70.46770061236218,1230800
2015-08-21,69.58984375,70.70925336410704,69.47324352422676,70.45272100573493,1873800
2015-08-24,67.21886444091797,67.31214460053323,64.06275918280645,67.00120282737016,2255700
2015-08-25,66.17718505859375,68.54815443363798,66.11500026759558,68.18279135641801,1457500
2015-08-26,68.55592346191406,68.68807428554766,66.7990742818937,67.14111728972946,1459400
2015-08-27,70.14954376220703,70.45271619016607,69.0534601990094,69.1545156980507,1488800
2015-08-28,70.11843872070312,70.33610626918983,69.58206000029797,70.04070327594643,1180700
2015-08-31,69.58984375,69.8619267590322,69.34886204228798,69.74532060242348,909600
2015-09-01,67.69306945800781,69.09232545924827,67.37434637815471,68.59481142358476,1486700
2015-09-02,68.89021301269531,68.92130838062552,68.19058206135301,68.3926989874819,830100
2015-09-03,70.14954376220703,70.32056532276548,68.97572474352876,69.14674037325211,1323600
2015-09-04,69.74530029296875,70.08734333786381,68.75804184277936,69.35661717134572,1354900
2015-09-08,71.60320281982422,71.82863973476118,70.42160284710869,70.5926243640149,1210300
2015-09-09,70.25833892822266,72.36500013599175,70.08732338529387,72.31836007254137,1339900
2015-09-10,70.514892578125,71.05905251743096,69.90854784558931,70.04847400931554,857100
2015-09-11,70.90357208251953,70.96576280340383,70.02515039065472,70.44492886037337,718700
2015-09-14,70.13398742675781,70.86471363507867,69.94742117833928,70.86471363507867,822400
2015-09-15,70.5459976196289,70.69369912683739,69.68312048006254,70.21172984546504,935300
2015-09-16,72.87030029296875,73.04132179267856,71.32334333521423,71.37775872777345,1636800
2015-09-17,72.52826690673828,73.3989132318896,72.17067324509883,72.83143924222252,1021800
2015-09-18,71.87529754638672,72.45054702906876,71.65763590055215,71.65763590055215,1916900
2015-09-21,72.1240463256836,72.53604952695,71.82864925875384,72.22510774316473,818800
2015-09-22,71.29225158691406,71.38553766352352,70.83360838795913,71.30780223176562,837400
2015-09-23,71.40107727050781,71.47881269670562,70.79473264299898,71.23783109624257,602400
2015-09-24,71.58765411376953,71.68871552058874,70.94244464273349,70.94244464273349,711000
2015-09-25,71.95303344726562,72.80036592332876,71.65763634477818,72.0074488590616,621100
2015-09-28,70.95800018310547,72.0229942282727,70.90358477529895,71.74314186502926,736400
2015-09-29,71.82087707519531,71.94525853881534,70.84916913129362,70.91135986310363,1211400
2015-09-30,71.42440032958984,72.66819092475157,70.88024639233141,72.48939409917632,1193900
2015-10-01,71.55657958984375,71.7353705408198,70.63151167471598,71.7353705408198,1266400
2015-10-02,73.31341552734375,73.3445108917531,70.60040873909617,70.60040873909617,1220400
2015-10-05,74.23070526123047,74.58052364971145,73.35228348993525,73.67877590785021,1801000
2015-10-06,73.2045669555664,74.2229206176763,72.64486239366876,74.20736997382754,1267800
2015-10-07,74.37061309814453,74.40170845373346,73.08018846078352,73.57770228854109,1241200
2015-10-08,75.40453338623047,75.54445956170633,73.93531150915108,74.35509003557867,990100
2015-10-09,75.06250762939453,75.71549857592808,74.82152591133973,75.35791069625989,750100
2015-10-12,75.45895385742188,75.67661549370006,75.06249534515247,75.17132616329155,493300
2015-10-13,74.42505645751953,75.49782587058257,74.28513027019979,75.24129353869056,1062800
2015-10-14,73.30564880371094,74.54943377120472,73.11907661046097,74.3706369020488,819000
2015-10-15,73.6399154663086,74.05191867460165,72.76926303669165,73.82648172592849,765300
2015-10-16,74.06745147705078,74.34730378688012,73.55439286291933,74.00526075690348,523800
2015-10-19,74.04412841796875,74.39394082556286,73.85756219597411,73.85756219597411,491400
2015-10-20,73.23567962646484,73.8808950895708,73.09575345290975,73.84979972535474,850600
2015-10-21,73.1113052368164,73.69432998055231,73.08797926516608,73.38338226439295,1061200
2015-10-22,74.57274627685547,74.76708784372616,73.4844323162128,73.56994308010262,996700
2015-10-23,74.37061309814453,75.21016990654769,73.79536384683095,74.82148685793504,757800
2015-10-26,73.81869506835938,74.47945516497542,73.28231048211605,74.3550796546027,936800
2015-10-27,73.32897186279297,73.81093522143614,72.8780979401363,73.57772886652857,1355700
2015-10-28,68.59479522705078,71.06682010280221,68.42377370564128,70.7014570217608,4107600
2015-10-29,69.1545181274414,69.70644759082874,67.67752069808225,68.56371796953069,3474000
2015-10-30,68.94461822509766,69.79194463522231,68.9290675780154,69.27888596735649,1341100
2015-11-02,68.37712097167969,69.34105326838387,67.77855168838336,69.0845269645898,1906800
2015-11-03,68.45486450195312,68.742492126128,67.91848586610449,68.26052295528092,1657400
2015-11-04,68.18280029296875,68.77360036613857,67.67751099081697,68.68031427116404,1422200
2015-11-05,68.18280029296875,68.78137569009506,67.96513866886261,68.54816341807594,1284300
2015-11-06,66.9778823852539,68.02732569046258,66.4026270605216,67.81743347092036,1262300
2015-11-09,66.1694107055664,66.97787223626645,65.75740165244531,66.85349080192803,1380500
2015-11-10,66.69802856445312,66.79130872143563,65.78073612550996,66.2549300262843,1189500
2015-11-11,67.31214904785156,67.62309677239313,66.69803485369603,66.85350575054954,906600
2015-11-12,66.20050811767578,67.40542216333095,66.15386211293531,67.3432314442326,1040500
2015-11-13,65.15882873535156,66.50367474890959,64.79346570556511,66.23936718085503,1535100
2015-11-16,65.88956451416016,65.91288455255103,65.11996766225867,65.19770903133995,1321000
2015-11-17,64.97227478027344,66.14609358699181,64.55249627947654,65.8740165765218,1527400
2015-11-18,66.32489776611328,66.54255939853155,64.77794036642514,65.25213432169409,1592900
2015-11-19,66.1460952758789,66.97010758255679,66.09167987239553,66.48036302037225,1095300
2015-11-20,65.75743865966797,66.65918677361107,65.71079856095938,66.37933431968642,1609000
2015-11-23,67.04348754882812,67.04348754882812,66.06503620098181,66.09634736075206,1390200
2015-11-24,67.72447204589844,67.84971665942369,66.58164182144385,66.58164182144385,2367100
2015-11-25,68.02976989746094,68.27242392681639,67.36441818652992,67.5131447061959,1260700
2015-11-27,68.1002197265625,68.66380870740475,67.70883915342134,67.93584060248244,638200
2015-11-30,67.56011199951172,68.3507024221004,67.55228868795668,68.07673721783507,1530900
2015-12-01,67.02001190185547,67.9906340569853,66.71473553070985,67.59142419779731,2526700
2015-12-02,66.6990966796875,67.59144417789093,66.41730210425531,67.17658160072561,1190100
2015-12-03,66.19025421142578,67.0591192149175,65.75191005542679,66.76950152841441,1027500
2015-12-04,67.70883178710938,67.9358332114741,66.38596368277435,66.38596368277435,1090200
2015-12-07,68.20980072021484,68.31938679475877,67.48966195264244,67.66187034749522,922500
2015-12-08,68.77339172363281,69.13346111822855,67.85756265659626,68.06107624571993,1372200
2015-12-09,67.79495239257812,68.87516076849376,67.71667746191659,68.24112606654266,995500
2015-12-10,67.92020416259766,68.50727521356812,67.60710437967653,67.70886121192633,1018900
2015-12-11,68.43679809570312,69.30566332950823,67.04348439738295,67.20003421688234,1919000
2015-12-14,70.37805938720703,70.59723155843457,68.4994313921236,68.57770631442003,2275500
2015-12-15,69.939697265625,71.14514997586723,69.4074195230764,70.64418339135004,1955200
2015-12-16,71.56002807617188,72.01403100929164,70.13540291899825,70.30761133997432,1683600
2015-12-17,70.31544494628906,71.68527714207853,70.00233924999544,71.5835143568863,1280200
2015-12-18,69.47791290283203,69.75187823536758,68.76559706624322,69.73621966093907,1852700
2015-12-21,69.8066177368164,69.97882609141051,69.26651080140613,69.76747730277529,878500
2015-12-22,70.23716735839844,70.28413112086795,69.00040318941784,70.05712964894158,793000
2015-12-23,70.71463012695312,70.77725244399808,69.75966666598543,70.33890816866911,746000
2015-12-24,70.698974609375,70.85552442351919,70.43283873093138,70.66766345214765,292400
2015-12-28,70.7537841796875,70.78509534423361,70.21367704225669,70.605057641092,515000
2015-12-29,71.21559143066406,71.41910497089118,70.88682730415888,70.98859004626436,593100
2015-12-30,70.91815948486328,71.33302194170642,70.81640268457897,71.12167905742558,666600
2015-12-31,69.87706756591797,70.52676058943561,69.73617035566103,70.52676058943561,559100
2016-01-04,68.87516021728516,69.2039244786235,68.19416175678607,69.0082341675386,1042800
2016-01-05,68.62466430664062,69.5718045224219,68.28025348307952,69.25870485954694,1449700
2016-01-06,68.67162322998047,68.91427722213128,67.48182319906381,67.87320368807728,2128400
2016-01-07,67.08262634277344,68.24111544096078,66.86345418224992,67.87321675494196,1713000
2016-01-08,66.47207641601562,67.49749759876335,66.33900845180966,67.30180730834502,1182100
2016-01-11,65.94763946533203,66.48774667288168,65.37622108917134,65.97895063394307,1611100
2016-01-12,66.54251861572266,66.69123915445316,65.75975756474554,66.5268600503871,843300
2016-01-13,65.43883514404297,66.7695327676144,65.2979378891235,66.72256303464522,1348600
2016-01-14,66.1980972290039,66.58947772721771,65.34489060945418,65.82236932304197,1549100
2016-01-15,65.21965789794922,65.54841614322895,64.67172748914966,65.12572441130062,1547100
2016-01-19,66.22940826416016,66.33116504359204,65.37619567418116,65.49361101782867,1166800
2016-01-20,66.52689361572266,66.98872597424736,64.69523469885155,65.65802793300301,1741300
2016-01-21,66.2685546875,66.75386272614956,65.61103228688773,66.50337942400989,1667100
2016-01-22,66.73040008544922,67.46619761033296,66.44077625774091,66.7147474873004,1121100
2016-01-25,65.57189178466797,66.69906962925923,64.9926502687499,66.4642448929647,2127100
2016-01-26,66.5973129272461,66.91824185886341,65.47013508119055,65.85368633136495,1379500
2016-01-27,66.08853149414062,67.35660684829313,65.97894539869472,66.65994982496085,2222400
2016-01-28,68.1002197265625,69.06301856416695,64.51517224331097,67.0982864148401,3498400
2016-01-29,68.96907806396484,69.10214601202411,67.81841834040917,68.29590306885055,2351800
2016-02-01,69.94752502441406,70.69897488482047,68.84382912282199,69.03169606691806,2463200
2016-02-02,70.05711364746094,70.393701136267,68.99255814667865,69.25087072524924,2242800
2016-02-03,69.49356079101562,70.32328601955032,69.28221782653834,70.00235692949285,1696400
2016-02-04,69.3839340209961,70.16669501489,69.0395172726452,69.4465563337858,1343100
2016-02-05,68.64813995361328,69.9788372880301,68.41331522776989,69.57962749050579,1227000
2016-02-08,70.45633697509766,70.769442648123,68.39767120605194,68.45246425093183,2284500
2016-02-09,70.30760955810547,70.72247203158224,69.16477894203935,69.70488607195871,1872300
2016-02-10,70.25281524658203,71.48957933266946,70.08843611696189,70.30760828978876,1084800
2016-02-11,69.26654815673828,69.74403304398626,68.8203744392109,69.68141070454506,1356100
2016-02-12,70.21366882324219,70.34674274998437,69.48570075574266,69.657909154591,1080300
2016-02-16,70.7537841796875,70.88685215001294,69.70488704136599,70.44850779035548,1013600
2016-02-17,71.70873260498047,72.38190751379989,70.75376327051607,70.91031307498896,1506100
2016-02-18,70.83206176757812,71.55220663522022,70.45633972288977,71.55220663522022,1111400
2016-02-19,71.2547607421875,71.57569574426144,70.55810365748462,70.90252054322352,1182000
2016-02-22,70.72247314453125,71.81834001767385,70.45633720339345,71.81834001767385,1004400
2016-02-23,70.83515930175781,71.15817268300054,70.06306842113088,70.69334693636843,1126200
2016-02-24,71.43387603759766,71.63871733840358,70.40180142526803,70.62239697500769,1116600
2016-02-25,72.43443298339844,72.450187230338,71.04782483240703,71.42599287750548,860800
2016-02-26,71.39451599121094,72.48173992622337,71.10301117762674,72.48173992622337,792800
2016-02-29,71.60722351074219,72.25325609760901,71.1345177660947,71.29208434405064,1052700
2016-03-01,72.37142944335938,72.72595722664971,72.02477578092135,72.25325151200285,958700
2016-03-02,72.69445037841797,72.84414284131049,71.92236569890689,72.47385475570051,944000
2016-03-03,73.55319213867188,73.59258678358852,72.48172271335132,72.63928927146009,816900
2016-03-04,73.41139221191406,73.89197810920277,73.04898425852551,73.30897453294988,681200
2016-03-07,72.82838439941406,73.50593149353183,72.5211253696141,72.89140742315233,982700
2016-03-08,72.51324462890625,72.96231597721192,72.23750011867988,72.30052314188912,897200
2016-03-09,72.9307861328125,73.44288640748202,72.45020036851416,72.78109371124403,889000
2016-03-10,72.44233703613281,73.26957659555578,72.31628497619748,73.26957659555578,734300
2016-03-11,73.04895782470703,73.23803886005764,72.6156408574684,72.6314011167013,656500
2016-03-14,72.73381042480469,73.1277327096034,72.53684928240533,72.85986844111326,562900
2016-03-15,72.90715789794922,73.06472445230781,71.96962067041292,72.4817209882465,538300
2016-03-16,73.10411071777344,73.36410091236836,72.2847515053028,72.81260601376296,624300
2016-03-17,72.9859390258789,73.4744049472525,72.87564123892012,73.27744375471488,995400
2016-03-18,71.67811584472656,73.10411287590459,71.3393423719807,73.02532960542891,2147500
2016-03-21,71.59932708740234,71.84356304167588,70.94542052796879,71.45751479519711,888900
2016-03-22,70.39395904541016,71.60724123040006,70.34669026248235,71.40239981974433,1620200
2016-03-23,70.84300231933594,71.20541020269644,70.31514775079641,70.39393102791325,963700
2016-03-24,70.96119689941406,71.18179253144028,70.40182768655325,70.43334220695417,886100
2016-03-28,71.15816497802734,71.69389985473572,71.0005983716699,71.00847249444125,872100
2016-03-29,72.37142944335938,72.41869821159028,71.02421545176513,71.06360408836446,1284500
2016-03-30,72.36354064941406,72.51323307859863,71.8199318474938,72.48171856662405,1507100
2016-03-31,72.55261993408203,72.71807262059215,72.00113101497632,72.0956745485852,1174500
2016-04-01,73.82896423339844,73.8762330163542,72.3320573283939,72.39508637952235,1158500
2016-04-04,72.87565612792969,74.19135572030083,72.74172393222767,73.90773106423785,978900
2016-04-05,71.96173095703125,73.26167589511456,71.7568956657967,73.12774374066629,1123600
2016-04-06,72.37142944335938,72.59990517444088,71.5363158137906,71.99326126517431,1019100
2016-04-07,71.72540283203125,72.14295968136416,70.97694654536566,71.91448393137865,1146600
2016-04-08,72.33204650878906,72.33992664169668,71.75692303291842,71.89085523844663,736600
2016-04-11,72.16661071777344,72.79688920872283,72.08782740910004,72.44235530352086,778800
2016-04-12,72.5920181274414,72.81261370587663,71.78841909017329,72.04052918135336,526500
2016-04-13,72.56051635742188,72.74172333483276,72.06417621877779,72.63929964773018,1117300
2016-04-14,72.63143157958984,73.07262285071049,72.44234445415506,72.56840253777825,1059100
2016-04-15,73.67138671875,73.68714097381114,72.33992676182383,72.73384925693522,1148300
2016-04-18,74.08890533447266,74.15980846179629,73.21439736615164,73.61619978665034,967200
2016-04-19,74.49859619140625,74.79010090713179,73.8840782600514,74.15982271504673,1429200
2016-04-20,72.15869140625,73.82104416306925,71.85931259152167,73.1907720250973,2543300
2016-04-21,70.73271179199219,72.3399160554731,70.73271179199219,72.04841128835265,2113400
2016-04-22,71.3393783569336,71.34725248040826,70.50425843846176,70.8115175558491,1296600
2016-04-25,71.9853744506836,72.4659602122173,71.05571743780607,71.23691835792506,1634200
2016-04-26,70.59090423583984,70.90604340870114,69.26732451844623,69.45641162863087,3052700
2016-04-27,71.5914535522461,71.78841473687349,70.42544069450943,70.77996842252742,2268600
2016-04-28,72.2138671875,72.52112622090674,71.07936859597994,71.29996420860225,1384800
2016-04-29,73.35624694824219,73.43503024449382,72.00903274676469,72.27689715617626,1820900
2016-05-02,73.83683776855469,73.93925545939932,73.15929055643025,73.3326174261524,1304800
2016-05-03,73.15927124023438,74.48285079227166,73.0017046788786,73.66349144950772,1796400
2016-05-04,72.5920181274414,73.15138720441034,72.3635424181253,72.76534494214872,1507400
2016-05-05,72.4029312133789,73.22229044622476,72.19808990247289,72.54474350388642,1621000
2016-05-06,72.17446899414062,72.3084011794027,71.07148497440382,72.1665888624254,1060900
2016-05-09,72.85203552246094,73.2301977948918,72.25327157853431,72.31630062753311,874500
2016-05-10,73.39561462402344,73.48227201050176,72.922902998706,73.07259541410838,740300
2016-05-11,72.67081451416016,73.56895725169308,72.39506999137018,73.20654930591486,919800
2016-05-12,73.39561462402344,73.45863763139148,72.51322640231261,72.83623960144966,804500
2016-05-13,72.82838439941406,73.58471478128934,72.77323549690585,73.26957561947975,929100
2016-05-16,73.0253677368164,73.18293436004375,72.55265584557159,72.68659408717437,741000
2016-05-17,71.45751953125,73.0962381251706,71.20540944070673,72.75746462749258,1105000
2016-05-18,70.81147766113281,71.6465971091039,70.37816669368146,71.10298235655775,1076000
2016-05-19,71.41027069091797,71.41027069091797,70.25213757316358,70.59091116535853,1219100
2016-05-20,71.51265716552734,71.77264734599423,71.18176385081188,71.60720068863651,1043300
2016-05-23,71.85603332519531,72.41901849765658,71.34855356270526,71.55471305709212,869200
2016-05-24,72.42691802978516,72.69651996164059,71.81635873499081,71.93530058582016,761200
2016-05-25,72.44278717041016,72.77581954520875,72.03838725836361,72.50622363693401,1483900
2016-05-26,73.06920623779297,73.54496762164496,72.41899760161394,72.53000838952492,918400
2016-05-27,73.42604064941406,73.6877115809549,73.14851362337173,73.1960879565117,762200
2016-05-31,73.624267578125,74.00488035324666,72.84719198463573,73.54497501445148,3257000
2016-06-01,73.74321746826172,74.16347354610691,73.31503031829621,73.7590735628669,1147700
2016-06-02,73.55290222167969,73.69563124864783,72.95026788007704,73.59254547661641,873900
2016-06-03,74.13965606689453,74.38546475540488,73.54495294336328,73.54495294336328,1028600
2016-06-06,73.97314453125,74.52819839463928,73.57667575750526,74.13966069026678,1083500
2016-06-07,73.90972137451172,74.26654696486757,73.8224977446226,74.02866323796367,406800
2016-06-08,74.31414031982422,74.31414031982422,73.23574430108424,73.83044772099367,939700
2016-06-09,76.45503997802734,76.68499260208215,74.17138192650087,74.27446163398739,2991900
2016-06-10,76.43919372558594,77.07354024116346,75.59867566923496,76.19337893050825,1631500
2016-06-13,75.82862091064453,76.68499497507985,75.8048337504603,76.1378660923072,1086300
2016-06-14,76.58193969726562,76.7643120166184,75.21015454252405,75.59076737580476,1231800
2016-06-15,76.16168975830078,76.76431822273156,75.73350255485603,76.57401481552374,2317900
2016-06-16,76.74052429199219,76.7960296996058,75.93965536816513,76.1775391434439,1422700
2016-06-17,77.00221252441406,77.03393077154874,75.7573000601541,76.62159960843502,2133300
2016-06-20,76.62952423095703,77.50968585352037,76.58194988907898,76.95463169948788,1225500
2016-06-21,77.27971649169922,77.35108403879818,76.7484496229075,76.8753165238325,1333900
2016-06-22,77.19249725341797,77.2797208994943,76.83567764647708,77.2797208994943,1315100
2016-06-23,77.01012420654297,77.60482757888137,76.56607490811146,77.50174178924264,1169600
2016-06-24,77.68412017822266,78.09644518801052,75.68591345869349,75.85243572668386,1920300
2016-06-27,77.08147430419922,77.21627226340846,76.4471277639962,77.10526146763206,1631200
2016-06-28,76.30440521240234,77.1449173231116,75.69383973415738,77.1449173231116,1456100
2016-06-29,77.02598571777344,77.10527829640064,76.31234041085663,77.06563503190502,1603700
2016-06-30,89.99051666259766,93.40015190413611,77.29558579155338,77.3510912001535,19899400
2016-07-01,88.7693862915039,90.86274164672902,86.06547147835292,88.88832817411259,6594200
2016-07-05,87.65926361083984,89.68918215120219,86.50950033631084,87.22314546366773,2600800
2016-07-06,86.66018676757812,88.55530792913267,86.19235024483838,87.96853555705223,4177300
2016-07-07,87.25487518310547,87.88922178565548,86.43021915511875,87.2231569455327,2007900
2016-07-08,87.7782211303711,87.90509409533489,86.77119268192376,87.56413056403963,1113900
2016-07-11,87.33415985107422,89.30857307668133,86.92975992065142,87.61961791376858,2617600
2016-07-12,86.22406005859375,87.65928167990543,86.22406005859375,87.36589249772885,1545800
2016-07-13,85.89892578125,86.8980227331385,85.78791500881795,86.06544193989808,1130300
2016-07-14,85.70862579345703,87.00904907642575,85.5341845959989,86.12095675015381,1312700
2016-07-15,87.74652099609375,88.8090550003075,85.50250502944101,85.97826661415816,2810000
2016-07-18,86.72360229492188,87.96851429746216,86.41435706209965,87.53239612315656,756600
2016-07-19,86.69979858398438,86.96940052717709,86.2161121896371,86.73151681551494,1158600
2016-07-20,86.5253677368164,86.81875082671445,86.04960025657182,86.43814410208056,882000
2016-07-21,86.8980712890625,87.1121679338358,86.09720827611024,86.73948611115667,1153000
2016-07-22,87.18350219726562,87.39759877511683,86.73152792691124,86.82668263369344,961500
2016-07-25,88.00025177001953,88.30156599745877,87.22316995764785,87.4769098464483,1584500
2016-07-26,86.85836791992188,88.3728752847983,86.63634640462125,88.01605585658409,722700
2016-07-27,85.7879409790039,87.17558210411215,85.74829166986102,87.17558210411215,1257000
2016-07-28,88.29360961914062,88.98346757986747,85.96237694943932,86.81082002660169,2138300
2016-07-29,87.82577514648438,88.73765464704387,87.43723134517388,88.03193457819519,1272100
2016-08-01,87.92888641357422,88.01611006968625,86.23199973043585,86.55710718496913,1541300
2016-08-02,88.94380950927734,89.16583107025751,87.16763097180221,87.72268487425262,1609700
2016-08-03,87.60376739501953,88.95175918268185,87.18350529568862,88.95175918268185,961800
2016-08-04,87.79407501220703,88.3570601295621,87.35003177590114,87.78614394023433,505200
2016-08-05,88.53153991699219,88.705987266623,87.62759096857579,87.88133091813762,836000
2016-08-08,87.77029418945312,88.65045570334053,87.20730903140876,88.51565166860307,586900
2016-08-09,87.4372329711914,88.07158551806445,87.42137687985499,87.55617482993438,720100
2016-08-10,88.61872863769531,88.8883245810509,87.57205100239177,87.57205100239177,582100
2016-08-11,88.84073638916016,89.40372140330467,88.07158588896851,88.8090181567195,1281600
2016-08-12,88.38874816894531,89.20547286366688,88.38874816894531,88.65834402755374,708200
2016-08-15,88.66629791259766,89.40373025334681,88.04780744286641,88.34119658475926,1116100
2016-08-16,88.41252899169922,88.69798696837847,87.95262380153454,88.29358715981071,1072500
2016-08-17,89.94294738769531,90.18875620395113,88.35707156744124,88.56323711797239,1415600
2016-08-18,89.657470703125,90.29974834153687,88.9517565931173,90.06979566922814,815200
2016-08-19,90.09357452392578,90.49004333375704,89.1103275198078,89.54644563047577,2564900
2016-08-22,90.30769348144531,90.52179009402549,89.74470832000635,89.90329347406617,818000
2016-08-23,90.13865661621094,90.81633581257543,89.85164111914011,90.33797259569674,1145600
2016-08-24,88.40860748291016,89.91543600759286,88.40860748291016,89.91543600759286,1745000
2016-08-25,88.49629974365234,89.33342933644612,88.25711812209946,88.41657456401515,656300
2016-08-26,88.40061950683594,89.61246404748361,88.20927787296978,88.63980111114928,607300
2016-08-29,89.03047943115234,89.29357804057031,88.16146449310438,88.16146449310438,1801200
2016-08-30,79.44737243652344,79.91775535749518,78.72983349698441,79.12846556532358,7956100
2016-08-31,79.63870239257812,80.63528241659442,79.3277699116964,79.68653628728555,3255300
2016-09-01,79.35964965820312,80.08515664717623,79.2719501422357,79.77422421152478,1189300
2016-09-02,79.1683120727539,79.93368472908178,79.0646638671429,79.72639440050095,2461300
2016-09-06,79.5589599609375,79.63868512904817,79.03276290265427,79.43139482584807,1371500
2016-09-07,79.03275299072266,79.54300130180646,78.81749445555654,79.43935920452495,1439300
2016-09-08,78.20361328125,79.0806084401653,78.1318624496883,78.96899198041989,1151200
2016-09-09,76.68082427978516,78.05211884151593,76.66488168186153,77.96441934633738,1457500
2016-09-12,77.71730041503906,77.9485016312947,76.37789659970859,76.99976157064026,1565500
2016-09-13,76.54532623291016,77.5498745969502,76.52140928366761,77.53393199166925,1451100
2016-09-14,76.52139282226562,76.97583300804068,76.26626861415754,76.88813349125594,1242600
2016-09-15,76.54532623291016,76.80841875722032,75.91548687807361,76.2184450395495,1137700
2016-09-16,76.12275695800781,77.03960554208273,75.99519181918382,76.6011140633166,1350700
2016-09-19,76.09883117675781,76.70475339894855,75.94735518319042,76.44962921317988,1282600
2016-09-20,76.15465545654297,76.53734485719127,76.06696201159112,76.14668719595568,1227400
2016-09-21,76.82433319091797,77.03959172076416,75.84369613072202,76.05896074320773,1062700
2016-09-22,76.66490936279297,77.3266338617386,76.24235433225445,76.82435973015879,947500
2016-09-23,76.41773986816406,77.90862547813765,75.55669343836198,76.36990598294413,3847800
2016-09-26,76.00315856933594,76.67285723334629,75.91545906581457,76.10680067229754,859300
2016-09-27,75.50090789794922,76.42573717436483,75.30159187278817,76.33803763668259,1437700
2016-09-28,75.84369659423828,76.06693554849431,75.40520519146004,75.72411190061484,722700
2016-09-29,75.45306396484375,76.53734348414716,75.42914701822761,76.02709501419751,975600
2016-09-30,76.21844482421875,76.72072508746197,75.49293767446174,75.70819629967869,959800
2016-10-03,76.06694793701172,76.22639827623796,75.64439298104516,75.97924842564512,910000
2016-10-04,75.76399230957031,76.3938315609374,75.62048455504818,75.91547440674402,1199600
2016-10-05,75.50885772705078,75.95532353201439,75.35737565066367,75.74803931264722,2303300
2016-10-06,75.82778930664062,76.1945300640247,75.30956642327355,75.30956642327355,1569200
2016-10-07,75.90752410888672,76.15467406560265,75.16606815609578,76.02711495597748,1231400
2016-10-10,76.21044921875,76.96785353295924,75.90749114265061,75.90749114265061,754100
2016-10-11,75.4450912475586,76.45761994883301,75.21388395421752,76.33005478727586,719800
2016-10-12,75.70018768310547,75.9234266338341,75.42114659799401,75.49290349567379,688200
2016-10-13,76.2582778930664,76.46556816845747,75.10224182130824,75.4530398131024,1022200
2016-10-14,76.88015747070312,77.47810539065074,76.48949986614345,76.49746812557471,1566700
2016-10-17,77.12730407714844,77.14325276061966,76.52138792333332,76.85623728454281,749600
2016-10-18,76.78446197509766,77.65348253682899,76.72865376160219,77.52591743018844,776500
2016-10-19,76.24235534667969,76.79246946190194,75.8038637892686,76.69679559062452,697000
2016-10-20,75.83574676513672,76.37788647765244,75.74804724674145,76.29018695925717,753200
2016-10-21,76.02710723876953,76.05102418923133,74.96674449558412,75.75603427403645,1112700
2016-10-24,75.97128295898438,76.53733963679791,75.72413307951908,76.29815801737641,648200
2016-10-25,76.38587951660156,76.42574515885563,75.72415486674215,76.13872956602671,703600
2016-10-26,76.65693664550781,76.95192043965528,76.0589886312412,76.45762064075227,775800
2016-10-27,76.14667510986328,77.78106241917095,76.01113562705066,77.0794723924216,2422800
2016-10-28,81.63983154296875,82.40520422236217,77.89268724363521,77.89268724363521,4346800
2016-10-31,81.68766021728516,82.15007474904343,80.89039630017407,81.67171761530497,1724300
2016-11-01,81.31295013427734,81.79928163982015,80.88242686301118,81.79928163982015,1138700
2016-11-02,81.19334411621094,81.67170727200816,80.65121056056913,81.24118408137478,1054800
2016-11-03,80.2685546875,81.18540967449759,80.03734735459503,81.09771013158044,838500
2016-11-04,79.72640228271484,80.57150020046626,79.55897756783816,80.36421593403328,853300
2016-11-07,81.00203704833984,81.0897365921278,80.08518205223847,80.17288159602641,1830800
2016-11-08,80.67513275146484,82.07831277968013,80.65918406782569,81.0498477426571,1240900
2016-11-09,80.09312438964844,80.53959019222758,78.37103766352865,79.1842441014607,1354900
2016-11-10,77.54985809326172,79.901790284744,77.27879128267675,79.901790284744,2393000
2016-11-11,77.533935546875,78.41092486095383,76.74464577246832,77.47812730186934,778900
2016-11-14,78.86534118652344,79.04074021253808,76.93596406564365,77.43026985871758,1484900
2016-11-15,79.03275299072266,79.61475820195494,78.69790367706885,78.87330267449885,1202100
2016-11-16,79.1683120727539,79.80611957837321,78.96899608675265,79.08858081224047,942100
2016-11-17,79.05670166015625,79.7423431084666,78.28335460203773,79.00088734046696,1350600
2016-11-18,78.57831573486328,79.43138773099558,78.06009914711105,78.8972224614615,1218200
2016-11-21,78.45639038085938,78.91369806217057,77.573867537051,78.57673579615644,1232800
2016-11-22,78.40023803710938,78.849521104501,78.23977542659614,78.73720033765309,1033000
2016-11-23,77.950927734375,78.52857456732995,77.33315761153204,78.17556918958313,1083600
2016-11-25,78.40823364257812,78.60880724062716,77.86267321104393,78.36811647456014,564400
2016-11-28,78.49650573730469,79.00997994542632,78.22372849398054,78.34407391586808,931400
2016-11-29,78.72917938232422,79.2025364543388,77.87072426899837,78.44035279082927,1040300
2016-11-30,77.53374481201172,78.62486588954842,77.44549192184172,78.1836014386984,4424200
2016-12-01,77.24493408203125,78.09536452011612,76.76355847785156,77.42143989846915,1090100
2016-12-02,77.88677215576172,78.33605523601832,77.1807488913323,77.48562479952605,825600
2016-12-05,78.53661346435547,78.73718710301631,77.38933200637462,77.78245462426378,706500
2016-12-06,79.01800537109375,79.18648652801018,78.23175997215039,78.6890677183587,1279800
2016-12-07,79.5555419921875,79.6598380951647,78.35209999358781,79.0661417564085,883500
2016-12-08,78.9778823852539,79.81226950380325,78.85753697104565,79.49135043958857,947000
2016-12-09,80.47014617919922,80.7830405654398,78.72114380740797,78.96985316031159,1724900
2016-12-12,81.11199951171875,81.62546767160158,80.26156901960468,80.43005018572029,823900
2016-12-13,80.9434814453125,81.80193620761257,80.6466303140422,81.17614755560211,696400
2016-12-14,80.22142791748047,81.40882650886395,79.90853354211335,81.12802464905006,731600
2016-12-15,80.79908752441406,81.07988940705734,79.30681909548474,80.30968733422638,1377700
2016-12-16,81.16012573242188,81.52918051871173,80.31771394302798,80.95955207980639,929300
2016-12-19,81.40079498291016,81.46498000860208,80.72687057620774,81.27243105254725,566700
2016-12-20,82.32345581054688,82.4758937551523,80.75095900653633,80.78305152755972,928400
2016-12-21,82.77275085449219,83.46272485389822,82.34753560111895,82.61229434715175,1002600
2016-12-22,83.79164123535156,84.45754103185863,82.95725420393423,83.03748243135445,1505300
2016-12-23,83.13375854492188,83.83977550348885,82.88504308687541,83.76757193636075,581400
2016-12-27,83.27816772460938,83.47071668188235,83.03747693725242,83.09363730483291,362300
2016-12-28,82.75668334960938,83.19794167572616,82.54808505450563,83.19794167572616,467100
2016-12-29,83.43058013916016,83.5990612027832,82.69247087347264,82.69247087347264,625000
2016-12-30,82.98133087158203,83.31829313514073,82.24322130730428,83.10167628600216,732900
2017-01-03,83.37445831298828,83.75956243710203,82.84494702848207,83.31027327213225,686200
2017-01-04,83.53491973876953,84.00024597586689,83.31027209893699,83.55898759849602,844200
2017-01-05,82.99736022949219,83.64722291057913,82.64435482602258,82.73260770714523,1581800
2017-01-06,83.84780883789062,84.42546191876866,83.20597072113239,83.79966700046951,916500
2017-01-09,83.35037994384766,84.02431054581986,83.06957807678492,83.84780476623139,890200
2017-01-10,84.10453796386719,84.35324731214587,83.31828662266459,83.7435017488268,1125900
2017-01-11,84.2008056640625,84.71427365643873,83.76757201882484,83.82373238920908,940600
2017-01-12,83.98419952392578,84.62603765654619,83.68734831640998,84.03233524151459,762400
2017-01-13,84.12056732177734,84.43346165072167,83.71942011841071,83.91196906214094,679900
2017-01-17,84.3773193359375,84.56987444187705,83.77559840217562,84.09651745771967,902100
2017-01-18,84.76242065429688,85.26786401855642,84.21686011402333,84.42545841145719,1184700
2017-01-19,84.41741943359375,84.80251732551456,84.12056829609679,84.75438161927961,463000
2017-01-20,84.69822692871094,85.20367024109807,84.21685147105353,84.87473269142357,623500
2017-01-23,84.48159790039062,84.75437504258275,84.22486395202502,84.6901900252363,696100
2017-01-24,85.46040344238281,86.04608109318943,84.34521462931826,84.59393007495882,849700
2017-01-25,85.28390502929688,85.68505226627188,85.04321423870343,85.52458969886924,699800
2017-01-26,84.77847290039062,85.20368807902649,84.69022000055801,85.01916374011999,766800
2017-01-27,84.65010833740234,85.05927419259208,83.92001728418134,85.02718779381124,1035300
2017-01-30,84.29708099365234,85.11541867218627,83.87989055618863,84.87473400015682,1321800
2017-01-31,84.61803436279297,85.28394052235012,84.28107201254367,84.87476845646248,1702800
2017-02-01,84.33721160888672,84.99509294426237,83.84781140709266,84.47360022354485,1234000
2017-02-02,84.71427917480469,85.09938325468356,84.17674329167981,84.6099830861604,1520800
2017-02-03,85.82945251464844,86.19850718223711,81.52112963861049,83.1176936860315,2708100
2017-02-06,86.17446899414062,86.40712904992998,85.29996466605408,85.8455252583311,1095100
2017-02-07,85.99795532226562,86.69594766776798,85.89365311264586,86.20654749946176,1446800
2017-02-08,85.82945251464844,86.24664288465559,85.612829611725,85.84549570844788,893700
2017-02-09,86.7360610961914,87.91543502062531,85.82947049164372,85.82947049164372,1935500
2017-02-10,86.3429183959961,87.13718807247012,86.1985051710899,86.84033696543518,979200
2017-02-13,86.81627655029297,86.96871444547749,86.10223502182947,86.24664825910413,654500
2017-02-14,86.92059326171875,86.96873509959048,86.19853302488461,86.63979137839192,686500
2017-02-15,87.28964233398438,87.51428381020887,86.39107030806524,86.65582895691031,1058100
2017-02-16,86.36700439453125,87.90740836986168,86.1343382543478,87.63463117717707,1465100
2017-02-17,86.04609680175781,86.45526876616984,85.4524005050771,85.70913453507595,1749500
2017-02-21,87.03291320800781,87.34580758466787,85.94179215877529,86.2466618762585,1906900
2017-02-22,87.10393524169922,87.27338787460462,86.8053893256424,86.97483580245418,839400
2017-02-23,87.66873931884766,88.20128436561205,87.12005299897685,87.21687601324749,880600
2017-02-24,87.87045288085938,87.94307013391045,87.28949023208548,87.70907094726034,1055600
2017-02-27,86.98287963867188,87.95114668097992,86.92639749713877,87.70101236220354,744300
2017-02-28,87.42668914794922,88.02378710934308,87.24110755810068,87.28951907613188,1554300
2017-03-01,88.27391052246094,88.67735617735693,86.9990207755275,87.6283950121905,1709000
2017-03-02,88.0560531616211,88.48371075966313,87.61226660092133,88.41915797247648,1059400
2017-03-03,87.67682647705078,88.03992516117121,87.21689244822834,87.78172014764058,883800
2017-03-06,87.62838745117188,87.71714598007783,87.05549540938264,87.12004818605818,774800
2017-03-07,87.26531982421875,87.85434719116489,87.20883766360619,87.68490070932721,803200
2017-03-08,87.60420227050781,87.74944297408796,86.59558798344933,87.15234503985539,1696000
2017-03-09,88.24163055419922,88.39494186679426,87.37018649748836,87.78977340898258,993700
2017-03-10,87.89466857910156,88.6370070893952,87.72522214671446,88.59666621849846,735600
2017-03-13,87.70909118652344,87.8946789139647,87.45088618927436,87.66067967331821,768800
2017-03-14,87.5638427734375,87.8381890216375,87.37019058159126,87.70908345634523,679400
2017-03-15,88.18516540527344,88.40302338338877,87.57192619280745,87.6364789848761,857600
2017-03-16,88.33040618896484,88.35461194698912,87.54772051368329,88.13675396867751,604300
2017-03-17,87.9592056274414,88.56437398747995,87.91885860766915,88.56437398747995,1361800
2017-03-20,87.83014678955078,88.08835184754814,87.53966532979197,87.95925239659654,946500
2017-03-21,87.2330093383789,87.89465988534246,87.12811569711214,87.48314364391044,1196600
2017-03-22,87.09584045410156,87.71714398622915,86.43418989844598,87.46700967741164,1173800
2017-03-23,87.22493743896484,87.74134731418259,86.86183886160875,87.07969677680414,707600
2017-03-24,87.12812042236328,87.64453033306873,86.72467479486892,87.4508719994854,794500
2017-03-27,87.35404968261719,87.57190761451417,86.70046357474267,86.86991615699694,854400
2017-03-28,88.07218933105469,88.67735782464037,86.9183344903743,87.16846883110686,1338900
2017-03-29,88.44335174560547,88.5401809132662,87.69294262548715,88.03183547816205,792900
2017-03-30,87.87045288085938,88.45141552963327,87.57997155647243,88.26582784501721,933300
2017-03-31,88.15288543701172,88.49984898520431,87.34599403713061,87.86240404056709,1034400
2017-04-03,87.88658905029297,88.21741740107048,87.67680176823498,87.89465968609255,1008200
2017-04-04,87.45893096923828,87.5880365077386,86.93445049223985,87.49120735386336,935000
2017-04-05,88.00762939453125,88.5966627224265,87.3298436917286,87.5638367395354,912700
2017-04-06,87.85431671142578,88.16900380510461,87.56383537016968,88.00762801822529,535500
2017-04-07,88.37073516845703,88.59666991048029,87.6364672641813,87.96728950612533,961100
2017-04-10,87.40245056152344,88.58858155653694,87.1765220207763,88.45141153623918,1426000
2017-04-11,87.47508239746094,87.53156453809098,86.95866633958283,87.24914767884918,737200
2017-04-12,87.99149322509766,88.0318340939198,87.16039006695138,87.49928907038911,596100
2017-04-13,87.30565643310547,87.9188956869467,87.26531555241058,87.91082504837033,571900
2017-04-17,87.70909118652344,87.83012612562923,87.28143973696334,87.394404038504,557000
2017-04-18,88.33040618896484,88.75805766364205,87.65261418381954,87.71716697594634,857400
2017-04-19,87.6526107788086,88.58053712228208,87.43475280896003,88.40302002887586,655900
2017-04-20,87.7897720336914,88.02376508301872,87.21687381857703,87.74135437168249,940300
2017-04-21,86.66014099121094,87.74137255470701,86.64399971516566,87.62840824676245,1075200
2017-04-24,87.49930572509766,87.64454642390432,86.8537901401585,86.8537901401585,864800
2017-04-25,87.51542663574219,87.8623901289988,87.3782565969433,87.57997941497408,941500
2017-04-26,86.7408218383789,87.71715965243327,85.9420011098058,87.64454238442325,1788500
2017-04-27,86.64398956298828,87.53963943967096,86.53102526827986,86.9748179661289,897500
2017-04-28,87.30565643310547,87.35407410847024,86.20828351827106,86.32931847254272,1067200
2017-05-01,86.3777084350586,87.30562842254889,86.3777084350586,87.14425263935706,893700
2017-05-02,86.38577270507812,86.68432467495835,86.10336200713279,86.43419036479126,879900
2017-05-03,86.1275634765625,86.3534920236853,85.5304657225821,86.19211624890936,1231000
2017-05-04,86.56330108642578,87.26529876125174,86.09530263654182,86.65205962540696,1136900
2017-05-05,86.7811508178711,86.86183870646263,86.49873397366378,86.86183870646263,684700
2017-05-08,86.33739471435547,86.73276984494856,86.16794822981558,86.65208192222869,1341700
2017-05-09,85.8613052368164,86.56329672014134,85.65151177743456,86.3131623898616,732500
2017-05-10,86.03881072998047,86.4341918700812,85.67571213431172,85.88550558047827,791200
2017-05-11,85.9742660522461,86.1275712052127,85.54660851414077,85.79674899040836,768700
2017-05-12,86.39385223388672,86.52295779828906,85.87744228846167,85.89357740596589,590200
2017-05-15,87.0232162475586,87.13618052509473,86.1759841660376,86.32928931064153,802200
2017-05-16,86.5068130493164,87.14425789673653,86.40191939952268,87.13618726026259,595400
2017-05-17,87.76559448242188,88.47566301300132,86.11954107593766,86.50684558707717,1258100
2017-05-18,89.3713150024414,89.71020799569986,87.35408601005392,87.70911412656997,1779600
2017-05-19,90.35568237304688,90.49285240427344,88.82258780942728,89.37127409042508,1573200
2017-05-22,90.99313354492188,91.46920263586225,90.25079499087465,90.25079499087465,1359800
2017-05-23,91.79474639892578,92.3464562796182,90.99963892352562,91.18624312713335,1253700
2017-05-24,92.78455352783203,92.87380114469795,91.71358831545467,91.76226658283112,1200300
2017-05-25,93.55533599853516,93.90421141161242,92.51682486844877,92.70343523870551,1884000
2017-05-26,94.08271026611328,94.51271821702451,93.05231420581741,93.55533957178231,993000
2017-05-30,93.7257080078125,94.02590511996605,93.34438457131138,94.02590511996605,729900
2017-05-31,93.52288818359375,94.2449843868435,93.47420990540287,93.89610894977386,1652000
2017-06-01,93.96910095214844,93.96910095214844,93.173987546659,93.78249061952907,1279300
2017-06-02,94.01778411865234,94.11514684379223,93.10909011073483,93.52286776504855,1058200
2017-06-05,93.65270233154297,93.92044523348285,93.45798303468435,93.88799098567061,1320200
2017-06-06,93.69325256347656,94.13136934447323,93.38494036720256,93.65268321448886,649200
2017-06-07,93.69325256347656,93.75004593805122,93.21456024347862,93.43362482399053,711200
2017-06-08,92.33831787109375,93.72570423791994,92.07869012157096,93.69325618549169,1222600
2017-06-09,92.50872039794922,92.62231336900449,91.8921082123082,92.38702469684594,833200
2017-06-12,92.16795349121094,92.87381945741924,91.88398655883341,92.6709850500046,677600
2017-06-13,92.66285705566406,92.70342640751174,91.40528761856817,91.82718040371957,721200
2017-06-14,92.80889892578125,93.57155817956173,92.64663389689836,92.77644468200185,745200
2017-06-15,93.2064437866211,93.57965826985458,92.09491544460346,92.52492330158957,1356400
2017-06-16,90.73188018798828,93.44174464829322,89.83129500746435,93.30381874965803,2287800
2017-06-19,91.11320495605469,91.40528695519897,90.04223968919698,90.83734698352333,1259000
2017-06-20,90.53714752197266,91.23489825845107,90.39922163430022,91.14565063936566,779900
2017-06-21,90.52091979980469,91.2998030154642,90.28563119455126,90.74809329728701,842800
2017-06-22,89.66903686523438,90.53716792744248,89.64469772545525,90.3586788390572,763000
2017-06-23,89.09296417236328,89.81505401389217,88.73597990049251,89.48240887532923,1264500
2017-06-26,89.47430419921875,89.81506448528417,88.99561801498602,89.33637830105145,1089500
2017-06-27,87.77049255371094,89.32825909572573,87.665020905246,89.27146571731939,1025100
2017-06-28,87.35672760009766,88.32222143204015,87.29993420939606,88.15184125993537,825900
2017-06-29,86.50481414794922,87.34049085663837,86.04235197954773,87.34049085663837,917000
2017-06-30,87.1133041381836,88.21672356415955,86.63461182440805,86.63461182440805,1620900
2017-07-03,86.52104187011719,87.28370120110381,86.23707494581835,86.8536932600206,716400
2017-07-05,86.25328063964844,86.64272533162811,85.8800661627585,86.52102347850862,1715000
2017-07-06,86.35064697265625,87.04839769038433,86.02611074743166,86.31007762324806,1197500
2017-07-07,85.92877197265625,86.69954025060531,85.88820261486318,86.53727519946284,751700
2017-07-10,85.16613006591797,86.2127565732947,85.14179092226068,86.09916977621656,948700
2017-07-11,84.42778015136719,85.32025637327452,84.19249152832016,85.182324290789,1672600
2017-07-12,85.0525131225586,85.19855412275528,84.67118350037758,84.80910939222612,952000
2017-07-13,85.0281753540039,85.2228946273908,84.70363910501636,85.06062340788998,644800
2017-07-14,85.57179260253906,85.70160342239535,85.2310322366486,85.25537137849567,570700
2017-07-17,86.2370834350586,86.36689424608186,85.43386085868217,85.5555565596367,843400
2017-07-18,85.91252899169922,86.34253688436486,85.70969461289361,86.18838696568211,762300
2017-07-19,86.07479858398438,86.28574808233449,85.8314010305167,85.92064865712581,575200
2017-07-20,86.22895812988281,86.40745339019918,85.98556056673607,86.22895812988281,420000
2017-07-21,86.31820678710938,86.38311528072666,85.77461208059758,86.14782663387498,751200
2017-07-24,85.433837890625,86.30196873413217,85.40138364909036,86.30196873413217,1293500
2017-07-25,87.17012786865234,87.25126040381363,85.02008164179222,85.52311326381722,1301400
2017-07-26,86.00178527832031,87.70559299394449,85.71781835738538,86.72387524441825,1761700
2017-07-27,86.36687469482422,86.3749898030559,85.2634551958436,86.0504535639415,1434900
2017-07-28,86.05858612060547,86.93483228686964,85.839527674047,86.28575967704096,815700
2017-07-31,85.44194793701172,86.35876324993693,85.20665932528816,86.15592888017666,1175700
2017-08-01,85.71781921386719,86.00178613763947,84.99572924055423,85.60423244435827,889700
2017-08-02,85.66914367675781,85.88820831936633,84.91460556781722,85.65291964657197,707400
2017-08-03,85.62858581542969,85.98557640180564,85.49876880583271,85.6529249572252,727500
2017-08-04,85.07687377929688,85.93688978133703,85.01196527611992,85.8882114989621,710800
2017-08-07,85.71781921386719,85.79083662711662,85.07686176305849,85.1904485325674,761600
2017-08-08,85.2715835571289,86.14782968192127,85.19045103224403,85.40950946843469,971400
2017-08-09,85.39328002929688,85.49875168596347,84.53326417797747,85.2959172915946,1003100
2017-08-10,85.433837890625,85.83139151690041,84.94703045761909,85.17421014836155,552600
2017-08-11,85.35269927978516,86.15592783106487,85.19854936985375,85.40138373714413,572000
2017-08-14,85.95310974121094,86.0342422654889,85.563664958656,85.59611920637015,535700
2017-08-15,85.920654296875,86.05858020522811,85.68536564673543,85.920654296875,548400
2017-08-16,86.03425598144531,86.28576870380869,85.82330643268028,86.00180172855717,705300
2017-08-17,87.50275421142578,88.71164543714295,86.75632514521212,86.75632514521212,1654300
2017-08-18,87.0889663696289,87.60822807690813,86.45612409483782,87.55954361652988,1047000
2017-08-21,87.30803680419922,87.41350846037882,86.52915347622094,87.01595478245555,642700
2017-08-22,87.42973327636719,87.50275068228446,86.69141315868421,87.31614651826428,1304300
2017-08-23,87.70403289794922,87.82647397513489,87.02649654052148,87.40199704239105,2264800
2017-08-24,86.13670349121094,87.98155887493955,86.11221528006993,87.07545769515717,2298900
2017-08-25,85.84282684326172,86.76525129343764,85.76935599208439,86.48770374043963,1360400
2017-08-28,85.2795639038086,85.94893516406285,84.79793970122724,85.93260554204937,1606900
2017-08-29,85.66324615478516,85.88364627254651,85.25509271395302,85.36121036651556,1119500
2017-08-30,85.22247314453125,86.14489804084637,84.93676686938318,85.59797371014439,873700
2017-08-31,85.64688873291016,85.70402994696445,84.89588814021798,85.08364140235365,769400
2017-09-01,86.21017456054688,86.25099239783205,85.14897307040788,86.02242122813364,1173300
2017-09-05,85.43467712402344,86.48770747025507,85.3122298520651,85.90813035944102,1410700
2017-09-06,85.9489517211914,85.9816047435826,85.05917398783133,85.4183510062072,1430000
2017-09-07,87.9979019165039,88.21013726403348,85.84285181656678,86.06325197836395,1725300
2017-09-08,88.2835922241211,88.88765758454662,87.57340298113034,87.94890340668822,1089000
2017-09-11,89.508056640625,89.71213337431182,88.32440784848485,88.55297902167332,1073600
2017-09-12,89.45093536376953,90.0386774844007,89.27134680158457,89.49174698285672,759900
2017-09-13,89.32032012939453,90.2835627429463,89.01829049252254,89.14889638816017,779300
2017-09-14,89.23867797851562,89.39377829621702,88.91215394395223,89.12439550060763,537900
2017-09-15,90.20191192626953,90.2427297622035,89.32846379745804,89.32846379745804,1224500
2017-09-18,89.58968353271484,90.35701402242387,89.42642464159388,90.22640192718511,923500
2017-09-19,89.31214141845703,89.63865919794326,89.09989987944904,89.5243767295376,946000
2017-09-20,88.5040054321289,89.17337693803853,87.94075782447567,88.92032375529475,691300
2017-09-21,87.7938232421875,88.68359491218317,87.41015794304134,88.56931242664112,959300
2017-09-22,86.92036437988281,88.04686569777103,86.52853431439739,87.85911236415919,1148800
2017-09-25,87.20609283447266,87.25506926969581,86.47957998165958,87.0183394529019,1483300
2017-09-26,87.5162582397461,87.67952334948455,87.02647536638499,87.35299935793476,835600
2017-09-27,88.34075164794922,88.39789289343199,87.50811495328172,87.54893279773884,1254200
2017-09-28,88.01422119140625,88.77338695656573,87.67137374338022,87.84279746739323,896500
2017-09-29,89.1162338256836,89.369293231045,87.98156759225772,88.22646218378729,1200800
2017-10-02,88.84686279296875,89.53256400335138,88.72442170890845,89.14073385057145,878500
2017-10-03,87.88361358642578,89.06725623147672,87.63871899810513,88.93664412359155,948600
2017-10-04,88.35707092285156,88.97746600764222,87.44281103782151,88.12034113749817,851000
2017-10-05,88.91213989257812,88.96112253817475,88.21828032124111,88.4713334497703,876400
2017-10-06,88.69174194335938,89.1652014187771,88.41419437131455,88.86316563730156,994400
2017-10-09,88.07135009765625,88.92847482560246,87.93257942069043,88.7570511255987,601000
2017-10-10,89.00193786621094,89.0509142859291,87.6550302726165,88.2672604308024,655400
2017-10-11,89.40193939208984,90.11212872011156,89.05092713496576,89.05092713496576,893700
2017-10-12,89.76925659179688,90.31618063359421,89.35293839482101,89.35293839482101,1167500
2017-10-13,89.85091400146484,90.08764378608952,89.3774544322155,89.95703167267106,1042200
2017-10-16,90.56108856201172,90.60190016984207,89.58968136791039,89.97334660349418,604200
2017-10-17,90.463134765625,90.52027600225985,89.7937633245049,90.42231692748824,559400
2017-10-18,89.83457946777344,90.54476250570391,89.78559681734792,90.54476250570391,671500
2017-10-19,89.2631607055664,89.98151478304511,89.05091916195428,89.80192626367544,683500
2017-10-20,88.9937744140625,89.78559309388915,88.86316855017509,89.37743964885911,716800
2017-10-23,89.07540130615234,89.20600715716726,88.12031760569019,89.08355989014116,949200
2017-10-24,89.27132415771484,89.59784816723406,89.16520650149027,89.29581236854148,789400
2017-10-25,88.65090942382812,89.02640977139349,87.95704995054594,88.73253885105085,1192500
2017-10-26,83.97349548339844,87.75299429809016,83.68778307776027,87.72850608684747,2601800
2017-10-27,84.96124267578125,84.99389570644595,83.76943508219905,83.88371757556112,1844300
2017-10-30,85.49183654785156,86.22650788009699,85.05103001174734,85.16531249578233,1449700
2017-10-31,86.67546844482422,86.84689214954581,85.72854943444501,85.88364974116205,1312800
2017-11-01,87.12445068359375,87.23873316776428,86.21018458230128,86.99383857143985,811000
2017-11-02,87.01014709472656,87.17341220700429,86.25098767736218,86.86321783556744,874100
2017-11-03,86.4632339477539,87.17342326340068,86.38976930885667,86.87138743832442,809400
2017-11-06,85.20610809326172,86.56118047485512,85.01019619001792,86.56118047485512,780300
2017-11-07,86.5040512084961,86.60200405970289,84.96939010835766,85.04286097469074,955200
2017-11-08,87.95707702636719,88.09584771815618,86.47956338665705,86.48772197234251,798400
2017-11-09,87.97340393066406,88.43869867832194,87.58974486653739,87.72851556385523,854000
2017-11-10,88.65090942382812,88.87131572804816,87.6223612026289,87.6223612026289,751700
2017-11-13,88.30809783935547,89.42644075157641,88.20198016380272,88.78971601447405,939900
2017-11-14,89.67947387695312,90.04680947990587,87.87543642871938,88.16114258967455,997800
2017-11-15,87.68770599365234,90.56926902095857,87.39383494341834,89.34480838762649,924100
2017-11-16,89.54885864257812,89.89171225161098,87.8019624878841,88.19379251481007,1202700
2017-11-17,89.05907440185547,90.31618767438597,88.96112156758485,89.20600988118831,1993400
2017-11-20,89.87539672851562,90.40599750800827,88.83868961024709,89.05908975327402,922100
2017-11-21,89.1083984375,90.32377072004569,89.00985219894586,89.75714707781816,1060300
2017-11-22,88.78813934326172,89.43688804458714,88.57462560561149,89.10840681710792,957700
2017-11-24,88.2379150390625,89.06732858226535,88.22149379995525,88.96878235185028,291200
2017-11-27,88.99343872070312,89.26442993616249,87.9833600495094,88.48429250831775,634600
2017-11-28,90.20059204101562,90.22523330029483,88.69780101839402,89.18230594150104,915900
2017-11-29,90.7425765991211,91.63768136096544,89.69144187263124,90.22522298803045,843900
2017-11-30,91.09571075439453,91.88406195499869,90.54550829125284,90.90683200907657,1732700
2017-12-01,91.16139221191406,91.18602720365116,89.4943576082926,91.18602720365116,723900
2017-12-04,92.64776611328125,92.9105498126483,91.44881509334047,91.51451258449663,1172000
2017-12-05,92.5984878540039,93.25544391109469,91.99079551299222,92.67239282600809,1010100
2017-12-06,93.41971588134766,93.53468338274465,92.3767883490563,92.58208835373078,795400
2017-12-07,93.25544738769531,93.56750732180991,92.75451500791299,93.18154241293593,689800
2017-12-08,92.95983123779297,93.3786449638797,92.67241251018773,93.26367747283759,590300
2017-12-11,92.6313247680664,92.84483217009708,91.97436252960955,92.7955621950525,599900
2017-12-12,93.12405395507812,93.25544265862885,92.12218924631891,92.88590527305692,901300
2017-12-13,92.92696380615234,93.3457711545472,92.70523637205466,93.01729001178632,974300
2017-12-14,93.0912094116211,93.60035554082972,92.69703075267616,92.86127447109372,812600
2017-12-15,93.73173522949219,94.35584876889934,92.95159800417574,93.24723040361825,1596900
2017-12-18,93.83029174804688,94.70076153901086,92.50815955690875,93.03372693242558,1264900
2017-12-19,94.80751037597656,95.1113565445602,94.29015677944906,94.34764051239657,1165200
2017-12-20,94.42974090576172,95.11133808215837,93.89595990900223,94.98815688825144,982500
2017-12-21,94.15876007080078,94.83214357033924,94.06021385187206,94.75001858860374,574300
2017-12-22,94.39692687988281,94.7500430907887,93.94527068982242,94.43798938136925,396100
2017-12-26,94.4461898803711,94.81572728085672,94.16697869301491,94.39691363245106,406400
2017-12-27,94.09308624267578,94.91428614439523,93.83851001276729,94.62686743184503,434800
2017-12-28,93.91241455078125,94.42976819640099,93.64963085162013,94.32301447229909,536400
2017-12-29,93.21439361572266,94.23267964145408,93.21439361572266,93.69068475122542,416600
2018-01-02,92.0647201538086,93.60857369125897,91.9415389172775,93.18976625841434,845800
2018-01-03,91.67875671386719,92.3275053893807,91.45703549666392,92.16326791480479,818800
2018-01-04,92.31928253173828,92.57385873706062,91.83477764383959,92.12219632863182,679700
2018-01-05,92.76273345947266,92.91054968173694,91.66232867781659,92.43425226941227,767100
2018-01-08,93.66605377197266,94.1341374402893,92.79558392762256,92.98446265162227,869700
2018-01-09,93.43609619140625,93.9780909736276,93.32934249123667,93.75636355717117,584100
2018-01-10,91.0053482055664,91.96615032664525,89.97884860648483,91.43236928207155,1309600
2018-01-11,90.40587615966797,90.98071973548926,90.19236873874789,90.9478709941346,763900
2018-01-12,89.73249816894531,90.71794167469785,89.69965569081835,90.5619117099375,621400
2018-01-16,88.92771911621094,89.7489188425419,88.07367064899593,88.12294062769364,1641100
2018-01-17,89.45327758789062,90.05275608550309,88.77168037882255,89.10016148990104,1509800
2018-01-18,88.51710510253906,89.73247699467356,88.35286142437515,89.56002583154323,700100
2018-01-19,89.81462097167969,89.96243718067814,88.77990750869056,88.81275625127432,1046600
2018-01-22,90.29913330078125,90.33198204608345,89.63396343786978,89.84747714970536,1137300
2018-01-23,90.99713134765625,91.3502474482944,90.17593169642858,90.39765911080349,762800
2018-01-24,90.58656311035156,91.14497931852112,90.11847939653724,90.66047436266872,910000
2018-01-25,91.34205627441406,91.62947495061906,90.47158022829102,90.72615642600738,562900
2018-01-26,91.21066284179688,91.81834894822872,90.85754667212892,91.60484150815589,1116200
2018-01-29,90.06099700927734,91.19425694999792,90.0445757669917,90.9478944589043,798600
2018-01-30,89.94601440429688,90.62761175190636,89.50256575399399,89.7160794593822,862600
2018-01-31,90.60297393798828,91.09569255678129,89.82283038174698,89.83925788601913,1254700
2018-02-01,85.21591186523438,87.2524903978218,84.41935321571343,86.59552796401732,3156100
2018-02-02,84.55894470214844,86.46412799415562,83.87734736211924,84.03337732954351,2333400
2018-02-05,82.25959777832031,84.8053163792583,82.25959777832031,84.45220014890101,1878100
2018-02-06,83.17935180664062,83.54888931410859,81.17562172816967,81.69298175693564,2551000
2018-02-07,81.33161926269531,83.21216733267916,81.32340551140098,82.94116992727501,1664100
2018-02-08,80.19017028808594,82.00502128809754,80.16553529389586,81.57799383794308,1824000
2018-02-09,81.84899139404297,82.35813758047368,80.34619409422575,80.82249153328114,1898500
2018-02-12,81.93932342529297,82.51416710326325,81.56978598358614,82.11998840221911,1234200
2018-02-13,81.74223327636719,82.09534946012548,80.94566842473168,81.53693331523463,1130000
2018-02-14,81.315185546875,81.76684785470407,80.55968338219368,81.1427343744101,955300
2018-02-15,82.76873016357422,82.90833262856009,80.60897690410621,81.40553546239718,982600
2018-02-16,82.70304107666016,82.80158732003328,81.2987900011977,82.4484711128521,2472000
2018-02-20,82.03787231445312,82.5716535093457,81.75866108694056,82.47310726458983,1153800
2018-02-21,80.38726806640625,82.38278433110726,80.37084682300417,81.90648682408194,1166900
2018-02-22,80.25165557861328,81.16106836278652,78.71391859677311,79.25957005179264,1200300
2018-02-23,80.1524658203125,80.78905935381069,79.67296126241794,80.20207452511565,1252500
2018-02-26,81.02053833007812,81.43390842359894,80.1524586106736,80.25993887180634,881200
2018-02-27,81.1775894165039,82.21927710567587,80.84689220878003,81.1362499002167,1492900
2018-02-28,81.23548889160156,81.99608831566867,81.15281613812066,81.62405777124124,1309100
2018-03-01,80.85517883300781,81.93820627233055,80.22685463340771,81.18586980461484,1219600
2018-03-02,81.73980712890625,82.05396613913216,80.47488930471059,80.47488930471059,973700
2018-03-05,82.21929168701172,82.26063121063036,81.4421603646921,81.4421603646921,1210400
2018-03-06,82.15316009521484,82.3598451053399,81.57443828234913,82.21929450473515,1009400
2018-03-07,82.57478332519531,82.57478332519531,81.08665521070535,81.35121174044968,1009700
2018-03-08,82.3846664428711,82.96338208972419,81.78941245894936,82.67402426629764,951200
2018-03-09,82.9716567993164,82.9716567993164,82.09531410197806,82.51694711247411,647900
2018-03-12,83.50074005126953,84.17866659938475,83.10390207571459,83.10390207571459,818400
2018-03-13,84.16213989257812,84.4928308676558,83.37673305795357,83.78183391769194,1246900
2018-03-14,84.06295013427734,85.1542470283591,83.90586746601036,84.18696243514455,994800
2018-03-15,83.45112609863281,84.88965173394843,83.07908936547419,84.27786598450784,1218500
2018-03-16,83.51726531982422,84.16212776637543,82.6987945516392,83.62474554801199,2293200
2018-03-19,82.73188781738281,83.83972291515805,82.43426085425077,83.44288486180636,1146600
2018-03-20,82.94684600830078,83.45115803629218,82.55000793589565,82.89723730704566,777600
2018-03-21,81.40908813476562,82.15315539010648,80.49140623776617,82.11181586743871,1492500
2018-03-22,80.2351303100586,82.10355841983714,80.20205994870945,81.25201711455752,996800
2018-03-23,79.41666412353516,81.4752518285343,79.30092099645015,80.44182654561288,1418200
2018-03-26,81.03706359863281,81.14454385079985,79.61507589386201,80.11938787049134,1085300
2018-03-27,80.8469009399414,81.6984420842145,80.47486417575175,81.08665628374577,1032500
2018-03-28,81.22721099853516,82.21103368959753,81.06186550933484,81.06186550933484,1063700
2018-03-29,81.8141860961914,82.27715845771188,81.44215563533037,81.59096908117985,896900
2018-04-02,80.22686767578125,81.59099023176468,79.78869639039566,81.46697794348856,804300
2018-04-03,80.86346435546875,81.18589255842008,80.02019204948706,80.71465085352754,848300
2018-04-04,83.1700668334961,83.55863575527157,80.40048829263324,80.40048829263324,1331000
2018-04-05,82.42597198486328,83.50073646233918,81.88032688789386,83.50073646233918,1039000
2018-04-06,81.7232437133789,83.19483983169427,81.26854052028979,82.16141488259355,774000
2018-04-09,82.14490509033203,82.9881773017094,81.11974902948403,81.98782243714793,744800
2018-04-10,79.25131225585938,80.9874653306532,78.97848648920592,80.36741021054634,2460900
2018-04-11,79.90445709228516,80.32609644218718,79.09424876379974,79.19345987775561,1027800
2018-04-12,79.01155853271484,80.19379723916023,78.62298963998057,80.09458614712372,776800
2018-04-13,79.33397674560547,79.60680248383682,78.83793396270153,79.0859585079166,709000
2018-04-16,80.02843475341797,80.34259368361323,78.9205998703151,79.18515641877575,1108600
2018-04-17,79.9457778930664,80.44182707817464,79.56547814333685,80.17727045629637,774700
2018-04-18,78.8213882446289,79.93749228600838,78.79658705393614,79.8300120496389,1100800
2018-04-19,77.34978485107422,78.69737495669374,76.92815203354144,78.6229650840247,1851500
2018-04-20,76.45692443847656,78.06079588493986,76.10968881540407,77.47381119222312,1828900
2018-04-23,77.03565979003906,77.24234486070266,76.31639347341972,76.65536001692136,1284200
2018-04-24,76.6966781616211,77.57302697799093,75.99395032108487,77.27540003017123,1607900
2018-04-25,77.33328247070312,77.92026728165101,76.48174103640513,76.55614463006887,1384400
2018-04-26,77.1265869140625,78.12694170705922,75.56404858452345,76.89510068857918,3524500
2018-04-27,77.20099639892578,77.8127886787853,76.08489840787168,76.29985262262034,1774000
2018-04-30,76.01048278808594,77.71356528550896,75.93607290311179,77.35806680902952,1287700
2018-05-01,75.49790954589844,76.2171757404411,75.13414186486169,76.06009309498856,1418600
2018-05-02,74.02630615234375,75.38215935389,73.96843460011408,74.97705848828227,2257100
2018-05-03,74.1585693359375,74.81169463875543,73.6625266385198,74.41486300383131,1728400
2018-05-04,75.87821960449219,76.24198733514797,73.99325283205323,74.15033549893234,1236200
2018-05-07,75.77901458740234,76.0518340770627,75.39044565944273,75.97743048193557,1270300
2018-05-08,76.18409729003906,76.48998707341292,75.19200544004063,75.44002997942175,1395400
2018-05-09,76.56439208984375,76.78760911507253,76.04354815929284,76.3825082801996,903300
2018-05-10,76.79589080810547,77.14312015177929,76.55613541151355,76.83723033795903,730000
2018-05-11,76.44041442871094,77.44076952703782,76.19239610036102,76.88685498877499,704100
2018-05-14,76.50653839111328,76.61401234573795,76.26678297769479,76.32465453903531,898100
2018-05-15,76.59748077392578,77.95333419701242,74.96053240298951,75.94435525917241,2542000
2018-05-16,77.41592407226562,77.44072526017085,76.68012606262785,76.83720866272745,1709400
2018-05-17,76.55612182617188,77.59781597986513,76.27503325713393,77.3911309823282,1117300
2018-05-18,75.6384506225586,76.4155883415392,74.43141082325396,76.00221828804338,1681000
2018-05-21,76.10969543457031,76.26677807991854,75.39869840803073,75.82860681397531,1021400
2018-05-22,75.77073669433594,76.62227804733367,75.5723208226488,76.2171771362771,816700
2018-05-23,76.14276123046875,76.19236992511888,75.39043102647695,75.76246154495814,1040500
2018-05-24,76.33096313476562,76.78060632009539,75.63152241499273,76.28933338874681,809400
2018-05-25,76.63072967529297,77.63826106700733,76.2643523136597,76.32264539644419,1401900
2018-05-29,76.26433563232422,76.91382436391396,75.96457990983568,76.39756604478644,1124800
2018-05-30,76.27265930175781,76.71397389779548,75.98955422232811,76.38091059323708,1677100
2018-05-31,74.97369384765625,76.29763762202097,74.67393179444626,76.29763762202097,2342100
2018-06-01,74.9487075805664,75.29009933743615,74.81547719062479,75.0403018854576,1184000
2018-06-04,76.03117370605469,76.26432052891539,75.27344653175743,75.35671234666847,1746400
2018-06-05,75.35671997070312,76.13110419799374,75.14022374781136,76.08946810993855,1118000
2018-06-06,75.39835357666016,75.48994788514621,74.6322915099791,75.35671748997562,894600
2018-06-07,75.83967590332031,76.24768291292195,74.34919405690961,74.90708210002673,1265200
2018-06-08,76.41422271728516,76.6057398621621,75.88131373081396,75.9479289423169,1000600
2018-06-11,76.9471206665039,77.2968409186934,76.2726529198244,76.60572254928931,1254300
2018-06-12,77.75481414794922,77.85473695296288,76.87218493837597,77.21358309092439,864700
2018-06-13,75.95626068115234,76.78893180223004,74.80717046828815,76.3476171245031,2894400
2018-06-14,76.72230529785156,76.85553570695127,75.93127039034262,76.2310324580414,1260800
2018-06-15,78.27107238769531,78.27107238769531,76.43919876654029,76.52246459426998,2530400
2018-06-18,76.23101043701172,78.23774366037577,76.01451426115223,77.5133178139077,1346700
2018-06-19,76.53910064697266,76.95543605913343,76.02284880166879,76.22268802072918,1272500
2018-06-20,76.4891586303711,76.92214475550165,75.86465537986366,76.55577383509136,707400
2018-06-21,76.53079223632812,76.98875746016337,76.3392751171704,76.53911437206624,1224600
2018-06-22,77.16361999511719,77.56330487007834,76.54744523429535,76.76394147293162,931200
2018-06-25,78.43761444091797,78.58749549180996,77.23024389684863,77.23024389684863,1488900
2018-06-26,78.30437469482422,78.61246522464566,77.77146581005607,78.38764051692394,1715100
2018-06-27,78.2127914428711,79.11207769535442,77.90470086948997,78.13784774544285,1037800
2018-06-28,78.42095184326172,78.9871683543341,77.84640684375104,78.25442019114791,895000
2018-06-29,77.48834991455078,78.64576192735761,77.46337080464158,78.64576192735761,1193200
2018-07-02,76.7972412109375,77.57994755038888,76.42253548788719,77.35512919877863,1094000
2018-07-03,77.24687194824219,77.71317194406218,76.54743148367385,77.04703272304758,635600
2018-07-05,79.23699188232422,79.27029313880489,77.30518866204702,77.63825840184573,1195400
2018-07-06,79.56172180175781,80.18622509265772,78.58749183984422,79.22865210938933,1259100
2018-07-09,78.2044677734375,79.78654412561964,77.97132088311564,79.30359336550933,785900
2018-07-10,78.11285400390625,78.42094451959734,77.62158122910733,78.19612617496176,926200
2018-07-11,78.30437469482422,78.67907407066042,77.91301834290307,78.08787847514496,929700
2018-07-12,77.98796844482422,78.72904512218821,77.579955083256,78.43760519170361,884300
2018-07-13,78.26275634765625,78.59582606432893,77.8630777698702,77.93801512091392,856100
2018-07-16,77.230224609375,78.38763663168706,77.00540626557127,78.27106321597034,776800
2018-07-17,77.90469360351562,78.22943477227305,77.18859606400558,77.18859606400558,601800
2018-07-18,76.11447143554688,77.83810042943344,76.03119923989576,77.81311495907214,1092400
2018-07-19,76.7972412109375,77.27186337791464,75.98122091981062,76.11445131541294,976000
2018-07-20,76.53910064697266,76.94711392488767,76.23933864199495,76.8222120306846,842200
2018-07-23,75.80636596679688,76.6057293366726,75.37337350429627,76.28931665467242,834900
2018-07-24,76.65567779541016,76.98874741194942,75.49826580133652,75.71476200500321,1400300
2018-07-25,77.29686737060547,77.5050351661617,76.33096574989163,76.89718240791565,1444900
2018-07-26,82.98399353027344,84.67431461573896,78.9205550520248,79.10374368542459,3534700
2018-07-27,80.76075744628906,82.57598045646405,80.59422578959523,82.57598045646405,2216800
2018-07-30,81.43521881103516,81.59342196651919,80.169555450513,80.26947824827263,1567300
2018-07-31,81.77660369873047,82.18461063786341,80.91062524940531,81.6017435819592,1631500
2018-08-01,80.37769317626953,81.96809709484397,80.35271407434807,81.8681743343855,1377100
2018-08-02,81.21869659423828,81.30196238933051,79.77817356332824,80.15287917040268,1253100
2018-08-03,82.56768035888672,83.96656189515456,81.36863178176891,81.64341480615461,1365300
2018-08-06,83.32538604736328,83.49191770491696,82.40112073655668,82.82578472192674,1260100
2018-08-07,82.08470153808594,83.35868704041381,81.61840149890986,83.35035855236379,1373800
2018-08-08,81.3436279296875,82.15964191107146,81.17708992640232,82.03473999680139,748400
2018-08-09,81.05220031738281,81.62674539858672,80.70247998655269,81.4269061170804,764200
2018-08-10,81.35195922851562,81.56845548078422,80.56925275962695,80.85235786793699,633900
2018-08-13,81.6517105102539,81.70999722206193,80.76908134493951,81.37693392760187,712200
2018-08-14,82.10970306396484,82.35950695145749,81.52683579685103,81.68503899633806,626000
2018-08-15,83.63346099853516,83.69174770308204,81.61007060815852,82.30951106272114,1118200
2018-08-16,83.68343353271484,84.19969182757751,83.05893029739607,83.84996518768968,1457400
2018-08-17,84.49944305419922,84.89912151600205,83.5002341941429,83.68342280279197,2508600
2018-08-20,85.29883575439453,85.57361240937766,84.67433238372752,84.84919256518107,965000
2018-08-21,84.17469787597656,85.29880866844633,83.61680989999995,85.09064094432597,971000
2018-08-22,83.43362426757812,84.13307114905804,83.01728880446092,84.09976354967567,818200
2018-08-23,83.02435302734375,83.44371030999368,82.83983479915629,83.14177255457498,654400
2018-08-24,83.67852020263672,83.88819877088906,82.74755324656785,83.01594155797555,917900
2018-08-27,83.27593994140625,84.16497501254689,82.9069036180428,84.06433339627105,612700
2018-08-28,82.83145141601562,83.51919709659275,82.61338383957383,83.27596910727002,622300
2018-08-29,83.54435729980469,83.69532617559562,83.11661108524966,83.25080848545682,665500
2018-08-30,83.80432891845703,84.14820484306513,83.17529321148504,83.40174964936894,906300
2018-08-31,84.30757141113281,84.60950911685158,83.75402321657059,83.96370182338177,1141700
2018-09-04,85.12950897216797,85.39789731592786,84.2153133758518,84.4669238487551,1232500
2018-09-05,86.27857971191406,86.8572884783133,84.77727969683404,84.92824859217407,2057700
2018-09-06,87.4275894165039,87.60371867697368,85.95983918037254,86.22822753902409,1292400
2018-09-07,86.92434692382812,87.2682228479416,86.21144107006172,86.94950732824968,1173100
2018-09-10,87.5701904296875,87.85535030910702,86.71469799366038,86.84050645765075,1148100
2018-09-11,87.4275894165039,88.40889015181156,87.17597892963988,87.84694662682716,922400
2018-09-12,88.92049407958984,88.97920382913026,87.15081265804798,87.65403999680622,1414500
2018-09-13,89.4069595336914,89.43211994349485,88.31663458261333,88.90373214097202,1024400
2018-09-14,88.87858581542969,89.54117110707963,88.31664857782633,89.47407240438191,967700
2018-09-17,87.03341674804688,88.81988305466963,86.96632443894269,88.81988305466963,1831700
2018-09-18,86.75662231445312,87.19275100067246,85.21338444245792,86.74823337850181,1080000
2018-09-19,86.1024169921875,87.125643109268,85.83402226115744,87.125643109268,639900
2018-09-20,86.7649917602539,86.99144820458834,86.01015400949191,86.23660405494405,871200
2018-09-21,87.14244079589844,87.84695792841428,86.95792257579646,87.2598603179844,1396200
2018-09-24,85.70823669433594,87.09211049848012,85.59919971418807,86.94114803159935,619600
2018-09-25,85.7921142578125,85.99340396321733,85.43146673623315,85.50694797617832,854200
2018-09-26,85.54887390136719,86.35403900551404,85.49855308200908,85.87597202496174,753800
2018-09-27,85.33079528808594,86.07725053989657,84.86950623972261,85.05402441862098,521300
2018-09-28,85.54887390136719,85.91791030701579,84.96177634591119,85.1295166763605,663100
2018-10-01,85.24695587158203,85.7921216697501,84.87791938072029,85.75857231613678,777100
2018-10-02,86.1359634399414,86.59725890406827,85.47338471711605,85.74177306018544,559400
2018-10-03,85.63273620605469,86.60564795022721,85.24692836232921,86.06048232798453,933100
2018-10-04,86.16112518310547,86.27015574145452,85.06240506917142,85.54886091205016,801900
2018-10-05,87.55338287353516,87.79661078175717,86.5217678960882,86.63079844851237,1138100
2018-10-08,89.09662628173828,89.35662567695128,87.23467944133955,87.23467944133955,935300
2018-10-09,87.99790954589844,89.21404921317668,87.91403938926474,88.92049406663459,869800
2018-10-10,87.00823974609375,88.90373629270105,86.93275851315849,88.17405237990809,1176700
2018-10-11,85.6243667602539,87.51986346642563,85.2637256406925,87.33534523853932,952100
2018-10-12,86.73145294189453,86.99984127464958,85.47338143231474,85.99338022765619,850000
2018-10-15,88.03145599365234,88.3921034143128,86.66435392871658,86.68951433499107,779500
2018-10-16,88.48438262939453,88.72761061017553,87.6456681021017,88.00631560479297,724700
2018-10-17,88.22438049316406,88.7024475032411,87.55340633216156,88.40889870738394,849000
2018-10-18,87.71275329589844,89.19727496514315,87.09210003406004,88.40888778210788,1578900
2018-10-19,89.39020538330078,89.56633468494098,88.32503423672013,88.467620584711,1303800
2018-10-22,88.71922302246094,89.767616197521,88.41728527613292,89.415357626433,941700
2018-10-23,90.33794403076172,90.58117201979208,88.33341675445669,88.33341675445669,1437300
2018-10-24,90.72373962402344,91.85600284055506,90.22051223877419,90.49728954027046,1799200
2018-10-25,86.25337982177734,87.16758178157313,83.15852825240239,85.2049868947397,2429000
2018-10-26,85.98500061035156,86.9914617664103,85.06241601646019,85.78371093869313,1728300
2018-10-29,88.90373229980469,90.09470529110777,86.73146493111315,86.73146493111315,2069100
2018-10-30,90.6147232055664,90.65665509487225,88.71083754209508,88.903744709332,1775600
2018-10-31,89.8682632446289,91.1682669278885,88.41728429100331,89.70890543615239,1582500
2018-11-01,90.02759552001953,90.54760072213341,89.465658439613,89.94372536455154,956700
2018-11-02,88.76953125,89.96051059100913,88.12372396131808,89.95212165511157,1166000
2018-11-05,89.71729278564453,90.39664949585038,88.90373868143637,89.08825689874757,1206700
2018-11-06,90.32115173339844,90.49728098163436,89.54114712042063,89.76759718275744,884800
2018-11-07,90.62310028076172,91.07600045973452,89.43212088022831,90.63987175451186,1904900
2018-11-08,89.8011703491211,90.57278623149539,89.20568376170932,90.145046400394,1883300
2018-11-09,91.06761169433594,91.17664226346429,89.63341082864865,90.08631737553144,1679400
2018-11-12,91.14311218261719,92.09086375652416,90.64827365020001,90.8579522959126,1136700
2018-11-13,91.53729248046875,91.75536002419949,90.27083189806773,91.04245403768036,1217500
2018-11-14,90.53922271728516,91.62955406664763,90.22890246470185,91.62955406664763,995700
2018-11-15,90.92503356933594,91.26890315497015,89.55792496605758,90.26244840802545,1400600
2018-11-16,91.5456771850586,92.33406436245731,90.95019073448432,90.95019073448432,1606900
2018-11-19,90.87470245361328,91.99858305839967,90.4385737883524,91.41147914880342,1119100
2018-11-20,89.9054183959961,92.29489815498533,89.8547535635211,91.07060647396763,1521800
2018-11-21,89.63520812988281,90.63152393090742,89.16237297683487,89.75341530769279,1319100
2018-11-23,89.67741394042969,90.18401700973759,89.53387758512382,89.68585915009695,780200
2018-11-26,89.50012969970703,90.08272694498037,88.76555084444107,89.82097690222062,1059800
2018-11-27,90.01518249511719,90.3951333176138,89.04418918652507,89.54235365968857,1452500
2018-11-28,90.0489273071289,90.4626524021494,89.28901947008579,89.28901947008579,1207300
2018-11-29,90.72441101074219,90.986161023672,89.8800702607425,89.88851547194893,770300
2018-11-30,91.44208526611328,91.60250559215696,90.8510430087614,91.05368293954709,2120900
2018-12-03,91.97403717041016,92.30332954403974,90.81728803624429,91.62785437454855,2094900
2018-12-04,91.27323913574219,93.13079275969007,91.0452699542778,92.21045793851296,2184900
2018-12-06,91.3070068359375,91.33233602737258,88.7402102209758,91.18879964803475,1307900
2018-12-07,90.46267700195312,91.56032266970251,89.87164099120153,91.12970703797814,1101800
2018-12-10,90.45421600341797,90.84261194867163,88.8668578217106,90.84261194867163,966200
2018-12-11,91.11282348632812,91.71230471201292,90.58088463232755,90.9017382755176,1251300
2018-12-12,92.05845642089844,92.42152314380218,91.1972318261402,91.46742056584941,1047800
2018-12-13,92.88591766357422,93.00412484044284,91.58563227621131,91.957144227403,1233400
2018-12-14,91.07904815673828,92.87749181557022,90.85951773601303,92.58197381179164,992500
2018-12-17,88.79930877685547,91.43365404738894,88.2504860402683,91.01148370260007,988300
2018-12-18,88.11540222167969,89.2130477863127,87.55813422805741,88.98507217371858,1202600
2018-12-19,90.62310791015625,91.8642900305249,89.77876703282351,90.69909549704755,2414700
2018-12-20,89.8631820678711,91.09591873207,88.87530498271153,90.07426724547656,1523000
2018-12-21,89.42412567138672,92.30332407781182,89.42412567138672,89.69431443482082,1949000
2018-12-24,87.27952575683594,89.41570731584926,87.01777568359556,89.41570731584926,572900
2018-12-26,89.18771362304688,89.30592081604159,86.21563693348004,87.39771530523609,838000
2018-12-27,89.60987091064453,89.61831612085501,87.05151977054348,88.95973144421212,1007200
2018-12-28,89.75343322753906,91.10437727352624,89.39036641126037,89.81253682824446,1036800
2018-12-31,90.49644470214844,90.52177389475939,89.34814073052002,89.90540873519656,835500
2019-01-02,89.02727508544922,89.97293243639268,88.46156198665832,89.65208532686651,1037700
2019-01-03,89.70276641845703,90.63998523883379,88.57979802982429,88.84998683306206,1236700
2019-01-04,89.5676498413086,90.69062435333704,89.09481473835551,89.76184456636172,1642000
2019-01-07,89.00196838378906,89.7280955580824,88.59668195827238,89.27215718686378,1733200
2019-01-08,89.89696502685547,90.07427581990578,88.5797954545909,89.4156910337735,1589700
2019-01-09,89.2383804321289,90.31069040434522,88.98507561762287,89.83786162186358,1039100
2019-01-10,90.17559051513672,90.28535248852009,89.17926821844446,89.36501776375285,1050300
2019-01-11,89.998291015625,90.36980306300077,88.80777372842215,90.13338864805607,1141300
2019-01-14,89.52544403076172,90.08271198881631,89.29747487452651,89.85473639077276,1145000
2019-01-15,90.96084594726562,91.04527874700624,89.44102978469598,89.44102978469598,805400
2019-01-16,90.0911636352539,91.07904729830182,89.75343245800975,90.79196806747315,753700
2019-01-17,91.00305938720703,91.08749218718977,90.09961489959134,90.09961489959134,996300
2019-01-18,91.3070068359375,91.65318963037318,90.59776370852092,91.23101926163227,938800
2019-01-22,91.45055389404297,91.8642855418231,90.49645106832814,91.34923711647181,983900
2019-01-23,91.66163635253906,91.95716078974534,91.14658794264302,91.56031957800815,849300
2019-01-24,88.96817779541016,90.47110314175342,88.60511105339852,90.34445075420368,1239900
2019-01-25,88.06475830078125,89.6521168710991,87.85367307613106,89.2721660434527,1661700
2019-01-28,88.61355590820312,88.78242791713753,87.72700201807932,88.10695276501689,1171800
2019-01-29,88.66424560546875,89.33127573381779,88.09009349763733,88.51226397569543,913600
2019-01-30,89.14551544189453,90.15872196419528,88.74867418075357,88.83310698397698,1424800
2019-01-31,89.58455657958984,89.95606858877173,85.10955425522997,87.22040623138341,3209100
2019-02-01,88.47001647949219,89.88006388594917,88.08162053505657,89.54233276335003,1522900
2019-02-04,89.27216339111328,89.29749258662918,87.97187767288337,88.44470650067255,1169000
2019-02-05,89.58455657958984,90.26003178868254,88.7993193867884,89.14550220294589,1485400
2019-02-06,89.61831665039062,90.01515778912488,89.28902431012345,89.5592130621839,885100
2019-02-07,90.31070709228516,90.3191523054783,88.11542191421314,88.78245203664687,1072500
2019-02-08,91.54342651367188,91.61942053418707,89.88851934537718,90.18403733224963,1420700
2019-02-11,91.72071838378906,92.4721810132988,91.38298729235683,91.79671238862667,1227200
2019-02-12,92.62418365478516,92.85215927935877,91.47587964559493,91.75451365704751,1007700
2019-02-13,92.15135192871094,92.83526589701584,91.66163273179214,92.7255039150067,1618000
2019-02-14,91.35768127441406,92.02471134726855,91.03683405683495,91.67008972123747,936900
2019-02-15,92.32868194580078,92.80995603146145,91.8305238754723,91.89806625595378,2175300
2019-02-19,92.61573791503906,92.86903627218105,91.58564118062587,92.05846993407116,1122200
2019-02-20,93.45162963867188,93.62049520322248,92.21044776961907,92.53129491898854,1485400
2019-02-21,94.50718688964844,94.7791497654879,92.98589880811632,93.3938398798223,1179600
2019-02-22,93.67430114746094,94.11623837844259,92.70543302052255,93.24085809569179,1132500
2019-02-25,93.03690338134766,93.95478065262799,92.68844745120875,93.75930426770246,943700
2019-02-26,93.266357421875,93.88677618743263,93.13887340329669,93.29185292876936,1019900
2019-02-27,93.13036346435547,93.30883846652121,92.55244163082118,92.93488713773273,1113600
2019-02-28,94.06524658203125,94.14173309894323,93.1813656433352,93.31735031887591,1195100
2019-03-01,95.38255310058594,95.40804860155404,94.15021651958571,94.43918066013595,1218900
2019-03-04,94.03126525878906,95.5695548600977,93.30036372262859,95.39107980835254,1131300
2019-03-05,94.97462463378906,95.16160032376898,93.67430195142776,94.03125200460414,963000
2019-03-06,94.91514587402344,95.4335761816573,94.45620725001443,95.15311260852282,1052300
2019-03-07,95.12759399414062,95.38256199580962,94.5921689715625,94.88112665495544,765700
2019-03-08,94.54119110107422,95.2550977634424,93.75079791279533,95.17011057328372,1010200
2019-03-11,94.66866302490234,94.71115985660191,93.810277600599,94.26921614970853,748300
2019-03-12,93.79328918457031,95.01712539937942,93.73379750657857,94.79615353079298,911300
2019-03-13,94.15023803710938,94.30321756198566,93.65730329205174,93.82728414419567,733300
2019-03-14,93.81029510498047,94.25223889433765,93.59782387504919,94.20974205470846,919700
2019-03-15,94.15872955322266,94.62616226196774,93.80177952455786,94.00575004320834,1333400
2019-03-18,93.92926788330078,94.26922310967805,93.30885559296088,94.11624358201361,1145200
2019-03-19,92.91791534423828,94.13325098014072,92.65444662264912,93.82729190508087,1356600
2019-03-20,93.31735229492188,93.76779019500292,92.59494503800029,93.07937910768639,1181900
2019-03-21,94.76213836669922,94.8556261968208,93.30883639495279,93.44481456706262,1113500
2019-03-22,95.18709564208984,95.9859894125714,94.80465008359897,94.84714043226111,1387800
2019-03-25,95.5440444946289,95.77351701412654,94.77914690314716,94.78764756641536,758800
2019-03-26,96.24945831298828,96.37694233605201,95.63754018956783,95.84151073600573,860200
2019-03-27,96.22396087646484,97.08234636484104,95.56954593043812,96.25795704754087,781500
2019-03-28,97.16732788085938,97.26081572483685,96.37693478075388,96.46192196143168,892200
2019-03-29,97.59226989746094,97.68575774108311,96.82737230605511,97.41379487348395,1077800
2019-04-01,96.75086975097656,97.73673910123799,96.24094023509556,97.54126277002906,705100
2019-04-02,97.52428436279297,97.59227670546244,96.07948274365351,96.86137523203236,1012800
2019-04-03,97.6177749633789,98.05971223496894,96.83588245296976,97.52428711060098,1122800
2019-04-04,97.66027069091797,98.0767124495869,97.50729115939167,97.75375205852762,827200
2019-04-05,98.47618103027344,98.646155443096,97.76227423138056,97.92375446243776,829600
2019-04-08,98.81610107421875,98.850097243703,98.15319197954162,98.45065035739593,611000
2019-04-09,98.60362243652344,99.20704629419635,98.1446903933869,98.58662759511705,754000
2019-04-10,98.85008239746094,98.9520708905961,98.37414906437422,98.67160739755342,589800
2019-04-11,98.51863098144531,99.00306499180546,97.93221495886549,98.84159131108912,1049300
2019-04-12,98.68013000488281,98.88410055240824,98.06821187819973,98.42516195739593,810400
2019-04-15,99.2155532836914,99.26655078270709,98.59514098860949,98.79911153235221,428500
2019-04-16,99.29205322265625,99.62350781092009,98.8501094488997,99.21556021084537,798800
2019-04-17,99.22404479980469,99.51300250312484,98.13619335465994,99.51300250312484,956700
2019-04-18,99.40252685546875,99.73398141349372,98.90959210821387,99.48751403986628,859300
2019-04-22,99.47052764892578,99.92946626459766,99.071080715798,99.26655709221842,673300
2019-04-23,99.31752014160156,100.06541629498521,98.90107848106676,99.47049963707836,1026000
2019-04-24,99.49603271484375,100.16744261610764,99.16457809681708,99.24106463138891,1452900
2019-04-25,104.0599136352539,105.92115723583821,101.98619231656927,102.08818084316454,2966300
2019-04-26,106.38008117675781,107.18747564480661,104.11089026752069,104.11089026752069,1948100
2019-04-29,105.64917755126953,105.94664241894375,104.82478825673424,105.83615324497111,1688800
2019-04-30,106.10810852050781,106.49056054407352,104.8927730826191,105.8106501582496,1518700
2019-05-01,104.46784210205078,106.48207149026688,104.45934792227875,106.2356041106374,1443300
2019-05-02,104.1448745727539,106.66053257083387,103.37147636365435,104.45083359128716,1591200
2019-05-03,103.54146575927734,104.52732874620234,103.03153618092949,104.2043748595402,1128200
2019-05-06,105.07977294921875,105.17326081089035,102.8955689234599,103.12503500313092,1421900
2019-05-07,105.64917755126953,105.64917755126953,104.12788297918698,105.23273581427465,1727700
2019-05-08,106.1166000366211,106.66052570475355,105.12223653245132,105.50468203894572,1426600
2019-05-09,106.66057586669922,106.7625644089783,105.15628215170649,106.09115442821842,1270800
2019-05-10,107.83338928222656,107.91838295596901,106.15912154567562,106.64355565911562,1267900
2019-05-13,107.99485778808594,108.25831999266127,107.09398200410092,107.24696152252349,1778300
2019-05-14,107.98636627197266,108.36031767848317,107.51043283394604,107.82489256070322,1667500
2019-05-15,108.56428527832031,108.76826230402854,107.94387298975096,108.14784353135258,1305000
2019-05-16,109.20169830322266,109.32917583089763,108.1308416820096,108.52178789646061,2067800
2019-05-17,109.55014038085938,110.20455527718357,108.75975377877137,108.77674862096531,1818900
2019-05-20,109.89012145996094,110.03460033847955,109.4396834951045,109.55015971502193,945400
2019-05-21,110.74848175048828,111.00344977385696,109.84760597370303,110.383037525956,1732800
2019-05-22,111.70884704589844,112.00629890997956,110.59550016378252,110.90995335296327,1360900
2019-05-23,111.28327941894531,112.36004427423751,111.05253943572527,111.18927520651054,1606000
2019-05-24,111.25764465332031,111.83021103169827,110.78762358455006,111.21491309437012,963800
2019-05-28,109.64246368408203,111.87291489475315,109.64246368408203,111.59090232330763,2919400
2019-05-29,110.1381607055664,110.3261691543809,109.15539341762236,109.35194296325842,1726200
2019-05-30,111.78746795654297,111.85583583585192,110.17231429740791,110.7192442920399,982300
2019-05-31,112.7702407836914,112.80441820319326,110.36032195386383,111.06962402704345,1331500
2019-06-03,113.0864486694336,113.6077424180645,112.09513382944013,112.7446092212419,1251200
2019-06-04,113.77013397216797,114.14615090952881,112.9753685291382,113.19756746840261,1079700
2019-06-05,116.23128509521484,116.50475663433734,113.91538330753446,114.24866859593956,1730300
2019-06-06,117.28240966796875,117.51313657586655,115.65016088481062,116.50473976103932,1414100
2019-06-07,117.94042205810547,119.07701349014754,117.59859573501481,117.63277315138852,1339300
2019-06-10,116.8551254272461,118.21390277132305,116.38510441644732,117.94043125964399,1216400
2019-06-11,116.92350006103516,117.37642586856431,116.24837537746821,116.85513217916508,1123000
2019-06-12,118.11991119384766,118.1626427520946,117.28242741953898,117.28242741953898,754300
2019-06-13,117.61572265625,118.90613236944951,117.31661476306829,118.40193384308432,1191900
2019-06-14,118.20537567138672,118.72665635254283,117.53879204270902,117.88917256859116,1129000
2019-06-17,117.67554473876953,118.44467378716371,116.58168448490667,118.35921065739453,1148700
2019-06-18,118.14555358886719,118.35065725508228,117.17987509021977,118.09428093227378,1311200
2019-06-19,117.84644317626953,118.19682370859286,117.26533569422796,118.01736941436756,1678200
2019-06-20,117.6242446899414,117.81225309978463,115.48779734157728,117.15422366533333,1618900
2019-06-21,117.18842315673828,118.12845223856114,117.13715050280041,117.63279485076039,2156700
2019-06-24,117.46187591552734,118.35918643509719,117.24823117466977,117.64988433066922,1626000
2019-06-25,117.24822998046875,117.93189575221773,116.41074625599225,117.64134203717241,1129400
2019-06-26,114.64176940917969,116.7696758464709,114.6417694091797,116.57312632458292,1828700
2019-06-27,115.2656478881836,115.32546165209764,114.08632440695715,114.385432346059,1078200
2019-06-28,114.53923797607422,115.43654865664007,114.15467998150098,115.22290387745022,1901400
2019-07-01,114.72723388671875,115.29125917170134,114.09484071508605,115.1032507433738,1023100
2019-07-02,116.29962921142578,116.58164178856967,114.86394304397108,114.9152156871176,1121400
2019-07-03,117.93193817138672,118.39340523539525,116.5475239395164,116.5475239395164,766200
2019-07-05,118.15409851074219,118.15409851074219,116.74404824940142,117.83790842495057,855000
2019-07-08,118.43609619140625,118.8548445805844,117.98317038099572,117.98317038099572,1069900
2019-07-09,118.46176147460938,118.82068316456696,118.14557135151796,118.58140203792857,820500
2019-07-10,118.41900634765625,118.99157265513732,118.17117116033735,118.41900634765625,725000
2019-07-11,117.15422058105469,118.36772107819732,116.69275370348642,118.36772107819732,1074800
2019-07-12,117.22258758544922,117.68406749941722,116.7183891578288,117.64133594592546,655800
2019-07-15,118.24812316894531,118.82068968480964,117.35082541473417,117.75246565375436,1070900
2019-07-16,120.008544921875,120.10254915086678,118.28230441107034,118.76940775050552,1393800
2019-07-17,124.52071380615234,124.59762278781265,121.60659624028553,122.15352628738256,2333200
2019-07-18,126.05042266845703,126.12733166120094,123.8028753660935,124.79419029426872,1745900
2019-07-19,124.06777954101562,125.87949598419466,124.06777954101562,125.71712387920849,1124000
2019-07-22,125.67439270019531,125.99058277517508,124.45235092079889,124.45235092079889,1106000
2019-07-23,125.87095642089844,126.38370912339313,125.1103815040985,125.97351478530312,1630900
2019-07-24,125.41800689697266,125.75984631420295,123.95668413781459,125.29836636090218,1940700
2019-07-25,127.94757843017578,128.1013964024815,119.00867568845163,121.3502270167804,2111400
2019-07-26,130.73348999023438,131.17787471534396,126.99044288824966,128.99869568702326,1465000
2019-07-29,130.07550048828125,130.87025285288817,129.12691709320134,130.65660806156245,1249400
2019-07-30,130.11817932128906,131.5196882032528,129.3661587523246,129.82762562328372,1018400
2019-07-31,129.67381286621094,130.6223960098605,128.38339032314184,129.9729076708833,1037800
2019-08-01,129.631103515625,131.04115379021667,129.5285581981542,130.23784736378332,1224200
2019-08-02,129.99000549316406,131.52825022162926,129.52853859454453,129.99854658837998,1213400
2019-08-05,127.4348373413086,130.26349221182437,127.07591566684681,129.54564886290083,1588600
2019-08-06,128.50308227539062,128.8021902395952,127.09303167807177,127.43485817443846,1301600
2019-08-07,130.41734313964844,130.79336010546757,126.96484862046736,128.7167256950918,1290100
2019-08-08,132.09231567382812,132.11795200712015,129.78494135879515,130.3318715354314,921100
2019-08-09,132.86993408203125,133.82707139175938,132.22045876172731,132.31446296965134,1205600
2019-08-12,133.22030639648438,133.75869528511205,132.4597316845345,132.9382937900527,608300
2019-08-13,132.7674102783203,133.90400205278502,132.57086073532034,132.9725139578696,959100
2019-08-14,130.25497436523438,132.622162659654,129.93878419935402,132.50252208014427,1070400
2019-08-15,132.8870391845703,133.33996502734973,130.45148373277516,130.8531369201216,1062800
2019-08-16,132.83575439453125,133.67323811639454,132.24609283123567,133.18613489443732,946000
2019-08-19,134.82696533203125,135.36534136611604,132.78452154597912,132.99816634803415,917000
2019-08-20,133.72450256347656,135.1943793140331,133.5108578385682,134.93800303617525,881300
2019-08-21,135.66444396972656,135.69862139917998,133.86128138970057,134.0834672807562,912700
2019-08-22,136.01052856445312,136.31968295129425,134.6021614918766,135.60690997319807,1105200
2019-08-23,134.85116577148438,136.76619809563746,134.35308308871464,136.45704377887162,782000
2019-08-26,136.58590698242188,136.74907362995663,134.5248732134853,135.28058690579368,939800
2019-08-27,136.8693084716797,137.26433112465122,135.85596385474054,136.24240361652596,1211900
2019-08-28,137.81390380859375,138.61255801751898,136.25954914711102,137.092548016024,1289400
2019-08-29,135.67555236816406,138.0972497404549,135.26333796567977,138.0371433298695,1044100
2019-08-30,136.09640502929688,137.21279666635579,135.42657266779148,136.285333449583,1026400
2019-09-03,137.341552734375,137.35873161242745,135.03149812663688,136.0963527002863,915100
2019-09-04,138.60394287109375,138.7585265787953,137.07535019175006,137.47038579708013,1047000
2019-09-05,137.65931701660156,139.29095679917413,137.35874558650593,139.0762666644332,1154900
2019-09-06,136.52572631835938,138.08008056393987,136.31963220628307,137.59059394411472,1223300
2019-09-09,134.095458984375,136.15649223331923,134.06969721533227,136.12213447216456,1360200
2019-09-10,130.995361328125,133.21956166825922,128.82269764095648,133.21956166825922,2358900
2019-09-11,129.80165100097656,132.48099280908335,129.24346188876257,130.99532763314554,1819400
2019-09-12,129.8961181640625,131.09839081557942,128.12707349920447,128.62515619864982,1697300
2019-09-13,127.58605194091797,130.3512486558193,127.11373105197771,129.12322744821975,1830700
2019-09-16,127.13092803955078,128.72822346289686,126.23782267872156,126.71014368362331,1287800
2019-09-17,131.12417602539062,132.20620981191036,128.01546642183095,128.01546642183095,1657600
2019-09-18,131.43333435058594,132.2491544357912,130.10225257806732,132.16327312002264,861300
2019-09-19,131.7768096923828,132.1546664479286,131.09839459303225,131.50201311794285,793800
2019-09-20,132.19760131835938,132.75579043505448,131.3646025355924,132.12031601364396,3212400
2019-09-23,131.65660095214844,133.45140767206868,131.65660095214844,132.53254053604644,740400
2019-09-24,133.6746826171875,134.49908548275172,132.26631571017194,132.4638269857648,1155200
2019-09-25,131.7080841064453,134.3788295912209,131.30446565252802,133.36549856471837,976700
2019-09-26,132.4895782470703,133.03918448173334,131.86268670682492,132.58404243288643,965600
2019-09-27,132.06019592285156,133.0907059589397,131.07262653486,132.76438586142686,526100
2019-09-30,133.0992889404297,133.57159671238654,131.8884335421541,132.07736189239475,835400
2019-10-01,133.013427734375,133.49433156990315,131.75963150290795,132.92754643361064,657500
2019-10-02,131.8626708984375,133.70900064100485,131.50199307864668,132.88459793966717,772600
2019-10-03,133.52008056640625,134.0439250022038,132.06019031859773,132.06019031859773,1135000
2019-10-04,135.26341247558594,135.2805913610632,133.42566483902593,134.2930216563495,954300
2019-10-07,135.42652893066406,136.0705993089998,134.44754247973955,134.78245855232834,769000
2019-10-08,134.2071075439453,136.03627184270147,133.88077431785626,135.47806958209404,798200
2019-10-09,134.37026977539062,134.79965006786554,133.2796401634833,134.37026977539062,826500
2019-10-10,134.22430419921875,135.2462315605396,133.0907337502632,133.8378644929471,608800
2019-10-11,133.37408447265625,134.82539174148854,132.30922989236817,134.80821286332898,932500
2019-10-14,133.43423461914062,134.97141042428152,133.15942492009438,134.02678156701734,784500
2019-10-15,130.995361328125,134.17278664155978,130.59175582393047,133.751989149394,1215800
2019-10-16,130.12802124023438,131.1327697903964,129.91333104309763,130.56598452507944,818700
2019-10-17,131.15846252441406,131.72524749137742,130.06784633168365,130.06784633168365,596000
2019-10-18,131.45045471191406,132.12028674501863,130.47145532114547,130.97813389276516,715700
2019-10-21,131.88845825195312,132.18043371933874,130.98675697571196,131.27014955416757,691700
2019-10-22,128.59939575195312,132.01725916201576,128.4705869075166,131.6308195250597,956000
2019-10-23,128.5650634765625,129.51828832813587,127.7749921424397,128.46200328744126,1400400
2019-10-24,125.69676208496094,126.9505580997007,122.83708823195953,125.03552597723231,1855400
2019-10-25,123.06897735595703,126.16052070382239,122.0899908130741,125.69678264981927,1390200
2019-10-28,121.21403503417969,124.03936431700896,120.64726308305306,123.74738890223996,1408300
2019-10-29,123.36094665527344,123.68727985450181,121.32568836326608,121.33427125137621,1469500
2019-10-30,125.35324096679688,125.81696575922675,123.2836255166299,123.76452918393262,1127900
2019-10-31,126.12615203857422,126.64999647435182,124.89813079777738,125.70536777458014,1037900
2019-11-01,122.86287689208984,126.92481058204757,122.39055597380501,126.4610725518603,1110300
2019-11-04,120.68161010742188,123.22354691281019,120.08048038766132,122.84569020220496,1112100
2019-11-05,120.47550201416016,120.81041807732711,119.45358804967789,120.40681270694463,1079300
2019-11-06,120.93064880371094,122.88862151576475,120.79324399144369,121.38579077865758,1022500
2019-11-07,121.36004638671875,121.47167634697685,119.93450073858183,120.90489124297359,808900
2019-11-08,121.05948638916016,122.29610378609733,120.4583565722177,121.86672347347455,468800
2019-11-11,121.71208190917969,121.72926078254238,120.31231166568348,121.21399941078951,512200
2019-11-12,122.67391967773438,123.01741857190558,121.20543373232027,121.86668286242487,710700
2019-11-13,125.19010162353516,125.51643479883418,123.18060524685643,123.54986596320427,1402800
2019-11-14,125.6452407836914,126.43529883431366,125.07845573531738,125.54219372167603,844800
2019-11-15,125.16434478759766,125.45632021718437,123.7645609580415,125.4219755622635,877700
2019-11-18,125.97157287597656,126.6757496331435,124.52026561464345,124.86376455419152,740800
2019-11-19,126.71871185302734,126.98492554205228,125.49069048658411,126.194867363652,754400
2019-11-20,128.05838012695312,128.74539124725405,127.15669195418337,127.58607226641553,1164900
2019-11-21,126.50711059570312,128.31126885129024,126.23950981363035,127.97460767837244,719600
2019-11-22,126.7574691772461,127.10277120281626,126.03235468143693,126.70567716639194,589000
2019-11-25,126.10144805908203,127.28407652256614,125.85974316394555,126.89562316766315,1299300
2019-11-26,129.13136291503906,129.20905092930258,126.07551580668112,126.51576105943288,1899700
2019-11-27,128.24229431152344,129.1573220519154,128.05238140254417,129.08826161483825,823600
2019-11-29,127.89697265625,128.88968819551891,127.32723407472068,128.45807045289274,423400
2019-12-02,128.5875244140625,128.6997360359698,126.70566478144397,127.47394360184407,677300
2019-12-03,128.4494171142578,129.81333048842515,127.51712139627284,128.72564556481325,829900
2019-12-04,129.62344360351562,129.64069882942928,127.99192906355832,128.22499316074638,802300
2019-12-05,129.4593505859375,130.13267281440767,128.80329674514925,129.597471343552,570300
2019-12-06,128.83786010742188,130.04638417969323,128.820591714411,129.64066256144687,600200
2019-12-09,129.0881805419922,129.65791891111013,128.48391856198373,129.34715372540245,918700
2019-12-10,128.9673309326172,129.56296531575384,128.65656574019474,129.15724372642666,539700
2019-12-11,129.28680419921875,129.8220060756537,128.45809219744908,128.7515891508534,615000
2019-12-12,126.74022674560547,128.92421123653457,126.55031390535713,128.71703000028364,713500
2019-12-13,127.02507781982422,127.39627587363019,124.92742221978487,125.92877839757976,586300
2019-12-16,126.70569610595703,127.8796968245306,126.46399123789136,127.2150018513863,916600
2019-12-17,124.91876983642578,127.53437140200408,124.77200826319024,126.999156628599,1489300
2019-12-18,125.87696838378906,126.64524721663315,124.9533003591288,125.41944159072857,984000
2019-12-19,126.61072540283203,127.73293397625385,125.97192651102554,126.50714137732187,925100
2019-12-20,127.27542877197266,127.38765358836187,126.0582637035148,127.15457634352536,1269300
2019-12-23,126.2999496459961,127.69838656173454,126.1963656291043,127.63796694252261,481800
2019-12-24,126.11003875732422,126.64525358725345,125.894229937558,126.25678717413423,250800
2019-12-26,126.28268432617188,126.74883875738045,125.69569065359829,125.95466387405581,400800
2019-12-27,127.43074035644531,127.61202549337189,126.4898174129582,126.59340139296188,420700
2019-12-30,126.74022674560547,127.12003925417537,126.0841594167742,127.07688802205902,446400
2019-12-31,126.87833404541016,126.89560244136479,125.66980976712023,126.68842120568934,594800
2020-01-02,124.27137756347656,127.59482604616447,123.90880709372483,127.09414791909433,821500
2020-01-03,125.39353942871094,125.93738181547016,124.09868663884514,124.27997182507279,770900
2020-01-06,124.79792022705078,125.41080984788353,124.00373224513612,125.40218223770418,1032900
2020-01-07,125.03965759277344,125.61802375157662,124.28863381003002,124.4785466588224,858800
2020-01-08,126.06687927246094,126.83515817389545,125.04826792598789,125.58346960485166,865200
2020-01-09,126.52442932128906,127.06825871116948,125.30726414577884,126.08417080099542,919100
2020-01-10,127.87106323242188,128.11276808918467,126.11869643492824,126.74885458492217,724100
2020-01-13,129.2177276611328,129.4939561793373,127.93150198881624,128.05235443526735,734900
2020-01-14,128.47531127929688,129.78743262343255,127.83651241540541,129.3471741904015,734700
2020-01-15,128.19906616210938,129.45939546135776,128.05231774574568,128.43214337488698,852800
2020-01-16,128.59616088867188,129.0364061401722,127.04233474819266,128.06095922936655,1016500
2020-01-17,130.21908569335938,130.5471062396717,128.8810679800335,128.8810679800335,879400
2020-01-21,131.9282684326172,131.9800604493719,130.15000560709476,130.42623408709557,869800
2020-01-22,131.59158325195312,132.60156691101648,131.3412376538708,132.24763729823778,486600
2020-01-23,132.79150390625,133.3008096338396,131.246305155318,131.47075479060808,603100
2020-01-24,133.52523803710938,133.65473124317396,132.1958613895591,132.99003633343574,592600
2020-01-27,131.94552612304688,133.99138965042272,131.85056970939215,133.04182551387544,1130600
2020-01-28,131.37576293945312,132.24762572131564,130.64200777445436,131.59157173246177,821700
2020-01-29,130.47799682617188,131.79874564476503,130.3053524184198,131.4534568292609,795800
2020-01-30,136.51205444335938,136.55521885053176,130.48667465045546,130.68521511713516,1386000
2020-01-31,133.94821166992188,137.9708910814098,133.9309432768464,135.95955137566585,1341600
2020-02-03,133.49935913085938,135.13087362962276,133.06774139920844,134.46619180666838,812900
2020-02-04,131.59158325195312,134.12085620490313,131.3153416501967,133.56838617331485,842700
2020-02-05,131.97142028808594,132.59295077389527,130.94416814704203,131.3671450249361,802200
2020-02-06,133.2317657470703,133.63748749142275,131.31538185687376,131.49666711002362,676800
2020-02-07,134.70790100097656,134.87191785177026,133.19723889177098,133.57706461530833,717300
2020-02-10,135.5193634033203,136.632931546605,135.0186851679742,135.0186851679742,733600
2020-02-11,136.0890655517578,136.59838448588707,135.17403806795792,135.4071153312423,680600
2020-02-12,136.2703399658203,136.69333005121504,135.2258193423433,135.85599066440773,673000
2020-02-13,137.53932189941406,137.66880196327165,135.84737442407643,136.09772011010665,774100
2020-02-14,138.41116333007812,138.62697218390647,137.09905498258937,137.25443103482075,687400
2020-02-18,138.16946411132812,138.91184712569867,137.73784638604124,138.0486116751249,1061600
2020-02-19,138.54066467285156,139.6973970359672,137.95365770660032,138.29895979613866,806800
2020-02-20,138.8815155029297,139.09836878344544,137.3982332405055,137.745206430735,716700
2020-02-21,139.06369018554688,139.6188341025567,137.35488512750453,138.61263161682797,1028200
2020-02-24,137.86666870117188,139.59281265578952,137.20742613820724,138.257002029641,1083600
2020-02-25,136.46148681640625,139.20250318917442,136.08849215989454,137.97077770996373,1466600
2020-02-26,137.3809356689453,140.30411453070604,136.44412762815602,136.46147960178484,1144100
2020-02-27,131.8121337890625,138.6646937154181,131.72538716288508,136.903845736567,1580700
2020-02-28,124.89884948730469,129.9558707625916,122.31394824796428,129.33133210945886,2127600
2020-03-02,132.15907287597656,132.3585742017526,125.1850767197164,125.1850767197164,1280500
2020-03-03,133.1392822265625,135.8109169804057,131.47385015319486,132.80966091227765,1342200
2020-03-04,139.61012268066406,139.68818667576784,134.42299653601398,135.30776152087364,1002300
2020-03-05,137.918701171875,139.09838367358975,136.2098960796336,137.77124251362005,974100
2020-03-06,135.5679931640625,136.54817424288575,132.68818843589347,134.25820409390923,1118400
2020-03-09,130.97933959960938,133.72036736646655,128.3771010645178,130.24203338706556,1221600
2020-03-10,134.05870056152344,134.40566051581914,128.3771419691331,132.68818624140994,1900300
2020-03-11,129.0450439453125,131.69065641116012,127.35359113458136,130.22472622996884,1076700
2020-03-12,115.2531967163086,123.7712013635999,115.22717537711533,119.6943616499832,2478500
2020-03-13,121.29905700683594,121.5332622735337,113.96941821697354,121.51591030378853,1905000
2020-03-16,109.23332977294922,118.47128042759502,99.93466046722577,111.42789043123983,1974600
2020-03-17,120.65716552734375,125.41925489748752,110.86406437682314,111.41053885628487,2678800
2020-03-18,100.7153549194336,118.80092682322635,96.78597388039147,114.6807138066685,3028600
2020-03-19,105.64227294921875,110.81205573373207,99.761211480678,100.68066751622015,1806400
2020-03-20,102.12055969238281,109.54561462080893,101.12303318154261,104.21102207834832,1763100
2020-03-23,96.6558609008789,106.22342820617186,95.31136768579918,102.1379125003004,1917300
2020-03-24,105.7550048828125,106.87396858990986,99.07592657663835,99.44891447900415,1522800
2020-03-25,109.41551208496094,113.44897859707139,105.27795359542533,107.10819617032851,2003600
2020-03-26,114.88890838623047,115.43538309315407,109.3981862973195,109.3981862973195,1440400
2020-03-27,113.4923324584961,117.54315024820144,111.73148483698341,111.93098615389333,1521400
2020-03-30,119.51220703125,120.24083104873374,115.61751643156401,115.61751643156401,1348200
2020-03-31,114.93223571777344,119.74638106855828,114.5505718361727,118.70548799598485,2162800
2020-04-01,114.20362854003906,115.92977238937478,110.812039648976,111.36718358432663,1412300
2020-04-02,117.73399353027344,118.39323605326487,112.5815568470058,112.60759142062298,2134800
2020-04-03,121.23836517333984,121.84555185887343,116.99671450740782,116.99671450740782,1468800
2020-04-06,123.05125427246094,124.90751825036568,119.75508100482979,124.51718490296867,1294800
2020-04-07,122.40065002441406,125.44526491606281,121.46384238798241,123.30275372856742,1368000
2020-04-08,123.78851318359375,124.94216080877398,121.90621535463872,122.84302296876677,779600
2020-04-09,124.82939910888672,127.8133017339056,123.80584495929487,123.84054888879754,952300
2020-04-13,123.73649597167969,125.27182114448095,122.41803734907583,124.21357591076212,1683900
2020-04-14,126.75507354736328,127.90873449501507,122.96446950917236,124.77737284729533,1152100
2020-04-15,123.69313049316406,127.29289006267659,122.98184529948524,126.74641549854167,1715600
2020-04-16,126.16522979736328,127.22347481346902,123.75382249461038,124.92483544649446,1443100
2020-04-17,127.04132080078125,128.1776297756585,124.87278818134446,127.8566779477244,1164300
2020-04-20,125.41062927246094,127.76999474756201,124.09215721621553,124.25696787770595,1048700
2020-04-21,122.84307098388672,126.85052954997944,122.08842562573751,126.85052954997944,1235900
2020-04-22,124.28294372558594,126.19124983421463,123.6063625892146,123.6844265890252,1292700
2020-04-23,118.75753021240234,123.18132906292573,117.85541318011059,121.43783350389089,2165200
2020-04-24,117.74266052246094,118.48863632779441,115.7042344161213,117.99420450110509,1416000
2020-04-27,117.1961898803711,119.425434767726,117.18752051381337,118.44526691973805,1318600
2020-04-28,116.45022583007812,118.07228433061913,116.06856189214484,117.19620173539988,1167200
2020-04-29,116.58905029296875,117.02275703769163,114.56797527427858,116.72783962784314,1909900
2020-04-30,114.87152099609375,117.00536324113834,114.49853968207148,116.75381924280643,1216100
2020-05-01,114.9669418334961,116.01651764863131,113.08465674291709,114.01279523723028,1153400
2020-05-04,113.84797668457031,114.49853655133928,112.68564623250494,114.4031205747862,1109500
2020-05-05,113.94341278076172,115.27922345270233,112.5555461923213,114.14291413580914,1135600
2020-05-06,114.26433563232422,115.34860211811251,113.8306290380089,114.53323160309174,858200
2020-05-07,113.22344970703125,115.63485746706299,113.10201238226979,115.4700468329562,979200
2020-05-08,115.53074645996094,116.02516501682159,114.33371221334127,114.71537607375176,831300
2020-05-11,115.32260131835938,117.26561197175306,115.29657997692047,115.47874260267001,1087200
2020-05-12,114.9062271118164,116.83188546543583,114.85418443777398,116.11193092460739,663400
2020-05-13,114.38577270507812,115.91242838464036,113.43162614102657,114.81947929846743,803300
2020-05-14,113.65715789794922,115.0363417987076,112.32134730713484,114.35109115002558,1151100
2020-05-15,113.09333038330078,115.77363383196496,112.8070824564035,113.54437569022294,2602800
2020-05-18,114.73272705078125,115.23582820464736,111.73147209445517,114.42045782547375,1789400
2020-05-19,113.5530776977539,114.71540833723613,112.3473737463586,114.0735177336814,1170600
2020-05-20,113.82196807861328,114.78479731854125,113.38826145226152,114.34242132450575,1137600
2020-05-21,111.71299743652344,113.83330886941928,110.94515293248111,113.60643649140101,2597300
2020-05-22,113.65878295898438,113.9205516000462,111.33779474691877,112.08819774082578,900000
2020-05-26,111.92242431640625,115.0636084548492,111.5384987039714,114.95890631113345,1719600
2020-05-27,116.09322357177734,116.27645231573358,110.84917617858154,111.98349151679314,1443900
2020-05-28,118.64982604980469,118.82433409411273,116.55570288988763,117.7074666336089,1372700
2020-05-29,118.38806915283203,119.48749523861102,116.80002848264591,118.2833669786099,2912000
2020-06-01,119.0424575805664,119.88883546935705,117.63765934551722,118.55382979200866,746100
2020-06-02,119.69686889648438,119.7143236924165,118.0215679679233,118.85050434834604,2057600
2020-06-03,117.11410522460938,120.36872531214794,117.07919563664,120.08078112488109,981000
2020-06-04,116.42481231689453,117.85581290238696,115.58716837536429,116.76512097864729,1133400
2020-06-05,118.17859649658203,118.91153792071651,116.30259930339726,116.9657481944652,1304500
2020-06-08,118.3792953491211,118.44910120535101,116.38987504593868,117.49802137816671,1987700
2020-06-09,116.34625244140625,118.1437100877488,115.9274305903426,118.1437100877488,1276900
2020-06-10,118.07394409179688,118.4142394187019,115.8576507819153,116.94834263918902,1352300
2020-06-11,112.63788604736328,118.06516785530594,112.62044457003704,117.3758567059842,1189700
2020-06-12,112.65534210205078,114.6098660269979,111.36396046081973,114.06887399940697,1085800
2020-06-15,113.54535675048828,113.60642855361374,109.94170762880796,111.04112656907084,1183100
2020-06-16,115.68310546875,116.20662940307031,113.94671979844021,115.64819588466547,789500
2020-06-17,115.4213638305664,116.45098377610508,115.10724407088951,116.00597301666623,910400
2020-06-18,115.64820861816406,116.02341346080574,114.62732285402382,114.86291597316595,595500
2020-06-19,112.95203399658203,116.61675558226945,112.90840366413529,116.0844974802788,3316100
2020-06-22,113.92054748535156,114.68839858763725,112.91711659731467,113.01309798510039,993100
2020-06-23,113.6500473022461,115.64818814900862,113.44062975406264,115.34280253627522,1072500
2020-06-24,111.66935729980469,113.3795607091673,110.75317381115754,112.82112721456123,969300
2020-06-25,112.27143859863281,112.40232959035725,110.5350592860268,111.29418310147346,1112300
2020-06-26,109.81082916259766,112.96947443866253,109.61014563577098,112.34123501075541,1539300
2020-06-29,111.34651947021484,111.91367375047702,109.50543160156063,110.08131993524906,797700
2020-06-30,113.10035705566406,113.73733056529599,111.59084354031063,111.90496326801319,2200300
2020-07-01,113.5366439819336,114.2957744924203,112.98694439432876,113.23125828084385,1292300
2020-07-02,113.30976867675781,114.897808711858,112.73388032062097,114.34810920291496,1287400
2020-07-06,112.95203399658203,114.75822590983341,112.18419606477369,114.75822590983341,986000
2020-07-07,112.77751159667969,113.3621206973991,112.19290249596028,112.55937327637663,1097000
2020-07-08,112.14055633544922,112.99565486049761,110.9626040286352,112.54192340646688,1024400
2020-07-09,110.59612274169922,111.8787770646604,109.99405887817387,111.76534088338583,811000
2020-07-10,111.46869659423828,111.67810754578264,109.84574674139776,110.24712050563032,661400
2020-07-13,111.58210754394531,112.49828446492705,111.32034556240181,112.0096567737368,1248700
2020-07-14,115.00251770019531,115.13339535828301,111.17200957559662,111.31161462990777,1856600
2020-07-15,115.17704772949219,116.51205335395537,114.70587475607913,115.93616491992195,1155600
2020-07-16,117.31478881835938,118.23969318843737,115.30791356047133,115.5958577478911,1614800
2020-07-17,119.0162582397461,119.67940723225264,116.84360916342924,117.25371025697218,2708300
2020-07-20,118.23966979980469,119.1209569817332,117.51544910453937,118.87664317057191,1080100
2020-07-21,119.81029510498047,120.6479521564425,118.379308182401,118.4142177713533,1162500
2020-07-22,120.81371307373047,120.8224338120133,118.84173446526272,119.63576101444036,1589500
2020-07-23,127.68071746826172,127.87268024658314,124.26031035815268,124.7751135754211,2281200
2020-07-24,127.1135482788086,128.79758293767546,126.48532220157703,128.29150046609234,1162200
2020-07-27,127.64579010009766,128.02971560325506,126.00539928765782,127.3578592868336,879600
2020-07-28,127.15719604492188,128.1170100561489,126.6860230938425,127.39278917751534,919400
2020-07-29,127.22702026367188,127.95996198846187,126.75584724462385,127.1135840512248,863900
2020-07-30,126.7732925415039,127.1135878749722,125.7785820810497,126.55515416584194,774000
2020-07-31,126.87798309326172,126.9303341628799,125.13287643075053,126.4940574972521,1757100
2020-08-03,126.4678726196289,127.66326633462505,125.97051086678435,126.808167861115,1060100
2020-08-04,125.90943908691406,127.13100833503267,125.769827368813,125.92689388020325,974000
2020-08-05,124.13816833496094,126.43297458267129,123.86767892780215,126.10141336459316,709500
2020-08-06,125.35972595214844,125.42953181102298,123.66697048823312,123.74551040078336,618000
2020-08-07,125.57787322998047,125.92690254926099,124.56570817522774,124.78384650698787,671900
2020-08-10,125.57787322998047,126.30209408911698,125.23757796499895,125.89199296027935,561600
2020-08-11,124.34757232666016,126.08395827522462,123.80659351360609,125.99669761513512,998400
2020-08-12,127.4102554321289,128.0297609108258,124.33886363405993,124.74896481082378,878700
2020-08-13,127.89014434814453,128.25661513867644,126.89542079856346,127.82905922600247,734900
2020-08-14,127.45387268066406,128.204255771027,127.13975294590657,127.80288869079135,514000
2020-08-17,129.42581176757812,129.9144394067216,127.23570812995119,127.68070544829159,863900
2020-08-18,130.52520751953125,131.1272712541282,128.5532424201308,129.30363857549608,1046300
2020-08-19,128.92845153808594,129.99296747005258,128.81502867963704,129.530515355325,1220100
2020-08-20,129.61630249023438,130.62522323753691,128.3880365946614,128.56349932632943,1241200
2020-08-21,129.3443145751953,130.09004788799376,128.73897018372162,129.87071613563512,707400
2020-08-24,130.58135986328125,130.89719814874184,129.09867495061766,129.84440832618952,436800
2020-08-25,130.43222045898438,131.33586631563574,129.81809415644696,131.33586631563574,503600
2020-08-26,130.85333251953125,131.14285207097706,129.22150356671358,130.17780028644032,1042500
2020-08-27,130.45852661132812,132.18686193042637,130.34448320061603,131.5200982072971,646500
2020-08-28,130.8971710205078,130.9585903293442,129.13374876787293,130.6427521093406,407000
2020-08-31,130.40589904785156,131.24813895048803,130.2479865962661,130.56382488638613,682400
2020-09-01,130.21292114257812,130.50244076886943,128.63372926596765,130.40593422677233,644400
2020-09-02,131.09019470214844,132.13421594195327,129.85316045732353,129.85316045732353,773200
2020-09-03,130.16026306152344,133.51164598201237,128.9583290893441,131.37097887329278,861800
2020-09-04,130.54627990722656,131.22182554715158,128.31786149545556,130.6164676842142,779500
2020-09-08,127.66858673095703,130.80941796271838,127.37028547514511,130.34443587685152,924300
2020-09-09,129.5987548828125,130.77436993495897,128.6424715965269,128.77406530126393,624200
2020-09-10,127.34402465820312,129.73035546829317,127.15101162305253,129.3092422038506,694900
2020-09-11,127.6511001586914,128.87935281231123,127.30017465392856,127.60723112385857,484400
2020-09-14,126.77374267578125,128.79159731271588,126.75619238865751,128.22132677024157,585600
2020-09-15,126.63338470458984,128.4143575665177,126.11576495174252,126.9316726923037,882200
2020-09-16,125.62447357177734,128.15994843564505,125.59815482889927,127.43176531313604,629200
2020-09-17,123.26444244384766,125.06296545582711,122.43975292900213,125.06296545582711,857700
2020-09-18,121.87828826904297,124.1593442549506,121.1764238589983,123.58907356499861,1567900
2020-09-21,120.19381713867188,121.65895184334435,118.44793132589587,121.07114427107093,1291200
2020-09-22,120.57102966308594,121.34308162032907,119.79020925612727,120.17623523474884,623000
2020-09-23,117.86012268066406,121.50103827914431,117.56183467123181,121.12378065443332,1083900
2020-09-24,120.77284240722656,120.99217416517071,118.01803606292614,118.0268045139426,963900
2020-09-25,122.40464782714844,122.43973501145626,119.75511694923095,120.33415589240187,684900
2020-09-28,123.18547058105469,124.51022935213923,122.5186935838116,123.0977325381714,589900
2020-09-29,123.86979675292969,125.2647434191722,123.08897628689326,124.84363022288048,735300
2020-09-30,125.75605010986328,126.68601459640213,123.89612113678555,124.08035231176898,798500
2020-10-01,126.27369689941406,126.7913301191565,124.3260428402135,125.88768417819769,759700
2020-10-02,125.38755798339844,126.37894165664538,124.65937505552942,125.8964091879435,535700
2020-10-05,126.13333892822266,126.45794571775544,125.12440458696905,125.615705691219,432700
2020-10-06,124.19439697265625,126.1245135242303,123.78205224824019,125.82622558353037,680300
2020-10-07,125.81748962402344,126.40529720729361,124.36112334412724,124.5980054226525,615300
2020-10-08,125.90522003173828,126.47549073656678,125.17703685867916,125.59816354786187,474300
2020-10-09,127.76512145996094,128.44943537491054,126.20348064000456,126.5544060472288,612700
2020-10-12,129.91456604003906,130.6953864280209,128.55470669819766,128.9846016888411,601600
2020-10-13,130.59011840820312,131.03755032156778,129.08111502316012,129.33553394167419,574300
2020-10-14,131.1340789794922,131.80084273723276,130.07250732841766,130.2918390971815,577000
2020-10-15,131.96755981445312,132.33603564317903,129.92338577010736,130.34451247746648,579600
2020-10-16,131.5288848876953,133.04665711076638,131.4323783655954,132.41498049101253,912200
2020-10-19,129.40579223632812,132.2571063025523,129.19522883982665,132.125512546585,614200
2020-10-20,128.86178588867188,130.90595927573798,128.7301788148322,130.40587649165136,434700
2020-10-21,127.72126007080078,129.2478137960503,127.28259659207991,128.43189276441706,688600
2020-10-22,127.59842681884766,128.15991550087008,126.73865020289529,128.01953998362794,442500
2020-10-23,128.38803100585938,128.67755052463545,127.93183060077077,128.44066848437362,383700
2020-10-26,126.51052856445312,127.99321307667444,125.61565143284437,127.99321307667444,610600
2020-10-27,125.01911926269531,127.09838033081931,124.89629399679242,126.87904854263914,825100
2020-10-28,121.24659729003906,124.44006726021554,121.1764095186458,123.36972717362823,858300
2020-10-29,120.92196655273438,122.35201366368085,119.73756989941792,120.99215431019238,710800
2020-10-30,120.59737396240234,121.25536920504827,119.167326684562,120.30785444920443,783900
2020-11-02,123.51007843017578,124.58041830629826,122.10635005222785,122.5274765977798,1266100
2020-11-03,125.21212768554688,126.8264063741003,124.36988775976495,124.42253863202276,569800
2020-11-04,126.28244018554688,128.60735119047115,125.56302567869693,126.15961495107817,985000
2020-11-05,126.86151123046875,128.33541441656652,126.20351586804297,127.72128808902578,923600
2020-11-06,131.0726776123047,132.2395243883922,128.80040338953194,130.63401401469062,1354900
2020-11-09,131.35340881347656,135.53826264819554,131.25690230116402,133.85379629533443,1168400
2020-11-10,133.581787109375,134.722314740838,131.1252825332343,131.7569455764234,987700
2020-11-11,134.81011962890625,134.95926366734196,132.95895844239445,134.16966104468213,697200
2020-11-12,134.7223663330078,135.2663049278918,133.26599992875921,135.0996240004233,584500
2020-11-13,135.10836791992188,135.38911900627005,133.56427710585285,135.16978724016627,580400
2020-11-16,136.09092712402344,136.41554713883272,134.92408088909323,135.94178317643838,783900
2020-11-17,134.1696319580078,135.95938680513993,133.8801257847758,135.5645922728739,701000
2020-11-18,132.16050720214844,135.4504826669393,132.09031945246622,134.6784308073795,678200
2020-11-19,131.77598571777344,132.22583205202088,130.2236094093991,131.49374159751542,659400
2020-11-20,130.3470916748047,131.7407081670231,129.6855656255177,131.50255502082084,600600
2020-11-23,129.5091552734375,130.84985177199735,129.05049346573364,130.08247243898137,657000
2020-11-24,130.72637939453125,131.308512114996,129.76495126500498,130.18833764561165,2261500
2020-11-25,130.67343139648438,131.71423930899175,130.3735428378291,130.91158452660758,1565300
2020-11-27,130.58526611328125,130.93807468024792,129.12990049227952,130.9292591766482,1252900
2020-11-30,130.4441375732422,130.56762191781476,128.97995644560714,130.01193563784608,1507400
2020-12-01,132.34043884277344,132.41983216947676,130.62047441048836,131.42312896514713,1325500
2020-12-02,131.6436767578125,133.88403893621572,130.9380463179407,132.3404782372129,1094700
2020-12-03,132.15524291992188,132.4727759075139,131.31731275951452,131.42315260245198,719400
2020-12-04,133.07257080078125,133.27544847197976,132.19936506193557,132.30520491906074,1002500
2020-12-07,132.05824279785156,134.69553152456692,131.14091912821922,133.89287667833415,879900
2020-12-08,132.86090087890625,133.80467107832214,131.28205111358704,131.51138876596994,814300
2020-12-09,134.19276428222656,134.6867015812963,131.51138460494144,132.70212342403127,1179100
2020-12-10,132.0406036376953,134.78373233693236,132.02295917366777,134.36035941174998,899800
2020-12-11,131.5201873779297,132.4816019176241,131.40551856646462,131.4143475265962,613700
2020-12-14,131.54666137695312,133.69882830891092,131.45845251890944,131.92594331600247,579600
2020-12-15,132.50807189941406,133.02848261164036,131.61722167951157,131.87300582583427,689100
2020-12-16,132.55215454101562,133.77818205901679,131.8377086903589,132.44631469907523,743500
2020-12-17,133.72525024414062,134.76604448739536,132.61389162627532,133.2754174971238,797100
2020-12-18,133.0814208984375,134.37801318928183,132.41989476877342,133.9722712412231,1717300
2020-12-21,132.00527954101562,132.69326533804391,129.5267648800832,131.4319490709736,846100
2020-12-22,131.0879669189453,132.00529036270294,130.71751403315892,131.78478173125063,560000
2020-12-23,131.820068359375,132.56097419372384,131.5730997479254,131.8465283206889,580100
2020-12-24,132.26113891601562,132.46400318736758,131.28207957683307,131.68782157832234,188200
2020-12-28,133.89288330078125,133.97226320146925,132.6844864911386,133.32838157569532,432900
2020-12-29,133.57533264160156,134.92484461063958,133.39009943895002,134.50147173729732,518700
2020-12-30,132.77267456054688,134.06926657053012,132.63154578668107,133.6370647476088,387600
2020-12-31,134.36033630371094,134.54555603840572,131.8729921961386,132.6491869744642,479300
2021-01-04,133.09901428222656,135.32174521806502,131.94355112242974,134.96010780596347,861600
2021-01-05,132.9490509033203,133.66349666528865,131.87296778124178,133.16955951917612,678500
2021-01-06,133.41659545898438,135.77162705040962,133.10789131617733,133.90171735057788,835800
2021-01-07,133.33717346191406,134.35152136213773,132.51688771586032,133.39892234625637,600000
2021-01-08,134.09573364257812,134.36916224470147,133.0549391623949,133.59298086485035,552600
2021-01-11,132.40225219726562,134.44856605572744,132.15528351536133,133.9369976851998,613700
2021-01-12,131.75833129882812,132.96671437974834,130.7880878667741,131.97883994622407,621700
2021-01-13,132.2346649169922,133.87525029892416,131.37909002401355,131.73191204413993,709700
2021-01-14,130.02951049804688,132.8608468627459,129.9589461305242,132.5785893926551,836700
2021-01-15,130.94688415527344,131.8553788658564,129.55326764321845,129.73848740273732,1193700
2021-01-19,131.20266723632812,132.61392820019807,130.69990097561052,131.46728034940148,790300
2021-01-20,131.9788818359375,132.0847217134713,130.18835212747598,131.24679127916602,872800
2021-01-21,131.40554809570312,132.30522741055435,130.76166642409788,132.30522741055435,826500
2021-01-22,130.71755981445312,131.93477219318402,130.30300236542982,131.29089053229433,643200
2021-01-25,130.12655639648438,132.36693169576697,129.62380370034532,130.40881391337444,1114400
2021-01-26,131.88186645507812,132.21703057638496,128.4595666210861,130.16190103394783,1167100
2021-01-27,128.94464111328125,131.87298900456304,128.43305942710973,131.41434070008927,1251800
2021-01-28,130.72637939453125,131.65250513749984,128.8652854884765,129.13871411421258,1220800
2021-01-29,128.28311157226562,132.0494030003673,128.17727172938956,129.96780085153407,1366600
2021-02-01,127.9920425415039,129.10340130273804,127.55984073830061,128.46833530809567,848100
2021-02-02,129.7649383544922,130.96450606263252,128.06261787522703,128.5565551446764,1001900
2021-02-03,129.28868103027344,130.34712024940652,128.39783060043686,129.74734296011889,889800
2021-02-04,129.8531494140625,132.3052047996468,128.16845990950614,130.4176510828564,1273000
2021-02-05,129.30628967285156,131.77597601367214,129.2974607124179,130.45292399161207,825500
2021-02-08,131.71426391601562,133.51360906288429,129.9501942407868,133.4077691891813,2026200
2021-02-09,131.9700164794922,133.41655272826526,131.55545912843098,131.60839251138415,1090000
2021-02-10,132.30523681640625,132.8785541257635,131.61725066166372,132.5874944484979,883400
2021-02-11,132.67568969726562,132.9932228035763,131.82011475689478,131.9347836021356,871400
2021-02-12,133.5224151611328,133.85757919006159,132.03177438740937,132.1729031673695,785700
2021-02-16,133.5224151611328,134.35152991992203,132.4375028063182,133.38128638117269,1197600
2021-02-17,133.44305419921875,134.4750468767231,133.05497014830667,133.12552109662923,864800
2021-02-18,135.66343688964844,136.4349024981005,132.8435742172503,132.8435742172503,1385900
2021-02-19,131.99229431152344,136.1777411689494,131.9036142006271,135.77869420060102,1166000
2021-02-22,131.4602508544922,132.21399126323428,129.90844350882364,132.21399126323428,862100
2021-02-23,131.22084045410156,133.41998314471607,130.4405121571076,132.169666406459,1477900
2021-02-24,130.85728454589844,131.68195290776234,130.45823750041555,131.2119779966745,774700
2021-02-25,130.85728454589844,132.24947054741676,130.60898289352977,130.74200308558667,1589800
2021-02-26,129.15472412109375,132.06325385133658,129.0749201205496,131.28292551709066,1053900
2021-03-01,128.74681091308594,131.15876405694343,128.33003870237394,129.6246818640305,1177200
2021-03-02,128.88870239257812,129.8907174613201,127.31915616397778,128.66701560726628,969600
2021-03-03,128.0196533203125,129.2965710979961,127.91324801573377,128.8177336967071,1101000
2021-03-04,129.5448760986328,132.2139934366995,128.0994875766303,128.44531839240838,1251100
2021-03-05,133.34902954101562,133.73032428874393,129.51827568019772,130.07693066757196,1031700
2021-03-08,134.59934997558594,137.10884614620392,133.0652811259461,134.16485251225885,1112900
2021-03-09,133.50863647460938,135.86738692429296,133.45543381540676,134.58160638104593,953000
2021-03-10,135.3619384765625,136.12454151857216,132.16965705681665,133.26035219376163,1121100
2021-03-11,134.6968994140625,135.76100691926942,134.36880726734748,134.66143547821048,959300
2021-03-12,135.1757354736328,135.56590637808517,134.08504028577732,135.18459807393853,756700
2021-03-15,135.95606994628906,136.1422792574741,134.1470983106569,136.00039647611337,773400
2021-03-16,136.10679626464844,136.7984578135508,135.34419333500162,136.33734560405426,916400
2021-03-17,137.05563354492188,138.2084075141467,136.28416787559877,137.862576676448,995800
2021-03-18,138.39463806152344,138.7404689184573,136.55906491501344,136.5945288485016,673000
2021-03-19,137.17977905273438,139.17496010611163,137.13543898985517,138.90893325952385,1455300
2021-03-22,138.66952514648438,138.88233580514571,136.50585991217503,136.63886657383836,801700
2021-03-23,139.1483612060547,139.4321267888903,138.19954879115951,138.84687042230763,690000
2021-03-24,139.4498291015625,140.32771350734717,137.37484435772834,138.3768728029556,977400
2021-03-25,139.25477600097656,140.64697561636765,138.49217285862284,139.93757514174047,937200
2021-03-26,141.2322235107422,141.2499487117903,138.82027016079016,139.55627192492216,676500
2021-03-29,142.88156127929688,143.39587620919596,140.68241877958627,140.81543895995082,818600
2021-03-30,140.86868286132812,143.26289797128135,140.48737446947297,142.67764147998216,1019300
2021-03-31,140.24795532226562,141.61354020206596,139.82230687887935,140.45190341137368,1170700
2021-04-01,140.7799530029297,141.4538894024541,138.5808241666322,140.27451423397218,932200
2021-04-05,141.30316162109375,143.06777976318295,140.60262380603635,140.96619337938574,979700
2021-04-06,142.55343627929688,143.25397395419603,141.196714514277,141.52482009002216,941500
2021-04-07,142.385009765625,143.08553412652682,141.7997533441998,142.7663045812666,771800
2021-04-08,141.97708129882812,142.81948835297874,141.34748489289996,142.32291213287678,995300
2021-04-09,141.4361572265625,142.5977937197517,140.65581547756182,142.438185742376,714200
2021-04-12,141.5248565673828,142.1367007611098,140.96620150931872,141.48937910268984,942700
2021-04-13,140.83319091796875,141.56917915623026,140.26565974420618,140.59376539537365,1136700
2021-04-14,140.2745361328125,141.02826310430882,139.10402338081173,140.86865510941124,889300
2021-04-15,142.6776123046875,143.07665935032313,141.50711309212812,142.76629243275937,1079600
2021-04-16,142.75738525390625,143.23622261618124,141.98590626651372,143.04113721989197,1260700
2021-04-19,142.74851989746094,143.30717480450832,141.45387693059143,142.7751212234456,772000
2021-04-20,143.821533203125,144.7082804195885,142.12784277231444,142.45593491258552,836500
2021-04-21,144.486572265625,145.4176594114687,144.35355208439776,144.35355208439776,929800
2021-04-22,143.8658905029297,144.90338324678444,143.27177142041577,144.53095099494098,825900
2021-04-23,143.14756774902344,144.17619755974528,142.89927966101277,143.83924288640853,682500
2021-04-26,141.01939392089844,143.333804453692,140.82430847133827,143.333804453692,762000
2021-04-27,140.73565673828125,141.39184101910254,140.05285759272113,141.07261147981237,1063100
2021-04-28,140.86868286132812,142.72198155308493,140.54945327795497,141.22337638476913,1320900
2021-04-29,145.62161254882812,146.75664777545217,141.44502767676153,141.89727736580002,1609000
2021-04-30,145.69253540039062,146.30439299779596,144.6816443574948,145.35556720919686,1191000
2021-05-03,147.8562469482422,148.79619690400966,145.66598007515086,146.04727491239288,1125400
2021-05-04,148.00694274902344,148.91141493306807,146.98717559624106,147.9892040207034,1261000
2021-05-05,149.29273986816406,149.78931607117462,147.70546853849197,147.8384751890531,960300
2021-05-06,149.53216552734375,151.447528950875,148.90256914242227,150.10854572129801,951100
2021-05-07,149.40802001953125,149.9755376081336,148.44145542134297,149.53216406920404,780900
2021-05-10,151.0218963623047,151.75789807862753,149.6651743824225,149.73611577407027,1385200
2021-05-11,149.789306640625,152.66237188804152,149.33707052650263,152.3697437445438,986700
2021-05-12,148.61880493164062,150.32135757452866,148.47692216206187,149.9045853955696,1071400
2021-05-13,152.16583251953125,152.99936356331423,148.17546992056475,148.31733919631537,1462700
2021-05-14,151.7312774658203,153.97474626016535,151.7312774658203,152.56482179839472,840300
2021-05-17,152.95501708984375,154.14325499485392,151.3766082833228,151.83770704811974,1123000
2021-05-18,153.2210235595703,154.4979415326799,152.8042648759592,152.8042648759592,1372400
2021-05-19,152.76881408691406,153.47821458812675,151.74018403669012,152.68013395025406,998800
2021-05-20,154.20669555664062,155.15997013737996,152.76343425255166,152.8881603702615,1006600
2021-05-21,154.80360412597656,155.67670056683008,154.35815175195532,154.64324779651017,904500
2021-05-24,155.10653686523438,155.98852394967486,154.79471473602823,155.02634509872522,725500
2021-05-25,155.6588592529297,155.68558530450767,153.4850497637465,155.0886808290559,766600
2021-05-26,155.28472900390625,156.11326404754263,154.8214546429414,155.35600302821854,814800
2021-05-27,154.52748107910156,155.82820845772352,154.1354806747461,155.28475582334573,1026000
2021-05-28,154.17108154296875,155.21343854920144,154.14435548594705,154.5898078951471,871100
2021-06-01,153.814697265625,155.55197237649827,153.11979265892666,154.71451974941888,752200
2021-06-02,154.6076202392578,155.2134426005298,153.88598949257855,154.3670857197841,767800
2021-06-03,155.49853515625,155.5787269287329,153.82364318942524,154.35817797257488,758100
2021-06-04,155.81924438476562,156.3983406623666,155.21343564477152,155.78361417411298,599100
2021-06-07,155.00852966308594,156.26469508834234,153.95725493951736,156.26469508834234,648600
2021-06-08,154.6432647705078,155.27579959833497,154.1978123475927,155.27579959833497,552600
2021-06-09,154.0017852783203,154.65214189575417,153.7166892523003,154.2245114508509,553900
2021-06-10,155.35597229003906,155.6054245287113,153.93942342756705,153.93942342756705,580100
2021-06-11,155.7301483154297,155.97960055036546,154.48287354662355,155.97960055036546,443500
2021-06-14,155.61431884765625,155.61431884765625,154.08196171029618,155.38268852470708,618500
2021-06-15,155.77471923828125,155.97071939379066,154.89271853848896,155.73907543139086,434400
2021-06-16,153.83258056640625,156.14893924268813,153.71675855435228,156.0331172306342,667200
2021-06-17,154.58087158203125,154.80359775988256,152.82578821303284,153.83251488704138,502500
2021-06-18,151.89036560058594,153.70780542737907,151.78344777962502,153.70780542737907,1333200
2021-06-21,153.44940185546875,153.5295800009522,152.5050316302078,152.73667550932578,856900
2021-06-22,153.47616577148438,154.62542692267988,153.3157958468247,153.98397441229662,615100
2021-06-23,151.78343200683594,153.03070676482506,151.74780179963722,152.90598064843886,803600
2021-06-24,153.58306884765625,154.67887788051073,150.9994505180637,151.5429029576973,1959600
2021-06-25,156.01527404785156,156.20237007303106,153.20892882907629,153.72565534314282,1778500
2021-06-28,155.49853515625,156.67453614861307,154.89272634985443,156.0419876886366,762200
2021-06-29,153.23562622070312,155.8014364052174,152.8079957213269,155.1777921673885,998800
2021-06-30,155.17776489257812,155.3737650024524,153.14650338490503,153.23559928725734,1235400
2021-07-01,154.7501678466797,156.31816906387846,154.51853748237943,155.20453801490387,875400
2021-07-02,155.0174102783203,155.82813677857308,154.70558821079965,155.3114104463502,661100
2021-07-06,155.99745178222656,156.282534278272,154.12654607430846,155.11545104664293,879200
2021-07-07,157.30706787109375,158.9017814898878,155.85488868949597,155.979614818373,1338800
2021-07-08,156.61215209960938,158.13560532102005,155.89943911994436,156.7190699218621,976400
2021-07-09,157.4674530029297,157.87727526939028,156.888370211717,157.28927472825893,779400
2021-07-12,157.52980041503906,157.57433478175875,156.20234730886955,157.15560841921297,794100
2021-07-13,156.7368927001953,157.7703456478967,156.1578099522252,157.15561909117554,755600
2021-07-14,158.19798278808594,158.58996950809302,156.35380319952483,156.82598168860844,669800
2021-07-15,159.9084930419922,160.05102746561568,157.8683136210512,157.8683136210512,565500
2021-07-16,160.35397338867188,160.87960400247349,159.66797282837933,160.21142534604206,852600
2021-07-19,159.8550262451172,161.48538350239272,158.63449113753674,160.02430031577111,1037800
2021-07-20,160.6123046875,162.35848395113848,160.19357837413074,160.6123046875,824400
2021-07-21,158.59889221191406,161.04888065768017,158.50089213031822,160.98651079024202,569200
2021-07-22,157.6099853515625,158.759246663655,157.36943722796002,158.11779406346815,555200
2021-07-23,159.70358276367188,159.83722663446653,157.50304691370627,157.7881429627659,563100
2021-07-26,158.58108520507812,159.83726447968735,158.44745489677123,159.4898120839583,719200
2021-07-27,159.68577575683594,160.14903644913932,158.24250078643985,158.3939529659384,901600
2021-07-28,157.24472045898438,159.53435265883886,156.26471959637536,159.14235231379527,1075800
2021-07-29,159.0443572998047,159.73034433137818,155.1956413465931,156.1310942736207,1138900
2021-07-30,159.36505126953125,160.16686013324107,158.72359874091214,159.1601333825223,788400
2021-08-02,158.94635009765625,159.96198116306078,158.32271937225525,159.96198116306078,701500
2021-08-03,160.22923278808594,160.52321940754737,158.71468376156983,158.98195791884493,546500
2021-08-04,158.72361755371094,160.43415330139464,158.61669972351652,160.3628792793083,626500
2021-08-05,159.2492218017578,160.2114005493938,158.9552216071362,159.47194798609593,648400
2021-08-06,159.10671997070312,160.16689909098852,158.70581544133532,159.65017256202037,444800
2021-08-09,158.99977111816406,159.71249763384344,158.70577092066654,159.10667533757132,422200
2021-08-10,159.43634033203125,159.801600994479,158.74142203199526,159.28487454242267,557600
2021-08-11,159.1779327392578,160.2559333509323,158.9373846765637,159.6233850658111,518700
2021-08-12,158.2603302001953,159.68578333650888,158.05542589986865,159.66796143391957,667800
2021-08-13,159.8283233642578,160.12232359368392,158.68796625297853,158.7146923107328,624300
2021-08-16,161.39633178710938,161.45868805994112,160.0510567142012,160.0510567142012,471800
2021-08-17,162.260498046875,162.777224470045,161.1201409730269,161.6368538020683,691800
2021-08-18,159.9263153076172,162.0823032863025,159.78378087155272,161.90412504562565,706700
2021-08-19,161.39569091796875,162.2015446585793,159.02288872184394,159.07661048285715,531400
2021-08-20,161.19866943359375,162.13884104939248,160.39281585588256,161.395658292626,631300
2021-08-23,160.05258178710938,161.53894750401378,159.9988600296053,161.17183061079544,755300
2021-08-24,157.71560668945312,160.12423260357033,157.67979673482728,160.03468722294545,1053800
2021-08-25,157.23207092285156,157.79616300600742,156.73959873699758,157.40218525732425,549800
2021-08-26,156.79330444335938,157.43799275472827,156.22024968466513,156.82016531777447,518600
2021-08-27,157.2589111328125,157.8498640154688,156.39037311809767,157.29472107675724,570300
2021-08-30,158.06480407714844,158.92439323587197,156.9366061151108,156.9366061151108,597000
2021-08-31,159.11239624023438,159.38101866715806,157.76929776832011,157.93942576079527,1127900
2021-09-01,159.5780029296875,159.87348622450372,158.27967717685527,159.60486380533408,526100
2021-09-02,159.5780029296875,160.4286292048049,158.87063010378395,159.6496364856463,545900
2021-09-03,159.3720703125,159.69441449371695,158.31549240523728,159.53323557175636,462900
2021-09-07,155.5576629638672,159.31833599553275,155.468131262342,159.31833599553275,687300
2021-09-08,158.15432739257812,158.26177089891655,155.1636843933507,155.54871306223717,744600
2021-09-09,157.05294799804688,158.19905739780611,156.69479393413528,158.1095257131791,623500
2021-09-10,156.74856567382812,157.45593862032393,156.05910453505155,156.9813781860599,570600
2021-09-13,157.1246337890625,158.72740586535565,157.01719026670318,157.20523009353826,475800
2021-09-14,156.29188537597656,157.54543840817857,155.88895859153328,157.11565074895265,648100
2021-09-15,156.76644897460938,157.84092497637354,155.99640533518271,156.05907615674462,516300
2021-09-16,157.1962432861328,157.84988071823503,155.6113832604974,156.8201773527574,498700
2021-09-17,156.75747680664062,157.77823090732133,156.39930908369024,156.73060227255542,1278400
2021-09-20,155.2890625,156.9007836451837,153.91015386966333,156.0859808313379,629000
2021-09-21,153.8116455078125,156.4888935474509,153.66837838282004,155.7546597788933,662100
2021-09-22,154.35784912109375,155.10103200793043,152.8356733952851,154.7249660283334,768700
2021-09-23,154.9667205810547,156.39935086749423,154.33098124216156,154.71599627665486,741200
2021-09-24,155.8352508544922,156.8112462415043,154.98462445566827,155.4233749262096,817200
2021-09-27,153.02371215820312,156.73962689846417,152.78196422028907,155.5756052489522,694900
2021-09-28,151.0359344482422,153.03268455361655,150.24799242227468,152.6655675929648,830500
2021-09-29,153.91908264160156,154.68912632814317,151.47464719705266,151.50150807403747,748700
2021-09-30,151.5463409423828,154.75187227510582,151.53739186740196,154.59069328648116,795200
2021-10-01,152.91627502441406,153.72212884323832,151.07175484950392,152.22681381151304,814500
2021-10-04,153.6146697998047,154.84136221382286,151.97608778178798,153.27441376444528,1120900
2021-10-05,156.22027587890625,157.42907008108335,153.695243958876,154.61750390230978,1099000
2021-10-06,159.87351989746094,160.21376228154833,155.39652417735678,156.00538903719175,1345000
2021-10-07,159.42578125,162.09406621962438,158.87958735951182,160.38385099467078,1367100
2021-10-08,159.15719604492188,160.0973678680239,158.51250757552086,159.51535023338621,639200
2021-10-11,159.56906127929688,160.2406105270988,158.68261135362474,159.0944872411621,849500
2021-10-12,160.72410583496094,161.7448600553155,159.148208657325,159.85556779119307,1523000
2021-10-13,161.3061065673828,161.71799607347631,158.73631609330192,161.10911771612544,858200
2021-10-14,163.15069580078125,163.16859394780266,161.04650219561478,162.06725674684907,844000
2021-10-15,160.82260131835938,163.1864539316847,160.32118010685147,163.11482037822597,2607600
2021-10-18,160.03465270996094,161.13600327076176,159.75708121767423,160.8584181157712,743300
2021-10-19,160.9031982421875,161.3867213553296,159.71231592766912,160.1152564095224,657800
2021-10-20,161.3419647216797,162.08514760824687,160.93007512739084,161.0822913336459,610500
2021-10-21,161.44046020507812,162.81936880528843,160.84949352097115,162.81936880528843,543100
2021-10-22,163.0521697998047,163.58045195160386,161.2613717291323,161.45836060992266,481900
2021-10-25,161.3777618408203,163.02530642425478,161.2703183302916,162.9984318839178,597300
2021-10-26,162.70297241210938,163.24916639598658,161.3688228678308,161.95978953813182,692400
2021-10-27,160.7330780029297,163.49987144172152,159.92722432573916,163.33869250866033,1025000
2021-10-28,160.63458251953125,162.89099192881903,159.38102932698533,160.0973512924566,1900900
2021-10-29,157.00823974609375,159.60489170567584,156.14865058702787,157.78723260142715,1043800
2021-11-01,156.40829467773438,157.76930501736584,155.7367454109215,157.05298306689113,753300
2021-11-02,157.1425323486328,157.83199343862586,154.65332409732332,156.9365943939043,709700
2021-11-03,158.0916290283203,158.48560673391734,156.59631449131564,157.1514574422734,618400
2021-11-04,157.02610778808594,158.3513080568743,156.16653245651335,157.92150672838446,600000
2021-11-05,157.0440673828125,158.5393824286286,156.65008954315647,157.5275769461218,900300
2021-11-08,156.4620361328125,157.47382777654445,155.01148036988795,157.47382777654445,560700
2021-11-09,157.75137329101562,157.76928509475945,155.87999284952488,156.0501208283337,763800
2021-11-10,160.77784729003906,161.17182504841242,157.68872337581882,158.2170055233172,874200
2021-11-11,159.69442749023438,160.7689036275009,158.92438375369738,160.7689036275009,433200
2021-11-12,159.10345458984375,160.24956424631736,158.8975166401021,160.14212073561822,564700
2021-11-15,158.9064483642578,159.81079636022767,158.14535381267987,159.46159132587263,659100
2021-11-16,159.1303253173828,160.3212077312627,159.01391906511685,159.28254152119675,745800
2021-11-17,160.54505920410156,160.94798606114324,158.8796163539843,159.13032700559714,645400
2021-11-18,162.08486938476562,162.47182905637868,160.17704011098166,160.56399978259472,840300
2021-11-19,161.38287353515625,163.26370558357445,160.89690838809105,162.88574032013932,1277700
2021-11-22,163.02069091796875,164.21758754908095,160.113949803385,160.86988018144365,750500
2021-11-23,163.97463989257812,165.34251016300138,163.12871180878315,163.12871180878315,1283700
2021-11-24,162.85873413085938,164.28061121763793,162.1837932579288,163.97464131751914,708300
2021-11-26,160.114013671875,163.57871655091705,159.70905178864288,162.37281144008455,609500
2021-11-29,161.22987365722656,161.91380877562742,159.25904417676466,160.68991548416335,1057200
2021-11-30,159.72702026367188,161.37387772327506,158.6111130215522,160.27597275020628,3210300
2021-12-01,157.94515991210938,161.41885618436964,157.55820039947227,160.91490252525747,1263700
2021-12-02,159.007080078125,160.39295269335176,158.18814848509163,158.55711947514507,921500
2021-12-03,161.63487243652344,161.93184812654673,159.952023924768,160.21299507143155,944500
2021-12-06,162.61578369140625,163.7946784519057,162.22882410571373,163.05675009223464,975300
2021-12-07,163.78567504882812,164.93757320338204,161.88684057454313,162.68776997468936,735100
2021-12-08,164.88357543945312,165.14454656461658,162.5077838467063,163.74067158686282,1010300
2021-12-09,165.13551330566406,166.17942502326014,164.24458651934756,164.82053544427893,701400
2021-12-10,167.8442840576172,168.07827233837776,165.5764927097529,166.1794382156165,659100
2021-12-13,169.77015686035156,170.53509549907363,166.63843441321572,167.5653523034074,731700
2021-12-14,168.90618896484375,170.46304858156898,168.1502585565535,170.04008457727912,770600
2021-12-15,170.77806091308594,171.36300423788856,169.13120336374314,169.13120336374314,796800
2021-12-16,172.90188598632812,173.37884318292413,170.41809437809746,170.77807114175164,958700
2021-12-17,168.84323120117188,173.37884227756385,168.5282669827923,172.22694410330448,1694300
2021-12-20,168.9961700439453,169.25715484145334,167.13334058771355,167.9792685823302,568200
2021-12-21,168.58224487304688,170.45408267047287,167.45734334082272,168.95121587122637,599500
2021-12-22,169.96810913085938,170.26508476851578,168.5372377480938,169.16717982871,549500
2021-12-23,169.5991668701172,171.03003837932926,169.4461681718615,170.3370951635621,292100
2021-12-27,170.8770294189453,170.92201449030645,169.33815823694584,169.80612107178,282300
2021-12-28,171.85794067382812,172.14590829725165,170.90402646544587,170.90402646544587,401400
2021-12-29,172.62290954589844,173.4148309486141,171.43500684426107,171.89396176168867,413400
2021-12-30,172.12794494628906,173.31583388074094,171.92095316761302,173.31583388074094,313800
2021-12-31,174.1077423095703,174.5936936783495,171.8399372146185,171.8399372146185,538000
2022-01-03,173.87379455566406,174.10776914236413,171.82196142763524,173.5768188888666,798600
2022-01-04,175.358642578125,176.54653140129352,173.7657782365258,174.02676306981257,721600
2022-01-05,177.2845001220703,178.3374064191526,176.1056053893981,176.1145996591868,963400
2022-01-06,176.89752197265625,178.7603517698471,176.5105487050173,177.80643746743254,710600
2022-01-07,176.24957275390625,177.46445813654432,175.77261561579007,176.78951723562056,998300
2022-01-10,175.1606903076172,177.90545316037876,174.0807874383187,176.5735734126343,846200
2022-01-11,174.61172485351562,174.94469133295667,172.66789159317614,174.7377132834427,725900
2022-01-12,176.24058532714844,176.60955635833534,173.75680746521857,174.58473341919517,784700
2022-01-13,177.05052185058594,177.55447558249494,175.70963416755646,176.24058443998135,708500
2022-01-14,179.56126403808594,179.90323846557007,175.87158186991505,177.01448556305394,765900
2022-01-18,178.4723663330078,179.13829918554305,175.80859372774654,178.30137912004656,1424300
2022-01-19,179.66029357910156,181.2801547177049,178.95835604099173,179.21932718445933,1389400
2022-01-20,179.22830200195312,180.4251987957684,178.49936805747106,179.66026031503378,884500
2022-01-21,180.29922485351562,182.58501874755856,179.93924812063324,180.91116470185324,1011400
2022-01-24,179.9122772216797,181.78411530430148,176.3035974998961,180.09225874791616,1879100
2022-01-25,175.2776641845703,179.04833638638416,174.83669783248635,178.58037349557142,1552400
2022-01-26,174.70175170898438,176.2946027542455,173.61284073605242,175.01671597065402,1251600
2022-01-27,174.9176483154297,177.93238929495175,173.00982010297818,176.0875484148728,1182000
2022-01-28,177.1315155029297,177.293494749711,171.88497254650605,174.15277812341193,889300
2022-01-31,177.3474578857422,177.85141150500314,175.48461461628875,176.1505611741443,825000
2022-02-01,176.14157104492188,178.10340638374308,174.96267648061135,177.55445390741824,879000
2022-02-02,178.67034912109375,179.39028882789887,176.3665530446836,176.66352868867975,1406200
2022-02-03,183.5119171142578,185.5277454100998,179.0843067558379,179.0843067558379,1635000
2022-02-04,182.48602294921875,184.7898190634299,181.1451353949391,183.27795801286933,1251400
2022-02-07,184.22286987304688,185.23077719543036,181.21712271086915,184.55583631382555,1291300
2022-02-08,186.28372192382812,186.4727114517903,183.65595319473684,184.8978490683763,1166500
2022-02-09,183.25994873046875,187.0216264071445,182.82799040851188,186.29267871597622,1422900
2022-02-10,183.0619659423828,183.81789644274073,181.79307377497,182.33303197905855,1117500
2022-02-11,184.65484619140625,185.38378021751822,182.93599328309975,183.66492730921172,872400
2022-02-14,182.99899291992188,185.31178340760158,180.79417485711838,184.89782731955398,1051900
2022-02-15,182.57601928710938,185.27578291427267,182.04505533766925,183.21495565578158,788200
2022-02-16,182.36900329589844,183.57490799193434,180.34418084450783,182.3420067617497,756100
2022-02-17,182.62303161621094,183.82527369862393,179.6309918575363,181.9269938225966,1258100
2022-02-18,183.12924194335938,183.81624532340942,181.42984374536258,182.18915020359728,1107000
2022-02-22,182.62303161621094,183.4998546853916,181.48407196641395,182.73150002294423,1126100
2022-02-23,183.11119079589844,183.76201511379168,181.71008059062316,183.15637677587975,920200
2022-02-24,177.90447998046875,182.89423406696918,174.54182111706996,181.7552743073149,1331600
2022-02-25,184.6930694580078,184.93712338257464,178.99824340322212,179.44116527649498,1080000
2022-02-28,182.83091735839844,183.64447171397336,181.05920250880447,182.24336181800913,1293400
2022-03-01,185.18116760253906,186.32917538021084,182.39703046696667,182.77668365004047,1403600
2022-03-02,188.0466766357422,188.869265519029,183.63544409445538,184.01511111215137,1289500
2022-03-03,188.14610290527344,190.19805091475865,187.93820053211965,188.80597535495502,939800
2022-03-04,192.37657165527344,192.7019769057028,185.90435612030547,186.23880960082474,1477500
2022-03-07,192.88279724121094,195.57653563535084,190.7946972293723,190.7946972293723,1672600
2022-03-08,184.412841796875,193.11779064631838,184.40380736004542,192.18673331063926,1047400
2022-03-09,185.19927978515625,187.27833129150557,182.93942919735625,186.30208797544532,1109900
2022-03-10,185.43429565429688,186.3020843319756,183.46371260092957,184.53035543685505,907700
2022-03-11,185.0275115966797,188.16418502208518,184.95519472948212,185.68738404443846,815400
2022-03-14,186.85350036621094,187.70319263879898,184.79250384904583,186.05802851021858,947100
2022-03-15,188.7608184814453,188.79697002420662,185.20832595990123,187.79359574791155,931800
2022-03-16,185.9405059814453,189.43876411532165,183.21060257445203,188.92351155406354,1256400
2022-03-17,186.85350036621094,188.37211340797745,185.24447398667166,186.6365497346583,1077700
2022-03-18,186.87156677246094,187.169868714518,184.55748190526737,187.10660006846373,1932000
2022-03-21,188.34500122070312,189.5110781372882,186.56423772852023,187.41394381632742,663000
2022-03-22,188.290771484375,188.67042476375153,186.71791036149972,188.33597125899868,700200
2022-03-23,187.8026123046875,190.09862815290154,186.71788681568043,188.82406915162758,652200
2022-03-24,190.9483184814453,191.05678688353348,188.10994701820684,188.97772182097572,727700
2022-03-25,193.77764892578125,194.20250190714327,191.38221300366118,191.45452987208793,793700
2022-03-28,194.03076171875,194.2748294389577,191.9697791310769,193.59687427740647,538400
2022-03-29,194.1121368408203,194.50082453285103,191.85228618566373,194.030771734529,895700
2022-03-30,195.8386688232422,195.9019512675954,192.79239429619943,193.94040238817018,602400
2022-03-31,195.82058715820312,197.50191662976312,195.51323698047298,195.8296215955057,1075300
2022-04-01,197.75503540039062,197.88158649841722,195.3053509684762,196.00138890414,1131300
2022-04-04,195.72117614746094,197.41154025472093,193.5426765078887,197.348271600109,1046700
2022-04-05,197.42958068847656,200.2227525720431,195.62170030407887,195.62170030407887,923000
2022-04-06,200.44871520996094,200.50294940854425,197.519944349181,197.9538455239099,1203300
2022-04-07,201.3165740966797,201.98548117026604,200.14144880906136,200.6295705598686,1101500
2022-04-08,202.2294921875,203.16054944190017,199.6532572335378,201.70520524345383,1073300
2022-04-11,202.41932678222656,204.69725999798132,201.29844973730954,203.32326700195097,746600
2022-04-12,204.30857849121094,205.80910881854177,201.15382206365456,202.51876687114733,1258500
2022-04-13,203.91082763671875,205.63735669234654,201.62386008277446,204.0373787103074,873900
2022-04-14,204.27243041992188,206.51421235293932,203.39560720278095,204.5707323818081,850600
2022-04-18,202.85324096679688,205.39331093946973,202.30183684584756,203.83853255885967,658400
2022-04-19,205.1763458251953,205.54696462310702,202.5006905169815,202.62724159516685,880200
2022-04-20,207.61700439453125,208.8102122279188,205.13116853467508,205.13116853467508,890100
2022-04-21,206.81251525878906,209.35259933469342,206.1616908691566,207.40911922507416,861200
2022-04-22,202.60916137695312,207.72546635818455,202.44645875719164,206.80344346710316,1163000
2022-04-25,203.36846923828125,204.02835553766795,199.834073418994,202.6091627548308,1308100
2022-04-26,198.9843292236328,204.49835529724504,198.84872993922187,203.12437634115588,1187100
2022-04-27,200.89166259765625,202.91647969297418,198.35157920649507,200.06003932021753,1386900
2022-04-28,206.08029174804688,206.63169584535186,201.34365372500093,206.3243594745349,1376300
2022-04-29,204.08258056640625,207.19213702701424,203.8746643917145,205.34809131524312,1366000
2022-05-02,196.6340789794922,206.09833245487562,195.03410122075445,204.95032472345122,1635000
2022-05-03,198.93016052246094,200.4939734743799,197.11323158157887,197.11323158157887,1466400
2022-05-04,203.68484497070312,203.82043048219165,199.0024276071643,199.0024276071643,1287000
2022-05-05,202.33798217773438,205.35713930133292,201.3074908448221,202.93458605285034,1419600
2022-05-06,204.335693359375,205.08596541134784,201.59675554434685,201.59675554434685,1445900
2022-05-09,201.7594757080078,205.01366636177997,200.95496937874674,203.1605859559662,1269100
2022-05-10,201.71424865722656,204.1729670869272,200.53913744013238,202.23853562460727,1426900
2022-05-11,203.05209350585938,205.50176374748037,200.79224298397796,200.88262872903343,1003600
2022-05-12,201.15382385253906,204.14586388986478,199.77983080281564,202.4826171309033,1397900
2022-05-13,204.20913696289062,204.52550776182798,200.07812356611944,201.90408665962448,1842100
2022-05-16,207.29156494140625,207.58081862138704,203.9108237639854,205.32096821234344,1061800
2022-05-17,203.75718688964844,207.00232926518044,200.90073222352117,206.848661068925,1247100
2022-05-18,187.73936462402344,203.46792045332705,187.2421946964174,203.13346695340778,1749200
2022-05-19,186.22410583496094,187.74026185661154,182.86495685055874,185.6249163205523,1635400
2022-05-20,187.91275024414062,188.5301150320941,184.1904554740579,187.44973704302384,1320100
2022-05-23,189.97361755371094,191.38990610606942,188.43930033761274,190.25505773358609,976300
2022-05-24,193.78672790527344,194.08632957291059,190.42757910175666,190.9450766694384,859700
2022-05-25,191.95277404785156,194.0681329396875,191.0085863584046,193.78669277801953,1174300
2022-05-26,190.23692321777344,193.69595318352057,190.00087971000042,192.125312839352,1161100
2022-05-27,193.02410888671875,193.02410888671875,190.10073809298333,190.29139873306647,917000
2022-05-31,192.20704650878906,193.41451324557406,189.08394090075163,192.57019252469144,1493100
2022-06-01,190.37310791015625,192.74267213379574,188.65721753118498,192.47030572299545,1035300
2022-06-02,189.95547485351562,190.71810356349056,185.66121206698,190.62731014347682,1005000
2022-06-03,189.91009521484375,190.60009202145883,188.19420470613505,189.15656794414386,722900
2022-06-06,191.9346466064453,192.4521302815394,190.23690395261565,190.70900477348385,753200
2022-06-07,192.26148986816406,192.34319563223096,189.88283808466022,189.88283808466022,825500
2022-06-08,191.15390014648438,192.57926277842955,190.4366680765625,191.46257563962763,597100
2022-06-09,190.1551971435547,193.15119972185218,190.07349138264212,191.52610289125002,769800
2022-06-10,193.6959228515625,194.81260975446122,187.74022704546755,188.5210032681508,1447500
2022-06-13,190.70899963378906,193.3600038049984,190.10979636035094,191.6985841030816,1468500
2022-06-14,187.740234375,192.41581809392102,186.19684332194186,192.04358449404603,1185600
2022-06-15,187.19554138183594,190.85429202117888,185.92450268617748,188.54827199571105,955900
2022-06-16,183.62754821777344,187.3770918317117,183.05559403403026,185.20726220606971,1022000
2022-06-17,187.05026245117188,187.4678927820361,183.80005478218195,184.19952365871364,2002100
2022-06-21,195.25747680664062,195.9928563301654,188.8660030615061,188.8660030615061,1187100
2022-06-22,195.10313415527344,196.855347313365,192.4339823172271,194.25881358319484,991800
2022-06-23,198.01742553710938,198.93437804497518,195.22115745436065,196.12903616227402,804300
2022-06-24,200.6049041748047,200.6412132311431,197.2094325022274,197.9175768524398,1154300
2022-06-27,200.6049041748047,202.1392076981775,199.29755649652614,200.55041981060057,1050200
2022-06-28,198.29888916015625,201.9939625876453,197.69061201632795,200.7955559020387,1058900
2022-06-29,198.74374389648438,200.12370964590235,198.0446733681161,198.86175871588017,1699900
2022-06-30,195.33920288085938,198.80729263904732,194.48579460569167,197.91757530782456,2047000
2022-07-01,200.64120483398438,200.78646875952046,194.92156590745736,195.54800446484262,1107500
2022-07-05,198.22625732421875,200.88634945823765,195.62064955578015,199.91491247579333,822200
2022-07-06,200.3143768310547,201.37659335912792,198.68927988292495,198.8163823601355,1279400
2022-07-07,199.66978454589844,200.7683240262008,197.86311453917565,200.17820832761797,963100
2022-07-08,199.5426788330078,201.41292083022086,198.9525631439794,200.57766012891378,670600
2022-07-11,200.187255859375,201.83051411047273,199.48818537273576,199.48818537273576,582500
2022-07-12,199.8513641357422,202.02119390774035,198.89808862769772,200.18727485783046,769900
2022-07-13,199.53359985351562,201.3402836372299,199.08873425818362,199.2521596444176,886700
2022-07-14,197.79954528808594,198.062837891936,195.59340650305325,195.8385376524338,596400
2022-07-15,196.82810974121094,199.00701313321267,196.11996544615388,199.00701313321267,703000
2022-07-18,195.24844360351562,196.96433425463457,194.62200491525846,196.23802832834895,973000
2022-07-19,196.2017059326172,196.82814457830332,195.43000334091903,196.2743379056232,643800
2022-07-20,195.53890991210938,197.01874270542282,194.36773868482402,196.3287599120491,707800
2022-07-21,196.02011108398438,196.93706366638543,194.91249786204642,195.61156840284056,720300
2022-07-22,196.02920532226562,196.8463046228731,195.0577821281843,196.61024724901367,837300
2022-07-25,196.882568359375,197.83584373073637,195.8294257804781,196.51942243367975,910200
2022-07-26,197.92665100097656,198.1717821543672,195.29380803819018,196.08365815639988,1116000
2022-07-27,198.1263885498047,198.3987549630493,194.67644630601256,197.85402213656008,1116000
2022-07-28,203.60995483398438,203.90955645986452,199.3429278213623,199.88764671585685,1227800
2022-07-29,206.96005249023438,210.22840778171388,204.10022602541767,204.20009324520106,1532700
2022-08-01,208.61236572265625,209.6836697878924,206.39713948723565,206.57871245586549,873400
2022-08-02,208.04949951171875,210.5915628047899,207.7135749511241,209.57472917568316,1282000
2022-08-03,207.10528564453125,207.5410773969593,205.0262495065331,207.15975615030234,931800
2022-08-04,204.49061584472656,207.32319312845235,204.31811666470702,206.78754798754042,648600
2022-08-05,206.1883544921875,206.28822171415294,202.41157536547954,204.44522886135255,670100
2022-08-08,205.4892578125,206.98726595152465,204.81743645299437,206.42437174786266,523700
2022-08-09,207.25961303710938,207.8406548249387,205.81608929356713,206.1247647129795,562100
2022-08-10,205.59820556640625,208.03131370354382,204.42703434792097,207.90421124642663,629900
2022-08-11,204.43612670898438,206.7693817052819,204.19100942501444,206.08847265466076,767100
2022-08-12,204.9626922607422,205.45295452112526,203.26496350870863,204.8719127017625,690700
2022-08-15,209.10264587402344,209.47486564297847,204.32719465685196,204.32719465685196,1131200
2022-08-16,209.46580505371094,210.57341833608362,208.3672655725234,208.3672655725234,603900
2022-08-17,209.2478790283203,210.21022823442297,208.90289454223213,209.4476134506959,445400
2022-08-18,210.34774780273438,210.85846723908523,208.86123292986153,209.38105322208477,568500
2022-08-19,212.65499877929688,213.65818002960933,210.22001947064214,210.90400289157927,916800
2022-08-22,211.0499725341797,213.04720682147388,210.05591973410046,211.99843756130684,607700
2022-08-23,212.08961486816406,212.32673806919726,210.25654398186705,210.75813469672866,1010800
2022-08-24,212.8374481201172,213.91357557173762,211.87986835587523,212.7918464331188,741300
2022-08-25,212.81918334960938,213.11100906894853,210.91315269881144,213.04717784608798,543100
2022-08-26,208.54202270507812,212.70064045998262,208.24106827338358,212.28113834235822,512400
2022-08-29,207.83071899414062,208.96157701288297,205.66020634624357,207.15585009196937,757700
2022-08-30,206.29855346679688,208.19545549744632,205.86079399909605,207.12844288682595,549400
2022-08-31,204.89410400390625,208.6605777515906,204.87586054676672,205.8151968120853,850500
2022-09-01,207.52975463867188,207.55711287111052,202.60507798016044,204.24664150489187,877100
2022-09-02,204.3286895751953,209.50871833855572,203.73589547968166,208.2866710632718,720500
2022-09-06,203.14308166503906,206.90042624214516,202.7691673781037,206.12525335960947,994400
2022-09-07,208.15902709960938,208.5146980460219,203.0519435409689,203.0519435409689,858500
2022-09-08,205.63279724121094,207.14668407347202,203.52613027032814,206.2347060659432,748500
2022-09-09,206.3350372314453,208.01307353148678,204.81203553259104,205.89729165658252,714000
2022-09-12,207.18313598632812,207.87624810754886,205.89725770249015,206.76363393833745,650600
2022-09-13,203.2799072265625,206.8001431505309,202.5503358995548,205.45953426784857,958500
2022-09-14,202.2311248779297,203.58084844408418,201.45593799870954,202.6962286560537,735100
2022-09-15,200.2886199951172,202.09434659945128,198.51938030649464,202.09434659945128,1127100
2022-09-16,200.53488159179688,201.23710868730706,199.44962533028547,199.4678687902901,1306200
2022-09-19,203.25254821777344,203.5443878800017,199.39488487408045,200.07886842728678,673900
2022-09-20,202.8877716064453,203.4349640396929,201.01821369447794,201.9757934948204,850100
2022-09-21,203.74505615234375,206.69985665999772,203.5444198319866,203.5444198319866,755200
2022-09-22,205.66929626464844,206.90958698454648,203.19782959581954,203.66294731308184,760500
2022-09-23,204.22836303710938,205.26801743861418,202.05785086448267,204.51107400096973,723700
2022-09-26,204.08245849609375,206.84575103113812,202.58681496585297,203.55350952719766,955700
2022-09-27,201.93930053710938,206.5174344169148,200.81757138975507,205.03091960209477,789800
2022-09-28,206.380615234375,207.51145899930592,201.04553859943445,203.0883742405009,839600
2022-09-29,204.1007080078125,206.9643187756065,202.82393027808814,206.09794233638613,846300
2022-09-30,201.0637969970703,204.89410193249924,200.74459912091774,204.40163992015454,1252800
2022-10-03,204.79380798339844,205.4413185828261,200.88142790305437,202.5229913309086,1183200
2022-10-04,205.8061065673828,208.13165362315195,204.57494441951596,205.48692256564644,949800
2022-10-05,205.27711486816406,206.71804170917056,202.3861464162315,205.4959945873466,835600
2022-10-06,201.2279510498047,206.54478474811023,200.41629114240152,205.0400265327531,755500
2022-10-07,201.10940551757812,202.05785657627678,199.8782295713466,201.26444011776536,947300
2022-10-10,203.8727264404297,204.50199361582523,201.73870082310088,202.0214118344971,594500
2022-10-11,205.6145782470703,206.78190904332945,203.66294576747947,203.83620990862607,839400
2022-10-12,204.76641845703125,207.37467608385404,204.7208167740667,206.04318208595996,943700
2022-10-13,207.7485809326172,208.58759898133763,201.58360105076818,202.6688570437294,807700
2022-10-14,203.10665893554688,208.2228568891431,202.2493972521481,208.2228568891431,854500
2022-10-17,205.85169982910156,206.0796943562988,204.25573813872086,204.4290162058998,754800
2022-10-18,207.3017578125,208.36877061292577,205.74228291790953,207.55711058957544,1013900
2022-10-19,206.3441619873047,208.35052496018096,204.33781293011003,207.45677639383368,913300
2022-10-20,204.9579620361328,207.11934566780275,204.14630208838355,206.87310768581457,626100
2022-10-21,208.13165283203125,208.34140390845297,203.8453583446469,204.86676941141232,705200
2022-10-24,211.5424346923828,212.44528405623763,209.6546334485397,209.7549515907103,653200
2022-10-25,213.5122833251953,213.7129195969633,211.52417797945037,212.48175765549223,1069800
2022-10-26,212.29937744140625,215.22683328826946,211.38739933425256,214.32396995254197,875900
2022-10-27,213.79502868652344,215.5369102737348,212.49090662581514,213.01985561691146,972100
2022-10-28,218.83824157714844,219.36717655823597,213.95003906171655,214.187148326193,862900
2022-10-31,217.7530059814453,220.19710051056256,217.37909163588188,218.89297856010393,958500
2022-11-01,216.83189392089844,219.33983353251938,216.084079163769,217.39732976872665,847100
2022-11-02,214.41517639160156,218.6011526234535,214.26014178105316,217.00519091314254,1155700
2022-11-03,211.6609649658203,214.47897356997663,211.2414628899268,213.7220440962105,1412800
2022-11-04,208.87033081054688,214.01388643455203,204.76642960259548,213.76764846568437,1833700
2022-11-07,209.11656188964844,211.82513771091132,207.5297151318774,209.63638212270848,904900
2022-11-08,210.73080444335938,212.82834312193896,209.06188270636443,209.13484263054636,959700
2022-11-09,210.4115753173828,212.34496431665679,209.6272736433165,210.33861540401844,808500
2022-11-10,206.380615234375,214.02298108033605,201.81159674645463,213.9865080848167,1828300
2022-11-11,199.61378479003906,206.2985863953667,192.87426672143525,205.258931846072,2677700
2022-11-14,198.920654296875,203.30726663384937,198.91153952572296,200.87228683086195,1371600
2022-11-15,198.18197631835938,200.3068871503118,196.4400946526064,199.73233644317128,1249700
2022-11-16,203.50791931152344,205.62371530638362,199.52257923522978,199.52257923522978,1214800
2022-11-17,203.05528259277344,205.34586204258125,202.27649396819126,202.79873881284198,889500
2022-11-18,206.34458923339844,206.9034912431792,203.6508652511958,203.6508652511958,1219900
2022-11-21,212.6848907470703,213.0605351572437,206.34456841228612,207.16917143438764,1373300
2022-11-22,212.73985290527344,215.15870417327992,211.91523593945647,213.7293848759016,858800
2022-11-23,212.72152709960938,213.7019017983676,211.31969361828362,213.2163000815992,859700
2022-11-25,214.17832946777344,214.33408718805447,212.51079494784543,213.6835704727977,281800
2022-11-28,213.14300537109375,215.0762550034949,212.64823237631734,214.2516380057301,706300
2022-11-29,211.18226623535156,213.1063445688739,209.39560309485512,212.57492846325707,755400
2022-11-30,215.47024536132812,215.49773119874772,209.34982323236062,210.92574315383138,1638800
2022-12-01,212.45582580566406,215.9283380380586,211.64953737995253,215.86420908451547,913800
2022-12-02,215.06707763671875,215.21367807401856,211.98853835635902,212.1534673434681,741300
2022-12-05,213.7110595703125,213.9217889620768,212.19011148233827,212.70319903476639,539700
2022-12-06,213.07882690429688,215.31443433169838,211.20054925549906,213.76600063088742,709900
2022-12-07,216.8629150390625,217.07364444633012,214.58149273925702,214.7464217392926,1018600
2022-12-08,221.0959014892578,222.1495764860608,217.28437370682784,217.65087482855472,1334300
2022-12-09,216.93618774414062,222.31446345398945,216.82623043120273,220.97675899450593,1013900
2022-12-12,219.2450714111328,219.2450714111328,216.08407492775257,217.3668076614074,894300
2022-12-13,216.53306579589844,219.37337602459178,215.5893481480366,219.27260394664168,1357600
2022-12-14,216.23989868164062,219.28179548313634,215.53441014226624,216.93624391506694,681900
2022-12-15,214.52651977539062,215.95583919102063,213.0330574210804,215.19536509566095,790800
2022-12-16,215.31446838378906,216.49640122899052,212.94143142800658,213.49116210786804,1569000
2022-12-19,215.2136688232422,217.8340921098438,214.14167938516698,215.3144548719802,698300
2022-12-20,214.0775604248047,215.55269422300717,212.675726850309,214.82887723235828,653700
2022-12-21,215.29615783691406,217.0278354873692,214.33411159097486,215.07627113881733,430800
2022-12-22,215.2503204345703,216.13906635926125,213.24378462602198,215.1953487659234,432100
2022-12-23,216.1207733154297,216.20323082661272,214.23333794076805,215.19537019908051,354000
2022-12-27,215.98330688476562,217.24771117573022,215.6717914445702,216.5788659116431,497300
2022-12-28,213.36289978027344,216.67049721482294,213.25295643549123,216.61552554243184,416800
2022-12-29,213.7110595703125,214.36159027608997,212.41001213934484,214.12336106918602,570300
2022-12-30,212.1717987060547,213.86681910032283,210.57755038560555,213.54614636763893,441400
2023-01-03,207.9204559326172,211.19140985890076,206.02386355650077,211.13643819301134,1160800
2023-01-04,204.56707763671875,207.83801788859432,202.9178576027283,207.83801788859432,1394300
2023-01-05,204.39297485351562,205.55659305861835,203.26601374653472,204.7961190493362,939300
2023-01-06,206.74769592285156,207.70058480483095,204.301358743685,204.301358743685,945800
2023-01-09,206.5094451904297,208.83666736411587,205.32751254683387,206.17044396331016,884000
2023-01-10,205.95059204101562,208.57101566472915,205.65740512188773,207.04091016837938,750700
2023-01-11,207.60894775390625,207.67309068674095,205.13512483840807,206.5369582898766,1054000
2023-01-12,205.41000366210938,207.80136915161438,204.93355922503673,207.66392599715383,794600
2023-01-13,207.62728881835938,207.70058904005148,205.14429448816963,205.6848818755755,622200
2023-01-17,207.21499633789062,211.48464006862397,206.88515231619047,208.89170228315086,1114500
2023-01-18,198.61158752441406,207.22416156004482,198.57493042027207,207.13254676086768,1092100
2023-01-19,198.01600646972656,199.64689790856005,197.17307491554422,198.2450644131648,1226200
2023-01-20,196.55006408691406,198.57492868450862,195.20320212354176,198.22677008173648,1298300
2023-01-23,198.85894775390625,201.36027068466262,196.6874828176515,196.91654077229737,1219500
2023-01-24,201.83668518066406,202.10240021614038,197.18224021376724,198.19925801107985,1131600
2023-01-25,202.4780731201172,202.54220207703665,199.5369628528179,201.28696896867476,906200
2023-01-26,201.58016967773438,202.23070046009497,199.179646640309,202.0016424914677,823400
2023-01-27,200.43484497070312,201.6076204476336,199.52778452029128,201.5709773304861,806500
2023-01-30,204.4937744140625,204.89691863652018,201.80005072817494,201.80005072817494,998600
2023-01-31,205.78564453125,205.78564453125,203.44925091013502,205.24505720531874,1378300
2023-02-01,206.42703247070312,207.34326429349312,203.70582283856982,203.70582283856982,1477700
2023-02-02,214.78305053710938,215.68095376003524,207.02256630178164,207.56313969248077,2072500
2023-02-03,216.4872589111328,216.67967374976885,211.51212671052096,215.46108371997641,1504000
2023-02-06,220.3812255859375,221.96630262675737,216.69796997157835,217.1469285699876,2165600
2023-02-07,217.2477264404297,218.53044539053218,215.8550501656127,218.19144409241682,1630400
2023-02-08,215.1678466796875,217.25685381400788,213.93094228679539,217.23853924623367,1002600
2023-02-09,215.451904296875,216.28567859841678,213.73855528781118,215.15871738789696,1050400
2023-02-10,219.07102966308594,219.6024318058445,215.424417021563,216.17573381061442,922400
2023-02-13,219.81317138671875,220.2987731154087,218.76866770870424,219.25426943739419,931400
2023-02-14,218.8877716064453,221.61815243869734,218.7594997135641,220.3537480798771,757500
2023-02-15,217.5775604248047,218.84196474633248,216.45059925768803,218.79615036152876,932100
2023-02-16,216.4603729248047,217.56466586578384,214.6198800092239,216.4695703343178,954400
2023-02-17,221.49412536621094,221.5033227758567,216.18429929647561,216.9941206843997,1404800
2023-02-21,221.6873779296875,223.5186735337662,219.34995798021356,222.0738938194708,1646800
2023-02-22,220.73033142089844,224.8898496337952,220.0953590737573,222.23033774577692,940700
2023-02-23,221.2916717529297,222.56161638633327,219.5432090609555,220.73032083951114,766100
2023-02-24,219.95730590820312,220.85914347902553,218.75178533007548,220.84994606977853,749600
2023-02-27,220.141357421875,221.62295477161268,219.4971877136948,220.7395119990752,711600
2023-02-28,219.31317138671875,221.79783434096194,218.862245508068,219.53402157883468,1194700
2023-03-01,217.77633666992188,218.74259833906046,215.3468863816622,217.47266767050618,743900
2023-03-02,219.3867645263672,220.0769494156597,217.41743753725987,218.06162133407753,704000
2023-03-03,219.3867645263672,219.78247783132227,217.4634526715822,219.47879479501188,881000
2023-03-06,220.74874877929688,221.69660161048665,218.17205560907743,219.0186807572349,925000
2023-03-07,219.34075927734375,221.84383088509196,219.10148620014087,220.85916038827423,670600
2023-03-08,219.9205322265625,221.14446191012198,218.96348192491658,220.24262415870672,668300
2023-03-09,219.58921813964844,221.98186468692927,218.5585465398831,221.18125471510066,774900
2023-03-10,218.77940368652344,221.6413708072275,217.7763243493362,219.69965016852672,789100
2023-03-13,221.3837127685547,223.38064603835602,217.72112149704395,218.50333665829893,1511400
2023-03-14,222.6996612548828,222.84690407038406,220.49107518975532,222.38678080332852,846000
2023-03-15,224.92662048339844,225.8468668714535,222.26710898359312,222.5892008361506,1271500
2023-03-16,225.4604034423828,225.64444994294578,223.11377194512312,225.0002801700514,1021100
2023-03-17,223.7579345703125,227.48493576551135,223.16897736221583,226.84996342328185,2097400
2023-03-20,225.0370635986328,225.2947455264454,222.92050796989042,224.34687875225683,1586500
2023-03-21,223.7947540283203,225.41438285267316,222.32235397574675,224.70578909871048,1047500
2023-03-22,223.38064575195312,225.68126205640323,222.8929162187575,223.76714760607905,823700
2023-03-23,224.521728515625,225.88370339344897,223.37142043480208,223.83154366713126,856300
2023-03-24,228.09231567382812,228.52483268559166,224.926665222558,225.8561092043008,1587300
2023-03-27,230.88983154296875,231.10149833921523,228.84688327536213,228.9849286696768,1232700
2023-03-28,232.73033142089844,233.71500190408614,231.29474914494187,231.29474914494187,977800
2023-03-29,232.45428466796875,234.52483941011153,231.8285097108046,233.6782002253869,984300
2023-03-30,233.08921813964844,233.42050742474012,231.32234663310825,231.6168322384549,641200
2023-03-31,234.11993408203125,234.70889132726614,233.12606609785084,233.8898724387075,764800
2023-04-03,236.65060424804688,237.21194115881855,232.6383287609254,233.74262180359642,817900
2023-04-04,237.48805236816406,237.9021464976508,236.13528871111106,236.35613891350397,1001200
2023-04-05,238.73956298828125,240.20275167724432,238.0769843287794,238.5831367968929,1323400
2023-04-06,239.14447021484375,240.34080759886967,237.42361363268049,239.1996827620161,986200
2023-04-10,238.11378479003906,238.895999941354,236.88986928688118,238.5279069535866,538300
2023-04-11,238.47271728515625,239.48496607769303,238.11380763116057,238.24265563527106,612000
2023-04-12,237.98492431640625,239.18126156852298,236.31009709735213,236.7978265993947,818400
2023-04-13,237.423583984375,238.1597699105393,235.88676005679855,237.36837144409733,738500
2023-04-14,235.8407440185547,236.96344573919092,235.37142341409682,236.4941110928875,806100
2023-04-17,238.37144470214844,238.48186978640888,236.18125358533663,236.65058827713742,787500
2023-04-18,238.89602661132812,239.26411964018882,237.39602013711527,238.20584165082758,659700
2023-04-19,236.77940368652344,240.0278725774299,236.65979523664083,239.81623386451247,835700
2023-04-20,239.65061950683594,239.7702279683303,237.36839794700094,237.57085331185482,753700
2023-04-21,240.04632568359375,241.6935749229908,239.16289683142918,241.21502872847498,873000
2023-04-24,240.18431091308594,241.3990429037668,239.2640645111201,240.51558613762174,735100
2023-04-25,242.0064239501953,242.98188295025045,240.19353730222622,240.5340239987388,1013800
2023-04-26,240.87454223632812,242.35612574946973,240.16596248009046,242.00645563948933,1237200
2023-04-27,251.531005859375,251.61385277198193,242.67823753148903,243.19357341160344,1818500
2023-04-28,251.28250122070312,251.41134920789085,248.1904865325232,249.84691896066332,1129900
2023-05-01,254.31011962890625,254.79784913854726,251.60459273883905,252.25795987431428,1179800
2023-05-02,252.42361450195312,254.44816812193503,250.6567568733286,254.44816812193503,1443100
2023-05-03,252.3407745361328,254.6413906916301,251.63219487036923,253.77635677046766,1104600
2023-05-04,252.7364959716797,253.06777121018237,251.05242925821312,252.74567933917632,887200
2023-05-05,253.37142944335938,253.60149104380264,251.30087503936994,251.65057316543434,727900
2023-05-08,252.85614013671875,253.74878043370072,250.30706724585315,251.7610444708224,589500
2023-05-09,252.22113037109375,253.8868022542727,251.7794300561667,253.66592401311672,903000
2023-05-10,252.2579803466797,252.4604357114722,250.50030606227554,251.67822052551492,776500
2023-05-11,252.8653564453125,253.1138129140575,250.50952742562873,252.7917490750649,652700
2023-05-12,252.6812744140625,253.63833864810567,251.42054118847878,253.17821539300536,644400
2023-05-15,248.88987731933594,252.68128866175397,248.5677854058653,252.68128866175397,677900
2023-05-16,247.75799560546875,248.945093467475,245.34692598761163,248.4113628105687,906300
2023-05-17,246.1659393310547,248.12606887407253,243.74568653695076,248.12606887407253,1167300
2023-05-18,246.5133056640625,246.66112095489692,244.12060379150378,245.37699147427026,1010700
2023-05-19,245.77423095703125,246.89205049463732,244.28685913566162,246.71652161771394,1261100
2023-05-22,242.85494995117188,246.62414089915106,240.19433130888925,245.73727741601743,1274800
2023-05-23,242.43002319335938,243.03972251714882,239.4830209592102,242.51316401023973,1369600
2023-05-24,242.4761505126953,243.7972124156639,240.90563802034038,242.55929131153124,940300
2023-05-25,240.54537963867188,243.3168525835349,239.10421596277357,242.85494042605774,1673800
2023-05-26,238.08799743652344,241.55233852824327,236.9978915392868,240.2867037602624,1142300
2023-05-30,236.8408660888672,238.41137890683908,235.58446429235502,236.22190540847078,1414200
2023-05-31,239.91717529296875,240.16659769757246,236.65607673267533,238.0233186150831,1779200
2023-06-01,239.88026428222656,241.37685540664378,238.79937725187784,240.54541902562147,1139000
2023-06-02,241.03497314453125,241.70937495364197,238.22653970886532,238.22653970886532,991900
2023-06-05,239.71395874023438,241.97731154104352,237.7092474435747,240.951880018379,1100800
2023-06-06,235.8431396484375,241.29371240776467,234.70683951225533,240.68398488242107,955000
2023-06-07,233.91232299804688,236.44360679606535,232.45267883099456,233.7275609470212,1268700
2023-06-08,235.68605041503906,235.7414776174934,232.8037231158936,233.93078988726512,794500
2023-06-09,236.33274841308594,237.36742715859427,234.1617555848061,234.54976011437174,691100
2023-06-12,235.750732421875,236.99790090274402,233.81069569528776,236.6930230866146,913900
2023-06-13,238.09725952148438,238.18961940204184,234.01394349567803,234.86386020484343,1179000
2023-06-14,240.7393798828125,241.33986006150812,236.8870481969435,238.06954221708668,871400
2023-06-15,240.9888153076172,241.82949888030763,239.72318041224108,241.33987308444208,943700
2023-06-16,240.8594512939453,243.23368630098165,240.44371911860915,242.0419451655121,1577100
2023-06-20,238.77162170410156,242.3191036481119,238.4020976210989,241.45070654697142,957000
2023-06-21,239.1688995361328,240.12965656138667,237.15494102627278,239.06726419732067,952100
2023-06-22,240.480712890625,241.12740120900634,239.05801550591505,240.67470810898675,740800
2023-06-23,239.3536376953125,241.39528153152858,238.18961004007008,241.39528153152858,3652200
2023-06-26,239.76011657714844,239.82479104366442,236.51748430129797,239.34438436997996,857200
2023-06-27,240.1112060546875,241.65397703309748,238.67926130185643,240.61929820360209,674300
2023-06-28,230.57733154296875,238.6700424115314,230.30018140015846,238.42059177691615,1929000
2023-06-29,229.73663330078125,230.6697049188833,227.87975142626877,229.3486287641566,1413000
2023-06-30,230.67893981933594,230.7898083280902,228.95139277739682,229.87521713718306,1323900
2023-07-03,232.55429077148438,232.55429077148438,228.35088732068985,229.81053142935724,608400
2023-07-05,229.85675048828125,232.53584975020075,228.9606396778305,232.41574806536448,1188400
2023-07-06,228.88671875,230.80827511365646,228.3231853255794,229.31168415876024,973400
2023-07-07,224.47080993652344,228.20306776093292,224.4523436011557,228.20306776093292,1395900
2023-07-10,223.4823455810547,225.31151379540003,222.8264241086423,223.42691837705036,1413200
2023-07-11,222.84487915039062,224.60013952724947,221.7455260747673,223.2513640620267,1205600
2023-07-12,220.6092529296875,222.64166363737962,219.75933623725047,221.71783930693405,1470300
2023-07-13,220.31362915039062,223.0943494922368,219.80552293373756,221.25593394341618,1097000
2023-07-14,220.67391967773438,221.19125906229883,219.3343771791783,220.96030297301533,1559600
2023-07-17,221.20973205566406,223.32529765634706,219.72237432685063,220.35981536726217,953200
2023-07-18,221.5700225830078,224.53550486679316,220.83096030419284,221.29287246639714,1283700
2023-07-19,224.1752166748047,225.39465746772893,222.54004365368016,223.95349375952725,1125800
2023-07-20,226.90972900390625,227.4363156419648,222.49384980346994,224.86808511439526,2069200
2023-07-21,227.85203552246094,229.96758706669286,226.42010497071334,226.69725509305815,1591400
2023-07-24,227.09449768066406,228.28622483304096,226.5217170253308,227.57487617037557,760700
2023-07-25,225.4131317138672,227.0852514600847,224.6094090747647,226.89125624892768,983200
2023-07-26,222.1243133544922,224.49853443693948,221.72706158176902,224.48930126880725,1458400
2023-07-27,215.76841735839844,219.95334062206285,213.9669626582186,218.02255107408655,2414900
2023-07-28,217.6899871826172,219.55611647017383,216.27653693852764,216.84007040225526,1622100
2023-07-31,213.6898193359375,217.75465514671424,212.93229065940815,217.68998067253503,1691200
2023-08-01,213.024658203125,215.08479669870684,212.23016868066466,214.35496755202985,1518800
2023-08-02,215.42662048339844,217.8378028027988,212.94153051823216,213.40344273193764,1142100
2023-08-03,213.4311065673828,215.4450506796602,212.553476385284,214.58588683236516,969200
2023-08-04,210.8444366455078,214.5674478106016,210.74281539871987,213.7914387059164,830700
2023-08-07,211.4449005126953,212.23014267350322,210.70583828759882,211.14926998408092,900600
2023-08-08,207.21380615234375,213.11704323136718,206.74264670841973,212.68284465574047,1296400
2023-08-09,208.46095275878906,209.13535466373287,207.1491239122531,207.99904059748314,1079300
2023-08-10,206.74266052246094,210.3178706095176,206.19760749840523,208.4425081666912,979500
2023-08-11,206.53941345214844,208.5071497011659,206.2437828984996,207.54637859468852,842400
2023-08-14,207.2692413330078,207.67572632127153,205.8188302700161,207.38934301493342,1504500
2023-08-15,203.89727783203125,207.02904180455317,203.77717615605826,206.93665373127538,969000
2023-08-16,202.7702178955078,205.33844853981762,202.34525247899754,204.58090578321622,1068200
2023-08-17,202.04754638671875,203.69163396634156,201.77816649621795,203.35724062968023,1634600
2023-08-18,203.2178955078125,205.53078370118962,202.1682693286371,202.1682693286371,1142400
2023-08-21,200.90501403808594,202.95782019489403,200.1526326245602,202.48410223874396,1640200
2023-08-22,198.63861083984375,202.33550492402807,198.50856976673415,201.60169058951305,1531400
2023-08-23,200.00405883789062,200.33843803622622,198.90798616304804,199.11233845541844,872400
2023-08-24,198.6664581298828,201.35088832266106,198.6292954417722,200.3477083448647,1278000
2023-08-25,201.85247802734375,202.4748184267491,199.3816836009906,199.83683441850192,1390100
2023-08-28,202.502685546875,203.08787743665863,201.84319662438827,201.88964289988772,603400
2023-08-29,202.2054443359375,203.81238333572213,201.17439943671337,203.47799001236802,1335200
2023-08-30,201.85247802734375,204.27682617869968,201.57381455077382,202.64202218205634,1041700
2023-08-31,199.57675170898438,201.97323492308857,199.53030543412163,201.96393716406814,1442900
2023-09-01,198.63861083984375,199.89257529338315,198.06270251028934,199.47458714220335,1221600
2023-09-05,197.0130615234375,199.40024676780817,196.29782863924032,198.47137804619538,1087200
2023-09-06,195.42471313476562,197.55181652523726,195.1367660643896,197.08738210891113,1006500
2023-09-07,194.12429809570312,197.61683972591567,193.78060699738919,196.4557537110748,1079000
2023-09-08,194.1614532470703,194.75592874004766,192.74028505021172,194.4494003208449,984100
2023-09-11,196.94805908203125,197.13383001541519,194.09643911238263,194.13358762969395,1047800
2023-09-12,192.82386779785156,196.74369520689086,191.98789156019072,196.49289666622747,1293100
2023-09-13,194.79307556152344,195.74980925863122,193.0375141570486,194.34720834805398,1155800
2023-09-14,196.72512817382812,197.35676636415013,194.50513218171935,195.08104050859816,1157600
2023-09-15,197.25462341308594,198.64792692725632,196.2142946579986,196.75304038428777,2600800
2023-09-18,197.34747314453125,198.51784273994852,195.517600459264,197.96051578589467,985100
2023-09-19,194.19863891601562,197.70976242645432,193.78063654819852,197.2360301891724,1534100
2023-09-20,196.29783630371094,197.0502177298482,193.43691882862927,195.25750783037668,1311700
2023-09-21,193.34402465820312,196.64151155564258,193.24184852875865,196.19565852416326,1516100
2023-09-22,193.1490020751953,195.33183549452588,192.62883775694488,193.2047319416629,2465900
2023-09-25,191.31910705566406,193.5019543957396,190.05584492610367,192.27584078171938,1409800
2023-09-26,190.60386657714844,191.33768083411977,189.4985104858153,190.96612482634552,1118500
2023-09-27,188.15167236328125,191.0497386455653,187.4921834155785,190.3252220749943,1137500
2023-09-28,187.4828643798828,189.40562948825203,186.23818366127182,188.53249059885223,1591900
2023-09-29,185.84808349609375,188.4117564512166,185.12356691805002,188.4117564512166,1406600
2023-10-02,184.85418701171875,185.95025963838717,182.97788211647847,185.3372027882208,1483100
2023-10-03,183.1543426513672,185.39291985451587,182.72707094171352,184.02748158858952,1679400
2023-10-04,184.77059936523438,184.80776205824156,180.79504161833805,183.77671701521757,1423000
2023-10-05,181.6031494140625,186.84196932420133,181.25947246435686,184.33402618581619,1894900
2023-10-06,181.16656494140625,181.80748668265838,176.6058298944833,180.9436454998668,1876200
2023-10-09,181.7982177734375,181.8446640519788,179.8754523944583,180.72072647430176,1182600
2023-10-10,180.51637268066406,183.45160170963766,180.3956293655616,182.77353140352002,1116300
2023-10-11,178.12916564941406,181.66815334883745,177.33033795078055,181.45451750310187,1559300
2023-10-12,174.3022003173828,178.34278470266705,173.35476447850587,177.87835036750386,1951400
2023-10-13,177.2838897705078,178.64932796363496,174.70163578551916,175.1846515029264,1761800
2023-10-16,178.18490600585938,179.2066531955796,176.7637378565821,177.83193132161082,1733900
2023-10-17,177.20028686523438,178.9465503931464,176.60581146082382,177.1352592526307,1227200
2023-10-18,177.5997314453125,179.23454978582083,176.72659240861637,178.24065325622408,1472500
2023-10-19,177.9526824951172,179.55033792988908,177.23744956627547,177.87837129194025,1462500
2023-10-20,177.3582000732422,179.7268182028027,177.33033514482247,178.55643451552618,1324800
2023-10-23,175.7419891357422,178.61219057127187,175.28685245585257,177.1910223197605,1495700
2023-10-24,176.75445556640625,177.33964750499788,175.4911933038909,176.178561387738,1551900
2023-10-25,180.63710021972656,180.85073605571563,176.02990515498996,176.51292085555866,2055600
2023-10-26,175.60263061523438,181.11081520442568,173.43836484286356,177.4139217460219,3021700
2023-10-27,171.01402282714844,174.72949775540246,170.87469818670374,174.07929247764042,2066900
2023-10-30,172.7510223388672,173.12257837772003,170.6703652149459,171.42274670517912,1405000
2023-10-31,174.02357482910156,174.83168614719344,171.96148496539337,174.02357482910156,1303200
2023-11-01,174.48800659179688,175.94632321123208,172.64883619622142,174.6366148253137,1205900
2023-11-02,176.0670928955078,177.46967975294086,174.24650371792788,174.5530321384425,969900
2023-11-03,174.61802673339844,177.85048574306438,174.56228270741892,177.3953349914041,978900
2023-11-06,174.31155395507812,176.1321291954394,173.67991568659465,174.72954215603954,1741300
2023-11-07,174.15362548828125,174.69237112116085,172.5745371072762,173.9771381393397,1018800
2023-11-08,175.5747833251953,175.62122959955536,173.7541942535375,174.27435851017887,1036400
2023-11-09,175.20321655273438,177.04238685596184,174.36724035920344,176.26212634546587,1134700
2023-11-10,177.85980224609375,178.32423666800375,175.09177706006608,175.49118385967006,1442300
2023-11-13,180.8507537841797,181.5102568730721,177.85979509348724,177.85979509348724,2123300
2023-11-14,183.7674102783203,184.20397977263406,181.36164335325626,181.59386056625658,1606000
2023-11-15,181.7982177734375,185.6901806365229,181.4173781321787,184.8449065566795,1535900
2023-11-16,183.02435302734375,184.65983415370795,181.40756710672613,182.13652326794164,1335300
2023-11-17,183.17388916015625,184.18321638308674,181.83747426274098,183.51033156779974,1074700
2023-11-20,180.43560791015625,182.61312139045182,179.65056622916666,182.28603376194627,1288800
2023-11-21,178.11788940429688,179.44496365620094,176.73474380178956,177.84687312296057,1474800
2023-11-22,179.07118225097656,180.12724044037193,178.20203335574246,179.05248704348094,1302500
2023-11-24,179.13656616210938,180.0991766845001,177.38894243071925,180.0991766845001,773400
2023-11-27,176.07119750976562,179.43562110967684,175.8375573781124,179.1552500996406,1246600
2023-11-28,176.6226043701172,177.13660126700296,175.61327725978873,176.10859321296903,1396800
2023-11-29,173.56658935546875,176.0618643539783,173.51985847514393,175.69738630386485,1168300
2023-11-30,175.6226348876953,175.8188988978743,172.13672767093743,173.82828015858033,2799400
2023-12-01,178.48236083984375,178.5197512457039,175.51046528573255,175.89363851436045,1262700
2023-12-04,178.14593505859375,179.89357305844163,177.2394101456962,178.1739707354658,1024300
2023-12-05,175.63197326660156,178.69734526842478,174.86564096134344,178.32351245831777,952200
2023-12-06,176.81887817382812,177.65999134374619,174.92172113028067,174.92172113028067,973100
2023-12-07,176.68804931640625,179.08052250335055,175.23947733298237,176.8282419820528,1496800
2023-12-08,173.58529663085938,176.30485722762756,172.42643631542398,176.1646788371676,1505100
2023-12-11,174.08993530273438,174.76282002869257,172.95912504123666,174.01516874870993,1198700
2023-12-12,172.60400390625,174.529196509803,172.15541879966082,174.51985603725902,1354100
2023-12-13,176.43568420410156,176.5945720504544,172.30492818496873,172.8189393518856,1281000
2023-12-14,174.0245361328125,177.28614351022057,172.52923346413354,176.81886320879127,1968300
2023-12-15,169.81903076171875,173.06194326535933,169.59473106043268,171.89374239249048,3532400
2023-12-18,170.33302307128906,172.09000169923598,169.40781713189227,170.45452052202364,1800800
2023-12-19,170.6040496826172,171.50121992177955,169.82836263109866,170.5479783252025,1651000
2023-12-20,167.77230834960938,170.80027530434654,167.62277524411914,169.62273418420006,1634600
2023-12-21,169.1554718017578,169.20220268469495,167.1181365001216,167.98727102964622,1326600
2023-12-22,170.5760040283203,171.7628857182234,169.6320886994958,169.85638837630086,1214900
2023-12-26,171.39840698242188,171.9404538373731,169.678818914464,170.37039888669753,703100
2023-12-27,171.88438415527344,171.98718639187206,170.93112834865556,171.18346370399095,860000
2023-12-28,172.0619354248047,172.68808925293803,170.94046566903955,171.11803444691918,1122200
2023-12-29,174.23948669433594,174.5478934144508,171.76289246078218,172.02458255745893,1591800
2024-01-02,179.46365356445312,179.65056281436952,173.31424369845058,173.38901025046948,2359100
2024-01-03,179.28610229492188,181.63185853028213,178.84685767157805,179.90291571411913,2370500
2024-01-04,178.0338134765625,182.84679538087815,177.8749398686813,179.10855257822067,1925000
2024-01-05,175.36094665527344,178.30480677807574,174.7441332500298,177.58520539888755,1237800
2024-01-08,178.92164611816406,178.99641268663072,175.41704343527917,175.41704343527917,1650900
2024-01-09,180.45428466796875,180.5103560166828,177.33285600061828,178.5197518360253,1434200
2024-01-10,177.2300567626953,181.84678802148096,177.14594973820616,180.60382081640316,1611600
2024-01-11,177.94969177246094,178.18333192837449,175.23011693516398,176.7441005821995,1284900
2024-01-12,178.16464233398438,181.96831103697278,177.75343336498415,180.49170349386455,1629800
2024-01-16,178.99639892578125,180.99635813265118,177.97773124673253,178.6506160509377,1617400
2024-01-17,179.0057373046875,180.81878721368508,178.2767811520358,178.6506139612569,1428100
2024-01-18,178.94032287597656,179.08050126473316,175.92169606922346,178.8562158427226,1815000
2024-01-19,177.99642944335938,179.29546818936535,176.25814604666482,179.04313281848246,1286200
2024-01-22,175.94036865234375,177.8188445339843,175.4637478929602,177.8188445339843,1142900
2024-01-23,179.46365356445312,179.96832422551523,176.44502711053144,176.60390068597346,1314900
2024-01-24,176.92169189453125,178.90295610549754,176.8656205316194,178.90295610549754,1403900
2024-01-25,176.96841430664062,177.94970589138808,175.07125723091897,176.4824387509083,1401200
2024-01-26,177.76278686523438,178.8935972618786,177.2020447731659,177.2020447731659,1111100
2024-01-29,180.17391967773438,181.8935219038428,178.62256002390674,180.64119994629667,1679000
2024-01-30,184.46356201171875,184.65981173731143,180.00570428985037,180.36084185460552,2355600
2024-01-31,180.8748779296875,184.30472836768135,180.72535905025907,184.1084643393005,2147700
2024-02-01,185.4448699951172,185.53833176778113,178.39828870034492,180.1646078256844,1776400
2024-02-02,184.7252655029297,186.173837393861,183.91218802283763,185.54766919576494,1761400
2024-02-05,183.53836059570312,186.50091606608248,183.42621788397375,183.9121791416433,1911100
2024-02-06,182.03372192382812,183.73462914855585,180.9402876766162,183.5570603437476,1602200
2024-02-07,181.54771423339844,183.54767309594163,181.0897887234482,182.613112613253,1959300
2024-02-08,189.0709686279297,195.9586762667288,177.16467470774904,179.6225595957734,4712400
2024-02-09,182.65988159179688,188.5943475988877,181.93092540406235,188.08033637413536,3118500
2024-02-12,181.04306030273438,181.8841590444574,177.19267562511837,177.5664941191594,3132200
2024-02-13,182.08978271484375,184.51029123087184,180.8561701460846,180.8561701460846,1977500
2024-02-14,178.73471069335938,182.2486533359107,177.94968322963982,180.61317232303028,1610600
2024-02-15,179.97767639160156,182.09913287966899,179.59450313520483,179.59450313520483,1270700
2024-02-16,179.93063354492188,181.90726399005447,178.39638053368958,180.01534320061955,1595200
2024-02-20,182.1990509033203,183.64857977925263,180.9471778747061,181.06012407317363,1811400
2024-02-21,181.1824951171875,183.85566051766835,180.53302574005988,183.35679564935455,1243700
2024-02-22,182.17080688476562,182.4061210487682,176.94684393385774,180.30712272734746,1570600
2024-02-23,182.4437713623047,183.8462488887732,181.1354252422866,181.71899974745784,1679000
2024-02-26,177.53042602539062,183.2438467022332,177.52101862890711,182.55673333556473,2032900
2024-02-27,176.17498779296875,178.2645784954526,176.08087075486733,177.07860040584092,1905000
2024-02-28,175.27142333984375,176.83389860802126,173.6618679998843,176.31621889255197,1328800
2024-02-29,176.88095092773438,177.4551180684156,174.60311151980935,175.7137874915721,2160400
2024-03-01,177.00331115722656,177.4739394696029,174.9231276970512,176.82447010053374,1284000
2024-03-04,173.1912078857422,175.7984925911562,170.51804268927282,175.7984925911562,2729600
2024-03-05,176.5421142578125,176.95626952703608,173.4265567040234,173.4265567040234,1986300
2024-03-06,181.50253295898438,185.2769671924083,179.82709716559916,183.3756389807746,2928400
2024-03-07,181.2107391357422,182.59438759731745,179.92120772422714,181.7378405758781,2179200
2024-03-08,183.13088989257812,184.0062660377373,180.85305054338767,181.03189160328236,1968900
2024-03-11,187.3289031982422,187.59245391222328,184.2039242146994,184.2039242146994,2152700
2024-03-12,184.92868041992188,187.8465815470912,183.92152899080804,187.0747442617028,1957900
2024-03-13,184.3827362060547,187.56418778921153,184.31685571916483,185.7757918120947,2254300
2024-03-14,183.60153198242188,184.98518049834092,181.86962307897136,184.60868355843868,2304700
2024-03-15,182.17080688476562,186.9618141793101,182.17080688476562,183.01794649263698,12184800
2024-03-18,185.4746551513672,187.0936179949559,180.52363519570716,181.86023248949235,2688000
2024-03-19,190.34092712402344,190.58564869053305,186.32175707587024,186.32175707587024,2514600
2024-03-20,186.3970489501953,192.1951932274129,185.12634675703663,190.32208736664953,2347500
2024-03-21,187.6018524169922,188.87255458394856,185.3804862455485,185.86994370364584,2331300
2024-03-22,186.3594207763672,187.87484465065498,186.13351399598304,187.87484465065498,1127400
2024-03-25,180.9659881591797,186.67942259663698,180.38241366505,186.27467479148171,1766200
2024-03-26,179.68589782714844,181.4742941700537,178.00105465791424,180.16594793488514,2396800
2024-03-27,182.3308563232422,183.07444285650257,180.6459986519314,180.66482780892645,1446100
2024-03-28,183.07443237304688,185.2110891528164,182.85794734853562,183.54506073390303,1585100
2024-04-01,186.62295532226562,187.25359553840875,183.21559656852475,185.03222932579231,1573800
2024-04-02,188.76902770996094,189.3996679542626,186.15233532094456,187.89365153992878,1993700
2024-04-03,183.4226837158203,188.5337149310576,183.34738145830548,188.2513350559862,2095400
2024-04-04,184.43923950195312,185.1734185471509,181.80371798364573,183.12148592401783,1465900
2024-04-05,182.35906982421875,185.3051933929853,180.94718483928733,184.01567636939436,1407300
2024-04-08,182.78260803222656,184.5804114532178,182.5096355953039,182.5096355953039,1182300
2024-04-09,183.1497039794922,183.44149121639492,180.52359012249693,183.14029658432725,1351900
2024-04-10,180.74949645996094,182.17078869816788,179.4693869610862,181.1918881931156,1373600
2024-04-11,178.36813354492188,181.56840038070047,177.45511345377088,181.06953550975445,1301400
2024-04-12,174.88548278808594,178.15164440697924,173.73714856321897,177.89750109821395,1803400
2024-04-15,171.84523010253906,175.0925626086439,171.4781262283245,174.3113178810265,2005700
2024-04-16,172.541748046875,173.40770241043342,170.9980877705428,172.38173614558622,1620900
2024-04-17,171.73226928710938,173.5771386015543,169.84034863110915,173.4547706436632,1736000
2024-04-18,174.00070190429688,174.3677914169931,171.30870735704585,172.53234385351203,1415600
2024-04-19,174.1513214111328,174.71606682260648,172.09937430419674,174.1324922553524,1740300
2024-04-22,175.38433837890625,175.49728457130587,173.90655867031265,174.97959058541525,1631700
2024-04-23,176.09027099609375,177.17271024611395,174.91370034936105,174.91370034936105,1288200
2024-04-24,177.08802795410156,177.79397045115934,174.0571803510719,174.97020046292823,1629900
2024-04-25,176.15615844726562,178.09515901417456,174.9042998685988,177.70924037980663,1316500
2024-04-26,175.22433471679688,177.0033091428363,175.03608626647596,175.48788541973337,1186500
2024-04-29,181.1636962890625,181.2860642682622,175.85500854543267,176.21269072313092,2960300
2024-04-30,182.5284881591797,186.09585891179424,181.94491363115336,182.50965900466497,3133700
2024-05-01,182.32139587402344,183.56386144814425,179.95884703906015,181.03187896105743,1794000
2024-05-02,184.3733367919922,184.92867470704397,182.72613783680012,184.1662592029161,2347600
2024-05-03,186.2935028076172,187.36653474709237,180.35417601510923,184.48629187599767,3396000
2024-05-06,184.94754028320312,187.00888046007478,182.6885155108697,186.31235967094992,1775000
2024-05-07,186.51942443847656,188.08191395149834,184.81575217048646,186.30292506427588,2047300
2024-05-08,188.2136688232422,189.65379021690973,185.46518701791075,187.93128898160563,2027400
2024-05-09,188.3360595703125,188.62784686468265,187.2065543433411,188.62784686468265,1470900
2024-05-10,192.7505340576172,192.95761166791425,188.7125493816973,188.75960072386218,1785100
2024-05-13,197.20266723632812,197.88037314468008,193.55060135513824,193.5788379044499,2284400
2024-05-14,196.6190948486328,199.4711012592726,194.68010850871917,197.6638902717093,2094600
2024-05-15,193.34353637695312,197.01443165153373,193.23999756857074,196.71323698506308,1470700
2024-05-16,197.25701904296875,197.34229746682058,193.5709466481452,193.79837023728822,1299800
2024-05-17,196.18624877929688,198.4320151061353,195.57980034639607,198.4225300866569,1180700
2024-05-20,197.18121337890625,197.9771742614763,195.7124667410797,196.1483583437471,1306900
2024-05-21,196.4800262451172,198.6594409961365,195.66510973911846,197.67396763158735,1137200
2024-05-22,194.7933349609375,196.21469990733542,193.37197001453958,195.58929586079105,1148200
2024-05-23,190.5007781982422,194.14895360254516,190.3776030820407,193.81729603529206,1199800
2024-05-24,186.67259216308594,190.7566450386152,186.59678429922414,190.46289860294556,1880200
2024-05-28,187.25059509277344,187.97074803661596,185.02378450628584,185.86712702351238,2257900
2024-05-29,183.40347290039062,186.6157573301949,183.30870944698424,186.6157573301949,1492700
2024-05-30,183.00546264648438,184.26574118559859,182.3611030776808,183.55505877729988,1496200
2024-05-31,187.45907592773438,187.52539876949893,182.51272504001454,183.00546890844583,3878300
2024-06-03,186.12298583984375,188.43507495543585,178.911927653073,187.23164867795228,1108000
2024-06-04,189.5816650390625,190.0838795008481,185.1375282902784,185.98087092034024,1486700
2024-06-05,187.96128845214844,189.81854488580322,185.41230517290683,189.24999316192273,857000
2024-06-06,186.97581481933594,188.6245887894047,186.83366965920766,187.56330766302747,776100
2024-06-07,185.7818603515625,188.22660964184303,185.58287736845455,186.1987963565691,715600
2024-06-10,181.100830078125,185.97137308695892,179.65103907755866,185.43126195874353,1437000
2024-06-11,180.61758422851562,181.11032813061757,178.0022779029691,180.28592662041635,1270400
2024-06-12,177.40528869628906,180.87342245375314,177.3105252546167,180.4754420246973,1132500
2024-06-13,175.86073303222656,177.8601201832414,175.7754546106308,177.56637375849746,1087000
2024-06-14,177.17787170410156,179.14883280147967,175.58594992864522,175.58594992864522,1145300
2024-06-17,173.4539031982422,176.505101071624,172.7716468750716,176.2492513357171,1651700
2024-06-18,173.15066528320312,175.01739231187378,171.83353440875305,173.3212365870715,2294200
2024-06-20,172.4589385986328,174.78049834184017,171.975679745116,173.1601504772495,1691000
2024-06-21,172.54420471191406,174.4109316092938,171.90933017984702,172.91375897562085,2280800
2024-06-24,177.48109436035156,178.4191859104856,173.30227821869863,173.34017491957565,1855000
2024-06-25,176.17344665527344,181.41354430234256,175.73756949912453,177.96436592124803,1913400
2024-06-26,173.4539031982422,175.53856887065373,173.19805346233528,174.35409809554812,1208100
2024-06-27,174.05084228515625,174.38249983933184,172.54419914014775,173.79500704391538,1199700
2024-06-28,174.19302368164062,175.7375783045247,173.13174242162702,173.88979220228086,5542300
2024-07-01,172.88531494140625,175.9744233243569,172.14620649049786,174.81837893521947,1668700
2024-07-02,174.9700164794922,175.06477992470514,172.28838737820098,172.65794168033668,1638900
2024-07-03,174.11720275878906,174.78050349657204,173.34966801514938,174.53413878221596,1014800
2024-07-05,174.4962158203125,174.51517139978773,172.36416858377333,173.91819354671816,1169400
2024-07-08,175.07424926757812,176.00288475581434,174.49622695709297,175.00792642348787,1193300
2024-07-09,173.1696319580078,174.9415956581809,172.4968461778267,174.9036989542662,1452500
2024-07-10,175.94601440429688,176.03130728619402,172.5821290747267,172.93272778641378,1373100
2024-07-11,176.9978485107422,177.33897670703251,174.6004805747394,175.26379584337903,1834700
2024-07-12,179.03512573242188,181.13874694835772,177.755891534479,178.1444014119427,1146400
2024-07-15,179.01617431640625,179.12987888460313,177.26316623492636,178.5897677267961,1315200
2024-07-16,180.0111083984375,180.03953453665474,177.32946517527452,179.0919580390934,1003900
2024-07-17,183.82984924316406,184.3131080746408,179.328860666334,179.35728680589907,1819000
2024-07-18,183.20445251464844,187.08952227635757,182.00104066838588,182.88227994756417,1563400
2024-07-19,181.12925720214844,183.98147195719636,179.90688977775017,183.82985623450273,2196200
2024-07-22,181.26193237304688,181.7641613034677,179.31941179310803,180.9871415043943,1681000
2024-07-23,179.98269653320312,180.94922868584717,178.52342051426805,180.68389394332812,2124100
2024-07-24,182.02947998046875,182.87282261937185,179.42364419680644,180.30488353974994,1873800
2024-07-25,182.56956481933594,186.41672314437037,180.0395372675355,180.90183536352464,1879600
2024-07-26,183.3844757080078,183.92460124389842,182.11472669015677,182.25685737914395,1504200
2024-07-29,182.46533203125,184.57842361835324,180.9776444162879,182.57903658659558,2100100
2024-07-30,183.80142211914062,184.14255025096494,180.28590680342714,181.498803614609,1718000
2024-07-31,187.12741088867188,187.8854750117085,184.14255057412387,184.48367870654684,2547900
2024-08-01,189.1552276611328,189.96067351804442,180.60809752830016,182.32320878286615,2867000
2024-08-02,188.64356994628906,192.57600744220835,186.4641406586645,188.64356994628906,2235700
2024-08-05,185.7439422607422,192.21589123583166,185.15643502185662,187.6296101677759,1866200
2024-08-06,188.93727111816406,190.03646328967176,186.28405411961324,187.36429071330338,1388700
2024-08-07,189.34475708007812,191.16410235866817,188.11290464780865,188.57720791324098,1525900
2024-08-08,191.50523376464844,192.13062332250465,187.95182156806692,188.16028957364273,1031700
2024-08-09,190.9366912841797,191.37258289665766,188.4919418393722,191.17358544210052,1267400
2024-08-12,188.25502014160156,189.4679168960116,187.0989756633561,188.72880838813265,1965500
2024-08-13,189.00363159179688,190.77559517502476,187.65806012023904,188.84253084889323,1053200
2024-08-14,190.09335327148438,191.96008043789192,188.68145885083368,188.80464844277978,1032100
2024-08-15,186.35040283203125,190.9366697418048,186.0187452648125,190.46288147941817,1140800
2024-08-16,184.63282775878906,186.49356185591887,184.31793205615105,185.72064265867297,2330400
2024-08-19,188.14434814453125,188.3447415951244,184.88090374565084,184.99540596867377,1330400
2024-08-20,188.85049438476562,189.3276064328943,186.29316623543772,187.6863398225073,1198300
2024-08-21,188.4306182861328,190.56808533141577,187.66723615851012,189.03178407768493,859100
2024-08-22,186.60806274414062,189.19401646275247,185.83514355246712,189.19401646275247,600700
2024-08-23,187.34278869628906,187.63859578931792,186.24542242437008,187.619507233551,946200
2024-08-26,187.4191436767578,189.78561517470146,186.81797788353262,187.3141784519138,881800
2024-08-27,182.38084411621094,186.45537025436442,182.35221856004054,184.7568526401728,1257500
2024-08-28,182.8197784423828,184.270203045099,180.6441488184601,182.25678975906578,1092200
2024-08-29,182.92474365234375,183.6022491202268,181.1212608179237,183.6022491202268,1356700
2024-08-30,184.2224884033203,184.33699062731324,182.43809413134906,183.1632991504762,1325900
2024-09-03,188.3065643310547,188.75505078460904,182.6098457753396,183.78355180160463,1365000
2024-09-04,189.5947723388672,190.53944479745948,187.97259442141612,188.49740598272163,1089500
2024-09-05,189.0317840576172,190.3295293063471,188.13481114977847,190.1577614115063,1012700
2024-09-06,190.65396118164062,192.41926687388087,188.78367570499532,189.03178326758368,1191000
2024-09-09,193.946044921875,194.12734982734236,188.9363684847786,190.45358128268342,1370800
2024-09-10,193.54525756835938,196.3506784855644,193.21127334095766,194.64260935501716,1173100
2024-09-11,189.52796936035156,193.6406725388326,188.39244045189238,193.60250998473364,774400
2024-09-12,189.37530517578125,189.8524171851767,187.5050196924177,188.95544427786476,699100
2024-09-13,191.63681030273438,191.87536630601514,189.14628504607114,189.1749106016406,721700
2024-09-16,191.61773681640625,194.6426254286787,191.15971333096826,193.05862450814234,913000
2024-09-17,190.1577606201172,193.02996966470215,189.99554428473894,191.53184553191298,801000
2024-09-18,188.58331298828125,191.16925213791396,187.14242528291953,189.31805505970368,866800
2024-09-19,186.5699005126953,189.26080490916127,186.20729069461314,188.49742271544815,1141000
2024-09-20,186.48399353027344,189.51843348995993,185.12899716699818,187.40959199594013,2956000
2024-09-23,186.207275390625,188.0966348805466,184.2702017874608,186.24543794503722,1052300
2024-09-24,184.48968505859375,185.93057277645994,184.32746870789907,185.27215581403158,1079900
2024-09-25,182.2567901611328,186.07368629016176,181.85601781482114,185.83513028209745,1076000
2024-09-26,181.7987518310547,183.20146220855273,180.3578643416195,180.6345974421066,1779100
2024-09-27,184.50875854492188,184.89999389068046,182.48580826586286,182.84840349531677,1112400
2024-09-30,183.0010986328125,185.94964763794678,182.50489801877652,185.7301801695538,837700
2024-10-01,183.02969360351562,184.298813204832,182.0659326552838,183.05831915720455,966400
2024-10-02,184.55648803710938,186.083237872191,181.51251080600258,182.46673491304273,1620300
2024-10-03,182.2472381591797,184.60417248964683,181.4170534184539,183.77398774892103,1238000
2024-10-04,183.05833435058594,183.4114071425568,181.30256563053143,181.32165418800903,794200
2024-10-07,178.94564819335938,180.57737784632062,177.96279851384455,179.87124675527988,1192900
2024-10-08,178.99334716796875,179.78535486839422,177.3043665403071,179.32731684578215,977800
2024-10-09,178.41127014160156,179.57542463664817,177.80056733766756,179.25099195712457,762600
2024-10-10,178.98379516601562,180.66322409390565,178.02001964782298,178.72615061993122,756000
2024-10-11,177.46656799316406,179.77578822898792,177.34252877937703,179.21279958709454,1157800
2024-10-14,177.4856719970703,178.249054143527,176.87496919196565,177.46658343932546,1203600
2024-10-15,175.89212036132812,179.95710956054563,175.45317089309827,176.91313252043784,1805700
2024-10-16,176.3501434326172,177.7910310592089,174.95698448064115,175.89211996788706,1194300
2024-10-17,175.48179626464844,176.43602031080815,174.91880757188704,176.3883207567429,925700
2024-10-18,177.18031311035156,177.82919303019878,175.69172593464194,176.07342428758247,1052100
2024-10-21,176.216552734375,178.35401983799366,175.5772243711296,176.9799348828319,982100
2024-10-22,175.07147216796875,176.1783754627555,174.83291617652173,175.57720970501228,1207300
2024-10-23,173.64968872070312,174.65162688629425,171.05419813720954,172.24697820093624,2533800
2024-10-24,173.85960388183594,174.87107895724537,173.1439359065592,173.64967344426393,1070400
2024-10-25,172.96263122558594,174.69932583656828,172.73362679182281,173.8596040852975,751500
2024-10-28,174.4798583984375,175.958893900812,172.9053801148259,172.9244686710733,937300
2024-10-29,171.77940368652344,175.04284792676057,171.71260101947215,173.44929563917796,1226500
2024-10-30,169.37477111816406,172.09431552080252,168.68772862824073,171.6649030443727,2012400
2024-10-31,169.4510955810547,171.55992241643244,168.93580647971095,169.64193746439213,1473600
2024-11-01,171.05419921875,171.22596712037054,169.22209077651817,169.71829136305084,1360200
2024-11-04,170.80609130859375,172.15155060611167,169.60377434332588,171.07327285643106,1689600
2024-11-05,171.8653106689453,171.97981290660172,170.1095417434572,170.38626033789524,1308400
2024-11-06,168.72589111328125,173.18211535213618,168.5350346690611,173.16302679565368,2859800
2024-11-07,164.93763732910156,170.60571610879967,163.8116453482794,166.98921326798668,3331000
2024-11-08,167.6285400390625,167.7812193841975,164.17425357713012,164.60365149505648,3115000
2024-11-11,170.33853149414062,173.24891778553217,166.94149617447195,166.9892102894725,2159200
2024-11-12,173.191650390625,173.31570416590398,169.85186649879475,170.796553469907,2514700
2024-11-13,176.00662231445312,176.43602022295048,171.77941678101624,173.19166429174442,2220500
2024-11-14,170.7488555908203,176.2833580497392,170.21449244697916,175.57722700377556,2257700
2024-11-15,163.0959930419922,169.8996160189075,162.77156031935607,169.412952374648,3650700
2024-11-18,163.51922607421875,165.25069616856572,162.66310508651932,164.44267483414336,1641000
2024-11-19,163.75970458984375,164.35609917373517,161.75887943471577,162.79777026591412,1678200
2024-11-20,167.3765869140625,167.8190831998363,162.91321185013902,163.7597188257302,1446900
2024-11-21,168.2904052734375,168.97338509457416,166.61664896121863,167.3765706108653,1225200
2024-11-22,168.15574645996094,169.6948473376838,166.41464758228364,169.24273700527598,1458400
2024-11-25,168.85797119140625,170.62794177969005,168.5982594514252,168.81950027072747,2088200
2024-11-26,166.693603515625,168.87719868460616,165.73166912833244,168.54053045582612,1307500
2024-11-27,167.463134765625,169.05994918820505,167.05912413062623,167.74210392561724,1060500
2024-11-29,169.42550659179688,169.76217481712135,166.81865797069105,167.30923921911153,1525200
2024-12-02,171.05117797851562,171.7822428210362,167.50163777860263,169.42550653277087,2377700
2024-12-03,172.64797973632812,174.89891735803175,169.5120789175474,170.5894407344627,3986600
2024-12-04,171.09925842285156,177.9578550467329,167.71326007333204,171.64756804868344,4591600
2024-12-05,167.85755920410156,170.57983542131635,166.4627572064779,170.53173576389042,1953400
2024-12-06,168.04995727539062,170.281652401459,167.16497928062566,168.72330850206438,2332100
2024-12-09,186.27857971191406,200.1112002657396,167.0014219301658,167.42467538969726,14377100
2024-12-10,180.0644989013672,189.32793167569034,178.8716949863642,186.22087306084183,5012400
2024-12-11,170.26239013671875,176.23600926591706,167.64592737394076,171.84957603799802,6250600
2024-12-12,176.94781494140625,177.4961245483343,169.05995646579066,169.18501262413275,3761500
2024-12-13,176.13018798828125,177.40954777630114,174.77385701180336,176.40914249565049,1985600
2024-12-16,171.41671752929688,177.015183121885,170.5028827295251,175.16827072334857,2241300
2024-12-17,170.868408203125,174.64880326196484,170.02190125382694,171.07040620278238,1834500
2024-12-18,165.8952178955078,168.81949209805157,165.327665427796,168.81949209805157,1837800
2024-12-19,162.5092010498047,165.87597147394735,162.3841448799626,165.05832135690244,1930000
2024-12-20,163.77894592285156,165.49118798336391,162.17251723362725,162.76892654359347,2535400
2024-12-23,162.56692504882812,163.7308722130993,160.34485877681107,162.85550832474252,1172900
2024-12-24,164.0001983642578,164.0001983642578,161.56650554768592,162.56691084845363,429600
2024-12-26,163.70199584960938,165.7124499831756,162.56692025654993,163.14408679136454,992500
2024-12-27,165.22186279296875,165.56815979664339,163.0575101894911,163.11523858839976,1066200
2024-12-30,162.2494659423828,165.3180388841732,161.14324730500132,165.0871693548447,1771500
2024-12-31,162.90359497070312,163.43264714333694,161.1143964165043,162.34567126262456,869900
2025-01-02,162.36489868164062,164.76012058871754,161.2490659482528,164.68316407642288,864500
2025-01-03,162.59576416015625,163.91360954016858,161.55687328703974,162.59576416015625,932600
2025-01-06,160.3929443359375,162.46109738859866,159.46948086978247,162.02822985175723,1387600
2025-01-07,159.21937561035156,162.56690299413165,159.08470539025564,160.35445108288124,1302900
2025-01-08,156.04498291015625,159.10392693070023,153.78443143991586,158.71915908289242,2833500
2025-01-10,152.17800903320312,156.69909747721636,150.15795573419456,156.02574637754682,3027800
2025-01-13,151.2930450439453,153.43815469980058,150.9275052658522,153.11110051832486,2731200
2025-01-14,149.3980255126953,151.28342334700352,148.58039010028017,150.648543136455,2179800
2025-01-15,145.97354125976562,150.13871886069032,144.58835341268306,149.39802528285657,3584600
2025-01-16,148.1571502685547,149.119084732642,144.81923650393531,145.2521040771836,1973300
2025-01-17,147.0509033203125,149.31145497445047,146.32945253851787,147.6280698169297,1937300
2025-01-21,147.72427368164062,149.29221678142258,146.40641356524318,147.17596402514855,1743900
2025-01-22,145.3675079345703,147.7627296456613,144.6941568545305,147.75311558664384,1563200
2025-01-23,144.18435668945312,145.73307176863403,143.0781379234475,144.7903801006842,1837900
2025-01-24,144.97314453125,145.7907799906972,141.9815278641977,143.69376997686896,1501400
2025-01-27,147.86856079101562,149.6673734664575,146.6949996198207,147.44530729609883,2309400
2025-01-28,144.03042602539062,148.3879874539229,143.6168013005675,147.87816342297876,1538800
2025-01-29,143.5494842529297,144.81924486424575,142.88574708591958,144.57876123434096,1217000
2025-01-30,146.34869384765625,146.41603629869007,143.52060446330725,144.5210244235434,1669700
2025-01-31,143.56871032714844,145.87734703409177,142.03923814184964,144.2901611328125,1974900
2025-02-03,142.16429138183594,143.3089957698904,140.904159552282,142.36630408241544,1766100
2025-02-04,139.23036193847656,141.92376596668606,138.47042569784156,141.91415190871072,2189600
2025-02-05,140.36546325683594,140.75985987615573,134.79586964348456,135.63274785885997,3897800
2025-02-06,146.54107666015625,150.72549699106892,144.78073502263902,149.34030916627154,4131300
2025-02-07,149.03248596191406,150.6004436931454,147.70502650285215,148.19560775098876,2394800
2025-02-10,148.58999633789062,149.8982276068406,147.1759517060861,149.5423166035813,1614700
2025-02-11,152.23573303222656,153.34196640025098,147.64731650716067,147.9455138230255,1891000
2025-02-12,152.06259155273438,152.30307515248035,149.88862509509414,150.41767727217206,1382800
2025-02-13,154.6886749267578,154.95801539568458,151.49506021893131,151.74515788923338,1632500
2025-02-14,153.1751708984375,156.0857707114816,153.04904016923456,155.2319900290176,1450500
2025-02-18,158.1328887939453,158.91874835305703,149.6533362439152,151.34148941820848,2976800
2025-02-19,159.01576232910156,159.23891897154863,156.07605773063497,158.3366253400967,1391900
2025-02-20,161.1501922607422,161.82932915806933,158.14256696734105,158.8217038646682,1526900
2025-02-21,167.708740234375,170.06631867354588,161.48975588128968,161.54796550140637,4115400
2025-02-24,172.5403289794922,173.6657643011253,166.32134470489308,167.31095264661008,3230800
2025-02-25,173.32620239257812,176.49876014078365,171.73507518381584,172.54034285955365,2733400
2025-02-26,166.18553161621094,172.45302938063068,165.31235764224294,172.2395842218251,3221200
2025-02-27,167.20423889160156,167.34977775180377,164.5070844881596,165.65192801130235,1464500
2025-02-28,167.56321716308594,170.5223147661836,166.311651106968,168.61101993945647,2540800
2025-03-03,173.18067932128906,173.78219851215974,167.84457995844824,167.84457995844824,1790500
2025-03-04,171.1238555908203,178.759323731491,171.00742154115773,175.55766124115678,2605200
2025-03-05,171.75448608398438,173.27770702381764,169.86259925113058,171.07534911886705,1186100
2025-03-06,174.64569091796875,174.90764905448185,170.7746025200859,173.24861539941108,1015500
2025-03-07,179.54519653320312,183.833478443876,174.26730654958234,174.42254209123615,2806400
2025-03-10,180.80645751953125,187.626961766625,180.17583349373302,181.3497671055868,2902500
2025-03-11,174.18966674804688,180.93256724659076,173.87921050808043,180.4474673433329,2256800
2025-03-12,165.845947265625,171.7350520369384,165.5645810484683,171.7350520369384,2591500
2025-03-13,166.81617736816406,169.03792868122233,165.50640154860798,165.50640154860798,1543300
2025-03-14,165.14743041992188,169.78498482099207,165.02129969389344,166.47659956378766,1357400
2025-03-17,165.40939331054688,167.03932210586433,163.81826599908527,164.9339900098745,997800
2025-03-18,164.3712615966797,166.58331613476437,163.7406375974471,165.67132588055705,991900
2025-03-19,162.3629608154297,163.527197746294,160.71360912562315,162.7704430010284,1705100
2025-03-20,159.5687713623047,162.78013051422855,158.91873923583722,162.26592577532034,1696600
2025-03-21,162.197998046875,162.85774161952367,159.3650163621469,159.3650163621469,3047100
2025-03-24,163.00328063964844,163.71153722892907,159.6075809736053,161.87786000142881,1475300
2025-03-25,160.3061065673828,162.54726570539398,159.52994377742067,162.54726570539398,1409400
2025-03-26,163.4980926513672,164.6429214369213,160.17029926860292,160.17029926860292,1123000
2025-03-27,165.53549194335938,166.43778549256845,163.0032697691044,164.739935772775,754900
2025-03-28,164.79815673828125,168.37819676252724,164.18692605977807,166.87438394638133,1075200
2025-03-31,165.9332733154297,167.62142632442388,164.30334473080717,165.66161855132594,1759500
2025-04-01,164.56529235839844,167.0684097256604,163.49808141531992,166.573613136021,950900
2025-04-02,159.0642547607422,166.14671628433447,158.55974671797892,164.90486172066656,1644900
2025-04-03,161.8584442138672,162.48906820043294,157.43433522656136,158.77320096488285,3022000
2025-04-04,157.4052276611328,166.4668906304537,156.41561967736826,162.9935734203641,2504500
2025-04-07,157.7545166015625,160.09268721232576,152.379600628827,155.9111278280228,2376800
2025-04-08,154.35879516601562,161.0919693890222,152.7094436513832,159.3359101075651,1853300
2025-04-09,159.2680206298828,161.421865612398,152.38930682738308,153.74758077848466,1830900
2025-04-10,159.20008850097656,161.4703525779959,156.09545196777813,158.753804863994,1491600
2025-04-11,160.71360778808594,161.92635766515895,157.8030080831107,159.65609344825643,1233900
2025-04-14,165.22503662109375,166.15642018233194,160.6456921667941,161.05317432534514,1637600
2025-04-15,162.94505310058594,166.3892653440323,161.75171149427968,165.22502854733787,1252200
2025-04-16,159.33592224121094,164.45857642630548,158.74409972189898,163.63391541026442,1024400
2025-04-17,161.62559509277344,162.1592079896901,157.91943923469614,160.91735332272515,1120500
2025-04-21,161.50917053222656,161.7129042108463,159.81132079137942,161.41214462540535,743300
2025-04-22,162.4502716064453,163.8861632954653,160.80093475775104,161.87785722553488,1002500
2025-04-23,161.6352996826172,163.63390898952125,160.0538692020335,162.04278183997945,911200
2025-04-24,159.10308837890625,161.28603817377933,158.8217221150624,161.0046719099355,760800
2025-04-25,158.41424560546875,159.4523666510694,156.68729089020007,158.64709892139842,981800
2025-04-28,158.20077514648438,159.52024745102673,156.4544125663439,158.6858750407415,1298000
2025-04-29,160.15090942382812,160.7815334561967,155.97904676732713,158.21050956536962,1208600
2025-04-30,162.20770263671875,163.13908612978184,160.11206757121624,160.54865450884415,3463500
2025-05-01,162.14952087402344,162.46968863103743,156.2021904984848,161.35394981645965,2618200
2025-05-02,158.48214721679688,162.59578499711122,156.12455394569218,161.77112402892294,2230800
2025-05-05,161.69351196289062,161.75172158574586,157.0559578238074,158.38512689258513,1820400
2025-05-06,164.9436798095703,165.02129757812529,160.47105767461002,161.32483832463907,1539400
2025-05-07,163.6436004638672,164.95337613129922,161.5382686489553,164.95337613129922,2195300
2025-05-08,165.05039978027344,165.2347401271664,162.23682603401636,163.37195812353698,1750000
2025-05-09,165.80714416503906,166.0399974524977,163.3428431234185,163.96377041923367,1228300
2025-05-12,162.58609008789062,166.34075871116153,161.4315499158578,165.99148617847996,2300400
2025-05-13,158.4336395263672,162.63460668147738,156.4253187174676,162.07188898822156,2246100
2025-05-14,156.90072631835938,158.78291646069448,156.0275523449819,158.23960689467515,1461400
2025-05-15,158.81202697753906,159.50086062917305,156.57086753516714,158.14258666533428,1231200
2025-05-16,155.06480407714844,158.81203395261986,152.48185894539827,158.81203395261986,2012400
2025-05-19,153.16671752929688,155.3778700907686,152.87319800332583,154.8788973469341,1785800
2025-05-20,152.33509826660156,154.49734358789544,152.19812446315024,153.11781211304833,1679400
2025-05-21,148.0203857421875,152.62860202597273,147.91276241282876,152.62860202597273,1814200
2025-05-22,150.53485107421875,150.84792762253088,146.79739994089928,147.6877370344207,2865700
2025-05-23,151.99266052246094,152.50141179716493,148.92052120787633,151.75784190635025,1907600
2025-05-27,154.81040954589844,156.33669323077163,152.31551586299852,152.70688022387876,2737900
2025-05-28,152.53076171875,155.5637720511043,152.30573654307946,153.7146183767144,1248400
2025-05-29,157.83364868164062,159.05663437401998,151.0338362887918,151.24908296497256,2388000
2025-05-30,157.2172393798828,158.48914732609938,156.3758247319878,157.3248627044632,2073000
2025-06-02,157.9608154296875,158.01951634921923,154.36035302752322,156.32690847695307,1063700
2025-06-03,159.5555877685547,159.64363914473773,155.240891187313,157.3052913822886,1068800
2025-06-04,157.99017333984375,160.08392416634354,157.73579770020277,159.89802795971113,1114200
2025-06-05,159.2620849609375,159.96652590235237,157.14876213669288,157.22703501118613,1403800
2025-06-06,158.25433349609375,160.30895523488567,157.39334687351075,159.26207241615197,1112200
2025-06-09,163.3028106689453,163.83113383372316,157.90210254588814,157.9608034609721,1677300
2025-06-10,164.8975830078125,166.081439602616,162.74513140082914,163.67459744372843,1433900
2025-06-11,164.41818237304688,165.5922455298468,164.00726101461805,164.89758316003568,1022000
2025-06-12,168.4002227783203,168.77201518325796,163.880072714178,164.41818937158155,2227600
2025-06-13,165.46505737304688,170.43527271540304,165.13240886796197,168.53719664788244,1834400
2025-06-16,166.72720336914062,167.60774712939818,165.06394575030686,166.3945548311789,1554000
2025-06-17,165.220458984375,167.64687318047348,164.84868151113656,165.93469332861756,1262500
2025-06-18,166.05209350585938,167.18702772211148,163.79201851269985,165.29873019846505,1787100
2025-06-20,167.7447052001953,170.07327460555337,166.32604486217562,166.32604486217562,4188700
2025-06-23,169.38841247558594,169.58408719751318,166.14994880126346,168.04801002588445,1354500
2025-06-24,168.3317413330078,169.40795970591586,166.9130810197515,169.1046616651052,1697600
2025-06-25,163.91920471191406,167.0598384038253,163.55720573980543,166.30647506954958,2234500
2025-06-26,163.39088439941406,165.28896053497328,162.5396911561779,164.5942981103728,1980200
2025-06-27,163.381103515625,165.21068526162614,162.8821158183345,163.50828387085528,2471500
2025-06-30,162.3635711669922,163.88007635187404,161.23843034573818,163.0386616313542,2050400
