periodo,UN,1005945D,162007Q,RDPL,BGG,SKY,GOSHA,HSY,NMK,WLB,XEL,2056Q,1708Q,210811Q,DD,T,MTLQQ,739306Q,MKG,GAPTQ,NC,FLTWQ,F,GWW,K,KMB,LLY,LNC,MHFI,0948669D,NOC,WWY,HSH,EIX,SLB,SHOY,YRCW,GDW,1086832D,ANDW,2999130Q,3026360Q,VFC,GP,987200Q,SPXC,1624Q,605555Q,TAP,GCO,CNA,UAWGQ,BF_B,MRO,8384662Q,KATE,FBNIQ,USW,571300Q,45200Q,AS,GFS_A,LLX,3147596Q,231330Q,90457Q,1581Q,1511Q,OM,1463Q,FFB,1530Q,LK,1953Q,GQ,3123863Q,UH,LCE,FNMA,AA,AXP,VZ,NRTLQ,BA,CAT,JPM,CVX,KO,DIS,XOM,GE,HPQ,HD,IBM,JNJ,MCD,MRK,MMM,BAC,PFE,PG,UTX,WMT,TKR,C,AIG,PCH,HON,MO,INTC,EKDKQ,IP,3277Q,ABT,AMD,APD,BEAM,AEP,HES,304024Q,ADM,CCK,AVY,AVP,BHI,BLL,CEG,BCR,BAX,BDX,BMS,HRB,BMY,RAD,CPB,9876566D,CI,MZIAQ,CLX,CL,2731112Q,CSC,CAG,JOSEA,ED,CBE,GLW,CSX,CMI,SCI,TGT,DE,D,DOV,DOW,DUK,ETN,ECL,PPW,PKI,EMR,ETR,FDX,FMC,NEE,TGNA,GPS,GD,GIS,GPC,GR,GT,HRZIQ,HAL,HRS,HNZ,HP,TCOMA,CNP,HUM,ITW,IR,FL,IFF,JCI,2200Q,KR,653707Q,LB,0598884D,0202445Q,2206Q,LOW,BDK,MMC,MAS,BNI,MDT,CVS,SGP,WYE,MSI,0226226D,ROH,THC,NWL,3517233Q,NEM,1073675D,1255173D,MER,NSC,3286728Q,3393199Q,WFC,204923Q,3022239Q,NUE,OXY,OKE,PCG,PH,HET,JCP,TRB,PEP,DJ,EXC,NYT,NAE,TEK,PHM,BOL,PBI,PNC,126784Q,PPG,0376152D,PEG,1618Q,MEL,RTN,RDC,R,PD,PGL,LUB,SHW,BLS,SNA,SO,CNW,STJ,SWK,0544749D,STI,SVU,SYY,CVGYQ,CAL,TXT,SAF,KRI,TJX,1312089D,TMK,HDLM,TYC,UNP,3080867Q,DCNAQ,MRNKQ,RBK,ZETHQ,WBA,BSET,WY,WHR,DALRQ,WMB,UCL,XRX,TOY,HTMXQ,WNDXQ,3621240Q,FWLT,WOR,JWN,748957Q,2727195Q,1199Q,AVATQ,297504Q,FJCC,8214761Q,INCLF,PDG,NEU,NL,1166Q,680884Q,HST,544791Q,2603Q,1051665D,KMRTQ,HM,BCO,RAL,329556Q,WETT,ENRNQ,PLL,677004Q,BNSSA,GWOW,950967Q,ARB,BAC1,OAT,0848680D,LDG,USG,292356Z,TRV,1255177D,VVI,CGP,253647Q,3253Q,PRDCQ,RML,923022Q,BHMSQ,PNAA,291784Q,FJ,NKE,2683Q,ACKH,SVFI,68335Q,2269312Q,UCM,236555Q,OWENQ,IKN,WLA,140402Q,TMC,RLM,667517Q,300583Q,CNRG,2755Q,3891289Q,2770014Q,0820143D,93916Q,363096Q,183291Q,3054Q,BKB,RYC,3459Q,375573Q,2972Q,2691Q,399463Q,MWI,896661Q,968734Q,611647Q,RBD,ORX,2500Q,231079Q,134618Q,1567Q,2251Q,2223Q,504369Q,2428Q,45861Q,2196Q,0943554D,3619382Q,WMX,2282655Q,2218Q,3520842Q,RHDCQ,DEC,PET,JH,2106Q,FG,2638Q,PAS,ECO,1802Q,DTE,FLMIQ,TXN,2822069Q,SRR,TDM,1974Q,334702Q,0111145D,210967Q,0961514D,MCAI,ITT,0203524D,316419Q,RSHCQ,1680Q,MEE,693365Q,RYAN,AALEA,BLY,THY,MDP,HAS,1513Q,VAT,2746Q,2784Q,1327Q,0440296D,1356Q,2987Q,FBO,1423Q,279776Q,1455Q,ZRN,1297Q,UPJ,KBH,2576Q,1456Q,CKL,CINL,2650Q,SKLNQ,1377Q,MAT,MXS,NEC,RRD,8375930Q,2245Q,1719Q,1856Q,2254Q,UALAQ,3691661Q,2340361Q,1671Q,CUE,IK,WAN_B,HBJ,1503Q,ASH,643319Q,HPC,2246800Q,1691Q,UIS,DDS,ADP,OMX,BC,CA,CCTYQ,TIN,0910150D,TXU,NAV,1281683D,LPX,CTB,AAPL,ADSK,CMCSA,ORCL,PCAR,1288652D,1028411Q,CR,DLX,TNB,FBF,MDR,AAMRQ,1013207D,PBY,263179Q,0964591D,USB,601964Q,JWPI,1958Q,X,1270Q,1291Q,1237Q,54279Q,UEP,723588Q,NOVL,FMCC,1284849D,KRB,AZA,AMGN,IPG,PX,GIDL,JAVA,370506Q,2292198Q,ABX,41018Q,2288005Q,3605818Q,929530Q,MCAWA,MS,SDH,CSCO,COST,CMCSK,MSFT,USHC,UNM,KEY,EMN,2745Q,WAI,202550Q,CBS,LUV,UNH,SIAL,NCC,3692470Q,1317355D,CIN,MU,BK,BSX,FTLAQ,CAR,L,COP,GPUI,ETS,SGID,LMT,LDWIF,DRI,2168Q,AMAT,228510Q,CMA,RNB,M,FCX,LSI,PPL,ALL,UMGI,285939Q,HIG,3147Q,TLAB,3346Q,2036Q,AON,EMC,WCOEQ,COMS,222435Q,69895Q,2964Q,FITB,TUP,TEN,LU,GDT,0872237D,2953349Q,BMG,ATI,ROK,62553Q,2009Q,HFS,MBI,MTG,DELL,AZO,EFX,CFC,SCHW,TMO,PVN,CAH,CNCEQ,3546Q,3179Q,ADBE,PTC,HLS,APC,WAMUQ,OMC,PGR,STT,3301Q,827663Q,YUM,FE,HBAN,APA,2968900Q,OI,BBT,244630Q,2284Q,SNV,KLAC,CINF,AEE,GRA,2942331Q,BIG,BEN,RX,GTW,NXTL,3075558Q,AFS,COF,390297Q,841273Q,MAR,SEE,SRE,MCO,SLM,LEHMQ,NTRS,NGH,BMC,CCL,CCE,DHR,KSS,3423152Q,HCR,2641504Q,3403545Q,SWY,AES,3029830Q,UPC,945852Q,TWX,355488Q,WM,NCE,PVT,548227Q,PAYX,SPLS,CPWR,DPHIQ,AFL,BBY,KSU,CTL,CMS,3133754Q,VMC,2676187Q,AGN,FPC,301710Q,MCK,ODP,NTAP,502466Q,EP,LEG,AW,PNW,TER,QTRN,COC,TOS,LXK,PTV,TROW,GBLXQ,SXCL,ADI,OK,RIG,CMVT,MOLX,ADCT,BBBY,QCOM,XLNX,CTXS,YHOO,LLTC,MXIM,1040983D,SAPE,HOG,TSG,2307532Q,MEDI,TIF,SEBL,MERQ,3153670Q,605018Q,BGEN,YNR,A,CVG,ALTR,NCR,1280712D,SBUX,SANM,BRCM,VSTNQ,BVSN,EOG,HOT,NI,KSE,CHIR,SYK,MET,JNS,0772031D,ABKFQ,4621824Q,NBR,PWER,DVN,RHI,2987536Q,CPNLQ,PALM,FRX,89236Q,RTN_B,AET,FLR,AYE,KG,DYNIQ,3414924Q,INTU,VIAV,QLGC,AMCC,VTSS,PBG,1293405D,JHF,MIRKQ,519239Q,NE,JBL,FTR,COL,CTAS,FISV,ZION,MWW,XL,EOP,IMNX,EQR,WAT,ZBH,JNY,GENZ,PMCS,NVDA,FDO,9876544D,TE,AWE,ABC,HMA,CIEN,BJS,TT,PCL,RATL,FHN,CB,SPG,MI,MWV,APOL,NFB,764144Q,TAP_B,PRU,UPS,PFG,DGX,GS,RAI,ANTM,MON,EA,EBAY,MKC,AN,AIV,FII,SYMC,MHS,BIIB,8394653Q,ESRX,8277831Q,SOV,CMX,MTB,VLO,HSP,RF,MYL,ETFC,GILD,FSH,XTO,CITGQ,LH,0574018D,FSL_B,8206908Q,LLL,COH,FOXA,NOV,SHLD,MUR,PSA,SSP,LEN,VNO,TSN,CVH,DHI,STZ,AMP,VIAB,GNW,WFT,PDCO,WFM,AMZN,VRSN,JNPR,HAR,KIM,LM,EQ,BRL,CBH,CHK,DF,SNDK,EL,BXP,CNX,GOOGL,SE,3362726Q,CELG,WU,CTSH,BTU,CBG,FIS,SII,STR,WYN,WIN,TEX,IAC,CME,DTV,MDLZ,PCP,VAR,TEG,AVB,ANF,RL,CHRW,HCBK,COV,SUNE,AIZ,ESV,TEL,DFS,DDR,GGP,AMT,NYX,JEC,LUK,NBL,TSO,TSS,GHC,EXPD,RRC,MCHP,TIE,AKAM,GME,ICE,POM,TDC,EXPE,MTW,ACAS,COG,HCP,SWN,CAM,LO,ISRG,PM,AKS,SNI,FAST,DPS,EQT,SCG,SJM,WEC,FLS,PBCT,XRAY,IVZ,FLIR,DVA,SRCL,APH,PXD,RSG,1255459D,NDAQ,CRM,DNB,CEPH,MA,MFE,WYNN,CF,HRL,ES,VTR,WDC,DV,HCN,DNR,ORLY,DO,IRM,PWR,TWC,FTI,TMUS,MJN,ARG,CLF,ROP,ROST,PCLN,RHT,LDOS,FSLR,V,CFN,BRK_B,CERN,URBN,QEP,KMX,NRG,DISCA,CVC,NFX,FFIV,NFLX,PLD,BLK,JOY,EW,CMG,ANRZQ,0867887D,MPC,DLTR,GAS,PRGO,BWA,ACN,MOS,TRIP,XYL,WPX,PSX,KMI,STX,FOSL,LRCX,1288453D,ALXN,CCI,ABBV,PETM,LYB,DG,ADT,KRFT,PNR,DLPH,GRMN,ZTS,GM,PVH,REGN,MAC,NWSA,AME,ALLE,MHK,VRTX,FB,DAL,KORS,ADS,9876549D,AVGO,UA,AMG,GOOG,TSCO,ESS,NAVI,GMCR,XEC,RCL,UHS,LVLT,URI,MNK,MLM,DISCK,HCA,QRVO,SLG,HBI,AAL,SWKS,HSIC,MNST,O,JBHT,BXLT,ENDP,EQIX,1436513D,1431816D,SPGI,1448062D
1990/S1,128,128,128,128,128,128,128,128,128,128,128,128,128,128,128,128,128,128,128,128,128,128,128,128,128,128,128,128,128,128,128,128,128,128,128,128,128,128,128,128,128,128,128,128,128,128,128,128,128,128,128,128,128,128,128,128,128,128,128,128,128,128,128,128,128,128,128,128,128,128,128,128,128,128,128,104,128,128,128,128,128,128,128,128,128,128,128,128,128,128,128,128,128,128,128,128,128,128,128,128,128,128,128,128,128,128,128,128,128,128,128,128,128,128,128,128,128,128,128,128,128,128,128,128,128,128,128,128,128,128,128,128,128,128,128,128,128,128,128,128,128,128,128,128,128,128,128,128,128,128,128,128,128,128,128,128,128,128,128,128,128,128,128,128,128,128,128,128,128,128,128,128,128,128,128,128,128,128,128,128,128,128,128,128,128,128,128,128,128,128,128,128,128,128,128,128,128,128,128,128,128,128,128,128,128,128,128,128,128,128,128,128,128,128,128,128,128,128,128,128,128,128,128,128,128,128,128,128,128,128,128,128,128,128,128,128,128,128,128,128,128,128,128,128,128,128,128,128,128,128,128,128,128,128,128,128,128,128,128,128,128,128,128,128,128,128,128,128,128,128,128,128,128,128,128,128,128,128,128,128,128,128,128,128,128,128,128,128,128,128,128,128,128,128,128,128,128,128,128,128,128,128,128,128,128,128,128,128,128,128,128,128,128,128,128,128,128,128,128,128,128,128,128,128,128,128,128,128,128,128,128,128,128,128,128,128,128,128,128,128,128,0,128,128,128,128,128,128,128,128,128,128,128,128,128,128,128,128,128,128,128,128,128,128,128,128,128,128,128,128,128,128,128,128,128,128,128,128,128,128,128,128,128,128,128,128,128,128,128,128,128,128,128,128,128,128,128,128,128,128,128,128,128,128,128,128,128,128,128,128,128,128,128,128,128,128,128,128,128,128,128,128,128,128,128,128,128,128,128,128,128,128,128,128,128,128,128,128,128,128,128,128,128,128,128,128,128,128,128,128,128,128,128,128,128,128,128,128,128,128,128,128,128,128,128,128,128,128,128,128,128,128,0,128,128,128,128,128,128,128,128,128,128,128,128,128,128,128,128,128,128,128,128,128,128,128,128,128,128,128,128,128,128,128,128,128,128,128,42,128,128,64,128,128,128,128,128,128,112,128,128,128,0,128,128,128,0,128,128,128,0,128,128,0,0,128,0,128,128,128,128,0,0,0,0,0,128,128,0,128,128,128,0,128,128,128,0,128,128,128,128,128,128,128,0,128,0,0,128,128,128,128,0,0,128,128,0,0,0,0,0,128,128,128,128,128,128,128,0,128,128,128,0,0,0,0,0,0,128,0,0,0,0,0,128,0,128,64,128,128,128,128,0,0,128,128,0,128,128,128,128,0,103,128,0,21,0,0,0,128,128,0,0,0,0,0,128,128,128,0,0,128,128,128,0,0,0,128,0,0,0,0,0,0,0,0,128,0,128,71,0,0,128,128,0,128,0,0,0,128,0,0,128,0,0,128,0,0,0,0,128,128,0,0,128,128,128,128,128,128,128,128,0,128,128,0,0,0,0,0,128,0,128,128,0,0,128,0,0,128,0,128,128,0,0,0,128,128,0,0,128,0,0,128,128,0,0,128,0,128,38,128,0,0,0,0,128,0,0,0,128,0,128,0,0,0,0,0,128,128,128,0,128,0,0,0,0,0,128,128,0,128,128,128,0,0,0,0,128,0,0,128,0,0,0,0,0,0,0,0,0,0,0,0,128,0,0,0,0,128,128,128,0,0,0,128,0,0,0,32,128,48,0,128,105,128,0,0,0,0,128,0,128,128,0,0,0,0,0,0,128,0,0,0,0,0,0,0,0,0,0,128,0,0,0,0,0,128,0,0,0,0,0,0,0,0,0,0,0,128,0,0,0,0,0,0,128,0,128,0,0,0,0,0,128,0,81,128,128,0,0,0,0,0,0,0,0,0,0,0,0,0,128,0,128,0,0,0,0,0,0,0,0,0,0,0,0,128,0,0,0,0,0,128,128,0,0,73,0,0,128,0,128,128,128,0,0,0,0,0,0,0,0,0,0,0,0,0,0,0,128,128,128,128,128,128,128,128,0,0,0,0,0,0,0,0,0,0,128,128,128,0,0,0,0,0,0,128,0,128,128,0,128,0,128,128,0,0,0,0,0,0,0,0,0,0,0,47,0,0,0,0,128,128,0,105,0,0,0,0,0,0,0,0,0,0,0,128,128,0,128,0,0,0,0,0,0,0,128,0,0,0,0,0,0,0,0,0,0,0,0,0,0,0,0,0,0,128,0,0,0,0,0,0,0,0,0,0,0,128,128,0,0,0,0,0,0,0,0,0,0,0,0,0,128,64,0,0,0,0,0,0,0,0,0,0,0,0,0,0,0,0,0,0,0,0,0,17,0,0,0,0,0,0,0,0,0,0,128,0,0,0,128,0,0,0,128,128,128,0
1990/S2,125,125,125,125,125,125,125,125,125,125,125,125,125,125,125,125,125,125,125,125,125,125,125,125,125,125,125,125,125,125,125,125,125,125,125,125,125,125,125,125,125,125,125,125,125,125,125,125,125,125,125,125,125,125,125,125,125,125,125,125,125,125,125,125,125,125,125,125,125,125,125,125,125,125,125,125,125,125,125,125,125,125,125,125,125,125,125,125,125,125,125,125,125,125,125,125,125,125,125,125,125,125,125,125,125,125,125,125,125,125,125,125,125,125,125,125,125,125,125,125,125,125,125,125,125,125,125,125,125,125,125,125,125,125,125,125,125,125,125,125,125,125,125,125,125,125,125,125,125,125,125,125,125,125,125,125,125,125,125,125,125,125,125,125,125,125,125,125,125,125,125,125,125,125,125,125,125,125,125,125,125,125,125,125,125,125,125,125,125,125,125,125,125,125,125,125,125,125,125,125,125,125,125,125,125,125,125,125,125,125,125,125,125,125,125,125,125,125,125,125,125,125,125,125,125,125,125,125,125,125,125,125,125,125,125,125,125,125,125,125,125,125,125,125,125,125,125,125,125,125,125,125,125,125,125,125,125,125,125,125,125,125,125,125,125,125,125,125,125,125,125,125,125,125,125,125,125,125,125,125,125,125,125,125,125,125,125,125,125,125,125,125,125,125,125,125,125,125,125,125,125,125,125,125,125,125,125,125,125,125,125,125,125,125,125,125,125,125,125,125,125,125,125,125,125,125,125,125,125,125,125,125,125,125,125,125,125,125,125,125,125,44,125,125,125,125,125,125,125,125,125,125,125,125,125,125,125,125,125,125,125,125,125,125,125,125,125,125,125,125,125,125,125,125,125,125,125,125,125,125,125,125,125,125,125,125,125,125,125,125,125,125,125,125,125,125,125,125,125,125,125,125,125,125,125,125,125,125,125,125,125,125,125,125,125,125,125,125,125,125,125,125,125,125,125,125,125,125,125,125,125,125,125,125,125,125,125,125,125,125,125,125,125,125,125,125,125,125,125,125,125,125,125,125,125,125,125,125,125,125,125,125,125,125,125,125,125,125,125,125,125,125,37,125,125,125,125,125,125,125,125,125,125,125,125,125,125,125,125,125,125,125,125,125,125,125,125,125,125,125,125,125,125,125,125,63,125,125,0,125,125,0,125,125,125,125,125,125,0,125,125,125,0,125,125,125,0,125,125,125,0,125,125,0,0,125,0,125,125,125,125,0,0,0,0,0,125,125,0,125,125,125,0,125,19,125,0,125,125,125,125,125,125,125,0,13,0,0,125,125,125,125,0,0,125,125,0,0,0,0,0,125,125,125,125,125,125,125,0,125,125,125,0,0,0,0,0,0,125,0,0,0,0,0,125,0,125,0,125,125,125,125,0,0,125,125,0,125,125,125,125,0,0,125,0,0,0,0,0,125,125,0,0,0,0,0,125,125,125,0,0,125,125,125,0,0,0,125,0,0,0,0,0,0,0,0,125,0,125,0,0,0,125,125,0,125,0,0,0,125,0,0,125,0,0,125,0,0,0,0,125,125,0,0,125,125,125,125,125,125,125,125,0,125,125,0,0,0,0,0,125,0,125,125,0,0,125,0,0,125,0,125,125,0,0,0,125,125,0,0,125,0,0,125,125,0,0,125,0,125,0,125,0,0,0,0,125,0,0,0,125,0,125,0,0,0,0,0,125,125,125,0,125,0,0,0,0,0,125,125,0,125,125,125,0,0,0,0,125,0,0,125,0,0,0,0,0,0,0,0,0,0,0,0,125,0,0,0,0,125,125,125,0,0,0,125,0,0,0,0,125,0,0,125,0,125,0,0,0,0,112,0,125,125,0,0,0,0,0,0,125,0,0,0,0,0,0,0,0,0,0,125,0,0,0,0,0,125,0,0,0,0,0,0,0,0,0,0,0,125,0,0,0,0,0,0,125,0,125,0,0,0,0,0,125,0,0,125,125,0,0,0,0,0,0,0,0,0,0,0,0,0,125,0,125,0,0,0,0,0,0,0,0,0,0,0,0,125,0,0,0,0,0,125,125,0,0,0,0,0,125,0,125,125,125,0,0,0,0,0,0,0,0,0,0,0,0,0,0,0,125,125,125,125,125,125,125,125,0,0,0,0,0,0,0,0,0,0,125,125,125,0,0,0,0,0,0,125,0,125,125,0,125,0,125,125,0,0,0,0,0,0,0,0,0,0,0,0,0,0,0,0,125,125,0,0,0,0,0,0,0,0,0,0,0,0,0,125,125,0,125,0,0,0,0,0,0,0,125,0,0,0,0,0,0,0,0,0,0,0,0,0,0,0,0,0,0,125,0,0,0,0,0,0,0,0,0,0,0,125,125,0,0,0,0,0,0,0,0,0,0,0,0,0,125,0,0,0,0,0,0,0,0,0,0,0,0,0,0,0,0,0,0,0,0,0,0,0,0,0,0,0,0,0,0,0,0,0,125,0,0,0,125,0,0,0,125,125,125,0
1991/S1,128,128,128,128,128,128,128,128,128,128,128,128,0,128,128,128,128,128,128,128,128,128,128,128,128,128,128,128,128,128,128,128,128,128,128,128,128,128,128,128,128,128,128,128,128,128,128,128,128,128,128,128,128,128,128,128,128,128,128,128,128,128,128,128,128,128,128,128,128,128,128,128,128,128,128,0,128,128,128,128,128,128,128,128,128,128,128,128,128,128,128,128,128,128,128,128,128,128,128,128,128,128,128,128,128,128,128,128,128,128,128,128,128,128,128,128,128,128,128,128,128,128,128,128,128,128,128,128,128,128,128,128,128,128,128,128,128,128,128,128,128,128,128,128,128,128,128,128,128,128,128,128,128,128,128,128,128,128,128,128,128,128,128,128,128,128,128,128,128,128,128,128,128,128,128,128,128,128,128,128,128,128,128,128,128,128,128,128,128,128,128,128,128,128,128,128,128,128,128,128,128,128,128,128,128,128,128,128,128,128,128,128,128,128,128,128,128,128,128,128,128,128,128,128,128,128,128,128,128,128,128,128,128,128,128,128,128,128,128,128,128,128,128,128,128,128,128,128,128,128,128,128,128,128,128,128,128,128,128,128,128,128,128,128,128,128,128,128,128,128,128,128,128,128,128,128,128,128,128,128,128,128,128,128,128,128,128,128,128,128,128,128,128,128,128,128,128,128,128,128,128,128,128,128,128,128,128,128,128,128,128,128,128,128,128,128,128,128,128,78,128,128,128,128,1,128,128,128,128,128,128,128,128,128,128,128,128,128,128,128,128,0,128,128,128,128,128,128,128,128,128,128,128,128,128,128,128,128,128,128,128,128,128,128,128,128,128,128,128,128,128,128,128,128,128,128,128,128,128,128,128,128,128,128,128,128,128,128,128,128,128,128,128,128,128,128,128,128,128,128,128,128,128,128,128,128,128,128,128,128,128,128,128,128,128,128,128,128,128,128,128,128,128,128,128,128,128,128,128,128,128,128,128,128,128,128,128,128,128,128,128,128,128,128,128,128,128,128,128,128,128,128,128,128,128,128,128,128,128,128,128,128,128,128,128,128,0,0,128,0,128,128,0,128,128,128,128,128,128,128,128,128,128,128,128,128,128,128,128,128,128,128,128,128,128,128,128,128,128,128,128,128,128,128,128,1,128,128,128,128,128,128,128,128,128,128,128,128,128,128,128,128,11,128,128,128,0,128,128,128,0,128,128,0,0,128,0,128,128,128,128,0,0,0,0,0,128,128,128,128,128,128,58,128,128,128,31,128,128,128,128,128,128,128,0,128,0,0,128,128,128,128,75,0,128,128,0,0,0,0,0,128,128,128,128,128,128,128,0,128,128,128,0,0,0,0,0,0,128,0,0,0,0,0,128,128,128,128,128,128,128,128,0,0,128,128,0,128,128,128,128,0,128,128,0,128,0,0,0,128,128,0,128,128,0,0,128,128,128,0,0,128,128,128,0,0,109,128,0,0,0,0,0,0,0,0,128,0,128,128,0,128,128,128,31,128,128,51,0,128,0,0,128,0,0,128,0,0,0,0,128,128,0,0,128,128,128,128,128,128,128,128,0,128,128,0,128,0,0,77,128,0,128,128,0,0,128,0,0,128,0,128,128,0,0,0,128,128,19,128,128,0,0,128,128,0,0,128,0,128,128,128,0,0,0,0,128,0,0,0,128,0,128,4,0,0,0,0,128,128,128,0,128,0,0,0,0,128,128,128,0,128,128,128,0,0,0,0,128,0,0,128,0,0,0,0,0,0,0,128,0,0,0,0,128,0,0,90,0,128,128,128,0,128,0,128,0,0,0,128,128,128,0,128,128,128,0,0,21,0,128,0,128,128,0,0,0,0,0,0,128,0,0,0,0,0,0,0,0,0,0,128,0,0,0,0,0,128,0,128,0,17,0,0,0,0,0,0,0,128,0,113,128,0,0,0,128,0,128,0,0,0,0,0,128,0,128,128,128,0,0,0,0,0,0,0,0,0,112,0,0,0,128,128,128,0,0,0,0,0,0,0,0,0,0,0,0,128,0,0,0,0,0,128,128,0,0,128,0,0,128,0,128,128,128,0,0,0,0,0,0,0,0,0,0,0,0,0,0,0,128,128,128,128,128,128,128,128,0,0,0,0,0,0,0,0,0,0,128,128,128,0,0,0,0,0,0,128,0,128,128,128,128,0,128,128,0,0,0,0,0,0,0,0,0,0,0,128,0,0,0,0,128,128,104,128,0,0,0,0,0,0,0,0,0,0,0,128,128,0,128,0,0,0,0,0,0,0,128,0,0,0,0,0,0,0,0,0,0,0,0,0,0,0,0,0,0,128,128,0,0,0,0,0,0,0,0,0,0,128,128,0,0,0,0,0,0,0,0,0,0,0,0,0,128,128,0,0,0,0,0,128,0,0,0,0,0,0,0,0,0,0,0,0,0,0,0,128,0,0,0,0,0,0,0,0,0,0,128,0,0,0,128,0,0,0,128,128,128,0
1991/S2,126,126,126,126,126,126,126,126,126,126,126,126,86,126,126,126,126,126,126,126,126,126,126,126,126,126,126,126,126,126,126,126,126,126,126,126,126,126,126,126,126,126,126,126,126,126,126,126,126,126,126,126,126,126,126,126,126,126,126,126,126,126,126,126,126,126,126,126,126,126,126,126,126,126,126,0,126,126,126,126,126,126,126,126,126,126,126,126,126,126,126,126,126,126,126,126,126,126,126,126,126,126,126,126,126,126,126,126,126,126,126,126,126,126,126,126,126,126,126,126,126,126,126,126,126,126,126,126,126,126,126,126,126,126,126,126,126,126,126,126,126,126,126,126,126,126,126,126,126,126,126,126,126,126,126,126,126,126,126,126,126,126,126,126,126,126,126,126,126,126,126,126,126,126,126,126,126,126,126,126,126,126,126,126,126,126,126,126,126,126,126,126,126,126,126,126,126,126,126,126,126,126,126,126,126,126,126,126,126,126,126,126,126,126,126,126,126,126,126,126,126,126,126,126,126,126,126,126,126,126,126,126,126,126,126,126,126,126,126,126,126,126,126,126,126,126,126,126,126,126,126,126,126,126,126,126,126,126,126,126,126,126,126,126,126,126,126,126,126,126,126,126,126,126,126,126,126,126,126,126,126,126,126,126,126,126,126,126,126,126,126,126,126,126,126,126,126,126,126,126,126,126,126,126,126,126,126,126,126,126,126,126,126,126,126,126,126,126,126,126,126,126,126,126,126,126,126,126,126,126,126,126,126,126,126,126,126,126,126,126,126,0,126,126,126,126,126,126,126,126,126,126,126,126,126,126,126,126,126,126,126,126,126,126,126,126,126,126,126,126,126,126,126,126,126,126,126,126,126,126,126,126,126,126,126,126,126,126,126,126,126,126,126,126,126,126,126,126,126,126,126,126,126,126,126,126,126,126,126,126,126,126,126,126,126,126,126,126,126,126,126,126,126,126,126,126,126,126,126,126,126,126,126,126,126,126,126,126,126,126,126,126,126,126,126,126,126,126,126,126,126,126,126,126,126,126,126,126,126,126,126,126,126,126,126,126,103,56,126,23,126,126,0,126,126,126,126,126,126,126,126,126,126,126,126,126,126,126,126,126,126,126,126,126,126,126,126,126,126,126,126,126,126,126,126,126,126,126,126,126,126,126,126,126,126,126,126,126,126,126,126,126,0,126,126,126,0,126,126,126,0,126,126,0,0,126,0,126,126,126,126,0,0,0,0,0,126,126,56,126,126,126,0,126,126,126,0,126,126,126,126,126,126,126,0,126,0,0,126,126,126,126,0,0,126,126,0,0,0,0,0,126,126,126,126,126,126,126,0,126,126,126,0,0,0,0,0,0,126,0,0,0,0,0,126,101,126,126,126,126,126,126,0,0,126,126,0,126,126,126,126,0,126,126,0,126,0,0,0,126,126,0,13,58,0,0,126,126,126,0,0,126,126,126,0,0,0,126,0,0,0,0,0,0,0,0,126,0,126,126,0,23,126,126,0,126,50,0,0,126,0,0,126,0,0,126,0,0,0,0,126,126,0,0,126,126,126,126,126,126,126,126,0,126,126,0,13,0,0,0,126,0,126,126,0,0,126,0,0,126,0,126,126,0,0,0,126,126,0,12,126,0,0,126,126,0,0,126,0,126,126,126,0,0,0,0,126,0,0,0,126,0,126,0,0,0,0,0,126,126,126,0,126,0,0,0,0,120,126,126,0,126,126,126,0,0,0,0,126,0,0,126,0,0,0,0,0,0,0,13,0,0,0,0,126,0,0,0,0,126,126,126,0,114,0,126,0,0,0,126,126,126,0,126,126,126,0,0,0,0,126,0,126,126,0,0,0,0,0,0,126,0,0,0,0,0,0,0,0,0,0,126,0,0,0,0,0,126,0,73,0,0,0,0,0,0,0,0,0,126,0,0,8,0,0,0,126,0,126,0,0,0,0,0,126,0,126,126,126,0,0,0,0,0,0,0,0,0,0,0,0,0,126,25,126,0,0,0,0,0,0,0,0,0,0,0,0,126,0,0,0,0,0,126,126,0,0,126,0,0,126,0,126,126,126,0,0,0,0,0,0,0,0,0,0,0,0,0,0,0,126,126,126,126,126,126,126,126,0,0,0,0,0,0,0,0,0,0,126,126,126,0,0,0,0,0,0,126,0,126,126,62,126,0,126,126,0,0,0,0,0,0,0,0,0,0,0,126,0,0,0,0,126,126,0,126,0,0,0,0,0,0,0,0,0,0,0,126,126,0,126,0,0,0,0,0,0,0,126,0,0,0,0,0,0,0,0,0,0,0,0,0,0,0,0,0,0,126,9,0,0,0,0,0,0,0,0,0,0,126,126,0,0,0,0,0,0,0,0,0,0,0,0,0,126,126,0,0,0,0,0,111,0,0,0,0,0,0,0,0,0,0,0,0,0,0,0,126,0,0,0,0,0,0,0,0,0,0,126,0,0,0,126,0,0,0,126,126,126,0
1992/S1,128,128,128,128,128,128,128,128,128,128,128,128,0,128,128,128,128,128,128,128,128,128,128,128,128,128,128,128,128,128,128,128,128,128,128,128,128,128,128,128,128,128,128,128,128,128,128,128,128,128,128,128,128,128,128,128,128,128,128,128,128,128,128,128,128,128,128,128,128,128,128,128,128,128,128,0,128,128,128,128,128,128,128,128,128,128,128,128,128,128,128,128,128,128,128,128,128,128,128,128,128,128,128,128,128,128,128,128,128,128,128,128,128,128,128,128,128,128,128,128,128,128,128,128,128,128,128,128,128,128,128,128,128,128,128,128,128,128,128,128,128,128,128,128,128,128,128,128,128,128,128,128,128,128,128,128,128,128,128,128,128,128,128,128,128,128,128,128,128,128,128,128,128,128,128,128,128,128,128,128,128,128,128,128,128,128,128,128,128,128,128,128,128,128,128,128,128,128,128,128,128,128,128,128,128,128,128,128,128,128,128,128,128,128,128,128,128,128,128,128,128,128,128,128,128,128,128,128,128,128,128,128,128,128,128,128,128,128,128,128,128,128,128,128,128,128,128,128,128,128,128,128,128,128,128,128,128,128,128,128,128,128,128,128,128,128,128,128,128,128,128,128,128,128,128,128,128,128,128,128,128,128,128,128,128,128,128,128,128,128,128,128,128,128,128,128,128,128,128,128,128,128,128,128,128,128,128,128,128,128,128,0,128,128,128,128,128,128,128,0,128,128,128,128,0,128,128,128,128,128,128,128,128,128,128,128,128,128,128,128,128,0,128,128,128,128,128,128,128,128,128,128,128,128,128,128,128,128,128,128,128,128,128,128,128,128,128,128,128,128,128,128,128,128,128,128,128,128,128,128,128,128,128,128,128,128,128,128,128,128,128,128,128,128,128,128,128,128,128,128,128,128,128,128,128,128,128,128,128,128,128,128,128,128,128,128,128,128,128,128,128,128,128,128,128,128,128,128,128,128,128,128,128,128,128,128,128,128,128,128,128,128,128,128,128,128,128,128,128,128,128,128,128,128,128,128,128,128,128,128,128,128,128,128,128,128,0,0,128,0,128,128,0,128,128,128,128,128,128,128,128,128,128,128,128,128,128,128,128,128,128,128,128,128,128,128,128,128,128,128,128,128,128,128,128,0,128,128,128,128,128,128,128,128,128,128,128,128,128,128,128,128,128,128,128,128,82,128,128,128,0,128,128,91,0,128,0,128,128,128,128,128,0,0,0,0,128,128,128,128,128,128,128,128,128,128,128,128,128,128,128,128,128,128,0,128,0,0,128,128,128,128,128,0,128,128,21,0,0,0,0,128,128,128,128,128,128,128,0,128,128,128,0,0,0,0,0,0,128,0,0,0,0,128,128,128,128,128,128,128,128,128,0,0,128,128,0,128,128,128,128,0,128,128,0,128,0,0,0,128,128,0,128,128,0,104,128,128,128,0,0,128,128,128,0,0,128,128,0,0,69,0,0,0,0,0,128,0,128,128,0,128,128,128,128,128,128,128,0,128,0,128,128,0,0,128,0,0,128,128,128,128,128,0,128,128,128,128,128,128,128,128,0,128,128,0,128,0,106,128,128,0,128,128,0,0,128,0,0,128,0,128,128,0,24,128,128,128,128,128,128,0,0,128,128,0,0,128,0,128,128,128,0,0,0,0,128,0,0,0,128,0,128,128,56,0,0,0,128,128,128,0,128,0,0,0,0,128,128,128,0,128,128,128,0,0,0,0,128,0,0,128,0,0,0,78,0,0,0,128,0,0,0,0,128,0,0,128,0,128,128,128,0,128,0,128,0,0,0,128,128,128,0,128,128,128,0,0,128,0,128,0,128,128,0,69,0,0,0,0,128,0,0,0,0,0,0,0,0,0,0,128,0,0,0,0,0,128,0,128,0,128,0,0,0,0,0,0,0,128,0,128,128,36,0,0,128,0,128,0,0,0,0,0,128,0,128,128,128,0,0,0,0,0,0,0,0,128,128,0,0,0,128,128,128,0,0,0,0,0,0,0,0,0,0,0,0,128,0,0,0,0,0,128,128,0,0,128,115,0,128,0,128,128,128,0,0,0,0,0,0,0,0,0,0,0,104,59,0,0,128,128,128,128,128,128,128,128,73,0,0,0,0,0,0,0,25,0,128,128,128,0,0,0,0,0,0,128,0,128,128,128,128,0,128,128,0,8,0,0,0,0,0,0,0,0,0,128,0,0,0,0,128,128,128,128,0,128,0,48,0,0,0,0,0,0,0,128,128,0,128,0,0,0,0,0,0,0,128,0,0,0,0,0,0,0,0,0,0,0,0,0,0,0,0,0,0,128,128,0,0,0,0,0,0,0,0,0,59,128,128,0,0,0,0,0,0,0,0,0,0,0,0,0,128,128,0,0,0,0,0,128,0,0,0,0,0,0,0,0,0,0,0,0,0,0,46,128,0,0,0,0,0,0,0,0,0,0,128,0,128,0,128,0,0,0,128,128,128,0
1992/S2,124,124,124,124,124,124,124,124,124,124,124,124,0,124,124,124,124,124,124,124,124,124,124,124,124,124,124,124,124,124,124,124,124,124,124,124,124,124,124,124,124,124,124,124,124,124,124,124,124,124,124,124,124,124,124,124,124,124,124,124,124,124,124,124,124,124,124,124,124,124,124,124,124,124,124,0,124,124,124,124,124,124,124,124,124,124,124,124,124,124,124,124,124,124,124,124,124,124,124,124,124,124,124,124,124,124,124,124,124,124,124,124,124,124,124,124,124,124,124,124,124,124,124,124,124,124,124,124,124,124,124,124,124,124,124,124,124,124,124,124,124,124,124,124,124,124,124,124,124,124,124,124,124,124,124,124,124,124,124,124,124,124,124,124,124,124,124,124,124,124,124,124,124,124,124,124,124,124,124,124,124,124,124,124,124,124,124,124,124,124,124,124,124,124,124,124,124,124,124,124,124,124,124,124,124,124,124,124,124,124,124,124,124,124,124,124,124,124,124,124,124,124,124,124,124,124,124,124,124,124,124,124,124,124,124,124,124,124,124,124,124,124,124,124,124,124,124,124,124,124,124,124,124,124,124,124,124,124,124,124,124,124,124,124,124,124,124,124,124,124,124,124,124,124,124,124,124,124,124,124,124,124,124,124,124,124,124,124,124,124,124,124,124,124,124,124,124,124,124,124,124,124,124,124,124,124,124,124,124,124,124,84,124,124,124,124,124,124,124,0,124,124,124,124,0,124,124,124,124,124,124,124,124,124,124,124,124,124,124,124,124,0,124,124,124,124,124,124,124,124,124,124,124,124,124,124,124,124,124,124,124,124,124,124,124,124,124,124,124,124,124,124,124,124,124,124,124,124,124,124,124,124,124,124,124,124,124,124,124,124,124,124,124,124,124,124,124,124,124,124,124,124,124,124,124,124,124,124,124,124,124,124,124,124,124,124,124,124,124,124,124,124,124,124,124,124,124,124,124,124,124,124,124,124,124,124,124,124,124,124,124,124,124,124,124,124,124,124,124,124,124,124,124,124,124,124,124,124,124,124,124,124,124,124,124,124,0,0,124,0,124,124,0,124,124,124,124,124,124,124,124,124,124,124,124,124,124,124,124,124,124,124,124,124,124,124,124,124,124,124,124,124,124,124,124,0,124,124,124,124,124,124,124,124,124,124,124,124,124,124,124,124,124,124,124,124,0,124,124,124,0,124,124,0,0,124,0,124,124,124,124,83,0,0,0,0,124,124,124,124,124,124,124,124,124,124,124,124,124,124,124,124,124,124,0,124,0,0,124,124,124,124,124,0,124,124,0,0,0,0,0,124,124,124,124,124,124,124,0,124,124,124,0,0,0,0,0,0,124,0,0,0,0,12,124,124,124,124,124,124,124,124,0,0,124,124,0,124,124,124,124,0,124,124,0,124,0,0,0,124,124,0,124,124,0,0,124,124,124,0,0,124,124,124,0,0,124,124,0,0,0,0,0,0,0,0,124,0,124,124,0,124,124,124,124,124,124,124,0,124,0,26,124,0,0,124,0,0,90,77,124,124,8,0,124,124,124,124,124,124,124,124,0,124,124,0,124,0,0,124,124,0,124,124,0,0,124,0,0,124,0,124,124,0,0,114,124,124,124,124,124,0,0,124,124,0,0,124,0,124,124,124,0,0,0,0,124,0,0,0,124,0,124,124,0,0,0,0,124,124,124,0,124,0,0,0,0,124,124,124,0,124,124,124,0,0,0,0,124,0,0,124,0,0,0,0,0,0,0,124,0,0,0,0,124,0,0,124,0,124,124,124,0,124,0,124,0,0,0,124,124,124,0,124,124,124,0,0,124,0,124,0,124,124,0,0,0,0,0,0,124,0,0,0,0,0,0,0,0,0,0,124,0,0,0,0,0,124,0,124,0,124,0,0,0,0,0,0,0,124,0,124,124,0,0,0,124,0,124,0,0,0,0,0,124,0,124,124,124,0,0,0,0,0,0,0,0,42,124,0,0,0,124,124,124,0,0,0,0,0,0,0,0,0,0,0,0,124,0,0,0,0,0,124,124,0,0,124,0,0,124,0,124,124,124,0,0,0,0,0,0,0,0,0,0,0,0,0,0,0,124,124,124,124,124,124,124,124,0,0,0,0,0,0,0,0,0,0,124,124,124,0,0,0,0,0,0,124,0,124,124,124,124,0,124,124,0,0,0,0,0,0,0,0,0,0,0,124,0,0,0,0,124,124,124,124,0,7,0,0,0,0,0,0,0,0,0,124,124,0,124,0,0,0,0,0,0,0,124,0,0,0,0,0,0,0,0,0,0,0,0,0,0,0,0,0,0,124,124,0,0,0,0,0,0,0,0,0,0,124,124,0,0,0,0,0,0,0,0,0,0,0,0,0,124,124,0,0,0,0,0,124,0,0,0,0,0,0,0,0,0,0,0,0,0,0,0,124,0,0,0,0,0,0,0,0,0,0,124,0,114,0,124,0,0,0,124,124,124,0
1993/S1,127,127,127,127,127,127,127,127,127,127,127,127,0,127,127,127,127,127,127,127,127,127,127,127,127,127,127,127,127,127,127,127,127,127,127,127,127,127,127,127,127,127,127,127,127,127,127,127,127,127,127,127,127,127,127,127,127,127,127,127,127,127,127,127,127,127,127,127,127,127,127,127,127,127,75,0,127,127,127,127,127,127,127,127,127,127,127,127,127,127,127,127,127,127,127,127,127,127,127,127,127,127,127,127,127,127,127,127,127,127,127,127,127,127,127,127,127,127,127,127,127,127,127,127,127,127,127,127,127,127,127,127,127,127,127,127,127,127,127,127,127,127,127,127,127,127,127,127,127,127,127,127,127,127,127,127,127,127,127,127,127,127,127,127,127,127,127,127,127,127,127,127,127,127,127,127,127,127,127,127,127,127,127,127,127,127,127,127,127,127,127,127,127,127,127,127,127,127,127,127,127,127,127,127,127,127,127,127,127,127,127,127,127,127,127,127,127,127,127,127,127,127,127,127,127,127,127,127,127,127,127,127,127,127,127,127,127,127,127,127,127,127,127,127,127,127,127,127,127,127,127,127,127,127,127,127,127,127,127,127,127,127,127,127,127,127,127,127,127,127,127,127,127,127,127,127,127,127,127,127,127,127,127,127,127,127,127,127,127,127,127,127,127,127,127,127,127,127,127,127,0,127,127,127,0,127,127,127,127,127,127,0,127,127,127,127,127,127,127,0,127,127,127,127,0,127,127,127,127,127,127,127,127,127,127,127,127,127,127,127,127,0,127,127,127,127,127,127,127,127,127,127,127,127,127,127,127,127,127,127,127,127,127,127,127,127,127,127,127,127,127,127,127,127,127,127,127,127,127,127,127,127,127,127,127,127,127,127,127,127,127,127,127,127,127,127,127,127,127,127,127,127,127,127,127,127,127,127,127,127,127,127,127,127,127,127,127,127,127,127,127,127,127,127,127,127,127,127,127,127,127,127,127,127,127,127,127,127,127,127,127,127,127,127,127,127,127,127,127,127,127,127,127,127,127,127,127,127,127,127,127,2,127,0,127,0,0,0,127,0,127,127,0,127,127,127,127,127,127,127,127,127,127,127,127,127,127,127,127,127,127,127,127,127,127,127,127,127,127,127,127,127,127,127,127,0,0,127,127,127,127,127,127,127,127,127,127,127,127,127,127,127,127,127,127,127,0,127,127,127,127,127,127,127,127,127,127,127,127,127,127,127,125,60,72,11,127,127,127,127,127,127,127,127,127,127,127,127,127,127,127,127,127,127,0,127,0,0,127,127,127,127,127,0,127,127,127,0,0,0,0,127,127,127,127,127,127,127,4,127,127,127,0,0,0,0,0,0,127,0,0,0,0,127,127,127,127,127,127,127,127,127,0,0,127,127,0,127,127,127,127,0,127,127,0,127,0,0,0,127,127,0,127,127,0,127,127,127,127,0,0,127,127,127,0,0,127,127,0,0,127,0,0,0,0,0,127,23,127,127,0,127,127,127,127,127,127,127,0,127,0,127,127,103,0,127,127,0,127,127,127,127,127,0,127,127,127,127,127,127,127,127,0,127,127,0,127,0,127,127,127,0,127,127,49,0,127,0,0,127,0,127,127,0,127,127,127,127,127,127,127,0,0,127,127,0,0,127,0,127,127,127,0,127,127,0,127,0,0,0,127,0,127,127,127,0,0,0,127,127,127,0,127,0,0,0,0,127,127,127,0,127,127,127,0,0,0,0,127,0,0,127,0,127,0,127,127,86,0,127,0,0,0,0,127,0,0,127,0,127,127,127,0,127,0,127,127,0,0,127,127,127,0,127,127,127,0,0,127,0,127,0,127,127,0,127,127,0,0,0,127,0,0,0,0,0,0,0,0,0,0,127,0,0,0,0,0,127,0,127,63,127,0,0,0,0,0,0,0,127,0,127,127,127,0,0,127,0,127,0,0,0,0,0,127,0,127,127,127,0,0,0,0,0,0,0,16,127,127,0,0,0,127,127,127,0,0,0,0,0,0,0,0,0,0,0,0,127,0,0,0,0,0,127,127,0,0,127,127,0,127,0,127,127,127,77,0,0,0,0,0,0,0,0,0,0,127,127,0,0,127,127,127,127,127,127,127,127,127,0,0,0,0,0,0,0,127,0,127,127,127,0,0,0,0,0,0,127,0,127,127,127,127,0,127,127,0,127,0,0,0,0,0,0,0,0,0,127,0,0,0,0,127,127,127,127,0,127,0,127,0,0,0,0,0,0,0,127,127,0,127,0,0,0,0,0,0,0,127,127,0,0,0,0,0,127,0,0,0,0,0,0,0,0,0,0,0,127,127,127,0,0,0,0,0,0,0,0,127,127,127,0,0,0,127,0,0,0,0,0,0,0,0,0,127,127,78,0,0,0,0,127,0,0,0,0,0,0,0,0,0,91,18,0,127,0,127,127,0,0,0,92,0,0,0,0,0,0,127,0,127,0,127,0,0,0,127,127,127,0
1993/S2,125,125,125,125,125,125,125,125,125,125,125,125,0,125,125,125,125,125,125,125,125,125,125,125,125,125,125,125,125,125,125,125,125,125,125,125,125,125,125,125,125,125,125,125,125,125,125,125,125,125,125,125,125,125,125,125,125,125,125,125,125,125,125,125,125,125,125,125,125,125,125,125,125,125,125,0,125,125,125,125,125,125,125,125,125,125,125,125,125,125,125,125,125,125,125,125,125,125,125,125,125,125,125,125,125,125,125,125,125,125,125,125,125,125,125,125,125,125,125,125,125,125,125,125,125,125,125,125,125,125,125,125,125,125,125,125,125,125,125,125,125,125,125,125,125,125,125,125,125,125,125,125,125,125,125,125,125,125,125,125,125,125,125,125,125,125,125,125,125,125,125,125,125,125,125,125,125,125,125,125,125,125,125,125,125,125,125,125,125,125,125,125,125,125,125,125,125,125,125,125,125,125,125,125,125,125,125,125,125,125,125,125,125,125,125,125,125,125,125,125,125,125,125,125,125,125,125,125,125,125,125,125,125,125,125,125,125,125,125,125,125,125,125,125,125,125,125,125,125,125,125,125,125,125,125,125,125,125,125,125,125,125,125,125,125,125,125,125,125,125,125,125,125,125,125,125,125,125,125,125,125,125,125,125,125,125,125,125,125,125,125,125,125,125,125,125,125,125,125,125,98,125,125,125,78,125,125,125,125,125,125,0,125,125,125,125,125,125,125,0,125,125,125,125,0,125,125,125,125,125,125,125,125,125,125,125,125,125,125,125,125,0,125,125,125,125,125,125,125,125,125,125,125,125,125,125,125,125,125,125,125,125,125,125,125,125,125,125,125,125,125,125,125,125,125,125,125,125,125,125,125,125,125,125,125,125,125,125,125,125,125,125,125,125,125,125,125,125,125,125,125,125,125,125,125,125,125,125,125,125,125,125,125,125,125,125,125,125,125,125,125,125,125,125,125,125,125,125,125,125,125,125,125,125,125,125,125,125,125,125,125,125,125,125,125,125,125,125,125,125,125,125,125,125,125,125,125,125,125,125,125,125,125,63,125,55,0,0,125,0,125,125,0,125,125,125,125,125,125,125,125,125,125,125,125,125,125,125,125,125,125,125,125,125,125,125,125,125,125,125,125,125,125,125,125,0,69,125,125,125,125,125,125,125,125,125,125,125,125,125,125,125,125,125,125,125,42,125,125,125,118,125,125,125,55,125,47,125,125,125,125,125,0,0,0,0,125,125,125,125,125,125,125,125,125,125,125,125,125,125,125,125,125,125,0,125,0,0,125,125,125,125,125,0,125,125,125,0,0,0,0,125,125,125,125,125,125,125,0,125,125,125,0,0,0,0,0,0,125,0,0,0,0,125,125,125,125,125,125,125,125,125,0,0,125,125,0,125,125,125,125,0,125,125,0,125,0,0,0,125,125,0,125,125,0,125,125,125,125,0,0,125,125,125,0,0,125,125,0,0,125,0,0,0,0,0,125,0,125,125,0,125,125,125,125,125,125,125,0,125,0,125,125,0,0,125,114,0,125,125,125,125,125,0,125,125,125,125,125,125,125,125,0,125,125,0,125,0,125,125,125,0,125,125,0,0,125,0,0,125,0,125,125,0,125,125,125,125,125,125,125,0,0,125,125,0,0,125,0,125,125,125,0,42,14,0,125,0,0,0,125,0,125,125,125,0,0,0,125,125,125,0,125,0,0,0,0,125,125,125,0,125,125,125,0,0,0,0,125,0,0,125,0,34,0,125,29,0,0,125,0,0,0,0,125,0,0,125,0,125,125,125,0,125,0,125,97,0,0,125,125,125,0,125,125,125,0,0,125,0,125,0,125,125,0,125,11,0,0,0,125,0,0,0,0,0,0,0,0,0,0,125,0,0,0,0,0,125,0,125,0,125,0,0,0,0,0,0,0,125,0,125,125,125,0,0,125,0,125,0,0,0,0,0,125,0,125,125,125,0,0,0,0,0,0,0,0,125,125,0,0,0,125,125,125,0,0,0,0,0,0,0,0,0,0,0,0,125,0,0,0,0,0,125,125,0,0,125,125,0,125,0,125,125,125,0,0,0,0,0,0,0,0,0,0,0,125,125,0,0,125,125,125,125,125,125,125,125,125,0,0,0,0,0,0,0,125,0,125,125,125,0,0,0,0,0,0,125,0,125,125,125,125,0,125,125,0,125,0,0,0,0,0,0,0,0,0,125,0,0,0,0,125,125,125,125,0,125,0,125,0,0,0,0,0,0,0,125,125,0,125,0,0,0,0,0,0,0,125,35,0,0,0,0,0,32,0,0,0,0,0,0,0,0,0,0,0,125,125,96,0,0,0,0,0,0,0,0,125,125,125,0,0,0,111,0,0,0,0,0,0,0,0,0,125,125,0,0,0,0,0,125,0,0,0,0,0,0,0,0,0,0,0,0,70,0,125,125,0,0,0,0,0,0,0,0,0,0,125,0,125,0,125,0,0,0,125,125,125,0
1994/S1,126,126,126,126,126,126,126,126,126,126,126,126,0,126,126,126,126,126,126,126,126,126,126,126,126,126,126,126,126,126,126,126,126,126,126,126,126,126,126,126,126,126,126,126,126,126,126,126,126,126,126,126,126,126,126,126,126,126,126,126,126,126,126,126,126,126,126,126,126,126,126,126,52,0,0,0,126,126,126,126,126,126,126,126,126,126,126,126,126,126,126,126,126,126,126,126,126,126,126,126,126,126,126,126,126,126,126,126,126,126,126,126,126,126,126,126,126,126,126,126,126,126,126,126,126,126,126,126,126,126,126,126,126,126,126,126,126,126,126,126,126,126,126,126,126,126,126,126,126,126,126,126,126,126,126,126,126,126,126,126,126,126,126,126,126,126,126,126,126,126,126,126,126,126,126,126,126,126,126,126,126,126,126,126,126,126,126,126,126,126,126,126,126,126,126,126,126,126,126,126,126,126,126,126,126,126,126,126,126,126,126,126,126,126,126,126,126,126,126,126,126,126,126,126,126,126,126,126,126,126,126,126,126,126,126,126,126,126,126,126,126,126,126,126,126,126,126,126,126,126,126,126,126,126,126,126,126,126,126,126,126,126,126,126,126,126,126,126,126,126,126,126,126,126,126,126,126,126,126,126,126,126,126,126,126,126,126,126,126,126,126,0,126,126,126,126,126,126,126,126,0,126,126,126,0,126,126,126,126,126,126,0,126,126,126,126,126,126,126,0,126,126,126,126,0,126,126,126,126,126,126,126,126,126,126,126,126,126,126,126,126,0,126,126,126,126,126,126,126,126,126,126,126,126,126,126,126,126,126,126,126,126,126,126,126,126,126,126,126,126,126,126,126,126,126,126,126,126,126,126,126,126,126,126,126,126,126,126,126,126,126,126,126,126,126,126,126,126,126,126,126,126,126,126,126,126,126,126,126,126,126,126,126,126,126,126,126,126,126,126,126,126,126,126,126,126,126,126,126,126,126,126,126,126,126,126,126,126,126,126,126,126,126,126,126,102,91,89,126,52,126,111,126,126,126,51,0,0,0,126,126,0,0,0,126,0,0,0,126,0,126,126,0,126,126,126,126,126,126,126,126,126,126,126,126,126,126,126,126,126,126,126,126,126,126,126,126,126,126,126,126,126,126,126,126,0,0,126,126,126,83,126,0,126,126,126,126,126,126,126,126,126,126,126,126,126,0,126,126,126,126,126,0,126,126,126,126,126,126,126,126,126,126,126,126,126,126,126,126,126,126,126,126,126,126,126,126,126,126,126,126,126,126,126,74,126,37,126,126,126,126,126,126,0,126,126,126,0,0,0,0,126,126,126,126,126,126,126,126,126,126,126,0,0,0,126,126,0,126,0,0,0,0,126,126,126,126,126,126,126,126,126,0,126,126,126,0,126,126,126,126,126,126,126,95,126,0,0,0,126,126,126,126,126,126,126,126,126,126,0,0,126,126,126,0,0,126,126,0,126,126,126,0,0,0,0,126,126,126,126,126,126,126,126,126,126,126,126,0,126,0,126,126,126,0,126,126,0,126,126,126,126,126,0,126,126,126,126,126,126,126,126,0,126,126,124,126,0,126,126,126,0,126,126,126,0,126,0,0,126,0,126,126,0,126,126,126,126,126,126,126,0,0,126,126,0,0,126,0,126,126,126,0,126,126,0,126,0,0,0,126,0,126,126,126,0,0,0,126,126,126,0,126,0,0,0,0,126,126,126,0,126,126,126,0,0,0,0,126,0,0,126,0,126,0,126,126,126,0,126,0,0,0,0,126,0,0,126,0,126,126,126,0,126,0,126,126,0,0,126,126,126,0,126,126,126,0,0,126,0,126,102,126,126,0,126,126,0,0,126,126,0,0,0,0,0,0,0,0,0,0,126,0,0,0,126,0,126,0,126,126,126,0,0,0,0,0,0,0,126,0,126,126,126,0,43,126,0,126,0,0,126,0,0,126,126,126,126,126,0,0,0,0,0,0,0,126,126,126,0,0,0,126,126,126,0,0,0,44,0,0,0,0,0,0,0,0,126,0,0,0,0,0,126,126,0,0,126,126,0,126,0,126,126,126,126,0,0,0,0,0,0,0,0,0,0,126,126,0,0,126,126,126,126,126,126,126,126,126,0,0,0,0,0,0,0,126,0,126,126,126,0,0,0,0,60,0,126,0,126,126,126,126,0,126,126,0,126,0,0,0,0,0,0,0,0,0,126,0,0,0,0,126,126,126,126,0,126,0,126,0,0,0,0,0,0,0,126,126,0,126,0,0,0,0,0,0,0,126,126,0,0,0,0,0,126,0,0,0,0,0,0,0,0,0,0,81,126,126,126,0,0,0,0,0,126,0,0,126,126,126,0,0,0,126,0,0,0,0,0,0,29,0,0,126,126,126,0,0,0,0,126,0,0,0,0,0,0,0,0,0,126,126,0,126,0,126,126,0,0,0,126,0,0,0,0,0,0,126,0,126,126,126,0,0,0,126,126,126,0
1994/S2,126,126,126,126,126,126,126,126,126,126,126,126,0,126,126,126,126,126,126,126,126,126,126,126,126,126,126,126,126,126,126,126,126,126,126,126,126,126,126,126,126,126,126,126,126,126,126,126,126,126,126,126,126,126,126,126,126,126,126,126,126,126,126,126,126,126,126,126,126,126,126,126,126,84,0,0,126,126,126,126,126,126,126,126,126,126,126,126,126,126,126,126,126,126,126,126,126,126,126,126,126,126,126,126,126,126,126,126,126,126,126,126,126,126,126,126,126,126,126,126,126,126,126,126,126,126,126,126,126,126,126,126,126,126,126,126,126,126,126,126,126,126,126,126,126,126,126,126,126,126,126,126,126,126,126,126,126,126,126,126,126,126,126,126,126,126,126,126,126,126,126,126,126,126,126,126,126,126,126,126,126,126,126,126,126,126,126,126,126,126,126,126,126,126,126,126,126,126,126,126,126,126,126,126,126,126,126,126,126,126,126,126,126,126,126,126,126,126,126,126,126,126,126,126,126,126,126,126,126,126,126,126,126,126,126,126,126,126,126,126,126,126,126,126,126,126,126,126,126,126,126,126,126,126,126,126,126,126,126,126,126,126,126,126,126,126,126,126,126,126,126,126,126,126,126,126,126,126,126,126,126,126,126,126,126,126,126,126,126,126,126,106,126,126,126,126,126,126,126,126,0,126,126,126,0,126,126,126,126,126,126,0,126,126,126,126,126,126,126,0,126,126,126,126,0,126,126,126,126,126,126,126,126,126,126,126,126,126,126,126,126,0,126,126,126,126,126,126,126,126,126,126,126,126,126,126,126,126,126,126,126,126,126,126,126,126,126,126,126,126,126,126,126,126,126,126,126,126,126,126,126,126,126,126,126,126,126,126,126,126,126,126,126,126,126,126,126,126,126,126,126,126,126,126,126,126,126,126,126,126,126,126,126,126,126,126,126,126,126,126,126,126,126,126,126,126,126,126,126,126,126,126,126,126,126,126,126,126,126,126,126,126,126,126,126,126,126,126,126,126,126,126,126,126,126,126,80,100,38,126,126,0,4,0,126,0,0,0,126,0,126,126,0,126,126,126,126,126,126,126,126,126,126,126,126,126,126,126,126,126,126,126,126,126,126,126,126,126,126,126,126,126,126,126,126,0,0,126,126,126,126,126,63,126,126,126,126,126,126,126,126,126,126,126,126,126,0,126,126,126,126,126,61,126,126,126,126,126,126,126,126,126,126,126,126,126,126,126,126,126,126,126,126,126,126,126,126,126,126,126,126,126,126,126,0,126,0,3,126,126,126,126,126,0,126,126,126,0,0,0,0,126,126,126,126,126,126,126,126,126,126,126,0,0,0,11,13,0,126,0,0,0,0,126,126,126,126,126,126,126,126,126,0,80,126,126,0,126,126,126,126,3,126,126,0,126,0,0,0,126,126,38,126,126,3,126,126,126,126,0,0,126,126,126,0,0,126,126,0,30,126,2,0,0,0,0,126,126,126,126,3,126,126,126,126,126,126,126,0,126,0,126,126,126,0,126,126,0,126,126,126,126,126,0,126,126,126,126,126,126,126,126,0,126,126,0,126,0,126,126,126,0,126,126,126,0,126,0,0,126,0,126,126,0,126,126,126,126,126,126,126,0,0,126,126,0,0,126,0,126,126,126,0,126,126,0,126,0,0,0,126,0,126,126,126,0,0,0,126,126,126,0,126,0,0,0,0,126,126,126,0,126,126,126,0,0,0,0,126,0,0,126,0,126,0,126,126,126,0,126,0,0,0,0,126,0,0,126,0,126,126,126,0,126,0,126,126,0,0,126,126,126,0,126,126,126,0,0,126,0,126,0,126,126,0,126,126,0,0,17,126,0,0,0,0,0,0,0,0,0,0,126,0,0,0,112,0,126,0,126,126,126,0,0,0,0,0,0,0,126,0,126,126,126,0,0,126,0,126,0,0,3,0,0,126,50,126,126,126,0,0,0,0,0,0,0,126,126,126,0,0,0,126,126,126,0,0,0,0,0,0,0,0,0,0,0,0,126,0,0,0,0,0,126,126,0,0,126,126,0,126,0,126,126,126,126,0,0,0,0,0,0,0,0,0,0,126,126,0,0,126,126,126,126,126,126,126,126,126,0,0,0,0,0,0,0,126,0,126,126,126,0,0,0,0,0,0,126,0,126,126,126,126,0,126,126,0,126,0,0,0,0,0,0,0,0,0,126,0,0,0,0,126,126,126,126,0,126,0,126,0,0,0,0,0,0,0,126,126,0,126,0,0,0,0,0,0,0,126,126,0,0,0,0,0,126,0,0,0,0,0,0,0,0,0,0,0,126,126,126,0,0,0,0,0,3,0,0,126,126,126,0,0,0,126,0,0,0,0,0,0,0,0,0,126,126,126,0,0,0,0,126,0,0,0,0,0,0,0,0,0,126,126,0,126,0,126,126,0,0,0,126,0,0,0,0,0,0,126,0,126,51,126,0,0,0,126,126,126,0
1995/S1,128,128,128,128,128,128,128,128,128,128,128,128,0,128,128,128,128,128,128,128,128,128,128,128,128,128,128,128,128,128,128,128,128,128,128,128,128,128,128,128,128,128,128,128,128,128,0,128,128,128,128,128,128,128,128,128,128,128,128,128,128,128,128,128,128,128,128,128,128,128,1,0,0,0,0,0,128,128,128,128,128,128,128,128,128,128,128,128,128,128,128,128,128,128,128,128,128,128,128,128,128,128,128,128,128,128,128,128,128,128,128,128,128,128,128,128,128,128,128,128,128,128,128,128,128,128,128,128,128,128,128,128,128,128,128,128,128,128,128,128,128,128,128,128,128,128,128,128,128,128,128,128,128,128,128,128,128,128,128,128,128,128,128,128,128,128,128,128,128,128,128,128,128,128,128,128,128,128,128,128,128,128,128,128,128,128,128,128,128,128,128,128,128,128,128,128,128,128,128,128,128,128,128,128,128,128,128,128,128,128,128,128,128,128,128,128,128,128,128,128,128,128,128,128,128,128,128,128,128,128,128,128,128,128,128,128,128,128,128,128,128,128,128,128,128,128,128,128,128,128,128,128,128,128,128,128,128,128,128,128,128,128,128,128,128,128,128,128,128,128,128,128,128,128,128,128,128,128,128,128,128,128,128,128,128,128,128,128,128,128,128,0,128,128,128,128,128,128,128,128,0,128,128,128,0,128,128,128,128,128,128,0,128,128,128,128,128,128,128,0,128,128,128,128,0,128,128,128,128,128,128,128,128,0,128,128,128,128,128,128,128,0,128,128,128,128,128,128,128,128,128,128,128,128,128,128,128,128,128,128,128,128,128,128,128,128,128,128,128,128,128,128,128,128,128,128,128,128,128,128,128,128,128,128,128,128,128,128,128,128,128,128,128,128,128,128,128,128,128,128,128,128,128,128,128,128,128,128,128,128,128,128,128,128,128,128,128,128,128,128,128,128,128,128,128,128,128,128,128,128,128,64,64,84,127,51,30,0,0,128,0,0,128,0,0,0,0,0,128,0,128,0,128,128,128,0,0,0,0,128,128,0,0,0,128,0,0,0,128,0,128,128,0,128,128,128,128,128,128,128,128,128,128,128,128,128,128,128,128,128,128,128,128,128,128,128,128,128,128,128,128,128,128,128,128,0,0,128,128,0,0,128,0,128,128,128,128,128,128,128,128,128,128,128,128,128,0,128,128,128,128,128,0,128,128,128,128,128,128,128,128,128,128,128,128,128,128,128,128,128,128,128,128,128,128,128,128,128,128,128,128,128,128,128,128,128,128,128,128,128,128,128,128,128,128,128,128,128,128,128,128,128,128,128,128,128,128,128,128,128,128,128,30,0,61,128,128,128,128,0,0,0,0,128,128,128,128,128,128,128,128,128,0,128,128,128,0,128,128,128,128,128,128,128,128,128,0,0,0,128,128,128,128,128,128,128,128,128,128,0,0,128,128,128,0,0,128,128,38,128,128,128,0,0,0,0,128,128,128,128,128,128,128,128,128,128,128,128,21,128,0,128,128,128,0,128,128,0,128,128,128,128,128,0,128,128,128,128,128,128,128,128,0,128,128,128,128,128,128,128,128,0,128,128,128,0,128,128,0,128,0,128,128,0,128,128,128,128,128,128,128,128,57,128,128,0,61,128,0,128,128,128,2,128,128,0,128,0,0,0,128,0,128,128,128,0,0,7,128,128,128,0,128,0,0,0,0,128,128,128,0,128,128,128,0,0,0,0,128,0,0,128,0,128,0,128,128,128,0,128,0,0,0,0,128,65,0,128,0,128,128,128,0,128,0,128,128,128,0,128,128,128,0,128,128,128,0,25,128,0,128,128,128,128,0,128,128,0,0,128,128,0,0,0,0,0,0,0,0,0,0,128,0,0,0,128,0,128,0,128,128,128,0,0,91,0,0,0,0,128,0,128,128,128,0,128,128,0,128,0,0,128,0,0,128,128,128,128,128,0,0,128,0,0,0,0,128,128,128,0,0,0,128,128,128,0,0,0,128,0,128,128,0,0,0,0,0,128,0,0,0,0,0,128,128,0,0,128,128,0,128,0,128,128,128,128,0,0,0,0,0,128,0,128,0,0,128,128,0,0,128,128,128,128,128,128,128,128,128,0,0,0,0,0,0,0,128,0,128,128,128,128,0,0,0,128,0,128,0,128,128,128,128,0,128,128,128,128,128,0,0,0,0,0,0,0,0,128,0,0,0,0,128,128,128,128,128,128,0,128,128,0,0,0,0,0,0,128,128,0,128,0,0,0,0,0,0,37,128,128,0,0,0,0,0,128,0,0,0,0,0,0,0,0,0,0,128,128,128,128,0,0,0,0,0,128,0,0,128,128,128,87,0,0,128,0,0,0,0,84,0,128,0,0,128,128,128,0,0,0,0,128,0,0,0,0,0,0,0,0,0,128,128,0,128,0,128,128,0,0,0,128,0,0,0,0,0,0,128,128,128,128,128,0,0,0,128,128,128,0
1995/S2,126,126,126,126,126,126,126,126,126,126,126,126,0,126,126,126,126,126,126,126,126,126,126,126,126,126,126,126,126,126,126,126,126,126,126,126,126,126,126,126,126,126,126,126,126,126,26,126,126,126,126,126,126,126,126,126,126,126,126,126,126,126,126,126,126,126,126,126,126,126,126,115,0,0,0,0,126,126,126,126,126,126,126,126,126,126,126,126,126,126,126,126,126,126,126,126,126,126,126,126,126,126,126,126,126,126,126,126,126,126,126,126,126,126,126,126,126,126,126,126,126,126,126,126,126,126,126,126,126,126,126,126,126,126,126,126,126,126,126,126,126,126,126,126,126,126,126,126,126,126,126,126,126,126,126,126,126,126,126,126,126,126,126,126,126,126,126,126,126,126,126,126,126,126,126,126,126,126,126,126,126,126,126,126,126,126,126,126,126,126,126,126,126,126,126,126,126,126,126,126,126,126,126,126,126,126,126,126,126,126,126,126,126,126,126,126,126,126,126,126,126,126,126,126,126,126,126,126,126,126,126,126,126,126,126,126,126,126,126,126,126,126,126,126,126,126,126,126,126,126,126,126,126,126,126,126,126,126,126,126,126,126,126,126,126,126,126,126,126,126,126,126,126,126,126,126,126,126,126,126,126,126,126,126,126,126,126,126,126,126,126,0,126,126,126,126,126,126,126,126,0,126,126,126,0,126,126,126,126,126,126,0,126,126,126,126,126,126,126,0,126,126,126,126,0,126,126,126,126,126,126,126,126,72,126,126,126,126,126,126,126,0,126,126,126,126,126,126,126,126,126,126,126,126,126,126,126,126,126,126,126,126,126,126,126,126,126,126,126,126,126,126,126,126,126,126,126,126,126,126,126,126,126,126,126,126,126,126,126,126,126,126,126,126,126,126,126,126,126,126,126,126,126,126,126,126,126,126,126,126,126,126,126,126,126,126,126,126,126,126,126,126,126,126,126,126,126,126,126,126,126,126,126,126,126,126,126,107,107,126,103,88,126,58,1,0,0,0,126,0,126,0,126,126,126,0,0,0,0,126,126,0,0,0,126,0,0,0,126,0,126,126,0,126,126,126,126,126,126,126,126,126,126,126,126,126,126,126,126,126,126,126,126,126,126,126,126,126,126,126,126,126,126,126,126,0,0,126,126,35,0,126,0,126,126,126,126,126,126,126,126,126,126,126,126,126,0,126,126,126,126,126,0,126,126,126,126,126,126,126,126,126,126,126,126,126,126,126,126,126,126,126,126,126,126,126,126,126,126,126,126,126,126,126,126,126,126,126,126,126,126,126,126,121,126,126,126,43,38,9,9,126,126,126,126,126,126,126,126,126,126,126,0,0,0,126,126,55,126,0,0,0,0,126,126,126,126,126,126,126,126,126,0,126,126,126,0,126,126,126,126,126,126,126,126,126,0,0,0,126,126,126,126,126,126,126,126,126,126,0,0,126,126,126,0,0,126,126,0,126,126,126,0,0,0,0,126,126,126,126,126,126,126,126,126,126,126,126,0,126,0,126,126,126,0,126,126,0,126,126,126,126,126,0,126,126,126,126,126,126,126,126,0,126,126,126,126,26,126,126,126,0,126,126,126,0,126,30,0,126,0,126,126,0,126,126,126,126,126,126,126,14,0,126,126,0,0,126,0,126,126,126,0,126,126,0,126,0,0,0,126,0,126,126,126,0,0,0,126,126,126,0,126,0,0,0,0,126,126,126,0,126,126,126,0,0,0,0,126,0,0,126,0,126,0,126,126,126,0,126,0,0,0,0,126,0,0,126,0,126,126,126,0,126,0,126,126,28,0,126,126,126,0,126,126,126,0,0,126,0,126,126,126,126,0,126,126,0,0,126,126,0,0,0,0,0,0,0,0,0,0,126,0,0,0,126,0,126,0,126,126,126,0,0,0,0,0,0,0,126,0,126,126,126,0,126,126,0,126,0,0,126,0,0,126,126,126,126,126,0,0,10,0,0,0,0,126,126,126,0,0,0,126,126,126,0,0,0,126,0,35,28,0,0,0,0,0,126,0,0,0,0,0,126,126,0,0,126,126,0,126,0,126,126,126,126,0,0,0,0,0,118,0,6,0,0,126,126,0,0,126,126,126,126,126,126,126,126,126,0,0,0,0,0,0,0,126,0,126,126,126,103,0,0,0,126,0,126,0,126,126,126,126,0,126,126,87,126,41,0,0,0,0,0,0,0,0,126,0,0,0,0,126,126,126,126,30,126,0,126,55,0,0,0,0,0,0,126,126,0,126,0,0,0,0,0,0,0,126,126,0,0,0,0,0,126,0,0,0,0,0,0,0,0,0,0,126,126,126,126,0,0,0,0,0,126,0,0,126,126,126,0,0,0,126,0,0,0,0,0,0,126,0,0,126,126,126,0,0,0,0,126,0,0,0,0,0,0,0,0,0,126,126,0,126,0,126,126,0,0,0,126,0,0,0,0,0,0,126,38,126,126,126,0,0,0,126,126,126,0
1996/S1,128,128,128,128,128,128,128,128,128,128,128,0,0,0,128,128,128,128,128,128,128,128,128,128,128,128,128,128,128,128,128,128,128,128,128,128,128,128,128,128,128,128,128,128,128,128,0,128,128,128,128,128,128,128,128,128,128,128,128,128,128,128,128,128,128,118,85,0,128,0,0,0,0,0,0,0,128,128,128,128,128,128,128,128,128,128,128,128,128,128,128,128,128,128,128,128,128,128,128,128,128,128,128,128,128,128,128,128,128,128,128,128,128,128,128,128,128,128,128,128,128,128,128,128,128,128,128,128,128,128,128,128,128,128,128,128,128,128,128,128,128,128,128,128,128,128,128,128,128,128,128,128,128,128,128,128,128,128,128,128,128,128,128,128,128,128,128,128,128,128,128,128,128,128,128,128,128,128,128,128,128,128,128,128,128,128,128,128,128,128,128,128,128,128,128,128,128,128,128,128,128,128,128,128,128,128,128,128,128,128,128,128,128,128,128,128,128,128,128,128,128,128,128,128,128,128,128,128,128,128,128,128,128,128,128,128,128,128,128,113,128,128,128,128,128,128,128,128,128,128,128,128,128,128,128,128,128,128,128,128,128,128,128,128,128,128,128,128,128,128,128,128,128,128,128,128,128,128,128,128,128,128,128,128,128,128,128,128,128,128,128,0,128,128,128,128,128,128,128,128,0,128,128,128,0,128,128,128,128,128,128,0,128,128,128,128,128,128,128,0,128,128,128,128,0,128,128,128,128,128,128,128,128,0,128,128,128,128,128,128,128,0,128,128,128,128,128,128,128,128,128,128,128,128,128,128,128,128,128,128,128,128,128,128,128,128,128,128,128,128,128,128,128,128,128,128,128,128,128,128,128,128,128,128,128,128,128,128,128,128,128,128,128,128,128,128,128,128,128,128,128,128,128,128,128,128,128,128,128,128,128,128,128,128,128,128,119,128,107,128,63,128,38,0,128,128,128,0,0,0,128,0,0,0,0,0,0,0,0,128,0,0,128,0,0,0,0,0,128,0,128,0,113,128,128,0,0,0,0,128,128,0,0,0,128,0,0,0,128,0,128,128,0,128,128,128,128,128,128,128,128,128,128,128,128,128,128,128,128,128,128,128,128,128,128,128,128,128,128,128,128,128,128,128,128,0,0,128,128,0,0,128,0,128,128,128,128,128,128,128,128,128,128,128,128,128,0,128,128,128,128,128,0,128,128,128,128,128,128,0,128,128,128,128,128,88,128,128,128,128,128,128,128,128,128,128,128,128,128,128,128,128,128,128,128,128,128,128,128,128,128,128,128,128,128,128,128,128,128,128,128,128,128,106,128,128,128,128,128,128,128,128,128,128,128,128,128,128,128,128,128,128,128,128,128,128,128,128,128,128,128,128,15,128,128,128,46,128,128,128,128,128,128,128,128,128,0,0,0,128,128,128,128,128,128,128,128,128,128,0,0,128,128,128,0,28,128,128,128,128,128,128,0,0,0,0,128,128,128,128,128,128,128,128,128,128,128,128,128,128,128,128,128,128,128,128,128,0,128,128,128,128,128,0,128,128,128,128,128,128,128,128,0,128,128,128,128,128,128,128,128,0,128,128,128,0,128,128,0,128,0,128,128,0,128,128,128,128,128,128,128,128,128,128,128,0,128,128,128,128,128,128,128,128,128,0,128,0,0,0,128,128,128,128,128,0,0,128,128,128,128,0,128,0,0,0,0,128,128,128,0,128,128,128,128,0,0,0,128,0,0,128,0,128,0,128,128,128,0,128,0,128,0,0,128,128,0,128,0,128,128,128,128,128,0,128,128,128,0,128,128,128,0,128,128,128,0,128,128,100,128,128,128,128,0,128,128,0,0,128,128,20,0,0,0,0,128,0,0,0,0,128,0,0,8,128,0,128,0,128,128,128,102,0,128,0,0,0,0,128,128,128,128,128,0,128,128,0,128,0,0,128,128,0,128,128,128,128,128,0,0,128,0,0,0,0,128,128,128,33,0,0,128,128,128,0,0,128,128,83,128,128,10,0,0,0,0,128,0,0,0,0,0,128,128,0,0,128,128,0,128,0,128,128,128,128,128,14,0,0,0,128,0,128,0,0,128,128,0,0,128,128,128,128,128,128,128,128,128,0,0,0,0,0,0,0,128,0,128,128,128,128,0,0,0,128,0,128,0,128,128,128,128,0,128,128,128,128,128,128,30,0,0,0,0,0,0,128,0,0,0,0,128,128,128,128,128,128,38,128,128,0,0,0,0,0,0,128,128,128,128,0,0,0,0,0,0,128,128,128,0,0,0,0,0,128,0,0,0,0,0,0,0,0,0,0,128,128,128,128,0,0,0,0,0,128,0,0,128,128,128,128,0,0,128,0,0,0,0,128,0,128,0,0,128,128,128,0,0,0,0,128,0,0,0,0,0,0,0,0,0,128,128,0,128,0,128,128,0,0,0,128,0,0,0,0,0,0,128,128,128,128,128,0,0,0,128,128,128,0
1996/S2,125,125,125,125,125,125,125,125,125,125,125,1,0,122,125,125,125,125,125,125,125,125,125,125,125,125,125,125,125,125,125,125,125,125,125,125,125,125,125,125,125,125,125,125,125,125,0,125,125,125,125,125,125,125,125,125,125,125,125,125,125,125,125,125,125,125,125,114,125,62,0,0,0,0,0,0,125,125,125,125,125,125,125,125,125,125,125,125,125,125,125,125,125,125,125,125,125,125,125,125,125,125,125,125,125,125,125,125,125,125,125,125,125,125,125,125,125,125,125,125,125,125,125,125,125,125,125,125,125,125,125,125,125,125,125,125,125,125,125,125,125,125,125,125,125,125,125,125,125,125,125,125,125,125,125,125,125,125,125,125,125,125,125,125,125,125,125,125,125,125,125,125,125,125,125,125,125,125,125,125,125,125,125,125,125,125,125,125,125,125,125,125,125,125,125,125,125,125,125,125,125,125,125,125,125,125,125,125,125,125,125,125,125,125,125,125,125,125,125,125,125,125,125,125,125,125,125,125,125,125,125,125,125,125,125,125,125,125,125,125,125,125,125,125,125,125,125,125,125,125,125,125,125,125,125,125,125,125,125,125,125,125,125,125,125,125,125,125,125,125,125,125,125,125,125,125,125,125,125,125,125,125,125,125,125,125,125,125,125,125,125,0,125,125,125,125,125,125,125,125,0,125,125,125,0,125,125,125,125,125,125,0,125,125,125,125,125,125,125,0,125,125,125,125,0,125,125,125,125,125,125,125,125,0,125,125,125,125,125,125,125,0,125,125,125,125,125,125,125,125,125,125,125,125,125,125,125,125,125,125,125,125,125,125,125,125,125,125,125,125,125,125,125,125,125,125,125,125,125,125,125,125,125,125,125,125,125,125,125,125,125,125,125,125,125,125,125,125,125,125,125,125,125,125,125,125,125,125,125,125,125,125,125,125,125,125,125,125,125,125,125,125,125,119,125,125,125,111,46,32,125,0,0,0,0,0,0,0,0,125,0,0,125,0,0,0,0,0,125,0,125,0,125,125,125,0,0,0,0,125,125,0,0,0,125,0,0,0,125,0,125,125,0,125,125,125,125,125,125,125,125,125,125,125,125,125,125,125,125,125,125,125,125,125,125,125,125,125,125,125,125,125,125,125,125,0,0,125,125,0,0,125,0,125,125,125,125,125,125,125,125,125,125,125,125,125,0,125,125,125,125,125,0,125,125,125,125,125,125,13,125,125,125,125,125,125,125,125,125,125,125,125,125,125,125,125,125,125,125,125,125,125,125,125,125,125,125,125,125,125,125,125,125,125,125,125,125,125,125,125,125,125,125,125,125,125,125,125,125,125,125,125,125,11,125,125,125,125,125,93,18,50,72,125,125,125,125,125,125,125,125,125,0,125,125,125,0,125,125,125,125,125,125,125,125,125,0,0,0,125,125,125,125,125,125,125,125,125,125,0,0,125,125,125,0,0,125,125,125,125,125,125,0,0,0,0,125,125,125,125,125,125,125,125,125,125,125,125,125,125,51,125,125,125,73,125,125,0,125,125,125,125,125,0,125,125,125,125,125,125,125,125,0,125,125,125,125,125,125,125,125,0,125,125,125,0,125,125,0,125,0,125,125,0,125,125,125,125,125,125,125,125,125,125,125,0,125,125,54,125,125,125,125,125,125,0,125,0,0,0,125,12,125,125,125,0,0,125,125,125,125,0,125,0,0,0,0,125,125,125,0,125,125,125,69,0,0,0,125,0,0,125,0,125,0,125,125,125,0,125,0,64,0,0,125,125,0,125,0,125,125,125,10,125,0,125,125,125,0,125,125,125,0,125,125,125,0,125,125,0,125,125,125,125,0,125,125,0,0,125,125,0,0,0,0,0,8,0,0,0,0,125,0,0,0,125,0,125,0,125,125,125,0,0,125,0,0,0,0,125,93,125,125,125,0,125,125,0,125,0,0,125,42,0,125,125,125,125,125,0,0,125,0,0,0,0,125,125,125,0,0,0,125,125,125,0,0,65,125,0,125,125,0,0,0,0,0,125,0,0,0,0,0,125,125,0,0,125,125,0,125,0,125,125,125,125,65,0,0,0,0,125,0,125,0,0,125,125,0,0,125,125,125,125,125,125,125,125,125,0,0,0,0,0,0,0,125,0,125,125,125,125,0,0,0,125,0,125,0,125,125,125,125,0,125,125,125,125,125,88,0,0,0,0,0,0,0,125,0,0,0,0,125,125,125,125,125,125,0,125,125,0,0,0,0,0,0,125,125,39,125,0,0,0,0,0,0,125,125,125,0,0,0,0,0,125,0,0,0,0,0,0,0,0,0,0,125,125,125,125,0,0,0,0,0,125,0,0,125,125,125,125,0,0,125,0,0,0,0,125,0,125,0,0,125,125,125,0,0,0,0,125,0,0,0,0,0,0,0,0,0,125,125,0,125,0,125,125,0,0,0,125,0,0,0,0,0,0,125,125,125,125,125,0,0,0,125,125,125,0
1997/S1,128,0,128,128,128,128,128,128,128,128,128,0,0,0,128,128,128,128,128,128,128,128,128,128,128,128,128,128,128,128,128,128,128,128,128,128,128,128,128,128,128,128,128,128,128,128,0,128,128,128,128,128,128,128,128,128,128,128,128,128,128,128,0,0,128,0,0,0,0,0,0,0,0,0,0,0,128,128,128,128,128,128,128,128,128,128,128,128,128,128,128,128,128,128,128,128,128,128,128,128,128,128,128,128,128,128,128,128,128,128,128,128,128,128,128,128,128,128,128,128,128,128,128,128,128,128,128,128,128,128,128,128,128,128,128,128,128,128,128,128,128,128,128,128,128,128,128,128,128,128,128,128,128,128,128,128,128,128,128,128,128,128,128,128,128,128,128,128,128,128,128,128,128,128,128,128,128,128,128,128,128,128,128,128,128,128,128,128,128,128,128,128,128,128,128,128,128,128,128,128,128,128,128,128,128,128,128,128,128,128,128,128,128,128,128,20,128,128,128,128,128,128,128,128,128,128,128,128,128,0,128,128,128,128,128,128,128,128,128,0,128,128,128,128,128,128,128,128,128,128,128,128,128,128,128,128,128,128,128,128,128,128,128,128,128,128,128,128,128,128,128,0,128,128,128,128,128,128,128,128,128,128,128,128,128,128,128,128,128,128,128,0,128,128,128,128,128,128,128,128,0,128,128,128,0,128,128,128,128,128,128,0,128,128,128,128,128,128,128,0,128,128,128,128,0,128,128,128,128,128,128,128,128,0,128,128,128,128,128,128,128,0,128,128,128,128,128,128,128,128,128,128,128,128,128,128,128,128,128,128,128,128,128,128,128,128,128,128,128,128,128,128,128,128,128,128,128,128,128,128,128,128,128,128,128,128,128,128,128,128,127,128,128,114,125,128,99,81,9,128,128,0,128,128,128,0,128,0,0,0,128,0,128,128,128,128,0,128,0,128,0,128,0,0,0,128,128,0,0,0,128,0,0,0,0,0,0,0,0,114,0,0,128,0,0,0,0,0,128,0,128,0,0,128,128,0,0,0,0,128,128,0,0,0,128,0,0,0,128,0,128,128,0,128,128,128,128,128,128,128,128,128,128,128,128,128,128,128,128,128,128,128,128,128,128,128,128,128,128,128,128,128,82,128,128,0,0,128,128,0,0,128,0,3,128,128,128,128,128,128,128,128,128,128,128,128,0,128,128,128,128,128,0,128,128,128,128,128,128,0,128,128,128,128,128,0,128,128,128,128,128,128,128,128,128,128,128,128,128,128,128,128,128,128,128,128,128,0,128,128,128,128,128,128,128,128,128,128,128,128,38,128,128,0,128,128,128,128,128,128,127,128,128,128,128,128,128,128,128,128,128,128,64,0,128,128,128,128,128,128,128,128,128,128,128,128,128,128,128,128,128,128,128,128,128,128,128,128,128,128,128,128,128,128,128,128,128,128,128,125,70,128,128,128,7,128,128,128,128,128,128,128,71,70,3,5,128,128,128,128,128,128,128,128,128,128,128,128,128,128,128,128,128,128,128,128,128,128,128,128,128,128,128,0,128,128,128,128,128,128,128,128,128,128,128,128,128,128,128,128,128,0,128,128,128,0,128,128,0,128,0,128,128,0,128,128,128,128,128,128,128,128,128,128,128,0,128,128,128,128,128,128,128,128,128,0,128,36,0,0,128,128,128,128,128,53,0,128,128,128,128,20,128,128,0,0,0,128,128,128,128,128,128,128,128,0,0,128,128,0,0,128,0,128,0,128,128,128,128,128,0,128,0,0,128,128,41,128,0,128,128,128,128,128,128,128,128,128,0,128,128,128,0,128,128,128,0,128,128,128,128,128,128,128,0,128,128,0,0,128,128,128,0,0,0,0,128,0,0,0,0,128,0,0,128,128,33,128,0,128,128,128,128,0,128,23,128,0,0,128,128,128,128,128,0,128,128,0,128,31,0,128,128,0,128,128,128,128,128,128,0,128,0,0,0,0,128,128,128,128,106,0,128,128,128,0,99,128,128,128,128,128,128,0,0,0,0,128,0,9,0,0,0,128,128,0,0,128,128,0,128,0,128,128,128,128,128,128,128,0,0,128,0,128,0,0,128,128,19,0,128,128,128,128,128,128,128,128,128,0,0,0,0,0,0,0,128,128,128,128,128,128,0,0,0,128,0,128,0,128,128,128,128,128,128,128,128,128,128,128,128,128,1,0,0,0,0,128,0,0,0,0,128,128,128,128,128,128,128,128,128,0,97,0,0,0,0,128,128,128,128,0,0,0,0,0,0,128,128,128,0,0,0,0,0,128,0,0,128,0,0,0,0,0,0,0,128,128,128,128,0,0,0,0,0,128,0,0,128,128,128,128,0,0,128,0,0,0,0,128,0,128,0,0,128,128,128,0,128,0,128,128,0,0,0,0,0,0,0,128,0,128,128,0,128,0,128,128,0,128,0,128,0,0,0,128,0,0,128,128,128,128,128,0,0,0,128,128,128,0
1997/S2,124,91,124,124,124,124,124,124,124,124,124,0,0,0,124,124,124,124,124,124,124,124,124,124,124,124,124,124,124,124,124,124,124,124,124,124,124,124,124,124,124,124,124,124,124,124,0,124,124,124,124,124,124,124,124,124,124,124,124,124,124,124,79,21,124,0,0,0,63,0,0,0,0,0,0,0,124,124,124,124,124,124,124,124,124,124,124,124,124,124,124,124,124,124,124,124,124,124,124,124,124,124,124,124,124,124,124,124,124,124,124,124,124,124,124,124,124,124,124,124,124,124,124,124,124,124,124,124,124,124,124,124,124,124,124,124,124,124,124,124,124,124,124,124,124,124,124,124,124,124,124,124,124,124,124,124,124,124,124,124,124,124,124,124,124,124,124,124,124,124,124,124,124,124,124,124,124,124,124,124,124,124,124,124,124,124,124,124,124,124,124,124,124,124,124,124,124,124,124,124,124,124,124,124,124,124,124,124,124,124,124,124,124,124,124,124,124,124,124,124,124,124,124,124,124,124,124,124,124,25,124,124,124,124,124,124,124,124,124,0,124,124,124,124,124,124,124,124,124,124,124,124,124,124,124,124,124,124,124,124,124,124,124,124,124,124,124,124,124,124,124,22,124,124,124,124,124,124,124,124,124,124,124,124,124,124,124,124,124,124,124,0,124,124,124,124,124,124,124,124,0,124,124,124,0,124,124,124,124,124,124,0,124,124,124,124,124,124,124,0,124,124,124,124,0,124,124,124,124,124,124,124,124,0,124,124,124,124,124,124,124,0,124,124,124,124,124,124,124,124,124,124,124,124,124,124,124,124,124,124,124,124,124,124,124,124,124,124,124,124,124,124,124,124,124,124,124,124,124,124,124,124,124,124,124,124,124,124,124,124,124,124,124,124,124,124,124,124,124,124,124,108,124,124,124,104,124,42,55,24,124,31,124,124,124,124,0,124,0,124,0,124,0,0,39,124,124,0,0,0,124,0,0,0,0,0,0,0,0,124,0,0,124,0,0,0,0,0,124,0,124,0,0,124,124,0,0,0,0,124,124,0,0,0,124,0,0,0,124,0,124,124,0,124,124,124,124,124,124,124,124,124,124,124,124,124,124,124,124,124,124,124,124,124,124,124,124,124,124,124,124,124,124,124,124,0,0,124,124,0,0,124,0,124,124,124,124,124,124,124,124,124,124,124,124,124,0,124,124,124,124,124,0,124,124,124,124,124,124,0,124,124,124,124,124,0,124,124,124,124,124,124,124,124,124,124,124,124,124,124,124,124,124,124,124,124,124,22,124,124,124,124,124,124,124,124,124,124,124,124,124,124,124,0,124,124,124,124,124,124,124,124,124,124,124,124,124,124,124,124,124,124,124,118,124,124,124,124,124,124,124,124,124,124,124,124,124,124,124,124,124,124,124,124,124,124,109,71,33,124,124,124,124,124,124,124,124,124,124,0,0,124,124,124,0,124,124,124,124,124,124,124,0,0,0,0,124,124,124,124,124,124,124,124,124,124,124,124,124,124,124,124,124,124,124,124,124,102,124,124,124,124,124,0,124,124,124,124,124,124,124,124,71,124,124,124,124,124,124,124,124,0,124,124,124,0,124,124,0,124,0,124,124,0,124,124,124,124,124,124,124,124,124,124,124,0,124,124,124,124,124,124,124,124,124,0,124,0,0,0,124,124,124,124,124,0,0,124,124,124,124,0,124,109,0,0,0,124,124,124,61,124,124,124,124,0,0,30,124,0,0,124,0,124,0,124,124,124,22,124,0,124,0,0,124,124,0,124,0,124,124,124,124,124,121,124,124,124,0,124,124,124,0,124,124,124,0,124,124,124,124,124,124,124,0,124,124,0,0,124,124,124,0,0,0,0,124,0,0,0,0,124,0,0,124,124,0,124,0,124,124,124,124,0,124,0,103,0,0,124,124,124,124,124,0,124,124,0,124,0,0,124,124,0,124,124,124,124,124,49,0,124,0,0,0,0,124,124,124,124,0,0,124,124,124,0,0,124,124,124,124,124,124,0,0,0,0,124,0,0,0,0,0,124,124,0,0,124,124,0,124,0,124,124,124,124,124,124,51,0,0,124,0,124,0,0,124,124,0,0,124,124,124,124,124,124,124,124,124,0,0,0,0,0,0,0,124,83,124,124,124,124,0,0,0,124,0,124,0,124,124,124,124,110,124,124,124,124,124,124,124,98,0,0,0,0,0,124,0,0,0,0,124,124,124,124,124,124,124,124,124,0,0,0,0,0,0,124,124,124,124,0,0,0,0,0,0,124,124,124,0,0,0,0,0,124,0,0,24,0,0,0,0,0,0,0,124,124,124,124,0,0,0,0,0,124,0,0,124,124,124,124,0,0,124,0,0,0,0,124,0,124,0,0,124,124,124,0,103,0,8,124,0,0,0,0,0,0,0,24,0,124,124,0,124,0,124,124,0,6,0,124,0,0,0,93,0,0,124,124,124,124,124,0,0,0,124,124,124,0
1998/S1,128,0,0,128,128,128,128,128,128,128,128,0,0,0,128,128,128,128,128,128,128,128,128,128,128,128,128,128,128,128,128,128,128,128,128,128,128,128,128,128,128,128,128,128,128,128,0,128,128,128,128,128,128,128,128,128,128,128,128,128,128,0,0,0,128,0,0,0,0,0,0,0,0,0,0,0,128,128,128,128,128,128,128,128,128,128,128,128,128,128,128,128,128,128,128,128,128,128,128,128,128,128,128,128,128,128,128,128,128,128,128,128,128,128,128,128,128,128,128,128,128,128,128,128,128,128,128,128,128,128,128,128,128,128,128,128,128,128,128,128,128,128,128,128,128,128,128,128,128,128,128,128,128,128,128,128,128,128,128,128,128,128,128,128,128,128,128,128,128,128,128,128,128,128,128,128,128,48,128,128,128,128,128,128,128,0,128,128,128,0,128,0,128,128,128,128,128,128,128,128,128,128,128,128,128,128,128,128,128,128,128,128,128,128,128,0,128,128,128,128,128,128,128,128,128,128,128,128,128,0,128,128,128,128,128,128,128,128,128,0,128,128,128,128,128,128,128,128,128,128,128,128,128,128,128,128,128,128,128,128,128,128,128,128,128,128,128,128,128,128,128,0,128,128,128,128,128,128,128,128,128,128,128,128,128,128,128,128,128,128,128,0,128,128,128,128,128,128,128,128,0,128,128,128,0,128,128,128,128,128,128,0,128,128,128,128,128,128,128,0,128,128,128,128,0,128,128,128,128,128,128,128,128,0,128,128,128,128,128,128,128,0,128,128,128,128,128,128,128,128,128,128,128,128,128,128,128,128,128,128,128,128,128,128,128,128,128,128,122,108,128,85,70,65,59,41,3,128,0,0,0,0,0,0,0,0,0,0,0,0,0,128,128,0,0,128,0,0,0,128,128,0,128,128,128,0,128,0,0,0,128,0,128,128,128,128,0,128,0,128,0,128,0,0,0,128,128,0,0,0,128,0,0,0,0,0,0,0,0,0,0,0,128,0,0,0,0,0,128,0,128,0,0,128,128,0,0,0,0,128,128,0,0,0,30,0,0,0,128,0,128,128,0,128,128,128,128,128,128,128,128,128,128,128,128,128,128,128,128,128,128,128,128,128,128,128,128,128,128,128,128,128,0,128,128,0,0,128,128,0,0,69,0,0,128,128,128,128,128,128,128,128,128,128,128,0,0,128,128,128,128,128,0,128,128,128,128,128,128,0,128,128,128,126,0,0,128,128,128,128,128,128,128,128,128,128,128,128,128,128,128,128,128,128,128,128,128,0,128,128,128,128,128,128,128,128,128,128,128,128,0,128,128,0,128,128,128,128,128,0,0,128,128,128,128,128,128,128,128,128,128,128,0,0,128,128,128,128,128,128,128,128,128,128,128,128,120,128,128,128,128,128,128,128,128,128,128,128,128,128,128,128,128,128,11,3,128,128,128,128,128,128,128,128,128,128,128,128,128,128,128,123,128,128,128,128,128,128,128,128,128,128,128,128,128,128,128,128,128,128,128,128,128,128,128,128,128,128,127,104,128,128,128,102,128,128,128,128,128,128,128,128,128,128,128,128,128,128,128,128,128,127,128,128,128,0,128,128,0,128,0,128,128,128,128,128,128,128,128,128,128,128,128,128,128,128,128,128,128,128,128,128,128,128,128,0,128,128,0,128,128,128,128,128,128,128,0,128,128,128,128,128,128,128,0,0,0,128,128,128,128,128,128,128,128,0,0,128,128,0,0,128,0,128,0,128,128,128,128,128,65,128,0,0,128,128,128,128,0,128,128,128,128,128,128,128,128,128,0,128,128,128,112,128,128,128,0,128,128,128,128,128,128,128,0,128,128,0,0,128,128,128,0,0,0,0,128,43,23,0,0,128,128,27,128,128,128,128,0,128,128,128,128,0,128,128,128,0,0,128,128,128,128,128,0,128,128,0,128,128,0,128,128,0,128,128,128,128,128,128,0,128,0,0,0,0,128,128,128,128,128,5,128,128,128,0,128,128,128,128,128,128,128,44,0,0,0,128,0,128,0,0,0,128,128,0,0,128,128,0,128,0,128,128,128,128,128,128,128,0,0,128,0,128,0,0,128,128,128,0,128,128,128,128,128,128,128,128,128,128,0,0,0,0,0,0,128,128,128,128,128,128,0,0,0,128,0,128,0,128,128,128,128,128,128,128,128,128,128,128,128,128,128,88,0,0,0,128,0,0,0,0,128,128,128,128,128,128,128,128,128,48,128,0,0,0,0,128,128,128,128,66,0,0,0,0,0,128,128,128,0,0,0,0,0,128,21,0,128,0,0,0,0,0,0,0,128,128,128,128,0,0,0,0,0,128,0,0,128,128,128,128,0,0,128,0,0,0,0,128,0,128,0,0,128,128,128,0,128,0,128,128,0,0,0,0,0,0,0,128,0,128,128,0,128,0,128,128,0,128,0,128,0,0,0,128,0,0,128,128,128,128,128,0,0,0,128,128,128,0
1998/S2,124,0,33,124,124,124,124,124,124,124,124,0,0,0,124,124,124,124,124,124,124,124,124,124,124,124,124,124,124,124,124,124,124,124,124,124,124,124,124,124,124,124,124,124,124,124,0,124,124,124,124,124,124,124,124,124,124,124,124,124,124,85,0,0,124,0,0,0,0,0,0,0,0,0,0,0,124,124,124,124,124,124,124,124,124,124,124,124,124,124,124,124,124,124,124,124,124,124,124,124,124,124,124,124,124,124,124,124,124,124,124,124,124,124,124,124,124,124,124,124,124,124,124,124,124,124,124,124,124,124,124,124,124,124,124,124,124,124,124,124,124,124,124,124,124,124,124,124,124,124,124,124,124,124,124,124,124,124,124,124,124,124,124,124,124,124,124,124,124,124,124,124,124,124,124,124,124,124,124,124,124,124,124,124,124,68,124,124,124,51,124,47,124,124,124,124,124,124,124,124,124,124,124,124,124,124,124,124,124,124,124,124,124,124,124,0,124,124,124,124,124,124,124,124,124,124,124,124,124,0,124,124,124,124,124,124,124,124,124,0,124,124,124,124,124,124,124,124,124,124,124,124,124,124,124,124,124,124,124,124,124,124,124,124,124,124,124,124,124,124,124,0,124,124,124,124,124,124,124,124,124,124,124,124,124,124,124,124,124,124,124,0,124,124,124,124,124,124,124,124,0,124,124,124,0,124,124,124,124,124,124,0,124,124,124,124,124,124,124,0,124,124,124,124,0,124,124,124,124,124,124,124,124,0,124,124,124,124,124,124,124,0,124,124,124,124,124,124,124,124,124,124,124,124,124,124,124,124,124,124,124,124,124,124,124,124,124,124,124,124,124,124,124,124,124,124,124,124,120,97,94,86,67,64,64,63,62,60,10,5,0,124,124,0,0,124,0,0,0,124,124,0,124,124,124,0,124,0,0,0,124,0,124,124,124,124,0,124,0,124,0,124,0,0,0,124,124,0,0,0,124,0,0,0,0,0,0,0,0,0,0,0,124,0,0,0,0,0,124,0,124,0,0,124,124,0,0,0,0,124,124,0,0,0,124,0,0,0,124,0,124,124,0,124,124,124,124,124,124,124,124,124,124,124,124,124,124,124,124,124,124,124,124,124,124,124,124,124,124,124,124,124,0,124,124,0,0,124,124,0,0,124,0,0,124,124,124,124,124,124,124,124,124,124,124,64,0,124,124,124,124,124,0,124,124,124,124,124,124,0,124,124,124,124,27,0,124,124,124,124,124,124,124,124,124,124,124,124,124,124,124,124,124,124,124,124,124,0,124,124,124,124,124,124,124,124,124,124,124,124,0,124,124,0,124,124,124,124,124,41,0,124,124,124,124,124,124,124,124,124,124,124,0,0,124,124,124,124,124,124,124,124,124,124,124,124,124,124,124,124,124,124,124,124,124,124,124,124,124,124,124,124,124,124,124,124,124,124,124,124,124,124,124,124,124,124,124,124,124,124,124,124,124,124,124,124,124,124,124,124,124,124,124,124,124,124,124,124,124,124,124,124,124,124,124,124,124,124,124,124,124,124,124,0,124,124,124,124,124,124,124,124,124,124,124,124,124,124,124,124,124,0,124,124,124,0,124,124,0,124,0,124,124,18,124,124,124,124,124,124,124,124,124,124,124,13,124,124,124,124,124,124,124,124,124,0,124,124,0,96,124,124,124,124,124,124,0,124,124,124,124,124,124,124,0,0,0,124,124,124,124,124,124,124,124,0,0,124,124,0,0,124,0,124,0,124,124,124,124,124,0,124,0,0,124,124,124,124,0,124,124,124,124,124,124,124,124,124,0,124,124,124,0,124,124,124,0,124,124,124,124,124,124,124,0,124,124,0,0,124,124,124,0,0,0,0,124,0,0,0,0,124,66,0,124,124,124,124,0,124,124,124,124,0,124,124,124,0,0,124,124,124,124,124,0,124,124,0,124,124,0,124,124,0,124,124,124,124,124,124,0,124,0,0,0,0,124,124,124,124,124,0,124,124,124,0,124,124,124,124,124,124,124,0,0,0,0,124,0,124,0,0,0,124,124,0,0,124,124,0,124,0,124,124,124,124,124,124,124,0,0,124,0,124,0,0,124,124,124,0,124,124,124,124,124,124,124,124,124,115,0,0,0,0,0,0,124,124,124,124,124,124,0,0,0,124,0,124,0,124,124,124,124,124,124,124,124,124,124,124,124,124,124,0,0,0,0,124,0,0,0,0,124,124,124,124,124,124,124,124,124,0,124,0,0,0,0,124,124,124,124,0,0,0,0,0,0,124,124,124,0,0,0,0,0,124,0,0,124,0,0,0,0,0,0,0,124,124,124,124,0,0,0,0,0,124,0,0,124,124,124,124,0,0,124,0,0,0,0,124,0,124,0,0,124,124,124,0,124,0,124,124,0,0,0,0,0,0,0,124,0,124,124,0,124,0,124,124,0,124,0,124,0,0,0,124,0,0,124,124,124,124,124,0,0,0,124,124,124,0
1999/S1,126,0,0,126,126,126,126,126,126,126,126,0,0,0,126,126,126,126,126,126,126,126,126,126,126,126,126,126,126,126,126,126,126,126,126,126,126,126,126,126,126,126,126,126,126,126,0,126,126,126,126,126,126,126,126,126,126,126,126,116,0,0,0,0,126,0,0,0,0,0,0,0,0,0,0,0,85,0,126,126,126,126,126,126,126,126,126,126,126,126,126,126,126,126,126,126,126,126,126,126,126,126,126,126,126,126,126,126,126,126,126,126,126,126,126,126,126,126,126,126,126,126,126,126,126,126,126,126,126,126,126,126,126,126,126,126,126,126,126,126,126,126,126,126,126,126,126,126,126,126,126,126,126,126,126,126,126,126,0,126,126,126,126,126,126,126,126,126,126,126,126,126,126,126,126,126,126,0,126,126,126,126,126,126,126,0,126,126,126,0,126,0,126,126,126,126,126,126,126,126,126,126,126,126,126,126,126,126,126,126,126,126,126,126,126,0,126,126,126,126,126,126,126,126,126,126,126,126,126,0,126,126,126,126,126,126,126,126,126,0,126,126,126,126,126,126,126,126,126,126,126,126,126,126,126,126,126,126,126,126,126,126,126,126,126,126,126,126,126,126,126,0,126,126,126,126,126,126,126,126,126,126,126,126,126,126,126,126,126,126,126,0,126,126,126,126,126,126,126,126,0,126,126,126,0,126,126,126,126,126,126,0,126,126,126,126,0,126,126,0,126,126,126,126,0,126,126,126,126,126,126,126,126,0,126,126,126,126,126,0,126,0,126,126,126,126,126,126,118,119,113,86,86,75,20,0,0,0,0,0,0,0,0,0,0,0,0,81,0,0,126,0,0,0,0,0,0,0,0,0,0,0,0,0,0,0,0,0,0,0,0,126,126,0,0,126,0,0,0,126,126,0,126,126,126,0,126,0,0,0,126,0,126,126,126,126,0,126,0,126,0,126,0,0,0,126,126,0,0,0,0,0,0,0,0,0,0,0,0,0,0,0,126,0,0,0,0,0,112,0,126,0,0,126,126,0,0,0,0,126,126,0,0,0,0,0,0,0,126,0,126,126,0,126,126,126,126,126,126,126,126,126,126,126,126,126,126,126,126,126,126,126,126,126,126,126,126,126,126,126,126,126,0,126,126,0,0,126,126,0,0,0,0,0,126,126,126,126,126,126,126,126,126,126,126,0,0,126,126,0,126,126,0,126,126,126,126,126,126,0,126,126,126,0,0,0,126,126,126,126,126,126,126,126,126,126,126,126,126,126,126,126,126,126,126,126,126,0,126,126,126,1,126,126,126,126,126,115,64,126,0,126,126,0,126,126,126,126,0,0,0,126,126,126,126,126,126,126,126,126,126,0,0,0,126,126,126,126,126,126,126,126,126,126,126,0,0,126,126,126,126,126,126,126,126,105,4,126,126,126,126,126,126,126,0,0,126,126,126,126,126,126,126,126,126,126,126,126,126,126,0,0,126,126,126,126,126,126,126,126,126,126,126,126,126,126,126,126,126,126,126,126,126,126,126,126,126,126,0,0,126,126,126,126,126,126,126,126,126,126,126,126,126,126,126,126,126,126,126,126,126,126,126,126,126,126,126,126,126,126,0,126,126,126,126,126,126,126,126,126,126,126,126,126,126,126,126,126,126,126,126,126,126,126,126,126,126,126,126,126,126,126,126,126,126,126,16,126,126,126,126,126,126,126,60,4,125,126,126,126,126,126,126,126,126,84,126,126,126,0,0,126,27,126,0,126,126,126,126,126,126,126,108,0,126,126,126,126,0,126,126,126,126,126,126,126,126,126,0,126,126,126,126,126,126,126,45,126,126,126,126,126,126,126,126,126,126,126,0,126,126,126,0,0,126,0,126,126,126,0,0,126,126,126,126,126,126,126,0,126,126,126,126,0,126,126,126,0,0,126,126,126,126,126,0,126,126,0,126,126,0,126,126,0,126,126,126,126,126,126,0,126,126,0,0,0,126,126,126,126,126,126,126,126,126,0,126,126,126,126,126,126,126,126,0,0,0,126,0,126,0,0,0,126,126,0,0,126,126,0,126,0,126,126,126,126,126,126,126,126,0,126,0,126,0,0,126,126,126,0,126,126,126,126,126,126,126,126,126,126,126,0,0,0,0,0,126,126,126,126,126,126,0,13,0,126,0,126,0,126,126,126,126,126,126,126,126,126,126,126,126,126,126,126,0,0,0,126,0,0,0,0,126,126,126,126,126,126,126,126,126,126,126,0,0,0,0,126,126,126,126,126,0,0,0,0,0,126,126,126,0,0,0,0,126,126,126,0,126,126,0,67,0,0,0,0,126,126,126,126,0,0,0,0,0,126,0,0,126,126,126,126,0,0,126,0,0,0,0,126,0,126,0,0,126,126,126,0,126,0,126,126,0,0,0,0,0,0,0,126,0,126,126,0,126,0,126,126,0,126,0,126,0,0,0,126,0,0,126,126,126,126,126,0,0,0,126,126,126,0
1999/S2,126,0,0,126,126,126,126,126,126,126,126,0,0,0,126,126,126,126,126,126,126,126,126,126,126,126,126,126,126,126,126,126,126,126,126,126,126,126,126,126,126,126,126,126,126,126,0,126,126,126,126,126,126,126,126,126,126,126,126,126,63,0,0,0,126,0,0,0,0,0,0,0,0,0,0,0,126,64,126,126,126,126,126,126,126,126,126,126,126,126,126,126,126,126,126,126,126,126,126,126,126,126,126,126,126,126,126,126,126,126,126,126,126,126,126,126,126,126,126,126,126,126,126,126,126,126,126,126,126,126,126,126,126,126,126,126,126,126,126,126,126,126,126,126,126,126,126,126,126,126,126,126,126,126,126,126,126,126,104,126,126,126,126,126,126,126,126,126,126,126,126,126,126,126,126,126,126,0,126,126,126,126,126,126,126,0,126,126,126,0,126,0,126,126,126,126,126,126,126,126,126,126,126,126,126,126,126,126,126,126,126,126,126,126,126,0,126,126,126,126,126,126,126,126,126,126,126,126,126,0,126,126,126,126,126,126,126,126,126,0,126,126,126,126,126,126,126,126,126,126,126,126,126,126,126,126,126,126,126,126,126,126,126,126,126,126,126,126,126,126,126,0,126,126,126,126,126,126,126,126,126,126,126,126,126,126,126,126,126,126,126,0,126,126,126,126,126,126,126,126,0,126,126,126,0,126,126,126,126,126,126,0,126,126,126,126,75,126,126,0,126,126,126,126,0,126,126,126,126,126,126,126,126,0,126,126,126,126,126,64,126,0,126,126,126,126,126,126,126,126,126,126,126,126,126,107,105,95,97,80,107,71,69,63,29,20,119,126,0,0,126,0,0,0,0,0,0,32,0,0,0,0,0,0,0,0,0,0,0,0,0,126,126,0,0,126,0,0,0,126,126,0,126,126,126,0,126,0,0,0,126,0,126,126,126,126,0,126,0,126,0,126,0,0,0,126,126,0,0,0,101,0,0,0,0,0,0,0,0,0,0,0,126,0,0,0,0,0,126,0,126,0,0,126,126,0,0,0,0,126,126,0,0,0,0,0,0,0,126,0,126,126,0,126,126,126,126,126,126,126,126,126,126,126,126,126,126,126,126,126,126,126,126,126,126,126,126,126,126,126,126,126,0,126,126,0,0,126,126,0,0,0,0,0,126,126,126,126,126,126,126,126,126,126,126,0,0,126,126,64,126,126,0,126,126,126,126,126,126,0,126,126,126,0,0,0,126,126,126,126,126,126,126,126,126,126,126,126,126,126,126,126,126,126,126,126,126,0,126,126,126,126,126,126,126,126,126,126,126,126,0,126,126,0,126,126,126,126,94,0,0,126,126,126,126,126,126,126,126,126,126,82,0,0,126,126,126,126,126,126,126,126,126,126,126,61,0,126,126,126,126,126,126,126,126,126,126,126,126,126,126,126,126,126,0,0,126,126,126,126,126,126,126,126,126,126,126,126,126,126,54,0,126,126,126,126,126,126,126,126,126,126,126,126,126,126,126,126,126,126,126,126,126,126,126,126,126,126,0,0,126,126,126,126,126,126,126,126,126,126,126,126,126,126,126,126,126,126,126,126,126,126,126,126,126,118,126,126,44,126,0,126,126,126,126,126,126,126,126,126,126,126,126,126,126,126,126,126,126,126,126,126,126,126,126,18,126,126,29,126,126,126,126,126,126,126,0,126,126,126,126,126,126,126,0,0,0,126,126,126,126,126,126,126,126,0,58,126,126,0,0,126,0,126,0,126,126,126,126,126,126,126,0,0,126,126,126,126,0,126,126,126,126,126,126,126,126,126,0,126,126,126,126,126,126,126,0,126,126,126,126,126,126,126,109,126,126,33,0,126,126,126,0,0,35,0,126,126,126,0,0,126,126,126,126,126,126,126,0,126,126,126,126,0,126,126,126,0,0,126,126,126,126,126,0,126,126,0,126,126,0,126,126,0,126,126,126,126,126,126,0,126,56,0,0,0,126,126,126,126,126,126,126,126,126,0,126,126,126,126,126,126,126,126,0,0,0,126,0,126,0,0,0,126,126,0,0,126,126,0,126,0,126,126,126,126,126,126,126,120,0,126,0,126,0,0,126,126,126,0,126,126,126,126,126,126,126,126,126,126,43,0,0,0,0,0,126,126,126,126,126,126,0,0,0,126,0,126,0,126,126,126,126,126,126,126,126,126,126,126,126,126,126,126,0,0,0,126,0,0,0,0,126,126,126,126,126,126,126,126,126,126,126,0,0,0,0,126,126,126,126,126,0,0,0,0,0,126,126,126,0,0,0,0,17,126,126,0,126,63,0,0,0,0,0,0,126,126,126,126,0,0,0,0,0,126,0,0,126,126,126,126,0,0,126,0,0,0,0,126,0,126,0,0,126,126,126,0,126,0,126,126,0,0,0,0,0,0,0,126,0,126,126,0,126,0,126,126,0,126,0,126,0,0,0,126,0,0,126,126,126,126,126,0,0,0,126,126,126,0
2000/S1,123,0,0,123,123,123,123,123,123,123,123,0,0,0,123,123,123,123,0,123,123,123,123,123,123,123,123,123,123,123,123,123,123,123,123,123,123,123,123,123,123,123,123,123,123,123,0,123,123,123,123,123,123,123,123,123,123,123,123,0,0,0,0,0,123,0,0,0,0,0,0,0,0,0,0,0,0,0,123,123,123,123,123,123,123,123,123,123,123,123,123,123,123,123,123,123,123,123,123,123,123,123,123,123,123,123,123,123,123,123,123,123,2,123,123,123,123,123,123,123,123,123,123,123,123,123,123,123,123,123,123,123,123,123,123,123,123,123,123,123,0,123,123,123,123,123,123,123,123,123,123,123,123,123,123,123,123,123,0,123,123,123,123,123,123,123,123,123,123,123,123,123,123,123,123,123,123,0,123,123,123,123,123,123,123,0,123,123,123,0,123,0,123,123,123,123,123,123,123,123,123,123,123,123,123,123,123,123,123,123,123,123,123,123,123,0,123,123,123,123,123,123,123,123,123,123,123,123,123,0,123,123,123,123,123,123,123,123,123,0,123,123,123,123,123,123,123,123,123,123,123,123,123,123,123,123,123,123,123,123,123,123,123,123,123,123,123,123,123,123,123,0,123,0,123,123,123,123,123,123,123,123,123,123,123,123,123,123,123,123,123,0,123,123,123,123,123,123,123,123,0,123,123,123,0,123,123,123,123,123,123,0,123,123,123,123,0,123,123,0,123,123,123,123,0,123,27,123,21,10,0,123,123,0,123,123,123,0,123,0,123,0,0,0,0,0,123,123,0,0,0,0,0,0,0,0,0,0,0,0,0,0,0,0,0,0,0,0,0,0,123,0,0,0,0,0,0,0,0,0,0,0,0,0,0,0,0,0,0,0,0,123,123,0,0,123,0,0,0,123,123,0,123,123,123,0,123,0,0,0,123,0,123,123,123,123,0,123,0,123,0,123,0,0,0,123,123,0,0,0,0,0,0,0,0,0,0,0,0,0,0,0,123,0,0,0,0,0,0,0,123,0,0,123,123,0,0,0,0,123,105,0,0,0,0,0,0,0,123,0,123,123,0,123,123,123,123,123,123,123,123,123,123,123,123,123,123,123,123,123,123,123,123,123,123,123,123,123,123,123,0,123,0,123,123,0,0,123,123,0,0,0,0,0,123,123,123,123,123,122,123,123,123,123,123,0,0,123,123,0,123,123,0,123,120,123,123,123,123,0,123,123,123,0,0,0,123,123,123,123,123,123,123,123,123,123,123,123,123,123,123,123,123,123,123,0,123,0,123,123,123,0,123,123,123,123,123,0,0,123,0,123,41,0,123,123,123,123,0,0,0,123,123,123,123,123,0,0,9,123,123,0,0,0,123,123,123,123,123,123,123,123,123,123,123,0,0,123,123,123,123,123,123,123,123,0,0,123,123,123,123,123,123,123,0,0,123,123,123,123,123,123,123,123,123,123,123,42,0,123,0,0,123,123,123,123,123,123,123,0,123,123,123,123,123,123,123,123,123,123,123,123,123,123,123,123,123,0,0,0,123,123,123,123,123,123,123,123,123,123,123,123,123,0,0,123,123,123,123,123,123,123,123,123,123,123,123,123,123,123,123,123,123,64,123,123,123,123,123,123,123,123,123,123,123,123,123,123,123,123,123,123,123,123,123,123,123,0,123,123,123,123,123,123,123,123,123,123,123,123,123,123,123,123,123,123,123,123,123,123,123,123,123,123,123,123,123,107,94,123,123,123,123,123,123,123,123,123,123,123,123,123,123,123,123,123,123,123,7,123,123,123,123,123,123,123,123,123,0,123,123,123,123,123,123,123,123,123,123,123,123,123,123,123,123,123,123,123,0,123,123,123,0,0,123,0,123,123,123,0,123,123,123,123,123,123,123,123,0,123,123,123,123,0,123,123,123,0,0,123,123,123,123,123,0,123,123,0,123,123,123,123,123,0,123,123,123,123,123,123,28,123,123,0,0,0,123,123,123,123,123,123,123,123,123,0,123,123,123,123,123,123,123,123,0,0,0,123,0,123,24,0,4,123,123,0,0,123,123,0,123,9,123,123,123,123,123,123,123,123,0,123,0,123,0,0,123,123,123,0,123,123,123,123,123,123,123,123,123,123,123,0,0,0,0,0,123,123,123,123,123,123,0,123,0,123,0,123,0,123,123,123,123,123,123,123,123,123,123,123,123,123,123,123,0,0,123,123,0,0,0,0,123,123,123,123,123,123,123,123,123,123,123,0,8,0,0,123,123,123,123,123,0,0,0,0,0,123,123,123,0,0,0,0,123,123,123,0,123,123,0,123,0,0,0,0,123,123,123,123,0,0,0,0,0,123,0,0,123,123,123,123,43,0,123,0,0,0,0,123,0,123,0,0,123,123,123,0,123,0,123,123,0,0,0,12,0,0,0,123,0,123,123,0,123,0,123,123,0,123,0,123,0,0,0,123,0,0,123,123,123,123,123,0,123,0,123,123,123,0
2000/S2,125,0,0,125,125,125,125,125,125,125,125,0,0,0,125,125,125,125,76,125,125,125,125,125,125,125,125,125,125,125,125,125,125,125,125,125,125,125,125,125,125,125,125,125,125,125,0,125,125,125,125,125,125,125,125,125,125,125,125,0,0,0,0,0,125,0,0,0,0,0,0,0,0,0,0,0,0,0,125,125,125,125,125,125,125,125,125,125,125,125,125,125,125,125,125,125,125,125,125,125,125,125,125,125,125,125,125,125,125,125,125,125,125,125,125,125,125,125,125,125,125,125,125,125,125,125,125,125,125,125,125,125,125,125,125,125,125,125,125,125,3,125,125,125,125,125,125,125,125,125,125,125,125,125,125,125,125,125,0,125,125,125,125,125,125,125,125,125,125,125,125,125,125,125,125,125,125,0,125,125,125,125,125,125,125,0,125,125,125,0,125,0,125,125,125,125,125,125,125,125,125,125,125,125,125,125,125,125,125,125,125,125,125,125,125,0,125,125,125,125,125,125,125,125,125,125,125,125,125,0,125,125,125,125,125,125,125,125,125,0,125,125,125,125,125,125,125,125,125,125,125,125,125,125,125,125,125,125,125,125,125,125,125,125,125,125,125,125,125,125,125,0,125,18,125,125,125,125,125,125,125,125,125,125,125,125,125,125,125,125,125,0,125,125,125,125,125,125,125,125,0,125,125,125,0,125,125,125,125,125,125,0,125,125,125,125,0,125,125,0,125,125,125,125,0,125,125,125,125,125,116,125,125,0,125,125,125,104,125,0,125,0,87,92,79,67,125,125,0,0,0,0,0,0,0,0,0,0,0,0,0,0,0,0,0,0,0,0,0,0,125,0,0,0,0,0,0,0,0,0,0,0,0,0,0,0,0,0,0,0,0,125,125,0,0,125,0,0,0,125,125,0,125,125,125,0,125,0,0,0,125,0,125,125,125,125,0,125,0,125,0,125,0,0,0,125,125,0,0,0,0,0,0,0,0,0,0,0,0,0,0,0,125,0,0,0,0,0,0,0,125,0,0,125,125,0,0,0,0,125,125,0,0,0,0,0,0,0,125,0,125,125,0,125,125,125,125,125,125,125,125,125,125,125,125,125,125,125,125,125,125,125,125,125,125,125,125,125,125,125,42,125,0,125,125,0,0,125,125,0,0,0,0,0,125,125,125,125,125,125,125,125,125,125,125,0,0,125,125,0,125,125,0,125,125,125,125,125,125,0,125,125,125,0,0,0,125,125,125,125,125,125,125,125,125,125,125,125,125,125,125,125,125,125,125,122,125,0,125,125,125,0,125,125,125,125,125,0,0,125,0,125,125,0,125,125,125,125,0,0,0,125,125,125,125,125,101,10,125,125,125,0,0,0,125,125,125,125,125,125,125,125,125,125,125,0,0,125,125,125,125,125,125,125,125,0,0,125,125,125,125,125,125,125,0,0,125,125,125,125,125,125,125,125,125,125,125,125,107,125,0,0,125,125,125,125,125,125,125,114,125,125,125,125,125,125,125,125,125,125,125,125,125,125,125,125,125,35,0,0,125,125,125,125,125,125,125,125,125,125,125,125,125,107,89,125,125,125,125,125,125,125,125,125,125,125,125,125,125,125,36,125,125,125,125,125,125,125,125,125,125,125,125,125,125,125,125,125,125,125,125,125,125,125,125,125,125,66,125,125,125,125,125,125,125,125,125,125,125,125,125,125,125,125,125,125,125,125,125,125,125,125,125,125,125,125,125,125,125,10,18,125,125,125,71,125,125,125,125,125,125,125,125,64,125,125,125,125,0,125,125,125,125,125,125,125,125,125,0,125,125,125,125,125,125,125,125,125,125,125,125,125,125,125,125,125,125,125,0,125,125,125,0,0,125,0,125,125,125,0,49,125,125,125,125,125,125,125,0,125,125,125,125,0,125,125,125,0,0,125,125,125,125,125,0,125,125,0,125,125,58,125,125,0,125,125,125,125,125,125,0,125,125,0,0,0,125,125,125,125,125,125,125,125,125,0,125,125,125,125,125,125,125,125,0,0,0,125,0,125,0,0,0,125,125,0,0,125,125,0,125,0,125,125,125,125,125,125,125,125,0,125,0,125,0,0,125,125,125,0,125,125,125,125,125,125,125,125,125,125,125,0,0,0,0,0,125,125,125,125,125,125,0,125,0,125,0,125,0,125,125,125,125,125,125,125,125,125,125,125,125,125,125,125,0,0,71,125,0,0,0,0,125,125,125,125,125,125,125,125,125,125,125,0,0,0,0,125,125,125,125,125,0,0,0,0,0,125,125,125,0,0,0,0,125,125,125,0,125,125,0,125,0,0,0,0,125,125,125,125,0,0,0,0,0,125,0,0,125,125,125,125,0,0,125,0,0,0,0,125,0,125,0,0,125,125,125,0,125,0,125,125,0,0,0,0,0,0,0,125,0,125,125,0,125,0,125,125,0,125,0,125,0,0,0,125,0,0,125,125,125,125,125,0,113,0,125,125,125,0
2001/S1,128,0,0,128,128,128,128,128,24,128,128,0,0,0,128,128,128,0,0,128,128,128,128,128,128,128,128,128,128,128,128,128,128,128,128,72,128,128,128,128,128,128,128,128,128,128,0,128,128,128,128,128,128,128,128,128,128,128,128,0,0,0,0,0,128,0,0,0,0,0,0,0,0,0,0,0,0,0,128,128,128,128,128,128,128,128,128,128,128,128,128,128,128,128,128,128,128,128,128,128,128,128,128,128,128,128,128,128,128,128,128,128,0,128,128,128,128,128,128,0,128,128,128,128,128,128,128,128,128,128,128,128,128,128,128,128,128,128,128,128,0,128,128,128,128,128,128,128,128,128,128,128,128,128,128,128,128,128,0,128,128,128,128,128,128,128,128,128,128,128,128,128,0,128,128,128,128,0,128,128,128,128,128,128,128,0,128,128,128,0,128,0,128,128,128,128,128,128,128,128,128,128,128,128,128,128,128,128,128,128,128,128,128,128,128,0,128,128,128,128,128,128,128,128,128,128,128,128,128,0,128,128,128,128,128,0,128,128,128,0,128,128,128,128,128,128,128,128,128,128,128,128,128,128,128,128,128,128,128,128,128,128,128,128,128,128,128,128,128,128,128,0,128,0,128,128,128,128,128,128,128,128,128,128,128,128,128,128,128,128,128,0,128,128,128,128,128,128,128,128,0,88,128,22,0,22,128,0,128,0,128,0,10,128,0,128,0,0,128,0,0,128,128,128,0,128,0,128,0,0,0,0,128,0,114,128,128,0,128,0,128,0,0,0,0,0,128,128,0,0,0,0,0,0,0,0,0,0,0,0,0,0,0,0,0,0,0,0,0,0,128,0,0,0,0,0,0,0,0,0,0,0,0,0,0,0,0,0,0,0,0,128,128,0,0,128,0,0,0,128,128,0,128,128,128,0,128,0,0,0,128,0,128,128,128,128,0,128,0,128,0,128,0,0,0,128,128,0,0,0,0,0,0,0,0,0,0,0,0,0,0,0,128,0,0,0,0,0,0,0,128,0,0,128,128,0,0,0,0,128,0,0,0,0,0,0,0,0,128,0,128,128,0,128,128,128,128,128,128,128,128,128,128,128,128,128,128,128,128,128,128,128,128,128,128,128,128,128,128,128,0,128,0,128,128,0,0,128,128,0,0,0,0,0,128,128,128,128,128,0,128,128,128,128,128,0,0,128,0,0,128,128,0,128,0,128,128,128,128,0,128,128,128,0,0,0,128,128,128,128,128,128,128,128,128,128,128,86,128,128,128,0,128,128,128,0,128,0,128,53,128,0,128,128,128,128,128,0,0,128,0,128,0,0,128,128,128,128,0,0,0,128,128,128,128,128,0,0,0,128,128,0,0,0,128,128,128,128,128,128,128,128,128,128,128,0,0,128,128,128,128,128,128,128,128,0,0,128,128,128,128,128,128,128,0,0,128,128,128,128,128,128,128,128,128,128,128,0,0,128,0,0,128,128,128,128,128,128,128,0,128,128,128,128,128,128,128,128,128,128,128,128,128,128,128,128,128,0,0,0,128,128,128,128,128,128,128,128,128,128,128,128,128,0,0,128,128,128,128,128,128,128,128,128,128,128,0,128,128,128,128,128,128,0,128,128,128,128,128,128,128,128,128,128,128,128,128,128,128,128,128,128,128,128,128,128,128,0,128,128,128,128,128,128,128,128,128,128,128,128,128,128,128,128,128,128,128,128,128,128,128,128,128,128,128,128,128,0,0,128,128,128,128,128,128,128,128,128,128,128,128,128,128,128,128,128,128,128,128,128,128,128,128,128,128,128,128,128,128,128,128,128,128,128,128,128,128,128,128,128,128,128,128,128,128,128,128,128,106,128,128,128,0,128,128,128,128,128,128,128,128,128,128,128,128,128,128,128,0,128,128,128,128,128,128,128,128,0,41,128,128,128,128,128,0,128,128,0,128,128,128,128,128,0,128,128,128,128,128,128,128,128,128,0,0,0,128,128,128,128,128,128,128,128,128,0,128,128,128,128,128,128,128,128,0,0,0,128,0,128,128,0,128,128,128,0,0,128,128,0,128,128,128,128,128,128,128,128,128,128,0,128,0,128,0,0,128,128,128,0,128,128,128,128,128,128,128,128,128,128,128,96,0,0,0,0,128,128,128,128,128,128,0,128,0,128,0,128,0,128,128,128,128,128,128,128,128,128,128,128,128,128,128,128,0,0,128,128,0,97,0,0,128,128,128,128,128,128,128,128,128,128,128,0,128,0,0,128,128,128,128,128,0,0,0,0,0,128,128,128,0,0,0,0,128,128,128,27,128,128,128,128,0,0,0,0,128,128,128,128,128,0,0,0,0,128,0,0,128,128,128,128,128,0,128,0,0,0,0,128,0,128,0,0,128,128,128,0,128,0,128,128,0,0,0,128,0,0,0,128,0,128,128,0,128,0,128,128,0,128,0,128,0,0,0,128,0,0,128,128,128,128,128,0,128,0,128,128,128,0
2001/S2,124,0,0,124,124,124,124,124,124,124,124,0,0,0,124,124,124,12,0,124,124,124,124,124,124,124,124,124,124,124,124,124,124,124,124,124,124,124,124,124,124,124,124,124,124,124,0,124,124,124,124,124,124,124,124,124,124,124,124,0,0,0,0,0,124,0,0,0,0,0,0,0,0,0,0,0,0,0,124,124,124,124,124,124,124,124,124,124,124,124,124,124,124,124,124,124,124,124,124,124,124,124,124,124,124,124,124,124,124,124,124,124,0,124,124,124,124,124,124,50,124,124,124,124,124,124,124,124,124,124,124,124,124,124,124,124,124,124,124,124,0,124,124,124,124,124,124,124,124,124,124,124,124,124,124,124,124,124,0,124,124,124,124,124,124,124,124,124,124,124,124,124,12,124,124,124,124,0,124,124,124,124,124,124,124,0,124,124,124,0,124,0,124,124,124,124,124,124,124,124,124,124,124,124,124,124,124,124,124,124,124,124,124,124,124,0,124,124,124,124,124,124,124,124,124,124,124,124,124,0,124,124,124,124,124,88,124,124,124,0,124,124,124,124,124,124,124,124,124,124,124,124,124,124,124,124,124,124,124,124,124,124,124,124,124,124,124,124,124,124,124,0,124,0,124,124,124,124,124,124,124,124,124,124,124,124,124,124,124,124,124,0,124,124,124,124,124,124,124,124,0,124,124,124,0,124,124,117,124,115,124,0,124,124,70,124,0,45,124,0,27,124,124,124,0,124,0,124,0,0,0,70,124,0,124,124,124,0,124,0,124,0,0,0,0,0,124,124,0,0,0,0,0,0,0,0,0,0,0,0,0,0,0,0,0,0,0,0,0,0,124,0,0,0,0,0,0,0,0,0,0,0,0,0,0,0,0,0,0,0,0,124,124,0,0,124,0,0,0,124,124,0,124,124,124,0,124,0,0,0,124,0,124,124,124,124,0,124,0,124,0,124,0,0,0,124,124,0,0,0,0,0,0,0,0,0,0,0,0,0,0,0,124,0,0,0,0,0,0,0,124,0,0,124,124,0,0,0,0,124,0,0,0,0,0,0,0,0,124,0,124,124,0,124,124,124,124,124,124,124,124,124,124,124,124,124,124,124,124,124,124,124,124,124,124,124,124,124,124,124,0,124,0,124,124,0,0,124,124,0,0,0,0,0,124,124,124,124,124,0,124,124,124,124,124,0,0,124,48,0,124,124,0,124,0,124,124,124,124,0,124,124,124,0,0,0,124,124,124,124,124,124,124,124,124,124,124,124,124,124,124,90,124,124,124,0,124,0,124,124,124,0,124,124,124,124,124,0,0,124,0,124,0,0,124,124,124,124,0,0,0,124,124,124,124,124,0,0,0,124,124,0,0,0,124,124,124,124,124,124,124,124,124,124,124,0,0,124,124,124,124,124,124,124,124,0,0,124,124,124,124,124,124,124,0,0,124,124,124,124,124,124,124,124,124,124,124,0,0,124,0,0,124,124,124,124,124,124,124,0,124,124,124,124,124,124,124,124,124,124,124,124,124,124,124,124,124,0,0,0,124,124,124,124,124,124,124,124,124,124,124,124,124,0,0,124,124,124,124,124,124,124,124,124,124,124,53,124,124,124,124,124,124,0,124,124,124,124,124,124,124,124,124,124,124,124,124,124,124,124,124,124,124,124,124,124,124,0,124,124,124,124,124,124,124,124,124,124,124,124,124,124,124,124,124,124,124,124,124,124,124,124,124,124,124,124,124,0,0,124,124,124,124,124,124,124,124,124,124,124,124,124,124,124,124,124,124,124,124,124,124,124,124,124,124,124,124,124,104,124,124,124,124,124,124,124,124,124,124,124,124,124,124,124,124,124,124,124,0,124,124,124,0,9,124,46,124,124,124,41,124,124,124,124,124,124,124,124,0,124,124,124,124,115,124,124,124,0,0,124,124,124,124,124,0,124,124,0,124,124,124,124,124,0,124,124,124,124,124,124,124,124,124,0,0,0,124,124,124,124,124,124,124,124,124,0,124,124,124,124,124,124,124,124,0,0,0,124,0,124,124,0,124,124,124,0,0,124,124,0,124,124,124,124,124,124,124,124,124,124,0,124,0,124,0,0,124,124,124,0,124,124,124,124,124,124,124,124,124,124,124,0,0,0,0,0,124,124,124,124,124,124,0,124,0,124,0,124,0,124,124,124,124,124,124,124,124,124,124,124,124,124,124,124,0,0,124,124,0,0,0,0,124,124,124,124,124,124,124,124,124,124,124,0,124,0,0,124,124,124,124,124,0,0,0,0,0,124,124,124,0,0,0,0,124,124,124,0,124,124,99,124,0,0,0,0,124,124,124,124,108,0,0,0,0,124,0,0,124,124,124,124,124,0,124,0,0,0,0,124,0,124,0,0,124,124,124,0,124,0,124,124,0,0,0,124,0,0,0,124,0,124,124,0,124,0,124,124,0,124,0,124,0,0,0,124,0,0,124,124,124,124,124,0,124,0,124,124,124,0
2002/S1,128,0,0,128,128,128,128,128,0,128,128,0,0,0,128,128,128,0,0,128,128,128,128,128,128,128,128,128,128,128,128,128,128,128,128,0,128,128,128,128,128,128,128,128,128,128,0,128,128,128,128,0,128,128,128,128,128,128,128,0,0,0,0,0,128,0,0,0,0,0,0,0,0,0,0,0,0,0,128,128,128,128,128,128,128,128,128,128,128,128,128,128,128,128,128,128,128,128,128,128,128,128,128,128,128,128,128,128,128,128,128,128,0,128,128,128,128,128,128,0,128,128,128,128,128,128,128,128,128,128,128,128,128,128,128,128,128,128,128,128,0,128,128,128,128,128,128,128,128,128,128,128,128,128,128,128,128,128,0,128,128,128,128,128,128,128,128,128,128,128,128,128,0,128,128,128,128,0,128,128,128,128,128,128,128,0,128,128,128,0,128,0,128,128,128,128,128,128,128,128,128,128,128,128,128,128,128,128,128,128,128,128,128,128,128,0,128,128,128,128,128,128,128,128,128,128,128,128,128,0,128,128,128,128,128,0,128,128,128,0,128,128,128,128,128,128,128,128,128,128,128,128,128,128,128,128,128,128,128,128,128,128,128,128,128,128,128,128,128,128,128,0,128,0,128,128,128,128,128,128,128,128,128,128,128,128,128,128,128,75,63,0,128,0,128,128,128,128,128,128,0,0,128,0,0,0,0,0,128,0,115,0,0,128,0,128,0,0,128,0,0,128,128,128,0,128,0,128,0,0,0,0,128,0,0,128,128,0,128,0,0,0,0,0,0,0,0,128,0,0,0,0,0,0,0,0,0,0,0,0,0,0,0,0,0,0,0,0,0,0,128,0,0,0,0,0,0,0,0,0,0,0,0,0,0,0,0,0,0,0,0,128,128,0,0,128,0,0,0,128,24,0,128,64,128,0,128,0,0,0,128,0,128,128,128,128,0,128,0,128,0,128,0,0,0,128,128,0,0,0,0,0,0,0,0,0,0,0,0,0,0,0,128,0,0,0,0,0,0,0,128,0,0,128,0,0,0,0,0,66,0,0,0,0,0,0,0,0,128,0,128,128,0,128,128,128,128,128,128,128,128,128,128,128,128,128,128,128,128,128,128,128,128,128,128,128,128,128,128,128,0,128,0,128,128,0,0,128,128,0,0,0,0,0,128,128,128,128,128,0,128,128,128,128,128,0,0,128,0,0,128,128,0,128,0,128,128,128,128,0,128,128,128,0,0,0,128,128,128,128,128,128,128,128,128,128,128,0,128,128,128,0,128,128,128,0,128,0,128,0,128,0,128,128,128,128,128,0,0,128,0,128,0,0,128,128,0,128,0,0,0,128,128,128,128,128,0,0,0,128,128,0,0,0,128,128,128,128,128,128,128,128,128,128,0,0,0,128,128,128,128,128,128,128,128,0,0,128,128,128,128,128,128,128,0,0,128,128,128,128,128,128,128,128,128,128,128,0,0,128,0,0,128,128,128,128,128,128,128,0,128,128,128,128,128,128,128,128,128,128,128,128,128,128,128,128,128,0,0,0,128,128,128,128,128,128,128,128,128,128,128,128,128,0,0,128,128,128,128,128,128,128,128,128,128,0,0,128,128,128,128,128,128,0,128,128,128,128,128,128,128,128,128,128,128,128,128,128,128,128,128,128,128,128,128,128,128,0,128,128,128,128,128,128,128,128,128,128,128,128,128,128,128,128,128,128,128,128,128,128,128,128,128,128,128,128,128,0,0,128,128,128,128,128,128,128,128,128,128,128,128,128,128,128,128,128,128,128,128,128,128,128,128,128,128,0,128,128,128,128,128,128,128,128,128,128,128,128,128,128,128,128,128,37,128,128,128,128,128,128,128,128,128,128,128,128,128,128,128,128,128,128,128,128,128,128,128,128,0,128,128,128,128,128,128,128,128,0,128,128,128,128,128,128,128,128,128,0,128,128,128,128,128,16,128,128,128,128,128,128,128,128,128,0,0,0,128,128,128,128,128,128,128,128,128,0,128,128,128,128,128,128,128,128,0,0,0,128,0,128,128,0,128,128,128,0,0,128,128,128,128,128,128,128,128,128,128,128,128,128,0,128,0,128,0,0,128,128,128,0,128,128,128,128,128,128,128,128,128,128,128,128,0,128,0,0,128,128,128,128,128,128,0,128,0,128,0,128,0,128,128,128,128,128,128,128,128,128,128,128,128,128,128,128,0,0,128,128,0,128,128,0,128,128,128,128,128,128,128,128,128,128,128,0,128,0,0,128,128,128,128,128,0,0,0,0,0,128,128,128,0,128,0,0,128,128,128,128,128,128,128,128,0,0,0,0,128,128,128,128,128,0,0,0,0,128,0,0,128,128,128,128,128,0,128,0,0,0,0,128,0,128,0,0,128,128,128,0,128,0,128,128,0,0,0,128,0,0,0,128,0,128,128,0,128,128,128,128,0,128,0,128,0,0,0,128,0,0,128,128,128,128,128,0,128,126,128,128,128,0
2002/S2,124,0,0,124,124,124,124,124,0,124,124,0,0,0,124,124,124,0,0,124,124,124,124,124,124,124,124,124,124,124,124,124,124,124,124,0,124,124,124,124,124,124,124,124,124,124,0,124,124,124,124,28,124,124,124,124,124,124,124,0,0,0,0,0,124,0,0,0,0,0,0,0,0,0,0,0,0,0,124,124,124,124,124,124,124,124,124,124,124,124,124,124,124,124,124,124,124,124,124,124,124,124,124,124,124,124,124,124,124,124,124,124,0,124,124,124,124,124,124,0,124,124,124,124,124,124,124,124,124,124,124,124,124,124,124,124,124,124,124,124,0,124,124,124,124,124,124,124,124,124,124,124,124,124,124,124,124,124,0,124,124,124,124,124,124,124,124,124,124,124,124,124,0,124,124,124,124,0,124,124,124,124,124,124,124,0,124,124,124,0,124,0,124,124,124,124,124,124,124,124,124,124,124,124,124,124,124,124,124,124,124,124,124,124,124,0,124,124,124,124,124,124,124,124,124,124,124,124,124,0,124,124,124,124,124,0,124,124,124,0,124,124,124,124,124,124,124,124,124,124,124,124,124,124,124,124,124,124,124,124,124,124,124,124,124,124,124,124,124,124,124,0,124,0,124,124,124,124,124,124,124,124,124,124,124,124,124,124,124,124,124,0,124,114,124,124,124,124,124,124,0,0,124,0,0,0,118,0,124,0,124,0,0,124,0,124,0,0,124,0,0,124,124,124,0,124,0,124,0,0,0,0,124,0,0,124,124,0,124,0,87,0,0,0,0,0,118,124,0,0,0,0,0,0,0,0,0,0,0,0,0,0,0,0,0,0,0,0,0,0,124,0,0,0,0,0,0,0,0,0,0,0,0,0,0,0,0,0,0,0,0,124,124,0,0,124,0,0,0,124,124,0,124,124,124,0,124,0,0,0,124,0,124,124,124,124,0,124,0,124,0,124,0,0,0,124,124,0,0,0,0,0,0,0,0,0,0,0,0,0,0,0,124,0,0,0,0,0,0,0,124,0,0,124,43,0,0,0,0,124,0,0,0,0,0,0,0,0,124,0,124,124,0,124,124,124,124,124,124,124,124,124,124,124,124,124,124,124,124,124,124,124,124,124,124,124,124,124,124,124,0,124,0,124,124,0,0,124,124,0,0,0,0,0,124,124,124,124,124,0,124,124,124,124,124,0,0,124,0,0,124,124,0,124,0,124,124,124,124,0,124,124,124,0,0,0,124,124,124,124,124,124,124,124,124,124,124,0,124,124,124,0,124,124,124,0,124,0,124,0,124,0,124,124,124,124,124,0,0,124,0,124,0,0,124,124,19,124,0,0,0,124,124,124,124,124,0,0,0,124,124,0,0,0,124,124,124,124,124,124,124,124,124,124,27,0,0,124,124,124,124,124,124,124,124,0,0,124,124,124,124,124,124,124,0,0,124,124,124,124,124,124,124,124,124,124,124,0,0,124,0,0,124,124,124,124,124,124,124,0,124,124,124,124,124,124,124,124,124,124,124,124,124,124,124,124,124,0,0,0,124,124,124,124,124,124,124,124,124,124,124,124,124,0,0,124,124,124,124,124,124,124,124,124,124,43,0,124,124,124,124,124,124,0,124,124,124,124,124,124,124,124,124,124,124,124,124,124,124,124,124,124,124,124,124,124,124,0,124,124,124,124,124,124,124,124,124,124,124,124,124,124,124,124,124,124,124,124,124,124,124,124,124,124,124,124,124,0,0,124,124,124,124,124,124,124,124,124,124,124,124,124,124,124,124,124,124,124,124,124,124,124,124,124,124,9,124,124,124,124,124,124,124,124,124,124,124,124,124,124,124,124,124,124,124,124,124,124,124,124,124,124,99,124,124,124,124,124,124,124,124,124,124,124,124,124,124,124,0,124,124,124,124,124,124,124,124,0,124,124,124,124,124,124,124,124,124,0,124,124,124,124,124,0,124,124,124,124,124,124,124,124,124,0,0,0,124,124,124,124,124,124,124,124,124,0,124,124,124,124,124,124,124,124,0,0,0,124,0,124,124,0,124,124,124,0,0,124,124,14,124,124,124,124,124,124,124,124,124,124,0,124,0,124,0,0,124,124,124,0,124,124,124,124,124,124,124,124,124,124,124,124,0,104,0,0,124,124,124,124,124,124,0,124,0,124,0,124,0,124,124,124,124,124,124,124,124,124,124,124,124,124,124,124,0,0,124,124,0,124,43,0,124,124,124,124,124,124,124,124,124,124,124,0,124,0,0,124,124,124,124,124,0,0,0,0,0,124,124,124,0,73,0,0,124,124,124,124,124,124,124,124,0,0,0,0,124,124,124,124,124,0,0,0,0,124,0,0,124,124,124,124,124,0,124,0,0,0,0,124,0,124,0,0,124,124,124,0,124,0,124,124,0,0,0,124,0,0,0,124,0,124,124,0,124,65,124,124,0,124,0,124,0,0,0,124,0,0,124,124,124,124,124,0,124,0,124,124,124,0
2003/S1,128,0,0,128,128,128,128,128,0,128,128,0,0,0,128,128,128,0,0,128,128,128,128,128,128,128,128,128,128,128,128,128,128,128,128,0,128,128,128,128,128,128,128,128,128,128,0,128,128,128,128,0,128,128,128,128,128,128,128,0,0,0,0,0,0,0,0,0,0,0,0,0,0,0,0,0,0,0,128,128,128,128,128,128,128,128,128,128,128,128,128,128,128,128,128,128,128,128,128,128,128,128,128,128,128,128,128,128,128,128,128,128,0,128,128,128,128,128,128,0,128,128,128,128,128,128,128,128,128,128,128,128,128,128,128,128,128,128,128,128,0,128,128,0,128,128,128,128,128,128,128,128,128,128,128,128,128,128,0,128,128,128,128,128,128,128,128,128,128,128,128,128,0,128,128,128,128,0,128,128,128,128,128,128,128,0,128,128,128,0,128,0,128,128,128,128,128,128,128,128,128,128,128,128,128,128,128,128,128,128,128,128,128,128,128,0,128,128,128,128,128,128,128,128,128,128,128,128,128,0,128,128,128,128,128,0,128,128,128,0,128,128,128,128,128,128,128,128,128,128,128,128,128,128,128,128,128,128,128,128,128,128,128,128,128,128,128,128,128,128,128,0,128,0,128,128,128,128,128,128,128,128,128,128,128,127,128,128,128,0,0,0,128,0,128,128,128,128,128,128,0,0,128,0,0,0,0,0,128,0,0,0,0,128,0,128,0,0,128,0,0,128,128,128,0,128,0,128,0,0,0,0,128,0,0,128,128,0,128,0,0,0,0,0,0,0,0,128,0,0,0,0,0,0,0,0,0,0,0,0,0,0,0,0,0,0,0,0,0,0,42,0,0,0,0,0,0,0,0,0,0,0,0,0,0,0,0,0,0,0,0,128,128,0,0,128,0,0,0,128,0,0,128,0,128,0,128,0,0,0,128,0,128,128,128,128,0,128,0,128,0,128,0,0,0,128,128,0,0,0,0,0,0,0,0,0,0,0,0,0,0,0,128,0,0,0,0,0,0,0,128,0,0,128,0,0,0,0,0,0,0,0,0,0,0,0,0,0,128,0,128,128,0,128,128,128,128,128,128,128,128,128,128,128,128,128,128,128,128,128,128,128,128,128,128,128,128,65,128,128,0,128,0,128,128,0,0,128,128,0,0,0,0,0,128,128,128,128,128,0,128,128,128,128,128,0,0,128,0,0,128,128,0,128,0,128,128,128,128,0,128,128,128,0,0,0,128,128,128,128,128,128,128,128,128,128,128,0,128,128,128,0,128,128,128,0,128,0,128,0,128,0,128,128,128,128,128,0,0,128,0,128,0,0,128,128,0,128,0,0,0,128,128,128,128,128,0,0,0,128,128,0,0,0,128,128,128,128,128,128,128,128,128,128,0,0,0,128,128,128,128,128,128,128,128,0,0,128,128,128,128,128,128,128,0,0,128,128,128,128,128,128,128,128,128,128,128,0,0,128,0,0,128,128,128,128,128,128,128,0,128,128,128,128,128,128,128,128,128,128,128,128,127,80,128,128,128,0,0,0,128,128,128,128,128,128,128,128,128,128,128,128,128,0,0,128,128,128,128,128,128,128,128,128,0,0,0,128,128,128,0,128,128,0,128,128,128,128,128,128,128,128,128,128,128,128,128,128,128,128,128,128,128,128,128,128,0,0,128,128,128,128,128,128,128,128,128,128,128,128,128,128,128,128,128,128,128,128,128,128,128,128,128,128,128,128,128,0,0,128,128,128,128,128,128,128,128,128,128,128,128,128,84,0,41,128,128,128,128,128,128,128,128,128,128,0,128,128,128,128,128,128,128,128,128,128,128,128,128,128,128,128,128,0,128,128,128,128,128,128,128,128,66,128,128,128,128,128,128,128,128,128,128,128,128,128,128,128,128,128,128,128,128,128,128,128,128,51,128,128,128,128,128,128,128,128,128,0,128,128,128,128,128,128,128,128,128,128,128,128,128,128,128,0,0,26,128,128,128,128,128,128,128,128,128,0,128,128,128,128,128,128,128,128,0,0,0,128,0,128,128,15,128,128,128,0,0,128,128,128,128,128,128,128,128,128,128,128,128,128,0,128,102,128,0,0,128,128,128,0,128,128,128,128,128,128,128,128,128,128,128,128,0,128,0,0,128,128,128,128,128,128,0,128,0,128,0,128,0,128,128,128,128,128,128,128,128,128,128,128,128,128,128,128,0,7,128,128,0,128,128,0,128,128,128,128,128,128,128,128,128,128,128,0,128,0,0,128,128,128,128,128,0,0,0,0,0,128,128,128,0,128,68,0,128,128,128,128,128,128,128,128,0,0,0,0,128,128,128,128,128,0,0,0,0,128,0,0,128,128,128,128,128,0,128,0,0,0,0,128,0,128,0,0,128,128,128,0,128,0,128,128,0,0,0,128,0,0,0,128,0,128,128,0,128,128,128,128,0,128,0,128,0,0,0,128,0,0,128,128,128,128,128,0,128,128,128,128,128,0
2003/S2,124,0,0,124,124,124,124,124,0,124,124,0,0,0,124,124,124,0,0,124,124,124,124,124,124,124,124,124,124,124,124,124,124,124,124,0,124,124,124,124,124,124,124,124,124,124,0,124,124,124,124,0,124,124,124,124,124,124,124,0,0,0,0,0,24,0,0,0,0,0,0,0,0,0,0,0,0,0,124,124,124,124,124,124,124,124,124,124,124,124,124,124,124,124,124,124,124,124,124,124,124,124,124,124,124,124,124,124,124,124,124,124,0,124,124,124,124,124,124,0,124,124,124,124,124,124,124,124,124,124,124,124,124,124,124,124,124,124,124,124,0,124,124,24,124,124,124,124,124,124,124,124,124,124,124,124,124,124,0,124,124,124,124,124,124,124,124,124,124,124,124,124,0,124,124,124,124,0,124,124,124,124,124,124,124,0,124,124,124,0,124,0,124,124,124,124,124,124,124,124,124,124,124,124,124,124,124,124,124,124,124,124,124,124,124,0,124,124,124,124,124,124,124,124,124,124,124,124,124,0,124,124,124,124,124,0,124,124,124,0,124,124,124,124,124,124,124,124,124,124,124,124,124,124,124,124,124,124,124,124,124,124,124,124,124,124,124,124,124,124,124,0,124,0,124,124,124,124,124,124,124,124,124,124,124,124,124,124,124,0,0,0,124,0,124,124,124,124,124,124,0,0,124,0,0,0,0,0,124,0,0,0,0,124,0,124,0,0,124,0,0,124,124,124,0,124,0,124,0,0,0,0,124,0,0,124,124,0,124,0,0,0,0,0,0,0,0,124,0,0,0,0,0,0,0,0,0,0,0,0,0,0,0,0,0,0,0,0,0,0,124,0,0,0,0,0,0,0,0,0,0,0,0,0,0,0,0,0,0,0,0,124,124,0,0,124,0,0,0,124,0,0,124,0,124,0,124,0,0,0,124,0,124,124,124,124,0,124,0,124,0,124,0,0,0,124,124,0,0,0,0,0,0,0,0,0,0,0,0,0,0,0,124,0,0,0,0,0,0,0,124,0,0,124,0,0,0,0,0,0,0,0,0,0,0,0,0,0,124,0,124,124,0,124,124,124,124,124,124,124,124,124,124,124,124,124,124,124,124,124,124,124,124,124,124,124,124,124,124,124,0,124,0,124,124,0,0,124,124,0,0,0,0,0,124,124,124,124,124,0,124,124,124,124,124,0,0,124,0,0,124,124,0,124,0,124,124,124,124,0,124,124,124,0,0,0,124,124,124,124,124,124,124,124,124,124,124,0,124,124,124,0,124,124,124,0,124,0,124,0,124,0,124,124,124,124,124,0,0,124,0,124,0,0,124,124,0,124,0,0,0,124,124,124,124,124,0,0,0,124,124,0,0,0,124,124,124,124,124,124,124,124,124,124,0,0,0,124,124,124,124,124,124,124,124,0,0,124,124,124,124,124,124,124,0,0,124,124,124,124,124,124,124,124,124,124,124,0,0,124,0,0,124,124,124,124,124,124,124,0,124,124,124,124,124,124,124,124,124,124,124,124,124,124,124,124,124,0,0,0,124,124,124,124,124,124,124,124,124,124,124,124,124,0,0,124,124,124,124,124,124,124,124,124,60,0,0,124,124,124,112,124,124,0,124,124,124,124,124,124,124,124,124,124,124,124,124,124,124,124,124,124,124,124,124,124,94,0,124,124,124,124,124,124,124,124,124,124,124,124,124,124,124,124,124,124,124,124,124,124,124,124,124,124,124,124,124,0,0,124,124,124,124,124,124,124,124,124,124,124,124,124,124,8,124,124,124,124,124,124,124,124,124,124,124,0,124,124,124,124,124,124,124,124,124,124,124,124,124,124,124,124,124,0,124,124,124,124,124,124,124,124,124,124,124,124,124,124,124,124,124,124,124,124,124,124,124,124,98,124,124,124,124,124,124,124,124,0,124,124,124,124,124,124,124,124,124,0,124,124,124,124,124,124,124,124,124,124,124,124,124,124,124,0,0,0,124,124,124,124,124,124,124,124,124,0,124,124,124,124,124,124,124,124,0,0,0,124,0,124,124,0,124,124,124,0,0,124,124,124,124,124,124,124,124,124,124,124,124,124,0,124,0,124,0,0,124,124,124,0,124,124,124,124,124,124,124,124,124,124,124,124,0,124,0,0,124,124,124,124,124,124,0,124,0,124,0,124,0,124,124,124,124,124,124,124,124,124,124,124,124,124,124,124,0,0,124,124,0,124,124,0,124,124,124,124,124,124,124,124,124,124,124,0,124,0,0,124,124,124,124,124,0,0,0,0,0,124,124,124,0,124,0,0,124,124,124,124,124,124,124,124,0,0,0,0,124,124,124,124,124,0,0,0,0,124,0,0,124,124,124,124,124,0,124,0,0,0,0,124,0,124,0,0,124,124,124,0,124,0,124,124,0,0,0,124,0,0,0,124,0,124,124,0,124,124,124,124,0,124,0,124,0,0,0,124,0,0,124,124,124,124,124,0,124,124,124,124,124,0
2004/S1,127,0,0,127,127,127,127,127,0,127,127,0,0,0,127,127,127,0,0,127,127,127,127,127,127,127,127,127,127,127,127,127,127,127,127,0,127,127,127,127,127,127,127,127,127,127,0,59,127,127,127,0,127,127,127,127,127,127,127,0,0,0,0,0,0,0,0,0,0,0,0,0,0,0,0,0,0,0,127,127,127,127,127,127,127,127,127,127,127,127,127,127,127,127,127,127,127,127,127,127,127,127,127,127,127,127,127,127,127,127,127,127,0,127,127,127,127,127,127,0,127,127,127,127,127,127,127,127,127,127,127,127,127,127,127,127,127,127,127,127,0,127,127,0,127,127,127,127,127,127,127,127,127,127,127,127,127,127,0,127,127,127,127,127,127,127,127,127,127,127,127,127,0,127,127,127,127,0,127,127,127,127,127,127,127,0,127,127,127,0,127,0,127,127,127,127,127,127,127,127,127,127,127,127,127,127,127,127,127,127,127,127,127,127,127,0,127,127,127,127,127,127,127,127,127,127,127,127,127,0,127,127,127,127,127,0,127,127,127,0,127,127,127,127,127,127,127,127,127,127,127,127,127,127,127,127,127,127,0,127,127,127,127,127,127,127,127,127,127,127,127,0,127,0,127,127,127,127,127,127,127,127,127,127,36,0,127,127,127,0,0,0,127,0,127,127,127,127,127,127,0,0,127,0,0,0,0,0,127,0,0,0,0,127,0,127,0,0,127,0,0,127,127,127,0,127,0,127,0,0,0,0,127,0,0,127,127,0,127,0,0,0,0,0,0,0,0,127,0,0,0,0,0,0,0,0,0,0,0,0,0,0,0,0,0,0,0,0,0,0,0,0,0,0,0,0,0,0,0,0,0,0,0,0,0,0,0,0,0,0,0,127,127,0,0,127,0,0,0,127,0,0,127,0,127,0,127,0,0,0,127,0,127,0,127,127,0,127,0,127,0,127,0,0,0,127,127,0,0,0,0,0,0,0,0,0,0,0,0,0,0,0,127,0,0,0,0,0,0,0,127,0,0,127,0,0,0,0,0,0,0,0,0,0,0,0,0,0,127,0,127,0,0,127,127,127,127,127,127,127,127,127,127,127,127,127,127,127,127,127,127,127,127,127,127,127,127,0,127,127,0,127,0,127,127,0,0,127,127,0,0,0,0,0,127,127,127,127,127,0,127,127,127,41,127,0,0,127,0,0,127,127,0,127,0,127,127,127,127,0,127,127,127,0,0,0,127,127,127,127,127,127,127,127,127,127,127,0,127,127,127,0,127,127,127,0,127,0,127,0,127,0,127,127,127,127,127,0,0,127,0,127,0,0,127,127,0,127,0,0,0,127,127,127,127,127,0,0,0,127,127,0,0,0,127,127,127,127,127,127,127,127,127,127,0,0,0,127,127,127,127,127,127,127,127,0,0,127,127,127,127,127,127,127,0,0,127,127,127,127,127,127,127,127,127,127,127,0,0,127,0,0,127,127,127,127,127,127,127,0,127,127,127,127,127,127,127,127,127,127,127,7,0,0,127,0,127,0,0,0,127,127,127,127,127,127,127,127,127,127,127,0,127,0,0,127,127,127,0,127,127,127,127,127,0,0,0,127,127,127,0,127,127,0,127,127,127,127,127,127,127,127,127,127,127,127,127,127,127,127,127,127,127,127,127,0,0,0,127,127,127,127,127,127,127,127,127,127,127,127,127,127,127,127,127,127,127,127,127,127,127,127,127,127,127,127,127,0,0,127,127,127,127,127,127,127,127,127,127,127,127,127,0,0,0,127,127,127,127,127,127,127,127,127,127,0,127,127,127,127,127,127,127,127,127,127,0,127,127,127,127,127,127,0,127,127,127,127,127,127,127,127,0,127,127,127,127,127,127,127,127,127,127,127,127,127,127,127,127,127,127,127,127,127,127,127,127,127,127,127,127,127,127,127,127,127,127,127,127,127,127,127,127,127,127,127,127,127,127,127,127,127,127,0,0,127,127,127,127,127,127,127,127,127,127,0,127,127,127,127,127,127,127,127,127,0,0,127,0,127,127,127,127,127,127,0,99,127,127,127,127,127,127,127,127,127,127,127,127,127,0,127,127,127,0,0,127,127,127,0,127,127,127,127,127,127,127,127,127,127,127,127,0,127,0,0,127,127,127,127,127,127,0,127,0,127,0,127,0,127,127,127,127,127,127,127,127,127,127,127,127,127,127,127,98,127,127,127,0,127,127,0,127,127,127,127,127,127,127,127,127,127,127,0,127,0,0,127,127,127,127,127,0,0,0,0,0,127,127,127,0,127,127,0,127,127,127,127,127,127,127,127,0,95,0,0,127,127,127,127,127,127,0,0,0,127,0,0,127,127,127,127,127,0,127,0,0,0,0,127,0,127,0,0,127,127,127,0,127,0,127,127,0,0,0,127,0,0,0,127,0,127,127,0,127,127,127,127,0,127,0,127,0,0,0,127,0,0,127,127,127,127,127,0,127,127,127,127,127,0
2004/S2,125,0,0,125,125,125,125,125,0,125,125,0,0,0,125,125,125,0,0,125,125,125,125,125,125,125,125,125,125,125,125,125,125,125,125,0,125,125,125,125,125,125,125,125,125,125,0,125,125,125,125,0,125,125,125,125,125,125,125,0,0,0,0,0,0,0,0,0,0,0,0,0,0,0,0,0,0,0,125,125,125,125,125,125,125,125,125,125,125,125,125,125,125,125,125,125,125,125,125,125,125,125,125,125,125,125,125,125,125,125,125,125,0,125,125,125,125,125,125,0,125,125,125,125,125,125,125,125,125,125,125,125,125,125,125,125,125,125,125,125,0,125,125,0,125,125,125,125,125,125,125,125,125,125,125,125,125,125,0,125,125,125,125,125,125,125,125,125,125,125,125,125,0,125,125,125,125,0,125,125,125,125,125,125,125,0,125,125,125,0,125,0,125,125,125,125,125,125,125,125,125,125,125,125,125,125,125,125,125,125,125,125,125,125,125,0,125,125,125,125,125,125,125,125,125,125,125,125,125,0,125,125,125,125,125,0,125,125,125,0,125,125,125,125,125,125,125,125,125,125,125,125,125,125,125,125,125,125,108,125,125,125,125,125,125,125,125,125,125,125,125,0,125,0,125,125,125,125,125,125,125,125,125,125,125,0,125,125,125,0,0,0,125,0,125,125,125,125,125,125,0,0,125,0,0,0,0,0,125,0,0,0,0,125,0,125,0,0,125,0,0,125,125,125,0,125,0,125,0,0,0,0,125,0,0,125,125,0,125,0,0,0,0,0,0,0,0,125,0,0,0,0,0,0,0,0,0,0,0,0,0,0,0,0,0,0,0,0,0,0,0,0,0,0,0,0,0,0,0,0,0,0,0,0,0,0,0,0,0,0,0,125,125,0,0,125,0,0,0,125,0,0,125,0,125,0,125,0,0,0,125,0,125,7,125,125,0,125,0,125,0,125,0,0,0,125,125,0,0,0,0,0,0,0,0,0,0,0,0,0,0,0,125,0,0,0,0,0,0,0,125,0,0,125,0,0,0,0,0,0,0,0,0,0,0,0,0,0,125,0,125,69,0,125,125,125,125,125,125,125,125,125,125,125,125,125,125,125,125,125,125,125,125,125,125,125,125,0,125,125,0,125,0,125,125,0,0,125,125,0,0,0,0,0,125,125,125,125,125,0,125,125,125,125,125,0,0,125,0,0,125,125,0,125,0,125,125,125,125,0,125,125,125,0,0,0,125,125,125,125,125,125,125,125,125,125,125,0,125,125,125,0,125,125,125,0,125,0,125,0,125,0,125,125,125,125,125,0,0,125,0,125,0,0,125,125,0,125,0,0,0,125,125,125,125,125,0,0,0,125,125,0,0,0,125,125,125,125,125,125,125,125,125,125,0,0,0,125,125,125,125,125,125,125,125,0,0,125,125,125,125,125,125,125,0,0,125,125,125,125,125,125,125,125,125,125,125,0,0,125,0,0,125,125,125,125,125,125,125,0,125,125,125,125,125,125,125,125,125,125,125,125,0,0,125,0,125,0,0,0,125,125,125,125,125,125,125,125,125,125,125,84,125,0,0,125,125,125,105,125,125,125,125,125,0,0,0,125,125,125,0,125,125,0,125,125,125,125,125,125,125,125,125,125,125,125,125,125,125,125,125,125,125,125,125,42,0,0,125,125,125,125,125,125,125,125,125,125,125,125,125,125,125,125,125,125,125,125,125,125,125,125,125,125,125,125,125,0,0,125,125,125,125,125,125,125,125,125,125,125,125,125,0,0,0,125,125,125,125,125,125,125,125,125,125,0,125,125,125,125,125,125,125,125,125,125,81,125,125,125,125,125,125,0,125,125,125,125,125,125,125,125,0,125,125,125,125,125,125,125,125,125,125,125,125,125,125,125,125,125,125,125,125,125,125,125,125,125,125,125,125,125,125,125,125,125,125,25,125,125,125,125,125,125,125,125,125,125,125,125,125,125,125,0,0,125,125,125,125,125,125,125,125,125,125,0,125,125,125,125,125,125,125,125,92,0,0,125,0,125,125,125,125,125,125,0,0,125,125,125,125,125,125,125,125,125,125,125,125,125,0,125,125,125,0,0,125,125,125,0,125,125,125,125,125,125,125,125,125,125,125,125,0,125,0,0,125,125,125,125,125,125,0,125,0,125,0,125,0,125,125,125,125,125,125,125,125,125,125,125,125,125,125,125,0,125,125,125,0,125,125,0,125,125,125,125,125,125,125,125,125,125,125,0,125,0,0,125,125,125,125,125,0,0,0,0,0,125,125,125,0,125,125,0,125,125,125,125,125,125,125,125,0,0,0,0,125,125,125,125,125,46,0,0,0,125,0,0,125,125,125,125,125,0,125,0,0,0,0,125,0,125,0,0,125,125,125,0,125,0,125,125,0,0,0,125,0,0,0,125,0,125,125,0,125,125,125,125,0,125,0,125,0,0,0,125,0,0,125,125,125,125,125,0,125,125,125,125,125,0
2005/S1,126,0,0,0,126,126,0,126,0,126,126,0,0,0,126,126,126,0,0,126,126,126,126,126,126,126,126,126,126,126,126,126,126,126,126,0,126,126,126,126,112,39,126,0,0,126,0,0,126,126,126,0,126,126,0,126,126,126,126,0,0,0,0,0,0,0,0,0,0,0,0,0,0,0,0,0,0,0,126,126,126,126,126,126,126,126,126,126,126,126,126,126,126,126,126,126,126,126,126,126,126,126,126,126,126,126,126,126,126,126,126,126,0,126,126,126,126,126,126,0,126,126,126,126,126,126,126,126,126,126,126,126,126,126,126,126,126,126,126,126,0,126,126,0,126,126,126,126,126,126,126,126,126,126,126,126,126,126,0,126,126,126,126,126,126,126,126,126,126,126,126,126,0,126,126,126,126,0,126,126,126,126,126,126,126,0,126,0,126,0,126,0,126,126,126,126,126,126,126,126,126,126,126,126,126,126,126,126,126,126,126,126,126,126,126,0,126,126,126,126,126,126,126,126,126,126,126,126,126,0,126,126,126,126,126,0,126,126,126,0,126,126,126,126,126,126,126,126,126,126,126,126,126,126,126,126,126,126,0,126,126,126,124,126,106,126,126,126,126,64,44,0,22,0,126,126,126,126,0,126,0,126,0,126,0,0,126,126,126,0,0,0,126,0,126,126,126,47,126,126,0,0,126,0,0,0,0,0,126,0,0,0,0,126,0,126,0,0,126,0,0,126,126,126,0,126,0,126,0,0,0,0,126,0,0,126,126,0,126,0,0,0,0,0,0,0,0,126,0,0,0,0,0,0,0,0,0,0,0,0,0,0,0,0,0,0,0,0,0,0,0,0,0,0,0,0,0,0,0,0,0,0,0,0,0,0,0,0,0,0,0,126,126,0,0,126,0,0,0,126,0,0,126,0,126,0,126,0,0,0,126,0,126,0,126,126,0,126,0,126,0,126,0,0,0,126,126,0,0,0,0,0,0,0,0,0,0,0,0,0,0,0,126,0,0,0,0,0,0,0,126,0,0,126,0,0,0,0,0,0,0,0,0,0,0,0,0,0,126,0,126,0,0,126,126,126,126,126,126,126,126,126,126,126,126,126,126,126,126,126,126,126,64,0,126,126,126,0,126,126,0,126,0,126,126,0,0,126,126,0,0,0,0,0,0,126,126,126,2,0,126,126,126,0,126,0,0,126,0,0,126,64,0,126,0,126,126,126,126,0,126,126,126,0,0,0,126,126,126,126,126,126,126,64,126,126,126,0,126,126,126,0,42,0,126,0,126,0,126,0,126,0,126,126,126,126,126,0,0,126,0,126,0,0,126,126,0,126,0,0,0,126,126,126,126,78,0,0,0,126,126,0,0,0,126,126,126,126,126,126,126,126,0,126,0,0,0,126,126,126,126,126,126,126,126,0,0,126,126,126,126,126,126,126,0,0,126,126,126,126,126,126,126,126,126,126,0,0,0,126,0,0,126,126,126,126,126,126,126,0,126,126,126,126,126,126,126,126,126,126,126,0,0,0,126,0,126,0,0,0,126,126,126,0,126,126,126,126,126,126,126,0,126,0,0,126,126,126,0,126,126,126,126,126,0,0,0,126,126,126,0,126,126,0,126,126,126,126,126,126,126,126,126,126,126,126,126,126,126,126,126,126,22,3,0,0,0,0,126,126,126,126,126,126,126,126,126,126,126,126,126,126,76,126,126,126,126,126,126,126,126,126,126,126,0,126,126,0,0,126,126,126,126,126,126,126,126,126,126,126,126,126,0,0,0,126,126,126,126,126,126,126,126,126,126,0,126,126,126,126,126,126,126,126,126,126,0,126,126,126,126,126,126,0,126,126,126,126,126,126,126,0,0,126,126,126,126,126,126,126,126,126,126,126,126,126,126,126,126,126,126,126,126,126,126,126,126,126,126,126,126,126,126,126,126,126,126,126,126,126,126,126,126,126,126,126,126,126,126,126,126,126,126,126,126,126,126,126,126,126,126,126,126,126,126,40,126,126,126,126,126,126,126,126,126,0,0,126,0,126,126,126,126,126,126,0,126,126,126,126,126,126,126,126,126,126,126,126,126,126,0,126,126,126,0,0,126,126,126,80,126,126,126,126,126,126,126,126,126,126,126,126,126,126,0,126,126,126,126,126,126,126,0,126,0,126,0,126,0,126,126,126,126,126,126,126,126,126,126,126,126,126,126,126,126,126,126,126,25,126,126,126,126,126,126,126,126,126,126,126,126,126,126,0,126,0,0,126,126,126,126,126,0,0,0,0,0,126,126,126,0,126,126,126,126,126,126,126,126,126,126,126,108,126,0,0,126,126,126,126,126,126,0,0,0,126,0,0,126,126,126,126,126,0,126,0,0,0,0,126,0,126,0,0,126,126,126,0,126,0,126,126,0,0,0,126,0,0,0,126,0,126,126,0,126,126,126,126,0,126,0,126,0,0,0,126,0,0,126,126,126,126,126,0,126,126,126,126,126,0
2005/S2,125,0,0,99,125,125,9,125,0,125,125,0,0,0,125,125,125,0,0,125,125,125,125,125,125,125,125,125,125,125,125,125,125,125,125,0,125,125,125,125,125,125,125,122,41,125,0,0,125,125,125,0,125,125,40,125,125,125,125,0,0,0,0,0,0,0,0,0,0,0,0,0,0,0,0,0,0,0,125,125,125,125,125,125,125,125,125,125,125,125,125,125,125,125,125,125,125,125,125,125,125,125,125,125,125,125,125,125,125,125,125,125,0,125,125,125,125,125,125,0,125,125,125,125,125,125,125,125,125,125,125,125,125,125,125,125,125,125,125,125,0,125,125,0,125,125,125,125,125,125,125,125,125,125,125,125,125,125,0,125,125,125,125,125,125,125,125,125,125,125,125,125,0,125,125,125,125,0,125,125,125,125,125,125,125,0,125,99,125,0,125,0,125,125,125,125,125,125,125,125,125,125,125,125,125,125,125,125,125,125,125,125,125,125,125,0,125,125,125,125,125,125,125,125,125,125,125,125,125,0,125,125,125,125,125,0,125,125,125,0,125,125,125,125,125,125,125,125,125,125,125,125,125,125,125,125,125,125,0,125,125,125,125,125,125,125,125,125,125,125,125,0,125,0,125,125,125,125,72,125,28,125,14,125,0,0,125,125,125,0,0,0,125,0,125,125,125,125,125,125,0,0,125,0,0,0,0,0,125,0,0,0,0,125,0,125,0,0,125,0,0,125,125,125,0,125,0,125,0,0,0,0,125,0,0,125,125,0,125,0,0,0,0,0,0,0,0,125,0,0,0,0,0,0,0,0,0,0,0,0,0,0,0,0,0,0,0,0,0,0,0,0,0,0,0,0,0,0,0,0,0,0,0,0,0,0,0,0,0,0,0,125,125,0,0,125,0,0,0,125,0,0,125,0,125,0,125,0,0,0,125,0,125,0,125,125,0,125,0,125,0,125,0,0,0,125,125,0,0,0,0,0,0,0,0,0,0,0,0,0,0,0,125,0,0,0,0,0,0,0,125,0,0,125,0,0,0,0,0,0,0,0,0,0,0,0,0,0,125,0,125,0,0,125,125,125,125,125,125,125,125,125,125,125,125,125,125,125,125,125,125,125,125,64,125,125,125,0,125,125,0,125,0,125,125,0,0,125,125,0,0,0,0,0,1,125,125,125,125,0,125,125,125,0,125,0,0,125,0,0,125,125,0,125,0,125,125,125,125,0,125,125,125,0,0,0,125,125,125,125,125,125,125,125,125,125,125,0,125,125,125,0,125,89,125,0,125,0,125,0,125,0,125,125,125,125,125,0,0,125,0,125,0,0,125,125,0,125,0,0,0,125,125,125,125,125,0,0,0,125,125,0,0,0,125,125,125,125,125,125,125,125,64,125,0,0,0,125,125,125,125,125,125,125,125,0,0,125,125,125,125,125,125,125,0,0,125,125,125,125,125,125,125,125,125,125,30,0,0,125,0,0,125,125,125,125,125,125,125,0,125,125,125,125,125,125,125,125,125,125,125,0,0,0,125,0,125,0,0,0,125,125,125,70,125,125,125,125,125,125,125,0,125,0,0,125,125,125,0,125,125,125,125,125,0,0,0,125,125,125,0,125,125,0,125,125,125,125,125,125,125,125,125,125,125,125,125,125,125,125,125,125,125,125,1,0,0,0,125,125,125,125,125,125,125,125,125,125,125,125,125,125,125,125,125,125,125,125,125,125,125,125,125,125,109,125,125,0,0,125,125,125,125,125,125,125,125,125,125,125,125,125,0,0,0,125,125,125,125,125,125,125,125,125,125,0,125,125,125,125,125,125,125,125,125,125,0,125,125,125,125,125,125,0,125,125,125,125,125,125,125,29,0,125,125,125,125,125,125,125,125,125,125,125,125,125,125,125,125,125,125,125,125,125,125,125,125,125,125,125,125,125,125,125,125,125,125,125,125,125,125,125,125,125,125,125,125,125,125,125,125,125,125,73,17,125,125,125,125,125,125,125,125,125,125,0,125,125,125,125,125,125,125,125,125,0,0,125,0,125,125,125,125,125,125,0,125,125,125,125,125,125,125,125,125,125,125,125,125,125,0,125,125,125,0,0,125,125,125,0,125,125,125,125,125,125,125,125,125,125,125,125,29,125,0,113,125,125,125,125,125,125,0,125,0,125,0,125,0,125,125,125,125,125,125,125,125,125,125,125,125,125,125,125,125,125,125,125,0,125,125,97,125,125,125,125,125,125,125,125,125,125,125,0,125,0,0,125,125,125,125,125,0,0,0,0,0,125,125,125,0,125,125,112,125,125,125,125,125,125,125,125,0,125,0,0,125,125,125,125,125,125,0,0,0,125,0,0,125,125,125,125,125,0,125,0,0,0,0,125,0,125,0,0,125,125,125,0,125,0,125,125,0,0,0,125,0,0,0,125,0,125,125,0,125,125,125,125,0,125,0,125,0,0,0,125,0,0,125,125,125,125,125,0,125,125,125,125,125,0
2006/S1,127,0,0,0,127,127,0,127,0,127,127,0,0,0,127,127,127,0,0,127,127,127,127,127,127,127,127,127,127,127,127,127,127,127,127,0,127,0,127,127,0,0,127,0,0,127,0,0,127,127,127,0,127,127,0,127,127,127,127,0,0,0,0,0,0,0,0,0,0,0,0,0,0,0,0,0,0,0,127,127,127,127,127,127,127,127,127,127,127,127,127,127,127,127,127,127,127,127,127,127,127,127,127,127,127,127,127,127,127,127,127,127,0,127,127,127,127,127,127,0,127,127,127,127,127,127,127,127,127,127,127,127,127,127,127,127,127,127,127,127,0,127,127,0,127,127,127,127,127,127,127,127,127,127,127,127,127,127,0,127,127,127,127,127,127,127,127,127,127,127,127,127,0,127,127,127,127,0,127,127,127,127,127,127,127,0,127,0,127,0,127,0,127,127,127,127,127,127,127,127,127,127,127,127,127,127,127,127,127,127,127,127,127,127,127,0,127,127,127,127,127,127,127,127,127,127,127,127,127,0,127,127,127,127,127,0,127,0,127,0,127,127,127,127,55,37,127,127,3,127,127,127,127,127,0,127,127,127,0,127,127,127,0,127,0,127,127,127,127,0,0,0,0,0,127,127,127,127,0,127,0,127,0,127,0,0,127,127,127,0,0,0,127,0,127,127,0,0,127,127,0,0,127,0,0,0,0,0,127,0,0,0,0,127,0,49,0,0,127,0,0,127,127,127,0,127,0,127,0,0,0,0,0,0,0,127,127,0,127,0,0,0,0,0,0,0,0,127,0,0,0,0,0,0,0,0,0,0,0,0,0,0,0,0,0,0,0,0,0,0,0,0,0,0,0,0,0,0,0,0,0,0,0,0,0,0,0,0,0,0,0,127,127,0,0,85,0,0,0,127,0,0,127,0,127,0,127,0,0,0,127,0,127,0,127,127,0,127,0,127,0,0,0,0,0,127,127,0,0,0,0,0,0,0,0,0,0,0,0,0,0,0,127,0,0,0,0,0,0,0,127,0,0,127,0,0,0,0,0,0,0,0,0,0,0,0,0,0,127,0,127,0,0,127,127,127,127,127,127,127,127,127,127,127,127,127,127,127,127,127,127,127,0,0,127,127,127,0,127,127,0,127,0,127,127,0,0,127,127,0,0,0,0,0,0,127,127,127,0,0,127,127,127,0,127,0,0,127,0,0,0,0,0,127,0,127,127,127,127,0,127,127,127,0,0,0,127,127,127,127,127,127,127,0,127,127,127,0,127,127,127,0,0,0,127,0,127,0,127,0,127,0,127,127,127,127,127,0,0,127,0,127,0,0,127,127,0,127,0,0,0,127,127,127,0,0,0,0,0,127,127,0,0,0,127,127,127,127,127,127,127,127,0,127,0,0,0,127,127,127,127,127,127,127,127,0,0,127,127,127,127,127,127,127,0,0,127,127,127,127,127,127,127,127,127,127,0,0,0,127,0,0,127,127,127,127,127,127,127,0,127,127,127,127,127,127,127,127,127,127,127,0,0,0,127,0,127,0,0,0,127,127,127,0,127,127,127,127,127,0,127,0,127,0,0,127,127,127,0,127,127,127,127,127,0,0,0,127,127,127,0,127,127,0,127,127,127,127,127,127,127,127,127,127,127,127,127,127,64,33,118,127,0,0,0,0,0,0,127,127,127,127,127,127,127,127,127,127,127,127,127,127,0,127,127,127,127,127,105,127,127,127,127,8,0,127,127,0,0,127,127,127,127,127,127,127,127,127,127,127,127,62,0,0,0,127,127,127,127,127,127,127,127,127,30,0,127,127,127,127,127,127,127,127,127,127,0,127,127,127,127,127,127,0,127,127,127,127,127,127,0,0,0,127,127,127,127,127,127,127,127,127,127,127,127,127,127,127,127,127,127,127,127,127,57,127,127,127,127,127,127,127,0,127,127,127,127,0,127,127,127,127,127,127,127,127,127,127,127,127,127,127,127,127,127,127,127,127,127,127,127,127,127,127,127,127,127,127,127,127,127,127,127,127,127,127,69,127,127,127,127,127,127,127,127,127,127,127,127,127,127,127,127,127,127,127,127,127,127,127,12,127,127,127,12,12,127,127,127,127,127,127,127,127,127,127,127,127,127,127,127,127,127,127,0,127,127,127,127,127,127,127,0,127,0,127,0,127,0,127,127,127,127,127,127,127,127,127,127,127,127,127,127,127,127,127,127,127,127,127,127,127,127,127,127,127,127,127,127,127,127,127,127,85,127,51,0,127,127,127,127,127,127,127,127,0,0,127,127,127,0,127,127,127,127,127,127,127,127,127,127,127,127,127,0,0,127,127,127,127,127,127,0,0,0,127,0,0,127,127,127,127,127,0,127,0,0,0,0,127,0,127,0,0,127,127,127,0,127,0,127,127,0,46,0,127,0,0,127,127,0,127,127,0,127,127,127,127,0,127,0,127,0,0,0,127,127,0,127,127,127,127,127,0,127,127,127,127,127,0
2006/S2,124,0,0,0,124,124,0,124,0,124,124,0,0,0,124,124,124,0,0,124,124,124,124,124,124,124,124,124,124,124,124,124,124,124,124,0,124,64,124,124,0,0,124,0,0,124,0,0,124,124,124,0,124,124,0,124,124,124,124,0,0,0,0,0,0,0,0,0,0,0,0,0,0,0,0,0,0,0,124,124,124,124,124,124,124,124,124,124,124,124,124,124,124,124,124,124,124,124,124,124,124,124,124,124,124,124,124,124,124,124,124,124,0,124,124,124,124,124,124,0,124,124,124,124,124,124,124,124,124,124,124,124,124,124,124,124,124,124,124,124,0,124,124,0,124,124,124,124,124,124,124,124,124,124,124,124,124,124,0,124,124,124,124,124,124,124,124,124,124,124,124,124,0,124,124,124,124,0,124,124,124,124,124,124,124,0,124,0,124,0,124,0,124,124,124,124,124,124,124,124,124,124,124,124,124,124,124,124,124,124,124,124,124,124,124,0,124,124,124,124,124,124,124,124,124,124,124,124,124,0,124,124,124,124,124,0,124,106,124,0,124,124,124,124,124,124,124,124,124,124,124,124,124,124,29,124,124,124,0,124,124,124,0,124,0,124,124,124,124,0,0,0,0,0,124,124,124,124,0,124,0,124,0,124,0,0,124,124,124,0,0,0,124,0,124,124,98,0,124,124,0,0,124,0,0,0,0,0,124,0,0,0,0,124,0,124,0,0,124,0,0,124,124,124,0,124,0,124,0,0,0,0,22,0,0,124,124,0,124,0,0,0,0,0,0,0,0,124,0,0,0,0,0,0,0,0,0,0,0,0,0,0,0,0,0,0,0,0,0,0,0,0,0,0,0,0,0,0,0,0,0,0,0,0,0,0,0,0,0,0,0,124,124,0,0,124,0,0,0,124,0,0,124,0,124,0,124,0,0,0,124,0,124,0,124,124,0,124,0,124,0,86,0,0,0,124,124,0,0,0,0,0,0,0,0,0,0,0,0,0,0,0,124,0,0,0,0,0,0,0,124,0,0,124,0,0,0,0,0,0,0,0,0,0,0,0,0,0,124,0,124,0,0,124,124,124,124,124,124,124,124,124,124,124,124,124,124,124,124,124,124,124,0,0,124,124,124,0,124,124,0,124,0,124,124,0,0,124,124,0,0,0,0,0,0,124,124,124,0,0,124,124,124,0,124,0,0,124,0,0,99,0,0,124,0,124,124,124,124,0,124,124,124,0,0,0,124,124,124,124,124,124,124,0,124,124,124,0,124,124,124,0,0,0,124,0,124,0,124,0,124,0,124,124,124,124,124,0,0,124,0,124,0,0,124,124,0,124,0,0,0,124,124,124,107,0,0,0,0,124,124,0,0,0,124,124,124,124,124,124,124,124,0,124,0,0,0,124,124,124,124,124,124,124,124,0,0,124,124,124,124,124,124,124,0,0,124,124,124,124,124,124,124,124,124,124,0,0,0,124,0,0,124,124,124,124,124,124,124,0,124,124,124,124,124,124,124,124,124,124,124,0,0,0,124,0,124,0,0,0,124,124,124,0,124,124,124,124,124,89,124,0,124,0,0,124,124,124,0,124,124,124,124,124,0,0,0,124,124,124,0,124,124,0,124,124,124,124,124,124,124,124,124,124,124,124,124,124,124,124,124,124,0,0,0,0,0,0,124,124,124,124,124,124,124,124,124,124,124,124,124,124,0,124,124,124,124,124,124,124,124,124,124,124,0,124,124,0,0,124,124,124,124,124,124,124,124,124,124,124,124,124,0,0,0,124,124,124,124,124,124,124,124,124,124,0,124,124,124,124,124,124,124,124,124,124,0,124,124,124,124,124,124,0,124,124,124,124,124,124,107,0,0,124,124,124,124,124,124,124,124,124,124,124,124,124,124,124,124,124,124,124,124,124,124,124,124,124,124,124,124,124,93,124,124,124,124,108,124,124,124,124,124,124,124,124,124,124,124,124,124,124,124,124,124,124,124,124,124,124,124,124,124,124,124,124,124,124,124,124,124,124,124,124,124,8,112,124,68,124,124,124,124,124,124,112,124,124,124,124,124,124,124,124,124,124,124,124,124,124,0,124,124,124,0,0,124,124,124,124,124,124,124,124,124,124,124,124,124,124,124,124,124,124,0,124,124,124,124,124,124,124,0,124,0,124,0,124,0,124,124,124,124,124,124,124,124,124,124,124,124,124,124,124,124,124,124,124,124,124,124,124,124,124,124,124,124,124,124,124,124,124,124,0,124,0,0,124,124,124,124,124,10,51,26,0,0,124,124,124,0,124,124,124,124,124,124,124,124,124,124,124,124,124,0,0,124,124,124,124,124,124,0,0,0,124,0,0,124,124,124,124,124,0,124,0,0,0,0,124,0,124,0,0,124,124,124,0,124,0,124,124,0,0,0,124,0,0,6,124,0,124,124,0,124,124,124,124,0,124,0,124,0,0,0,124,92,0,124,124,124,124,124,0,124,124,124,124,124,0
2007/S1,128,0,0,0,128,128,0,128,0,128,128,0,0,0,128,128,128,0,0,128,128,128,128,128,128,128,128,128,128,128,128,128,128,128,128,0,128,0,128,0,0,0,128,0,0,128,0,0,128,128,128,0,128,128,0,128,128,128,128,0,0,0,0,0,0,0,0,0,0,0,0,0,0,0,0,0,0,0,128,128,128,128,128,128,128,128,128,128,128,128,128,128,128,128,128,128,128,128,128,128,128,128,128,128,128,128,128,128,128,128,128,128,0,128,128,128,128,128,128,0,128,128,128,128,128,128,128,128,128,128,128,128,128,128,128,128,128,102,128,128,0,128,128,0,128,128,128,128,128,128,128,128,128,128,128,128,128,128,0,128,128,128,128,128,128,128,128,128,128,128,128,128,0,128,128,128,128,0,128,128,128,128,128,128,128,0,128,0,128,0,128,0,128,128,128,128,128,128,128,128,128,128,128,128,128,128,128,128,128,128,128,128,128,128,128,0,128,128,128,128,128,128,20,128,0,128,0,128,128,0,0,128,0,128,128,0,128,0,128,0,0,128,128,128,0,0,128,128,0,128,128,128,128,128,0,128,128,128,0,128,128,128,0,128,0,128,51,128,128,0,0,0,0,0,128,128,128,128,0,128,0,128,0,128,0,0,128,128,128,0,0,0,128,0,128,0,0,0,128,128,0,0,128,0,0,0,0,0,128,0,0,0,0,128,0,0,0,0,128,0,0,128,128,128,0,128,0,128,0,0,0,0,0,0,0,97,128,0,128,0,0,0,0,0,0,0,0,128,0,0,0,0,0,0,0,0,0,0,0,0,0,0,0,0,0,0,0,0,0,0,0,0,0,0,0,0,0,0,0,0,0,0,0,0,0,0,0,0,0,0,0,0,128,0,0,0,0,0,0,128,0,0,128,0,128,0,0,0,0,0,128,0,128,0,128,128,0,128,0,128,0,0,0,0,0,128,128,0,0,0,0,0,0,0,0,0,0,0,0,0,0,0,128,0,0,0,0,0,0,0,128,0,0,128,0,0,0,0,0,0,0,0,0,0,0,0,0,0,128,0,128,0,0,128,128,128,128,128,128,128,128,0,0,128,128,128,128,128,128,128,128,128,0,0,128,128,128,0,128,128,0,128,0,0,128,0,0,128,128,0,0,0,0,0,0,128,128,128,0,0,128,128,128,0,128,0,0,128,0,0,0,0,0,128,0,128,128,128,128,0,128,128,128,0,0,0,128,128,128,128,128,0,0,0,128,128,128,0,128,128,128,0,0,0,128,0,128,0,128,0,128,0,128,128,128,128,128,0,0,128,0,128,0,0,128,128,0,128,0,0,0,128,128,128,0,0,0,0,0,128,128,0,0,0,128,128,128,128,128,127,128,128,0,128,0,0,0,128,128,128,128,128,128,128,128,0,0,128,128,128,128,128,128,128,0,0,128,128,128,128,128,106,128,128,128,0,0,0,0,128,0,0,128,128,128,128,128,128,128,0,128,128,128,128,128,128,0,0,0,128,128,0,0,0,128,0,128,0,0,0,128,128,128,0,128,128,128,128,128,0,128,0,128,0,0,128,128,128,0,128,128,128,128,128,0,0,0,128,128,128,0,128,128,0,128,128,128,128,128,128,128,128,128,128,128,128,128,128,0,0,0,128,0,0,0,0,0,0,128,128,128,128,128,128,128,128,128,128,128,128,128,0,0,128,128,128,128,128,0,128,128,128,128,0,0,128,128,0,0,128,128,128,128,128,0,128,128,128,128,128,128,0,0,0,0,128,128,128,128,128,128,128,128,128,0,0,128,128,128,128,128,128,128,128,128,128,0,128,128,128,128,110,128,0,128,128,128,128,128,128,0,0,0,128,128,128,128,128,128,128,128,128,128,128,128,128,128,128,128,128,128,128,128,128,0,128,128,128,128,128,128,128,0,128,128,128,0,0,0,128,128,128,128,128,128,128,128,128,128,128,128,128,128,128,128,128,128,128,128,128,128,128,128,128,128,128,128,62,128,128,128,128,128,128,128,128,0,128,128,128,128,128,128,128,128,128,128,128,128,128,128,128,128,128,128,128,128,128,128,128,128,128,128,128,128,128,128,128,128,128,128,128,128,128,128,128,128,128,128,128,128,128,128,128,128,128,128,128,128,128,128,128,16,128,75,128,14,128,46,128,128,128,128,128,128,128,128,128,128,128,128,128,128,128,128,128,128,128,128,128,128,128,128,128,128,128,128,128,128,128,128,128,128,128,128,128,0,128,128,128,128,128,128,128,128,73,0,128,128,128,0,128,128,128,128,128,128,128,128,128,128,128,128,128,0,0,128,128,128,128,128,128,0,0,0,128,0,0,128,128,128,128,128,0,128,0,0,0,0,128,0,128,0,0,128,128,128,0,128,0,128,128,0,128,0,128,0,0,128,128,0,128,128,0,128,128,128,128,0,128,0,128,0,0,0,128,128,0,128,128,128,128,128,0,128,128,128,128,128,128
2007/S2,125,0,0,0,125,125,0,125,0,125,125,0,0,0,125,125,125,0,0,125,125,125,125,125,125,125,125,125,125,125,125,125,125,125,125,0,125,0,125,125,0,0,125,0,0,125,0,0,125,125,125,0,125,125,0,125,125,125,125,0,0,0,0,0,0,0,0,0,0,0,0,0,0,0,0,0,0,0,125,125,125,125,125,125,125,125,125,125,125,125,125,125,125,125,125,125,125,125,125,125,125,125,125,125,125,125,125,125,125,125,125,125,0,125,125,125,125,125,125,0,125,125,125,125,125,125,125,125,125,125,125,125,125,125,125,125,125,125,125,125,0,125,125,0,125,125,125,125,125,125,125,125,125,125,125,125,125,125,0,125,125,125,125,125,125,125,125,125,125,125,125,125,0,125,125,125,125,0,125,125,125,125,125,125,125,0,125,0,125,0,125,0,125,125,125,125,125,125,125,125,125,125,125,125,125,125,125,125,125,125,125,125,125,125,125,0,125,125,125,125,125,125,125,125,121,125,116,125,125,0,101,125,83,125,125,0,125,0,125,0,0,125,125,125,0,0,125,125,0,125,125,125,125,125,0,125,125,125,0,125,125,125,0,125,0,125,125,125,125,0,0,0,0,0,125,125,125,125,0,125,0,125,0,125,0,0,125,125,125,0,0,0,125,0,125,96,0,0,125,125,0,0,125,0,0,0,0,0,125,0,0,0,0,125,0,0,0,0,125,0,0,125,125,125,0,125,0,125,0,0,0,0,0,0,0,125,125,0,125,0,0,0,0,0,0,0,0,125,0,0,0,0,0,0,0,0,0,0,0,0,0,0,0,0,0,0,0,0,0,0,0,0,0,0,0,0,0,0,0,0,0,0,0,0,0,0,0,0,0,0,0,77,125,0,0,0,0,0,0,125,0,0,125,0,125,0,34,0,0,0,125,0,125,0,125,125,0,125,0,125,0,0,0,0,0,125,125,0,0,0,0,0,0,0,0,0,0,0,0,0,0,0,125,0,0,0,0,0,0,0,125,0,0,125,0,0,0,0,0,0,0,0,0,0,0,0,0,0,125,0,125,0,0,125,125,125,125,125,125,125,125,81,71,125,125,125,125,125,125,125,125,125,0,0,125,125,125,0,125,125,0,125,0,60,125,0,0,125,125,0,0,0,0,0,0,125,125,125,0,0,125,125,125,0,125,0,0,125,0,0,0,0,0,125,0,125,125,125,125,0,125,125,125,0,0,0,125,125,125,125,125,98,59,0,125,125,125,0,125,125,125,0,0,0,125,0,125,0,125,0,125,0,125,125,125,125,125,0,0,125,0,125,0,0,125,125,0,125,0,0,0,125,125,125,0,0,0,0,0,125,125,0,0,0,125,125,125,125,125,125,125,125,0,125,0,0,0,125,125,125,125,125,125,125,125,0,0,125,125,125,125,125,125,125,0,0,125,125,125,125,125,125,125,125,125,75,0,0,0,125,0,0,125,125,125,125,125,125,125,0,125,125,125,125,125,125,122,64,4,125,125,0,0,0,125,0,125,0,0,0,125,125,125,0,125,125,125,125,125,0,125,0,125,0,0,125,125,125,0,125,125,125,125,125,0,0,0,125,125,125,0,125,125,0,125,125,125,125,125,125,125,125,125,125,125,125,125,125,0,0,0,125,0,0,0,0,0,0,125,125,125,125,125,125,125,125,125,125,125,125,125,39,0,125,125,125,125,125,0,125,125,125,125,0,0,125,125,0,0,125,125,125,125,125,82,125,125,125,125,125,125,0,0,0,0,125,125,125,125,125,125,125,125,125,0,0,125,125,125,125,125,125,125,125,125,125,0,125,125,125,125,125,125,0,125,125,125,125,125,125,0,0,0,125,125,125,125,125,125,125,125,125,125,125,125,125,125,125,125,125,125,125,125,125,0,125,125,125,125,125,125,125,0,125,125,125,68,0,47,125,125,125,125,125,125,125,125,125,125,125,125,125,125,125,125,125,125,125,125,125,125,125,125,125,125,125,125,125,125,125,125,125,125,125,125,125,0,125,125,125,125,125,125,125,125,125,125,125,125,125,125,125,125,125,125,125,125,125,125,125,125,125,125,125,125,125,125,125,125,125,125,125,125,125,125,125,125,125,125,125,125,125,125,125,75,125,125,125,125,125,125,125,0,125,0,125,0,125,0,125,125,125,125,125,125,125,125,125,125,125,125,125,125,125,125,125,125,125,125,125,125,125,125,125,125,125,125,125,125,125,125,125,125,125,125,125,0,125,125,125,125,125,125,125,125,0,0,125,125,125,0,125,125,125,125,125,125,125,125,125,125,125,125,125,0,0,125,125,125,125,125,125,0,0,0,125,0,0,125,125,125,125,125,0,125,0,0,0,0,125,0,125,0,0,125,125,125,0,125,0,125,125,0,125,0,125,0,0,125,125,0,125,125,0,125,125,125,125,0,125,0,125,0,0,0,125,125,0,125,125,125,125,125,0,125,125,125,125,125,18
2008/S1,128,0,0,0,128,128,0,128,0,128,128,0,0,0,128,128,106,0,0,128,128,4,128,128,128,128,128,128,128,128,128,0,128,128,128,0,128,0,128,0,0,0,128,0,0,128,0,0,128,128,128,0,128,128,0,128,128,128,128,0,0,0,0,0,0,0,0,0,0,0,0,0,0,0,0,0,0,0,128,128,128,128,11,128,128,128,128,128,128,128,128,128,128,128,128,128,128,128,128,128,128,128,128,128,128,128,128,128,128,128,128,128,0,128,128,128,128,128,128,0,128,128,128,128,128,128,128,128,128,128,128,128,128,128,128,128,128,0,128,128,0,128,128,0,128,128,128,128,128,128,128,128,128,128,128,128,128,128,0,128,128,128,128,128,128,128,128,128,128,128,128,128,0,128,128,128,128,0,128,128,128,128,128,128,128,0,128,0,128,0,128,0,128,128,128,128,128,128,128,128,128,128,128,65,128,128,5,128,128,3,3,128,0,0,128,0,0,128,128,128,128,128,0,128,0,128,0,128,128,0,0,128,0,128,128,0,128,0,128,0,0,128,128,128,0,0,128,128,0,128,128,128,128,128,0,128,128,128,0,128,128,0,0,128,0,128,0,128,128,0,0,0,0,0,128,128,128,128,0,128,0,128,0,0,0,0,128,128,128,0,0,0,128,0,0,0,0,0,128,128,0,0,128,0,0,0,0,0,128,0,0,0,0,128,0,0,0,0,128,0,0,128,0,128,0,128,0,128,0,0,0,0,0,0,0,0,128,0,128,0,0,0,0,0,0,0,0,0,0,0,0,0,0,0,0,0,0,0,0,0,0,0,0,0,0,0,0,0,0,0,0,0,0,0,0,0,0,0,0,0,0,0,0,0,0,0,0,0,0,0,0,0,3,0,0,0,0,0,0,128,0,0,128,0,128,0,0,0,0,0,128,0,128,0,128,128,0,128,0,128,0,0,0,0,0,128,128,0,0,0,0,0,0,0,0,0,0,0,0,0,0,0,128,0,0,0,0,0,0,0,128,0,0,128,0,0,0,0,0,0,0,0,0,0,0,0,0,0,128,0,0,0,0,128,128,128,128,128,128,0,128,0,0,128,128,128,128,128,128,128,128,128,0,0,128,128,128,0,128,128,0,128,0,0,128,0,0,128,128,0,0,0,0,0,0,128,128,128,0,0,128,128,128,0,128,0,0,128,0,0,0,0,0,128,0,128,128,128,128,0,128,128,128,0,0,0,128,128,128,128,3,0,0,0,128,128,128,0,128,128,128,0,0,0,128,0,128,0,128,0,128,0,128,128,128,128,128,0,0,128,0,128,0,0,128,128,0,128,0,0,0,128,128,128,0,0,0,0,0,128,128,0,0,0,128,128,128,128,128,0,128,128,0,128,0,0,0,128,128,128,128,0,128,128,128,0,0,128,128,128,128,0,128,128,0,0,128,128,128,128,128,0,128,128,128,0,0,0,0,128,0,0,128,128,128,128,128,0,128,0,128,128,128,128,128,0,0,0,0,128,128,0,0,0,128,0,128,0,0,0,128,128,128,0,128,128,128,128,128,0,128,0,128,0,0,128,128,128,0,128,128,0,128,128,0,0,0,128,128,128,0,128,128,0,128,128,128,128,128,128,128,128,128,128,128,128,128,128,0,0,0,128,0,0,0,0,0,0,128,128,128,128,128,128,128,128,46,128,128,128,128,0,0,128,128,128,128,128,0,128,128,128,128,0,0,128,128,0,0,128,128,128,128,128,0,128,128,128,128,128,128,0,0,0,0,128,128,128,128,128,128,128,128,128,0,0,128,128,128,128,128,128,128,128,128,128,0,128,128,128,128,0,128,0,128,128,128,128,128,128,0,0,0,128,128,128,128,128,128,128,128,128,128,128,128,128,128,128,128,128,128,128,128,22,0,128,128,128,128,128,128,128,0,128,128,128,0,0,0,128,128,128,128,128,128,128,128,128,128,128,128,128,128,128,128,128,128,128,128,128,128,128,128,128,128,127,0,0,128,128,128,128,128,128,128,128,0,128,128,128,128,128,128,128,128,128,128,128,128,128,128,128,128,128,128,128,128,128,128,128,128,128,128,128,128,128,128,128,128,128,128,128,128,128,128,128,128,128,128,128,128,128,128,128,128,128,128,128,128,128,128,128,128,128,128,128,128,128,128,128,128,128,128,128,128,128,128,128,128,128,128,128,128,128,128,128,128,128,128,128,128,128,128,128,128,128,128,128,128,128,128,128,128,128,128,128,98,128,128,128,128,128,128,128,128,128,0,128,128,128,0,128,128,128,128,128,128,128,128,128,128,128,128,128,0,0,128,128,128,128,128,128,0,0,0,128,0,128,128,128,128,128,128,0,128,0,0,0,0,128,0,128,0,0,128,128,128,0,128,0,128,128,0,128,0,128,0,0,128,128,0,128,128,0,128,128,128,128,0,128,0,128,128,0,0,128,128,0,128,128,128,128,128,0,128,128,128,128,128,128
2008/S2,124,0,0,0,124,124,0,124,0,124,124,0,0,0,124,124,124,0,0,124,124,124,124,124,124,124,124,124,124,124,124,67,124,124,124,0,124,0,124,0,0,0,124,0,0,124,0,0,124,124,124,0,124,124,0,124,124,124,124,0,0,0,0,0,0,0,0,0,0,0,0,0,0,0,0,0,0,0,124,124,124,124,124,124,124,124,124,124,124,124,124,124,124,124,124,124,124,124,124,124,124,124,124,124,124,124,124,124,124,124,124,124,0,124,124,124,124,124,124,0,124,124,124,124,124,124,124,124,124,124,124,124,124,124,124,124,124,0,124,124,0,124,124,0,124,124,124,124,124,124,124,124,124,124,124,124,124,124,0,124,124,124,124,124,124,124,124,124,124,124,124,124,0,124,124,124,124,0,124,124,124,124,124,124,124,0,124,0,124,0,124,0,124,124,124,124,124,124,124,124,124,124,124,124,124,124,124,124,124,124,124,124,101,98,124,0,62,124,124,124,124,124,0,124,0,124,0,124,124,0,0,124,0,124,124,0,124,0,124,0,0,124,124,124,0,0,124,124,0,124,124,124,124,124,0,124,124,124,0,124,124,57,0,124,0,124,0,124,124,0,0,0,0,0,124,124,124,124,0,124,0,124,0,103,0,0,124,124,124,0,0,0,124,0,46,0,0,0,124,124,0,0,124,0,0,0,0,0,124,0,0,0,0,124,0,0,0,0,124,0,0,124,85,124,0,124,0,124,0,0,0,0,0,0,0,0,124,0,124,0,0,0,0,0,0,0,0,86,0,0,0,0,0,0,0,0,0,0,0,0,0,0,0,0,0,0,0,0,0,0,0,0,0,0,0,0,0,0,0,0,0,0,0,0,0,0,0,0,0,0,0,0,124,0,0,0,0,0,0,124,0,0,124,0,124,0,0,0,0,0,124,0,124,0,124,124,0,124,0,124,0,0,0,0,0,124,124,0,0,0,0,0,0,0,0,0,0,0,0,0,0,0,124,0,0,0,0,0,0,0,124,0,0,124,0,0,0,0,0,0,0,0,0,0,0,0,0,0,124,0,95,0,0,124,124,124,124,124,124,62,124,0,0,124,124,124,124,124,124,124,124,124,0,0,124,124,124,0,124,124,0,124,0,0,124,0,0,124,124,0,0,0,0,0,0,124,124,124,0,0,124,124,124,0,124,0,0,124,0,0,0,0,0,124,0,124,124,124,124,0,124,124,124,0,0,0,124,124,124,124,124,0,0,0,124,124,124,0,124,124,124,0,0,0,124,0,124,0,124,0,124,0,124,124,124,124,124,0,0,124,0,124,0,0,124,124,0,124,0,0,0,124,124,124,0,0,0,0,0,124,124,0,0,0,124,124,124,124,124,0,124,124,0,124,0,0,0,124,124,124,124,60,124,124,124,0,0,124,124,124,124,20,124,124,0,0,124,124,124,124,124,0,124,124,124,0,0,0,0,124,0,0,124,124,124,124,124,51,124,0,124,124,124,124,124,39,0,0,0,124,124,0,0,0,124,0,124,0,0,0,124,124,124,0,124,124,124,124,124,0,124,0,124,0,0,124,124,124,0,124,124,110,124,124,0,0,0,124,124,124,0,124,124,0,124,124,124,124,124,124,124,124,124,124,124,124,124,124,0,0,0,124,0,0,0,0,0,0,124,124,124,124,124,124,124,124,124,124,124,124,124,0,0,124,124,124,124,124,0,124,124,124,124,0,0,124,124,0,0,124,124,124,124,124,0,124,124,124,124,124,124,0,0,0,0,124,124,124,124,124,124,124,124,124,0,0,124,124,124,124,124,124,124,124,124,124,0,124,124,124,124,0,124,0,124,124,124,124,124,124,0,0,0,124,124,124,124,124,124,124,124,124,124,124,124,124,124,124,124,124,124,124,124,124,0,124,124,124,124,124,124,124,0,124,124,124,0,0,0,124,124,124,124,124,124,124,124,124,124,124,124,124,124,124,124,124,124,124,124,124,124,124,124,124,124,124,121,0,124,124,124,124,124,124,124,124,0,124,124,124,124,124,124,124,124,124,124,124,124,124,124,124,124,124,124,124,124,124,124,124,124,124,124,124,124,124,124,124,124,124,124,124,124,124,124,124,124,124,124,124,124,124,124,124,124,124,124,124,124,124,124,124,124,124,124,124,124,124,124,124,124,124,124,124,124,124,124,124,124,124,124,124,124,124,124,124,124,124,124,124,124,124,124,124,124,124,124,124,124,124,124,124,124,124,124,124,0,124,124,124,124,124,124,124,124,124,0,124,124,124,0,124,124,124,124,124,124,124,124,124,124,124,124,124,0,0,124,124,124,124,124,124,0,0,0,124,0,72,124,124,124,124,124,0,124,0,0,0,0,124,0,124,0,0,124,124,124,0,124,0,124,124,0,124,0,124,0,0,124,124,0,124,124,0,124,124,124,124,0,124,0,124,70,0,0,124,124,0,124,124,124,124,124,0,124,124,124,124,124,124
2009/S1,128,0,0,0,128,128,0,128,0,128,128,0,0,0,128,128,0,0,0,128,128,0,128,128,128,128,128,128,128,128,128,0,128,128,128,0,128,0,128,0,0,0,128,0,0,128,0,0,128,128,128,0,128,128,0,128,128,128,128,0,0,0,0,0,0,0,0,0,0,0,0,0,0,0,0,0,0,0,128,128,128,128,0,128,128,128,128,128,128,128,128,128,128,128,128,128,128,128,128,128,128,128,128,128,128,128,128,128,128,128,128,128,0,128,128,128,128,128,128,0,128,128,128,128,128,128,128,128,128,128,128,128,128,128,128,128,128,0,128,128,0,128,128,0,128,128,128,128,128,128,128,128,128,128,128,128,128,128,0,128,128,128,128,128,128,128,128,128,128,128,128,128,0,128,128,128,128,0,128,128,128,128,128,128,128,0,128,0,128,0,128,0,128,51,128,128,32,128,128,0,0,128,0,0,128,128,0,128,128,0,0,128,0,0,128,0,0,128,128,128,128,128,0,128,0,128,0,128,128,0,0,128,0,128,128,0,128,0,128,0,0,128,128,128,0,0,128,128,0,128,128,128,128,128,0,128,128,128,0,128,128,0,0,128,0,128,0,128,128,0,0,0,0,0,128,128,128,128,0,128,0,128,0,0,0,0,128,128,128,0,0,0,128,0,0,0,0,0,128,128,0,0,128,0,0,0,0,0,128,0,0,0,0,128,0,0,0,0,128,0,0,128,0,128,0,128,0,128,0,0,0,0,0,0,0,0,128,0,128,0,0,0,0,0,0,0,0,0,0,0,0,0,0,0,0,0,0,0,0,0,0,0,0,0,0,0,0,0,0,0,0,0,0,0,0,0,0,0,0,0,0,0,0,0,0,0,0,0,0,0,0,0,0,0,0,0,0,0,0,41,0,0,128,0,128,0,0,0,0,0,128,0,128,0,128,128,0,128,0,128,0,0,0,0,0,128,128,0,0,0,0,0,0,0,0,0,0,0,0,0,0,0,128,0,0,0,0,0,0,0,128,0,0,128,0,0,0,0,0,0,0,0,0,0,0,0,0,0,128,0,0,0,0,128,128,128,128,128,128,0,128,0,0,128,128,128,128,128,128,128,128,128,0,0,128,128,128,0,128,128,0,128,0,0,128,0,0,128,128,0,0,0,0,0,0,128,128,128,0,0,128,128,128,0,19,0,0,128,0,0,0,0,0,128,0,128,128,128,128,0,128,128,128,0,0,0,128,128,128,128,0,0,0,0,128,128,128,0,128,128,128,0,0,0,128,0,128,0,128,0,128,0,128,128,128,128,128,0,0,128,0,128,0,0,128,128,0,70,0,0,0,128,128,128,0,0,0,0,0,128,128,0,0,0,128,128,128,128,128,0,128,128,0,128,0,0,0,128,128,128,128,0,128,128,128,0,0,128,128,128,128,0,128,128,0,0,128,128,128,128,128,0,128,128,41,0,0,0,0,128,0,0,128,128,128,128,128,0,128,0,128,128,128,128,128,0,0,0,0,128,128,0,0,0,128,0,128,0,0,0,128,128,128,0,128,128,128,128,128,0,128,0,128,0,0,128,128,128,0,128,128,0,128,128,0,0,0,128,128,128,0,128,128,0,128,128,128,128,128,128,128,128,128,128,128,128,128,128,0,0,0,128,0,0,0,0,0,0,128,128,128,128,128,128,128,128,0,128,128,128,128,0,0,128,128,128,128,128,0,128,128,128,128,0,0,127,128,0,0,128,128,128,128,128,0,128,128,128,128,128,41,0,0,0,0,128,128,128,128,128,128,128,128,128,0,0,128,128,128,128,128,128,128,128,128,128,0,128,128,128,83,0,128,0,128,128,128,128,128,128,0,0,0,128,128,128,128,128,128,128,128,128,128,128,128,128,128,128,128,128,128,128,27,0,0,128,128,128,128,128,128,128,0,124,0,128,0,0,0,128,128,128,128,128,128,128,128,128,128,128,128,128,128,128,128,128,128,128,128,128,128,128,128,128,128,0,0,0,128,128,128,128,128,128,128,128,0,128,128,128,128,128,128,128,128,128,128,128,128,128,128,128,128,128,128,128,128,128,128,128,128,128,128,128,128,128,128,128,128,128,128,128,128,128,128,128,128,128,128,128,128,128,128,128,128,128,128,128,128,128,128,128,128,128,128,128,128,128,128,128,128,128,128,128,128,128,128,128,128,128,128,128,128,128,128,128,128,128,128,128,128,128,128,128,128,128,128,128,128,128,128,128,128,128,128,128,128,128,128,128,128,128,128,128,128,128,128,128,128,128,12,128,128,128,128,128,128,128,128,128,128,128,128,128,0,0,128,128,128,128,128,128,0,0,0,128,0,128,128,128,128,128,128,0,128,0,128,0,0,128,0,128,0,0,128,128,128,0,128,0,128,128,0,128,0,128,0,128,128,128,0,128,128,0,128,128,128,128,0,128,0,128,128,0,0,128,128,0,128,128,128,128,128,0,128,128,128,128,128,128
2009/S2,124,0,0,0,124,124,0,124,0,124,124,0,0,0,124,124,0,0,0,124,124,0,124,124,124,124,124,124,124,124,124,0,124,124,124,0,124,0,124,0,0,0,124,0,0,124,0,0,124,124,124,0,124,124,0,124,124,124,124,0,0,0,0,0,0,0,0,0,0,0,0,0,0,0,0,0,0,0,124,124,124,124,0,124,124,124,124,124,124,124,124,124,124,124,124,124,124,124,124,124,124,124,124,124,124,124,124,124,124,124,124,124,0,124,124,124,124,124,124,0,124,124,124,124,124,124,124,124,124,124,124,124,124,124,124,124,124,0,124,124,0,124,124,0,124,124,124,124,124,124,124,124,124,124,124,124,124,124,0,124,124,124,124,124,124,124,124,124,124,124,124,124,0,124,124,124,124,0,124,124,124,124,124,124,124,0,124,0,124,0,124,0,124,124,124,124,124,124,124,87,74,124,33,0,124,124,0,124,124,0,0,124,0,0,124,0,0,124,124,124,124,124,0,124,0,124,0,124,124,0,0,124,0,124,124,0,124,0,124,0,0,124,124,124,0,0,124,124,0,124,124,124,124,124,0,124,124,124,0,124,124,0,0,124,0,124,0,124,124,0,0,0,0,0,124,124,124,124,0,124,0,124,0,0,0,0,124,124,124,0,0,0,124,0,0,0,0,0,124,124,0,0,124,0,0,0,0,0,124,0,0,0,0,124,0,0,0,0,124,0,0,124,0,124,0,124,0,124,0,0,0,0,0,0,0,0,124,0,124,0,0,0,0,0,0,0,0,0,0,0,0,0,0,0,0,0,0,0,0,0,0,0,0,0,0,0,0,0,0,0,0,0,0,0,0,0,0,0,0,0,0,0,0,0,0,0,0,0,0,0,0,0,0,0,0,0,0,0,0,124,0,0,124,0,124,0,0,0,0,0,124,0,124,0,124,124,0,124,0,124,0,0,0,0,0,124,124,0,0,0,0,0,0,0,0,0,0,0,0,0,0,0,124,0,0,0,0,0,0,0,124,0,0,124,0,0,0,0,0,0,0,0,0,0,0,0,0,0,124,0,0,0,0,124,124,124,124,124,124,0,124,0,0,124,124,124,124,124,124,124,124,124,0,0,124,124,124,0,124,124,0,124,0,0,124,0,0,124,124,0,0,0,0,0,0,124,124,124,0,0,124,124,124,0,124,0,0,124,0,0,0,0,0,124,0,124,124,124,124,0,124,124,124,0,0,0,124,124,124,124,0,0,0,0,124,124,124,0,124,124,124,0,0,0,124,0,124,0,124,0,124,0,124,124,124,124,124,0,0,124,0,124,0,0,124,124,0,124,0,0,0,124,124,124,0,0,0,0,0,124,124,0,0,0,124,124,124,124,124,0,124,124,0,124,0,0,0,124,124,124,124,0,124,124,124,0,0,124,124,124,124,0,124,124,0,0,124,124,124,124,124,0,124,124,124,0,0,0,0,124,0,0,124,124,124,124,124,0,124,0,124,124,124,124,124,0,0,0,0,124,124,0,0,0,124,0,124,0,0,0,124,124,124,0,124,124,124,124,124,0,124,0,124,0,0,124,124,124,0,124,124,0,124,124,0,0,0,124,124,124,0,124,124,0,124,124,124,124,124,124,124,124,124,124,124,124,124,124,0,0,0,124,0,0,0,0,0,0,124,124,124,124,124,124,124,124,0,124,124,124,124,0,0,124,124,124,124,124,0,124,124,124,124,0,0,124,124,0,0,124,124,124,124,124,0,124,124,124,124,124,124,0,0,0,0,124,124,124,124,124,124,124,124,124,0,0,124,124,124,124,124,124,124,124,124,124,0,124,124,124,124,0,124,0,124,124,124,124,124,124,0,0,0,124,124,124,124,124,124,124,124,124,124,124,124,124,124,124,124,124,124,124,124,0,0,124,124,124,124,124,124,124,0,124,86,124,0,0,0,124,124,124,124,124,124,124,124,124,124,124,124,124,124,124,124,124,124,124,124,124,124,124,124,124,124,0,0,0,124,124,124,124,124,124,124,124,0,124,124,124,124,124,124,124,124,124,124,124,124,124,124,124,124,124,124,124,124,124,124,124,124,124,124,124,124,124,124,124,124,124,124,124,124,124,124,124,124,124,124,124,124,124,124,124,124,124,124,124,124,124,124,124,124,124,124,124,124,124,124,124,124,124,124,124,124,124,124,124,124,124,124,124,124,124,124,124,124,124,124,124,124,124,124,124,124,124,124,124,124,124,124,124,124,124,124,124,124,124,124,124,124,124,124,124,124,124,89,124,124,124,0,124,124,124,124,124,124,124,124,124,124,124,124,124,0,0,124,124,124,124,124,124,0,0,0,124,0,124,124,124,124,124,124,0,124,0,30,0,0,124,0,124,0,0,124,124,124,0,124,0,124,124,0,124,0,124,0,100,124,124,0,124,124,0,124,124,124,124,0,124,0,124,124,0,0,124,124,0,124,124,124,124,124,0,124,124,124,124,124,124
2010/S1,127,0,0,0,127,127,0,127,0,127,127,0,0,0,127,127,0,0,0,0,127,0,127,127,127,127,127,127,127,127,127,0,127,127,127,0,127,0,127,0,0,0,127,0,0,127,0,0,127,127,127,0,127,127,0,127,127,127,127,0,0,0,0,0,0,0,0,0,0,0,0,0,0,0,0,0,0,0,0,127,127,127,0,127,127,127,127,127,127,127,127,127,127,127,127,127,127,127,127,127,127,127,127,127,127,127,0,127,127,127,127,127,0,127,127,127,127,127,127,0,127,127,127,127,127,127,127,127,127,127,127,127,127,127,127,127,127,0,127,127,0,127,127,0,127,127,127,127,127,127,127,127,127,127,127,127,127,127,0,127,127,127,127,127,127,127,127,127,127,127,127,127,0,127,127,127,127,0,127,127,127,127,127,127,127,0,127,0,127,0,0,0,127,0,127,127,0,127,127,0,0,127,0,0,127,127,0,127,127,0,0,127,0,0,127,0,0,127,127,127,127,127,0,127,0,127,0,127,127,0,0,127,0,127,127,0,127,0,127,0,0,127,127,127,0,0,127,127,0,127,127,127,127,127,0,127,127,127,0,127,127,0,0,127,0,127,0,127,127,0,0,0,0,0,127,127,127,127,0,127,0,127,0,0,0,0,127,127,127,0,0,0,127,0,0,0,0,0,127,127,0,0,127,0,0,0,0,0,127,0,0,0,0,127,0,0,0,0,127,0,0,127,0,127,0,127,0,127,0,0,0,0,0,0,0,0,127,0,127,0,0,0,0,0,0,0,0,0,0,0,0,0,0,0,0,0,0,0,0,0,0,0,0,0,0,0,0,0,0,0,0,0,0,0,0,0,0,0,0,0,0,0,0,0,0,0,0,0,0,0,0,0,0,0,0,0,0,0,0,0,0,0,127,0,127,0,0,0,0,0,127,0,127,0,127,127,0,127,0,106,0,0,0,0,0,127,127,0,0,0,0,0,0,0,0,0,0,0,0,0,0,0,127,0,0,0,0,0,0,0,127,0,0,127,0,0,0,0,0,0,0,0,0,0,0,0,0,0,127,0,0,0,0,127,127,127,127,127,127,0,127,0,0,127,91,127,127,127,127,127,127,127,0,0,127,127,127,0,127,127,0,127,0,0,127,0,0,127,127,0,0,0,0,0,0,82,0,127,0,0,127,127,127,0,0,0,0,127,0,0,0,0,0,127,0,127,127,127,127,0,127,127,127,0,0,0,127,127,127,127,0,0,0,0,127,127,127,0,1,127,127,0,0,0,127,0,127,0,127,0,127,0,127,127,127,127,127,0,0,127,0,127,0,0,127,127,0,0,0,0,0,127,127,127,0,0,0,0,0,127,127,0,0,0,127,127,127,127,127,0,127,127,0,127,0,0,0,127,127,127,127,0,127,127,127,0,0,127,127,127,127,0,127,127,0,0,127,127,127,127,127,0,127,127,0,0,0,0,0,127,0,0,127,127,127,127,127,0,127,0,127,127,127,127,127,0,0,0,0,127,127,0,0,0,127,0,127,0,0,0,127,127,127,0,127,127,127,127,127,0,127,0,127,0,0,127,127,127,0,127,127,0,127,127,0,0,0,127,0,127,0,127,127,0,127,127,127,0,127,127,127,127,127,127,127,76,127,127,0,0,0,127,0,0,0,0,0,0,127,127,127,127,127,127,127,127,0,127,127,127,127,0,0,127,127,127,64,0,0,127,127,127,127,0,0,0,127,0,0,127,127,40,41,127,0,127,127,127,127,127,0,0,0,0,0,127,127,127,127,127,127,127,127,127,0,0,127,127,127,127,70,127,127,127,127,127,0,127,127,127,0,0,127,0,127,127,127,127,127,127,0,0,0,127,127,127,127,127,127,127,127,127,127,127,127,127,127,127,127,127,107,127,0,0,0,127,127,127,127,127,127,127,0,0,0,127,0,0,0,127,127,127,127,127,127,127,127,127,127,127,127,127,127,127,127,127,127,127,127,127,127,127,127,127,127,0,0,0,127,127,127,127,127,127,127,127,0,127,127,127,127,127,127,0,127,127,127,127,127,127,127,127,127,127,127,127,127,127,127,127,127,127,127,127,127,127,127,127,127,127,127,127,127,127,127,127,127,127,127,127,127,127,127,127,127,127,127,127,127,127,127,127,127,127,127,127,127,127,127,127,127,127,127,127,127,127,127,127,127,127,127,127,127,127,127,127,127,127,127,41,127,127,127,127,127,127,127,127,127,127,127,127,127,127,127,127,127,127,127,127,127,127,127,127,127,127,127,127,127,127,127,127,127,127,127,127,127,127,127,127,127,127,127,127,127,6,127,127,127,127,127,127,0,0,0,127,97,127,127,127,127,127,127,0,127,127,127,0,0,127,0,127,0,127,127,127,127,0,127,0,127,127,0,127,0,127,109,127,127,127,0,127,127,0,127,127,127,127,0,127,0,127,127,79,0,127,127,0,127,127,127,127,127,0,127,127,127,127,127,127
2010/S2,125,0,0,0,125,125,0,125,0,125,125,0,0,0,125,125,0,0,0,113,125,0,125,125,125,125,125,125,125,125,125,0,125,125,125,0,125,0,125,0,0,0,125,0,0,125,0,0,125,125,125,0,125,125,0,125,125,125,125,0,0,0,0,0,0,0,0,0,0,0,0,0,0,0,0,0,0,0,3,125,125,125,0,125,125,125,125,125,125,125,125,125,125,125,125,125,125,125,125,125,125,125,125,125,125,125,117,125,125,125,125,125,0,125,125,125,125,125,125,0,125,125,125,125,125,125,125,125,125,125,125,125,125,125,125,125,125,0,125,125,0,125,125,0,125,125,125,125,125,125,125,125,125,125,125,125,125,125,0,125,125,125,125,125,125,125,125,125,125,125,125,125,0,125,125,125,125,0,125,125,125,125,125,125,125,0,125,0,125,0,8,0,125,0,125,125,0,125,125,0,0,125,0,0,125,125,0,125,125,0,0,125,0,0,125,0,0,125,125,125,125,125,0,125,0,125,0,125,125,0,0,125,0,125,125,0,125,0,125,0,0,125,125,125,0,0,125,125,0,125,125,125,125,125,0,125,125,125,0,125,125,0,0,125,0,125,0,125,125,0,0,0,0,0,125,125,125,125,0,125,0,125,0,0,0,0,125,125,125,0,0,0,125,0,0,0,0,0,125,125,0,0,125,0,0,0,0,0,125,0,0,0,0,125,0,0,0,0,125,0,0,125,0,125,0,125,0,125,0,0,0,0,0,0,0,0,125,0,125,0,0,0,0,0,0,0,0,0,0,0,0,0,0,0,0,0,0,0,0,0,0,0,0,0,0,0,0,0,0,0,0,0,0,0,0,0,0,0,0,0,0,0,0,0,0,0,0,0,0,0,0,0,0,0,0,0,0,0,0,0,0,0,125,0,125,0,0,0,0,0,125,0,125,0,125,125,0,125,0,125,0,0,0,0,0,125,125,0,0,0,0,0,0,0,0,0,0,0,0,0,0,0,125,0,0,0,0,0,0,0,125,0,0,125,0,0,0,0,0,0,0,0,0,0,0,0,0,0,125,0,0,0,0,125,125,125,125,125,125,0,125,0,0,125,125,125,125,125,125,125,125,125,0,0,125,125,125,0,125,125,0,125,0,0,125,0,0,125,125,0,0,0,0,0,0,125,3,125,0,0,125,125,125,0,0,0,0,125,0,0,0,0,0,125,0,125,125,125,125,0,125,125,125,0,0,0,125,125,125,125,0,0,0,0,125,125,125,0,125,125,125,0,0,0,125,0,125,0,125,0,125,0,125,125,125,125,125,0,0,125,0,125,0,0,125,125,0,0,0,0,0,125,125,125,0,0,0,0,0,125,125,0,0,0,125,125,125,125,125,0,125,125,0,125,0,0,0,125,125,125,125,0,125,125,125,0,0,125,125,125,125,0,125,125,0,0,125,125,125,125,125,0,125,125,0,0,0,0,0,125,0,0,125,125,125,125,125,0,125,0,125,125,125,125,125,0,0,0,0,125,125,0,0,0,125,0,125,0,0,0,125,125,125,0,125,125,125,125,125,0,125,0,125,0,0,125,125,125,0,125,125,0,125,125,0,0,0,125,96,125,0,125,125,0,125,125,125,112,125,125,125,125,125,125,125,125,125,125,0,0,0,125,0,0,0,0,0,0,125,125,125,125,125,125,125,125,0,125,125,125,125,0,0,125,125,125,125,90,0,125,125,125,125,0,0,0,125,0,0,125,125,125,125,125,0,125,125,125,125,125,0,0,0,0,0,125,125,125,125,125,125,125,125,125,0,0,125,125,125,125,125,125,125,125,125,125,0,125,125,125,0,0,125,0,125,125,125,125,125,125,0,0,0,125,125,125,125,125,125,125,125,125,125,125,125,125,125,125,125,125,125,125,0,0,0,125,125,125,125,125,125,125,0,0,0,125,0,0,0,125,125,125,125,125,125,125,125,125,125,125,125,125,125,125,125,125,125,125,125,125,125,125,125,125,125,0,0,0,125,125,125,125,125,125,125,125,0,125,125,125,125,125,125,40,125,125,125,125,125,125,125,125,125,125,125,125,125,125,125,125,125,125,125,125,125,125,125,125,125,125,125,125,125,125,125,125,125,125,125,125,125,125,125,125,125,125,125,125,125,125,125,125,125,125,125,125,125,125,125,125,125,125,125,125,125,125,125,125,125,125,125,125,125,125,125,125,125,125,125,125,125,125,125,125,125,125,125,125,125,125,125,125,125,125,125,125,125,125,125,125,125,125,125,125,125,125,125,125,125,125,125,125,125,125,125,125,125,125,125,125,125,125,125,125,8,0,125,125,125,125,125,125,0,0,0,125,0,125,125,125,125,125,125,0,125,53,125,0,0,125,0,125,0,28,125,125,125,0,125,0,125,125,0,125,0,125,0,125,125,125,0,125,125,0,125,125,125,125,0,125,0,125,125,0,0,125,125,0,125,125,125,125,125,0,125,125,125,125,125,125
2011/S1,125,0,0,0,125,125,0,125,0,125,125,0,0,0,125,125,0,0,0,0,125,0,125,125,125,125,125,125,125,125,125,0,125,125,125,0,125,0,125,0,0,0,125,0,0,125,0,0,125,125,125,0,125,125,0,125,125,125,125,0,0,0,0,0,0,0,0,0,0,0,0,0,0,0,0,0,0,0,0,125,125,125,0,125,125,125,125,125,125,125,125,125,125,125,125,125,125,125,125,125,125,125,125,125,125,125,0,125,125,125,13,125,0,125,125,125,125,125,125,0,125,125,125,125,125,125,50,125,125,125,125,125,125,125,125,125,125,0,125,125,0,125,125,0,125,125,125,125,125,125,125,125,125,125,125,125,125,125,0,125,125,125,125,125,125,125,125,125,125,125,125,125,0,125,125,125,125,0,125,125,125,125,125,125,125,0,125,0,125,0,0,0,125,0,125,125,0,125,125,0,0,125,0,0,125,125,0,125,116,0,0,125,0,0,125,0,0,125,125,125,125,125,0,125,0,125,0,125,125,0,0,125,0,125,125,0,125,0,125,0,0,125,125,125,0,0,125,125,0,125,125,125,125,125,0,125,125,125,0,125,125,0,0,125,0,125,0,125,125,0,0,0,0,0,125,125,125,125,0,125,0,125,0,0,0,0,125,125,125,0,0,0,125,0,0,0,0,0,125,125,0,0,125,0,0,0,0,0,125,0,0,0,0,125,0,0,0,0,125,0,0,125,0,125,0,125,0,125,0,0,0,0,0,0,0,0,125,0,125,0,0,0,0,0,0,0,0,0,0,0,0,0,0,0,0,0,0,0,0,0,0,0,0,0,0,0,0,0,0,0,0,0,0,0,0,0,0,0,0,0,0,0,0,0,0,0,0,0,0,0,0,0,0,0,0,0,0,0,0,0,0,0,125,0,125,0,0,0,0,0,0,0,125,0,125,0,0,125,0,0,0,0,0,0,0,125,125,0,0,0,0,0,0,0,0,0,0,0,0,0,0,0,125,0,0,0,0,0,0,0,125,0,0,125,0,0,0,0,0,0,0,0,0,0,0,0,0,0,125,0,0,0,0,125,125,125,125,125,125,0,30,0,0,125,0,125,125,125,125,125,125,125,0,0,125,125,96,0,125,4,0,125,0,0,125,0,0,125,125,0,0,0,0,0,0,0,0,125,0,0,125,125,125,0,0,0,0,125,0,0,0,0,0,125,0,125,125,125,125,0,125,125,125,0,0,0,125,125,125,125,0,0,0,0,125,125,125,0,0,125,125,0,0,0,125,0,125,0,125,0,125,0,125,125,125,125,125,0,0,125,0,125,0,0,125,125,0,0,0,0,0,125,125,125,0,0,0,0,0,125,125,0,0,0,125,125,125,125,125,0,125,125,0,125,0,0,0,125,125,125,125,0,125,125,125,0,0,125,125,125,125,0,125,125,0,0,125,125,125,125,125,0,125,125,0,0,0,0,0,125,0,0,125,125,125,125,125,0,125,0,125,125,125,125,125,0,0,0,0,125,125,0,0,0,125,0,125,0,0,0,125,125,125,0,125,125,125,125,125,0,125,0,125,0,0,125,125,125,0,102,125,0,125,125,0,0,0,125,0,125,0,125,125,0,125,125,125,0,125,125,125,125,125,125,125,0,125,125,0,0,0,125,0,0,0,0,0,0,125,125,125,125,108,125,125,125,0,125,125,125,125,0,0,125,125,125,0,0,0,125,125,125,125,0,0,0,125,0,0,125,125,0,0,125,0,125,125,125,125,125,0,0,0,0,0,125,125,125,125,125,125,125,125,125,0,0,125,125,125,125,0,125,125,125,125,125,0,125,125,125,0,0,125,0,125,125,125,0,125,125,0,0,0,125,125,125,125,125,125,125,125,125,125,125,125,125,125,125,64,125,0,125,0,0,0,125,125,125,125,125,125,125,0,0,0,125,0,0,0,125,125,125,125,125,125,125,125,125,125,125,125,125,125,125,125,125,125,125,125,125,125,125,125,125,125,0,0,0,125,125,125,125,125,125,125,125,0,125,125,125,125,125,125,0,125,125,125,125,125,125,125,125,125,125,125,125,125,125,125,125,125,125,125,125,125,125,125,125,125,125,125,125,125,125,125,125,125,125,125,125,125,125,125,125,125,125,125,125,125,125,125,125,125,125,125,125,125,125,125,125,125,125,125,125,125,125,125,125,125,125,125,125,125,125,125,125,125,0,125,0,125,125,125,125,125,125,125,125,125,125,125,125,125,125,125,125,125,125,125,125,125,125,125,125,125,125,125,125,125,125,125,125,125,125,125,125,125,125,125,125,125,125,125,125,99,125,125,125,125,125,125,125,125,125,125,125,125,125,125,125,125,125,125,0,125,125,125,0,0,125,125,125,0,125,125,125,125,0,125,0,125,125,29,125,125,125,125,125,125,125,0,125,125,0,125,125,125,125,125,125,0,125,125,125,0,125,125,0,125,125,125,125,125,0,125,125,125,125,125,125
2011/S2,125,0,0,0,125,125,0,125,0,125,125,0,0,0,125,125,0,0,0,0,125,0,125,125,125,125,125,125,125,125,125,0,125,125,125,0,125,0,125,0,0,0,125,0,0,125,0,0,125,125,125,0,125,125,0,125,125,125,125,0,0,0,0,0,0,0,0,0,0,0,0,0,0,0,0,0,0,0,0,125,125,125,0,125,125,125,125,125,125,125,125,125,125,125,125,125,125,125,125,125,125,125,125,125,125,125,0,125,125,125,125,125,0,125,125,125,125,125,125,0,125,125,125,125,125,125,125,125,125,125,125,125,125,125,125,125,125,0,125,125,0,125,125,0,125,125,125,125,125,125,125,125,125,125,125,125,125,125,0,125,125,125,125,125,125,125,125,125,125,125,125,125,0,125,125,125,125,0,125,125,125,125,125,125,125,0,125,0,125,0,0,0,125,0,125,125,0,125,125,0,0,125,0,0,125,125,0,125,125,0,0,125,0,0,125,0,0,125,125,125,125,125,0,125,0,125,0,125,125,0,0,125,0,125,125,0,125,0,125,0,0,125,125,125,0,0,125,125,0,125,125,125,125,125,0,125,125,125,0,125,125,0,0,125,0,125,0,125,125,0,0,0,0,0,125,125,125,125,0,125,0,125,0,0,0,0,125,125,125,0,0,0,125,0,0,0,0,0,125,125,0,0,125,0,0,0,0,0,125,0,0,0,0,125,0,0,0,0,125,0,0,125,0,125,0,125,0,125,0,0,0,0,0,0,0,0,125,0,125,0,0,0,0,0,0,0,0,0,0,0,0,0,0,0,0,0,0,0,0,0,0,0,0,0,0,0,0,0,0,0,0,0,0,0,0,0,0,0,0,0,0,0,0,0,0,0,0,0,0,0,0,0,0,0,0,0,0,0,0,0,0,0,125,0,125,0,0,0,0,0,113,0,125,0,125,59,0,125,0,0,0,0,0,0,0,125,125,0,0,0,0,0,0,0,0,0,0,0,0,0,0,0,125,0,0,0,0,0,0,0,125,0,0,125,0,0,0,0,0,0,0,0,0,0,0,0,0,0,125,0,0,0,0,125,125,125,125,125,125,0,125,0,0,125,0,125,125,125,125,125,125,125,0,0,125,125,125,0,125,125,0,125,0,0,125,0,0,125,125,0,0,0,0,0,0,0,0,125,0,0,125,125,125,0,0,0,0,125,0,0,0,0,0,125,0,125,125,125,125,0,125,125,125,0,0,0,125,125,125,125,0,0,0,0,125,125,125,0,0,125,125,0,0,0,125,0,125,0,125,0,125,0,125,125,125,125,125,0,0,125,0,125,0,0,125,125,0,0,0,0,0,125,125,125,0,0,0,0,0,125,125,0,0,0,125,125,125,125,125,0,125,125,0,125,0,0,0,125,125,125,125,0,125,125,125,0,0,125,125,125,125,0,125,125,0,0,125,125,125,125,125,0,125,125,0,0,0,0,0,125,0,0,125,125,125,125,125,0,125,0,125,125,125,125,125,0,0,0,0,125,125,0,0,0,125,0,125,0,0,0,125,125,125,0,125,125,125,125,125,0,125,0,125,0,0,125,125,125,0,125,125,0,125,125,0,0,0,125,0,125,0,125,125,0,125,125,125,0,125,125,125,125,125,125,125,0,125,125,0,0,0,125,0,0,0,0,0,0,125,125,125,125,125,125,125,125,0,125,125,125,125,0,0,125,125,125,0,0,0,125,125,125,125,0,0,0,125,0,0,125,125,0,0,125,0,125,125,125,125,125,0,0,0,0,0,125,125,125,125,125,125,125,125,125,0,0,125,125,125,125,0,125,125,125,125,125,0,125,125,125,0,0,125,0,125,125,125,2,125,125,0,0,0,125,125,125,125,125,125,125,125,125,125,125,125,125,125,125,125,125,0,125,0,0,0,125,125,125,125,125,125,125,0,0,0,125,0,0,0,125,125,125,125,125,125,125,125,125,125,125,125,125,125,125,125,125,125,125,125,125,125,125,125,125,125,0,0,0,125,125,125,125,125,125,125,125,0,125,125,125,125,125,125,0,125,125,125,125,125,125,125,125,125,125,125,125,125,125,125,125,125,125,125,125,125,125,125,125,125,125,125,125,125,125,125,125,125,125,125,125,125,125,125,125,125,125,125,125,125,125,125,125,125,125,125,125,125,125,125,125,125,125,125,125,125,125,125,125,125,125,125,125,125,125,125,125,125,73,125,0,125,125,125,125,125,125,125,125,125,125,125,125,125,125,125,125,125,125,125,125,125,125,125,125,125,125,125,125,125,125,125,125,125,125,125,125,125,125,125,125,125,125,125,125,125,125,125,125,125,125,125,125,15,53,12,125,125,125,125,125,125,125,125,0,125,125,125,0,0,125,28,125,0,125,125,125,125,0,125,0,125,125,0,125,9,125,125,125,125,125,0,125,125,0,125,125,125,125,48,125,0,125,125,125,0,125,125,0,125,125,125,125,125,0,125,125,125,125,125,125
2012/S1,128,0,0,0,128,128,0,128,0,128,128,0,0,0,128,128,0,0,0,0,128,0,128,128,128,128,128,128,128,128,128,0,128,128,128,0,128,0,0,0,0,0,128,0,0,128,0,0,128,128,128,0,128,128,0,128,128,128,128,0,0,0,0,0,0,0,0,0,0,0,0,0,0,0,0,0,0,0,0,128,128,128,0,128,128,128,128,128,128,128,128,128,128,128,128,128,128,128,128,128,128,128,128,128,128,128,0,128,128,128,0,128,0,128,128,128,128,128,128,0,128,128,128,128,128,128,0,128,128,128,128,128,128,128,128,128,128,0,128,128,0,128,128,0,128,0,128,128,128,128,128,128,128,128,128,128,128,128,0,128,128,128,128,128,128,128,128,128,128,128,0,128,0,128,128,112,128,0,128,128,128,128,128,128,128,0,128,0,128,0,0,0,128,0,128,128,0,128,128,0,0,128,0,0,128,128,0,128,0,0,0,128,0,0,128,0,0,128,128,128,128,128,0,128,0,128,0,128,128,0,0,128,0,128,128,0,128,0,128,0,0,128,128,128,0,0,128,128,0,128,128,128,128,128,0,128,128,128,0,128,128,0,0,128,0,128,0,128,128,0,0,0,0,0,128,128,128,128,0,128,0,128,0,0,0,0,128,128,128,0,0,0,0,0,0,0,0,0,128,128,0,0,128,0,0,0,0,0,128,0,0,0,0,128,0,0,0,0,128,0,0,128,0,128,0,128,0,128,0,0,0,0,0,0,0,0,128,0,128,0,0,0,0,0,0,0,0,0,0,0,0,0,0,0,0,0,0,0,0,0,0,0,0,0,0,0,0,0,0,0,0,0,0,0,0,0,0,0,0,0,0,0,0,0,0,0,0,0,0,0,0,0,0,0,0,0,0,0,0,0,0,0,128,0,128,0,0,0,0,0,0,0,0,0,128,0,0,128,0,0,0,0,0,0,0,128,128,0,0,0,0,0,0,0,0,0,0,0,0,0,0,0,128,0,0,0,0,0,0,0,128,0,0,128,0,0,0,0,0,0,0,0,0,0,0,0,0,0,128,0,0,0,0,128,128,128,128,128,128,0,0,0,0,128,0,128,128,128,128,128,128,128,0,0,128,128,0,0,128,0,0,128,0,0,128,0,0,128,128,0,0,0,0,0,0,0,0,128,0,0,128,128,128,0,0,0,0,128,0,0,0,0,0,128,0,128,128,128,128,0,128,128,128,0,0,0,128,128,128,128,0,0,0,0,128,128,128,0,0,128,128,0,0,0,128,0,128,0,128,0,128,0,128,128,128,128,128,0,0,128,0,128,0,0,128,128,0,0,0,0,0,128,128,128,0,0,0,0,0,128,128,0,0,0,128,128,128,128,128,0,128,128,0,128,0,0,0,128,128,128,128,0,128,128,128,0,0,128,128,128,128,0,128,128,0,0,128,128,128,128,128,0,128,128,0,0,0,0,0,128,0,0,128,128,128,128,128,0,128,0,128,128,128,128,128,0,0,0,0,128,128,0,0,0,128,0,128,0,0,0,128,128,128,0,128,128,128,128,128,0,128,0,128,0,0,128,128,128,0,0,128,0,128,128,0,0,0,128,0,128,0,128,128,0,128,26,128,0,128,128,128,128,128,128,128,0,128,128,0,0,0,128,0,0,0,0,0,0,128,128,128,128,0,128,128,128,0,128,128,128,128,0,0,128,128,128,0,0,0,128,128,128,128,0,0,0,128,0,0,128,128,0,0,0,0,128,128,128,128,128,0,0,0,0,0,128,128,128,128,128,128,128,128,128,0,0,128,128,128,128,0,128,128,128,128,128,0,128,128,128,0,0,128,0,128,128,128,0,128,128,0,0,0,128,128,128,128,128,128,128,128,128,128,128,128,128,128,128,0,128,0,128,0,0,0,128,128,128,128,128,128,128,0,0,0,128,0,0,0,128,128,128,128,128,128,128,128,128,128,128,89,128,128,128,128,128,128,128,128,128,128,128,128,128,128,0,0,0,128,128,128,128,128,128,128,128,0,128,128,128,128,128,128,0,128,128,128,128,128,128,128,128,128,128,128,128,128,128,128,128,128,128,128,128,128,128,128,128,128,128,128,128,128,128,128,128,128,128,128,7,128,128,128,128,128,128,128,128,128,128,128,128,128,128,128,128,128,128,128,128,128,128,128,128,128,128,128,128,128,128,128,128,128,128,128,128,128,0,128,0,128,128,128,128,128,128,128,128,128,128,128,128,128,128,128,128,128,128,128,128,128,128,128,128,128,128,128,128,128,128,128,128,128,128,128,128,128,128,128,128,128,128,128,128,0,128,128,128,128,128,128,128,128,128,128,128,128,128,128,128,128,128,128,128,128,128,128,128,128,128,128,128,104,128,128,128,128,9,128,0,128,128,128,128,128,128,128,128,128,128,0,128,128,0,128,128,128,128,128,128,11,128,128,128,0,128,128,0,128,128,128,128,128,0,128,128,128,0,128,128
2012/S2,124,0,0,0,124,124,0,124,0,124,124,0,0,0,124,124,0,0,0,0,124,0,124,124,124,124,124,124,124,124,124,0,124,124,124,0,124,0,69,0,0,0,124,0,0,124,0,0,124,124,124,0,124,124,0,124,124,124,124,0,0,0,0,0,0,0,0,0,0,0,0,0,0,0,0,0,0,0,0,124,124,124,0,124,124,124,124,124,124,124,124,124,124,124,124,124,124,124,124,124,124,124,124,124,124,124,0,124,124,124,0,124,0,124,124,124,124,124,124,0,124,124,124,124,124,124,0,124,124,124,124,124,124,124,124,124,124,0,124,124,0,124,124,0,124,107,124,124,124,124,124,124,124,124,124,124,124,124,0,124,124,124,124,124,124,124,124,124,124,124,20,124,0,124,124,124,124,0,124,124,124,124,124,124,124,0,124,0,124,0,0,0,124,0,124,124,0,124,124,0,0,124,0,0,124,124,0,124,0,0,0,124,0,0,124,0,0,124,124,124,124,124,0,124,0,124,0,124,124,0,0,124,0,124,124,0,124,0,124,0,0,124,124,124,0,0,124,124,0,124,124,124,124,124,0,124,124,124,0,124,124,0,0,124,0,124,0,124,124,0,0,0,0,0,124,124,124,124,0,124,0,124,0,0,0,0,124,124,124,0,0,0,69,0,0,0,0,0,124,124,0,0,124,0,0,0,0,0,124,0,0,0,0,124,0,0,0,0,124,0,0,124,0,124,0,124,0,124,0,0,0,0,0,0,0,0,124,0,124,0,0,0,0,0,0,0,0,0,0,0,0,0,0,0,0,0,0,0,0,0,0,0,0,0,0,0,0,0,0,0,0,0,0,0,0,0,0,0,0,0,0,0,0,0,0,0,0,0,0,0,0,0,0,0,0,0,0,0,0,0,0,0,124,0,124,0,0,0,0,0,0,0,3,0,124,0,0,124,0,0,0,0,0,0,0,124,124,0,0,0,0,0,0,0,0,0,0,0,0,0,0,0,124,0,0,0,0,0,0,0,124,0,0,124,0,0,0,0,0,0,0,0,0,0,0,0,0,0,124,0,0,0,0,124,124,124,124,124,124,0,0,0,0,124,0,124,124,124,124,124,124,124,0,0,124,124,0,0,124,0,0,124,0,0,124,0,0,124,124,0,0,0,0,0,0,0,0,124,0,0,124,124,124,0,0,0,0,124,0,0,0,0,0,124,0,124,124,124,124,0,124,124,124,0,0,0,124,124,124,124,0,0,0,0,124,124,124,0,0,124,124,0,0,0,124,0,124,0,124,0,124,0,124,124,124,124,124,0,0,124,0,124,0,0,124,124,0,0,0,0,0,124,124,124,0,0,0,0,0,124,124,0,0,0,124,124,124,124,124,0,124,124,0,124,0,0,0,124,124,124,124,0,124,124,124,0,0,124,124,124,124,0,124,124,0,0,124,124,124,124,124,0,124,124,0,0,0,0,0,124,0,0,124,124,124,124,124,0,124,0,124,124,124,124,124,0,0,0,0,124,124,0,0,0,124,0,124,0,0,0,124,124,124,0,124,124,124,124,124,0,124,0,124,0,0,124,124,124,0,0,124,0,124,124,0,0,0,124,0,124,0,124,124,0,124,124,124,0,124,124,124,124,124,124,124,0,124,124,0,0,0,124,0,0,0,0,0,0,124,124,124,124,0,124,124,124,0,124,124,124,124,0,0,124,124,124,0,0,0,124,124,124,124,0,0,0,124,0,0,124,124,0,0,5,0,124,124,124,124,124,0,0,0,0,0,124,124,124,124,124,124,124,124,124,0,0,124,124,124,124,0,124,124,124,124,124,0,124,124,124,0,0,124,0,124,124,124,0,124,124,0,0,0,124,124,124,124,124,124,124,124,124,124,124,124,124,124,124,0,124,0,124,0,0,0,124,124,124,124,124,124,124,0,0,0,124,0,0,0,124,124,124,124,124,124,124,124,124,124,124,124,124,124,124,124,124,124,124,124,124,124,124,124,124,124,0,0,0,124,124,124,124,124,124,124,124,0,124,124,124,124,124,124,0,124,124,124,124,124,124,124,124,124,124,124,124,124,124,124,124,124,124,124,124,124,124,124,124,124,124,124,124,124,124,124,124,124,124,124,124,124,124,124,124,124,124,124,124,124,124,124,124,124,124,124,124,124,124,124,124,124,124,124,124,124,124,124,124,124,124,124,124,124,124,124,124,124,0,124,0,124,124,124,124,124,124,124,124,124,124,124,124,124,124,124,124,124,124,124,124,124,124,124,124,124,124,124,124,124,124,124,124,124,124,124,124,124,124,124,124,124,124,124,124,0,124,124,124,124,124,124,124,124,124,124,124,124,124,124,124,124,124,124,12,124,124,124,69,69,124,124,124,0,124,124,124,124,0,124,0,124,124,124,124,124,124,124,124,124,124,0,124,124,0,124,124,124,124,124,124,0,124,124,124,0,124,124,0,124,124,124,124,124,0,124,124,124,119,124,124
2013/S1,128,0,0,0,128,0,0,128,0,128,128,0,0,0,128,128,0,0,0,0,128,0,128,128,128,128,128,128,128,0,128,0,128,128,128,0,128,0,0,0,0,0,128,0,0,128,0,0,128,128,128,0,128,128,0,128,128,128,128,0,0,0,0,0,0,0,0,0,0,0,0,0,0,0,0,0,0,0,0,128,128,128,0,128,128,128,128,128,128,128,128,128,128,128,128,128,128,128,128,128,128,128,128,128,128,128,0,128,128,128,0,128,0,128,128,128,85,128,128,0,128,128,128,128,128,128,0,128,128,128,128,128,128,128,128,128,128,0,128,128,0,128,128,0,128,0,128,128,128,128,128,128,128,128,128,128,128,128,0,128,128,128,128,128,128,128,128,128,128,128,0,128,0,128,128,0,128,0,128,128,128,128,128,128,128,0,128,0,128,0,0,0,128,0,128,128,0,128,128,0,0,128,0,0,128,128,0,128,0,0,0,128,0,0,128,0,0,128,128,128,128,128,0,128,0,128,0,128,128,0,0,128,0,128,128,0,128,0,128,0,0,128,128,128,0,0,128,128,0,128,128,128,128,128,0,128,128,128,0,128,128,0,0,128,0,128,0,128,128,0,0,0,0,0,128,128,128,128,0,128,0,128,0,0,0,0,128,128,128,0,0,0,0,0,0,0,0,0,128,128,0,0,128,0,0,0,0,0,128,0,0,0,0,128,0,0,0,0,0,0,0,0,0,128,0,128,0,128,0,0,0,0,0,0,0,0,128,0,128,0,0,0,0,0,0,0,0,0,0,0,0,0,0,0,0,0,0,0,0,0,0,0,0,0,0,0,0,0,0,0,0,0,0,0,0,0,0,0,0,0,0,0,0,0,0,0,0,0,0,0,0,0,0,0,0,0,0,0,0,0,0,0,128,0,128,0,0,0,0,0,0,0,0,0,128,0,0,128,0,0,0,0,0,0,0,128,128,0,0,0,0,0,0,0,0,0,0,0,0,0,0,0,128,0,0,0,0,0,0,0,128,0,0,128,0,0,0,0,0,0,0,0,0,0,0,0,0,0,128,0,0,0,0,128,128,128,0,128,128,0,0,0,0,128,0,128,128,128,128,128,128,128,0,0,128,128,0,0,128,0,0,128,0,0,128,0,0,128,128,0,0,0,0,0,0,0,0,128,0,0,128,128,128,0,0,0,0,128,0,0,0,0,0,128,0,128,128,128,128,0,128,128,128,0,0,0,128,128,128,128,0,0,0,0,128,128,128,0,0,128,128,0,0,0,128,0,128,0,128,0,128,0,128,128,89,128,128,0,0,128,0,0,0,0,128,128,0,0,0,0,0,128,128,128,0,0,0,0,0,128,128,0,0,0,128,128,0,128,128,0,128,128,0,128,0,0,0,128,128,128,128,0,128,128,128,0,0,128,128,128,128,0,128,128,0,0,128,128,128,128,128,0,128,128,0,0,0,0,0,128,0,0,128,128,128,128,128,0,128,0,0,128,128,128,128,0,0,0,0,128,128,0,0,0,128,0,128,0,0,0,128,128,128,0,128,128,128,128,128,0,128,0,128,0,0,128,128,128,0,0,128,0,128,128,0,0,0,128,0,128,0,128,128,0,128,0,0,0,128,128,128,128,128,128,128,0,128,128,0,0,0,128,0,0,0,0,0,0,128,128,128,128,0,128,128,128,0,128,128,128,128,0,0,128,128,128,0,0,0,128,0,128,128,0,0,0,127,0,0,128,128,0,0,0,0,128,128,128,128,128,0,0,0,0,0,128,128,128,128,128,128,128,128,128,0,0,128,128,128,70,0,128,128,128,128,128,0,128,19,0,0,0,128,0,128,128,128,0,128,128,0,0,0,128,128,128,128,128,128,128,128,128,128,128,128,128,128,128,0,128,0,128,0,0,0,128,128,128,128,128,128,128,0,0,0,128,0,0,0,128,128,128,128,128,128,128,128,128,128,128,0,128,128,128,128,128,128,128,128,128,128,128,128,128,128,0,0,0,128,128,128,128,128,128,128,128,0,128,128,128,128,128,128,0,128,128,128,128,128,128,128,128,128,128,128,128,128,128,128,128,128,128,128,128,128,128,128,128,128,0,128,128,128,128,128,128,128,128,128,0,128,128,128,128,128,128,128,128,128,128,128,128,128,128,128,128,128,128,128,128,128,128,128,128,128,128,128,128,128,128,128,128,128,25,128,128,128,0,128,0,128,128,128,128,128,128,128,128,128,128,128,128,128,128,128,128,128,128,128,128,128,128,128,128,128,128,128,128,128,128,128,128,128,128,128,128,128,128,128,128,128,128,128,128,0,128,128,128,128,128,128,128,128,128,128,128,128,128,128,128,128,128,128,128,128,128,128,128,128,128,128,128,128,128,128,128,128,128,128,128,128,128,128,128,128,128,128,128,128,128,67,128,128,52,128,128,128,128,128,128,128,128,128,128,0,128,128,128,128,128,128,128,128,0,128,128,128,0,128,128
2013/S2,124,0,0,0,124,45,0,124,0,124,124,0,0,0,124,124,0,0,0,0,124,0,124,124,124,124,124,124,124,27,124,0,124,124,124,0,124,0,0,0,0,0,124,0,0,124,0,0,124,124,124,0,124,124,0,124,124,124,124,0,0,0,0,0,0,0,0,0,0,0,0,0,0,0,0,0,0,0,0,124,124,124,0,124,124,124,124,124,124,124,124,124,124,124,124,124,124,124,124,124,124,124,124,124,124,124,0,124,124,124,0,124,0,124,124,124,124,124,124,0,124,124,124,124,124,124,0,124,124,124,124,124,124,124,124,124,124,0,124,124,0,124,124,0,124,0,124,124,124,124,124,124,124,124,124,124,124,124,0,124,124,124,124,124,124,124,124,124,124,124,0,124,0,124,124,0,124,0,124,124,124,124,124,124,124,0,124,0,124,0,0,0,124,0,124,124,0,124,124,0,0,124,0,0,124,124,0,124,0,0,0,124,0,0,124,0,0,124,124,124,124,124,0,124,0,124,0,124,124,0,0,124,0,124,124,0,124,0,124,0,0,124,124,124,0,0,124,124,0,124,124,124,124,124,0,124,124,124,0,124,124,0,0,124,0,124,0,124,124,0,0,0,0,0,124,124,124,124,0,124,0,124,0,0,0,0,124,124,124,0,0,0,0,0,0,0,0,0,124,124,0,0,124,0,0,0,0,0,124,0,0,0,0,124,0,0,0,0,63,0,0,6,0,124,0,124,0,124,0,0,0,0,0,0,0,0,124,0,124,0,0,0,0,0,0,0,0,0,0,0,0,0,0,0,0,0,0,0,0,0,0,0,0,0,0,0,0,0,0,0,0,0,0,0,0,0,0,0,0,0,0,0,0,0,0,0,0,0,0,0,0,0,0,0,0,0,0,0,0,0,0,0,124,0,124,0,0,0,0,0,0,0,0,0,124,0,0,124,0,0,0,0,0,0,0,124,124,0,0,0,0,0,0,0,0,0,0,0,0,0,0,0,124,0,0,0,0,0,0,0,124,0,0,124,0,0,0,0,0,0,0,0,0,0,0,0,0,0,124,0,0,0,0,124,124,124,89,124,124,0,0,0,0,124,0,124,124,124,124,124,124,124,0,0,124,124,0,0,124,0,0,124,0,0,124,0,0,124,124,0,0,0,0,0,0,0,0,124,0,0,124,124,124,0,0,0,0,124,0,0,0,0,0,124,0,124,124,124,124,0,124,124,124,0,0,0,124,124,124,124,0,0,0,0,124,124,124,0,0,124,124,0,0,0,124,0,124,0,124,0,124,0,124,124,124,124,124,0,0,124,0,108,0,0,124,124,0,0,0,0,0,124,124,124,0,0,0,0,0,124,124,0,0,0,124,124,84,124,124,0,124,124,0,124,0,0,0,124,124,124,124,0,124,124,124,0,0,124,124,124,124,0,124,124,0,0,124,124,124,124,124,0,124,124,0,0,0,0,0,124,0,0,124,124,124,124,124,0,124,0,49,124,124,124,124,0,0,0,0,124,124,0,0,0,124,0,124,0,0,0,124,124,124,0,124,124,124,124,124,0,124,0,124,0,0,124,124,124,0,0,124,0,124,124,0,0,0,124,0,124,0,124,124,0,124,0,111,0,124,124,124,124,124,124,124,0,124,124,0,0,0,124,0,0,0,0,0,0,124,124,124,124,0,124,124,124,0,124,124,124,124,0,0,124,124,124,0,0,0,124,17,124,124,0,0,0,124,0,0,124,124,0,0,0,0,124,124,124,124,124,0,0,0,0,0,124,124,124,124,124,124,124,124,124,0,0,124,124,124,124,0,124,124,124,124,124,0,124,124,121,0,0,124,0,124,124,124,0,124,124,0,0,0,124,124,124,124,124,124,124,124,124,124,124,124,124,124,124,0,124,0,124,0,0,0,124,124,124,124,124,124,124,0,0,0,124,0,0,0,124,124,124,124,124,124,124,124,124,124,124,0,124,124,124,124,124,124,124,124,124,124,124,124,124,124,0,0,0,124,124,124,124,124,124,124,124,0,124,124,124,124,124,124,0,124,124,124,124,124,124,124,124,124,124,124,124,124,124,124,124,124,124,124,124,124,124,124,124,124,94,124,124,124,124,124,124,124,124,124,0,124,124,124,124,124,124,124,124,124,124,124,124,124,124,124,124,124,124,124,124,124,124,124,124,124,124,124,124,124,124,124,124,124,124,124,124,124,0,124,0,124,124,124,124,124,124,124,124,124,124,124,124,124,124,124,124,124,124,124,124,124,124,124,124,124,124,124,124,124,124,124,124,124,124,124,124,124,124,124,124,124,124,124,124,0,124,124,124,124,124,124,124,124,124,124,124,124,124,124,124,124,124,124,124,124,124,124,124,124,124,124,124,124,124,124,124,124,124,124,27,124,124,124,124,124,124,124,124,124,124,0,124,124,0,124,124,124,124,124,124,124,124,124,124,0,124,124,13,124,124,124,124,124,0,124,124,124,0,124,124
2014/S1,127,0,0,0,127,0,0,127,0,127,127,0,0,0,127,127,0,0,0,0,127,0,127,127,127,127,127,127,127,0,127,0,0,127,127,0,127,0,0,0,0,0,127,0,0,127,0,0,127,127,127,0,127,127,0,127,127,127,127,0,0,0,0,0,0,0,0,0,0,0,0,0,0,0,0,0,0,0,0,127,127,127,0,127,127,127,127,127,127,127,127,127,127,127,127,127,127,127,127,127,127,127,127,127,127,127,0,127,127,127,0,127,0,127,3,127,0,127,127,0,127,127,127,127,127,127,0,127,127,127,127,127,127,127,127,127,127,0,127,127,0,127,127,0,127,0,127,127,127,127,127,127,127,127,127,127,127,127,0,127,127,127,127,127,127,127,127,127,127,127,0,127,0,127,127,0,127,0,127,127,127,127,127,127,127,0,127,0,127,0,0,0,127,0,127,127,0,127,127,0,0,127,0,0,127,127,0,127,0,0,0,127,0,0,127,0,0,127,127,127,127,127,0,127,0,127,0,127,127,0,0,127,0,127,127,0,127,0,127,0,0,127,127,127,0,0,127,127,0,127,127,127,127,127,0,127,127,127,0,127,127,0,0,127,0,127,0,127,127,0,0,0,0,0,127,127,127,127,0,127,0,127,0,0,0,0,0,127,127,0,0,0,0,0,0,0,0,0,127,127,0,0,127,0,0,0,0,0,127,0,0,0,0,127,0,0,0,0,0,0,0,0,0,127,0,127,0,127,0,0,0,0,0,0,0,0,127,0,127,0,0,0,0,0,0,0,0,0,0,0,0,0,0,0,0,0,0,0,0,0,0,0,0,0,0,0,0,0,0,0,0,0,0,0,0,0,0,0,0,0,0,0,0,0,0,0,0,0,0,0,0,0,0,0,0,0,0,0,0,0,0,0,127,0,127,0,0,0,0,0,0,0,0,0,127,0,0,24,0,0,0,0,0,0,0,127,127,0,0,0,0,0,0,0,0,0,0,0,0,0,0,0,127,0,0,0,0,0,0,0,127,0,0,127,0,0,0,0,0,0,0,0,0,0,0,0,0,0,127,0,0,0,0,127,127,127,0,127,127,0,0,0,0,127,0,127,127,127,127,127,127,127,0,0,127,127,0,0,127,0,0,127,0,0,127,0,0,127,127,0,0,0,0,0,0,0,0,53,0,0,127,127,127,0,0,0,0,127,0,0,0,0,0,127,0,127,127,127,127,0,127,127,127,0,0,0,127,127,127,127,0,0,0,0,127,127,127,0,0,127,127,0,0,0,127,0,127,0,127,0,127,0,127,127,0,127,127,0,0,127,0,0,0,0,127,127,0,0,0,0,0,127,127,127,0,0,0,0,0,127,127,0,0,0,127,127,0,127,127,0,127,127,0,127,0,0,0,127,127,127,127,0,127,127,127,0,0,127,127,127,127,0,127,127,0,0,127,127,127,127,127,0,127,127,0,0,0,0,0,127,0,0,127,127,127,127,127,0,127,0,0,127,127,127,127,0,0,0,0,22,127,0,0,0,127,0,127,0,0,0,127,127,0,0,127,127,127,127,127,0,127,0,127,0,0,127,0,127,0,0,127,0,127,127,0,0,0,127,0,127,0,127,127,0,127,0,0,0,127,127,127,127,127,127,127,0,27,127,0,0,0,127,0,0,0,0,0,0,127,127,127,127,0,127,127,127,0,127,127,127,127,0,0,127,127,127,0,0,0,127,0,127,127,0,0,0,0,0,0,127,127,0,0,0,0,127,127,127,127,82,0,0,0,0,0,127,127,127,127,127,127,127,127,127,0,0,127,127,127,0,0,127,127,127,67,127,0,127,0,0,0,0,127,0,127,127,127,0,127,127,0,0,0,127,127,127,127,127,127,127,127,127,127,127,127,127,127,127,0,127,0,127,0,0,0,127,127,127,127,127,127,127,0,0,0,127,0,0,0,127,127,127,127,127,127,127,127,127,127,127,0,127,127,127,127,127,127,127,127,127,127,127,127,127,127,0,0,0,127,127,127,127,127,127,127,127,0,127,127,127,127,127,127,0,127,127,127,127,127,127,127,127,127,127,126,127,127,127,127,127,19,127,127,127,127,127,127,127,127,0,127,127,127,127,127,127,127,127,127,0,127,127,127,127,127,127,127,127,127,127,127,127,114,127,127,127,127,127,127,127,127,127,127,127,127,127,127,127,127,127,127,127,127,0,127,127,127,0,127,0,127,127,127,127,127,127,127,127,127,127,127,127,127,127,127,127,127,127,127,127,127,127,127,127,127,127,53,127,127,127,127,127,127,127,127,127,127,127,127,127,127,127,127,127,0,127,127,127,127,127,127,127,127,127,127,127,127,127,127,127,127,127,127,127,50,127,127,127,127,127,127,127,127,127,127,127,127,127,127,127,127,127,127,127,127,127,127,127,127,127,127,127,127,127,127,127,127,127,127,127,127,127,127,127,124,127,127,127,127,127,127,127,127,12,127,127,127,0,127,127
2014/S2,124,0,0,0,124,0,0,124,0,124,124,0,0,0,124,124,0,0,0,0,124,0,124,124,124,124,124,124,124,0,124,0,41,124,124,0,124,0,0,0,0,0,124,0,0,124,0,0,124,124,124,0,124,124,0,124,124,124,124,0,0,0,0,0,0,0,0,0,0,0,0,0,0,0,0,0,0,0,0,124,124,124,0,124,124,124,124,124,124,124,124,124,124,124,124,124,124,124,124,124,124,124,124,124,124,124,0,124,124,124,0,124,0,124,124,124,0,124,124,0,124,124,124,124,124,124,0,124,124,124,124,124,124,124,124,124,124,0,124,124,0,124,124,0,124,0,124,124,124,124,124,124,124,124,124,124,124,124,0,124,124,124,124,124,124,124,124,124,124,124,0,124,0,124,124,0,124,0,124,124,124,124,124,124,124,0,124,0,124,0,0,0,124,0,124,124,0,124,124,0,0,124,0,0,124,124,0,124,0,0,0,124,0,0,124,0,0,124,124,124,124,124,0,124,0,124,0,124,124,0,0,124,0,124,124,0,124,0,124,0,0,124,124,124,0,0,124,124,0,124,124,124,124,124,0,124,124,124,0,124,124,0,0,124,0,124,0,124,124,0,0,0,0,0,124,124,124,124,0,124,0,124,0,0,0,0,108,124,124,0,0,0,0,0,0,0,0,0,124,124,0,0,124,0,0,0,0,0,124,0,0,0,0,124,0,0,0,0,0,0,0,0,0,124,0,124,0,124,0,0,0,0,0,0,0,0,124,0,124,0,0,0,0,0,0,0,0,0,0,0,0,0,0,0,0,0,0,0,0,0,0,0,0,0,0,0,0,0,0,0,0,0,0,0,0,0,0,0,0,0,0,0,0,0,0,0,0,0,0,0,0,0,0,0,0,0,0,0,0,0,0,0,124,0,124,0,0,0,0,0,0,0,0,0,124,0,0,124,0,0,0,0,0,0,0,124,124,0,0,0,0,0,0,0,0,0,0,0,0,0,0,0,124,0,0,0,0,0,0,0,124,0,0,124,0,0,0,0,0,0,0,0,0,0,0,0,0,0,124,0,0,0,0,124,124,124,0,124,124,0,0,0,0,124,0,124,124,124,124,124,124,124,0,0,124,124,0,0,124,0,0,124,0,0,124,0,0,124,124,0,0,0,0,0,0,0,0,124,0,0,124,124,124,0,0,0,0,124,0,0,0,0,0,124,0,124,124,124,124,0,124,124,124,0,0,0,124,124,124,124,0,0,0,0,124,124,124,0,0,124,124,0,0,0,124,0,124,0,124,0,124,0,124,124,0,124,124,0,0,124,0,0,0,0,124,124,0,0,0,0,0,124,124,124,0,0,0,0,0,124,124,0,0,0,124,124,0,124,124,0,124,124,0,124,0,0,0,124,124,124,124,0,124,124,124,0,0,124,124,124,124,0,124,124,0,0,124,124,124,124,124,0,124,124,0,0,0,0,0,124,0,0,124,124,124,124,124,0,124,0,0,124,124,124,124,0,0,0,0,124,124,0,0,0,124,0,124,0,0,0,124,124,116,0,124,124,124,124,124,0,124,0,124,0,0,124,60,124,0,0,124,0,124,124,0,0,0,124,0,124,0,124,124,0,124,0,0,0,124,124,124,124,124,124,124,0,124,124,0,0,0,124,0,0,0,0,0,0,124,124,124,124,0,124,124,124,0,124,124,124,124,0,0,124,124,124,0,0,0,124,0,124,124,0,0,0,0,0,0,124,124,0,0,0,0,124,124,124,124,124,0,0,0,0,0,124,124,124,124,124,124,124,124,124,0,0,124,124,124,0,0,124,124,124,124,124,0,124,0,0,0,0,124,0,124,124,124,0,124,124,0,0,0,124,124,124,124,124,124,124,124,124,124,124,124,124,124,124,0,124,0,124,0,0,0,124,124,124,124,124,124,124,0,0,0,124,0,0,0,124,124,124,124,124,124,124,124,124,124,124,0,124,124,124,124,124,124,124,124,124,124,124,124,124,124,0,0,0,124,124,124,124,124,124,124,124,0,124,124,124,124,124,124,0,124,124,124,124,124,124,124,124,124,124,124,124,124,124,124,124,124,124,124,124,124,124,124,124,124,0,124,124,124,124,124,124,124,124,124,0,124,124,124,124,124,124,124,124,124,124,124,124,124,124,124,124,124,124,124,124,124,124,124,124,124,124,124,124,124,124,124,124,124,0,124,124,124,0,124,0,124,124,124,124,124,124,124,124,124,124,124,124,124,124,124,124,124,124,124,124,124,124,124,124,124,124,124,124,124,124,124,124,124,124,124,124,124,124,124,124,124,124,124,124,0,124,124,124,124,124,124,124,124,124,124,124,124,124,124,124,124,124,124,124,124,124,124,124,124,124,124,124,124,124,124,124,124,124,124,124,124,124,124,124,124,124,124,124,124,124,124,124,124,124,124,124,124,124,124,124,124,124,124,124,0,124,124,124,124,124,124,124,124,0,124,124,124,0,124,124
