janela,negociacao,ativo1,ativo2,rank,ssd,sigma,n_trades,n_fechados,n_forcados,retorno_total
1990/S2_a_1991/S1,1991/S2,GPUI,FPC,1,0.081122894780151,0.0177255999673268,3,2,1,0.026685525301272217
1990/S2_a_1991/S1,1991/S2,FPC,ES,2,0.0980469867861302,0.018528834074506,4,3,1,0.1333337500923233
1990/S2_a_1991/S1,1991/S2,45200Q,CNP,3,0.1026414286927774,0.020215464062194,2,2,0,0.08478402214631497
1990/S2_a_1991/S1,1991/S2,PEG,0961514D,4,0.1043093319074159,0.0170425457438838,2,1,1,0.024868102770000733
1990/S2_a_1991/S1,1991/S2,SCG,WEC,5,0.1069783172206371,0.0203207722138795,3,3,0,0.12749814363141176
1990/S2_a_1991/S1,1991/S2,PEG,PPL,6,0.1119462100386954,0.0209283071798297,4,3,1,-0.0904728862725469
1990/S2_a_1991/S1,1991/S2,D,ES,7,0.1167815094623847,0.0196080927879618,3,2,1,0.1024748331208839
1990/S2_a_1991/S1,1991/S2,EIX,PPL,8,0.1336006156655003,0.0225529880278434,1,1,0,0.0589688509865236
1990/S2_a_1991/S1,1991/S2,CNP,SO,9,0.1389026701772309,0.0215184711793869,3,2,1,0.08819105890469592
1990/S2_a_1991/S1,1991/S2,GPUI,ES,10,0.1409663998439327,0.0215415126748318,3,2,1,0.13083022173690384
1990/S2_a_1991/S1,1991/S2,AEP,CEG,11,0.1469367050914343,0.0237011893329809,1,0,1,0.03801466181501323
1990/S2_a_1991/S1,1991/S2,45200Q,SO,12,0.1525805878650317,0.0229577836546544,3,2,1,0.0997011503594104
1990/S2_a_1991/S1,1991/S2,D,GPUI,13,0.1588678265634371,0.0251425361609375,1,0,1,0.011160432937135756
1990/S2_a_1991/S1,1991/S2,0961514D,PPL,14,0.1618138965781099,0.023975985458683,1,0,1,0.02249876247768734
1990/S2_a_1991/S1,1991/S2,ED,PEG,15,0.1644258481600218,0.0255841953873527,2,1,1,0.04701525712159593
1990/S2_a_1991/S1,1991/S2,SO,WEC,16,0.171146630055091,0.0248971714529531,2,1,1,0.06147562615575353
1990/S2_a_1991/S1,1991/S2,D,FPC,17,0.1714340381654437,0.0260490205918097,1,0,1,0.039538861309857176
1990/S2_a_1991/S1,1991/S2,ED,PPL,18,0.1724383617498688,0.0259680347696174,2,2,0,0.1032952657304389
1990/S2_a_1991/S1,1991/S2,8375930Q,COP,19,0.1747713609576067,0.0132783306130551,1,0,1,-0.010587487082783453
1990/S2_a_1991/S1,1991/S2,SO,SCG,20,0.1768483538342025,0.0262046334215655,2,1,1,0.06858862359588036
1991/S1_a_1991/S2,1992/S1,FPC,ES,1,0.0841207189459964,0.0181262903494892,4,3,1,-0.01730058259057843
1991/S1_a_1991/S2,1992/S1,FPC,WEC,2,0.0847895940983107,0.018123125080999,1,0,1,-0.01093666713545205
1991/S1_a_1991/S2,1992/S1,AEP,WEC,3,0.0852966827317232,0.0174733806392036,3,2,1,0.03793067481669099
1991/S1_a_1991/S2,1992/S1,45200Q,FPC,4,0.0912850888146294,0.0190227403645279,3,2,1,-0.03147623131447086
1991/S1_a_1991/S2,1992/S1,AEP,ES,5,0.0929131284817685,0.0181390741239747,4,3,1,0.06238946649608457
1991/S1_a_1991/S2,1992/S1,CEG,SCG,6,0.0948740756515462,0.019397947092719,2,1,1,0.03383604988394695
1991/S1_a_1991/S2,1992/S1,CEG,AYE,7,0.0952008878225569,0.0194007586654398,3,3,0,0.1188301622265614
1991/S1_a_1991/S2,1992/S1,AEP,FPC,8,0.0996664167141716,0.017936259694118,3,3,0,0.1042334081163635
1991/S1_a_1991/S2,1992/S1,D,UEP,9,0.1000759563262363,0.0197277810986034,2,1,1,0.07388811689919672
1991/S1_a_1991/S2,1992/S1,NEE,AYE,10,0.1021922545128291,0.0201335697006349,2,2,0,0.07599004006798771
1991/S1_a_1991/S2,1992/S1,EIX,NEE,11,0.1028519828043954,0.0201844386145591,1,1,0,0.06217884247742689
1991/S1_a_1991/S2,1992/S1,CEG,NEE,12,0.1046737168127265,0.0203189502456711,1,1,0,0.037061174711834344
1991/S1_a_1991/S2,1992/S1,45200Q,ES,13,0.1085617700159673,0.0206879070378929,3,2,1,0.06065178999772791
1991/S1_a_1991/S2,1992/S1,EIX,AYE,14,0.1092885098588567,0.0207869225833775,4,4,0,0.07537806909989697
1991/S1_a_1991/S2,1992/S1,D,DTE,15,0.1112232536712554,0.0209894711831534,9,8,1,-0.01394826240759417
1991/S1_a_1991/S2,1992/S1,WEC,ES,16,0.1151199171434882,0.021366631223917,4,3,1,0.15002391598873577
1991/S1_a_1991/S2,1992/S1,45200Q,D,17,0.1210246182416767,0.0202827835449279,4,3,1,0.12286262231149658
1991/S1_a_1991/S2,1992/S1,PPL,TE,18,0.1223912144369023,0.0220163471017372,2,1,1,0.028408001838961305
1991/S1_a_1991/S2,1992/S1,PEG,0961514D,19,0.1259964621602876,0.022004786332303,12,11,1,-0.019208172870503026
1991/S1_a_1991/S2,1992/S1,45200Q,DTE,20,0.126769654443251,0.0204572962251017,13,13,0,-0.14222079867360304
1991/S2_a_1992/S1,1992/S2,NEE,FPC,1,0.0682141962299738,0.0142859777917046,1,0,1,-0.011042580234079447
1991/S2_a_1992/S1,1992/S2,AEP,NEE,2,0.0689126120398668,0.0151127587469226,3,2,1,0.10340750469715365
1991/S2_a_1992/S1,1992/S2,NEE,PPL,3,0.0795725299760761,0.0177159977644699,1,0,1,0.00126744784872046
1991/S2_a_1992/S1,1992/S2,DUK,WEC,4,0.0802885044006416,0.0157453221506264,17,16,1,-0.065554430831549
1991/S2_a_1992/S1,1992/S2,FPC,AYE,5,0.0905701616984515,0.0184983096011805,1,1,0,0.04414541517455339
1991/S2_a_1992/S1,1992/S2,USW,BLS,6,0.1011902891731324,0.0194774874988323,3,3,0,0.1452915357583323
1991/S2_a_1992/S1,1992/S2,PPL,FPC,7,0.1085805330533276,0.0193939996540325,1,1,0,0.04077365250777787
1991/S2_a_1992/S1,1992/S2,BLS,3054Q,8,0.1105178035986682,0.0188569057319028,3,3,0,0.031010639406099272
1991/S2_a_1992/S1,1992/S2,AEP,PPL,9,0.1121792619098869,0.0196972017115484,2,1,1,-0.009372526901342937
1991/S2_a_1992/S1,1992/S2,NEE,AYE,10,0.1122424777058768,0.0206559140213497,1,0,1,-0.0010065913779225832
1991/S2_a_1992/S1,1992/S2,TXU,FPC,11,0.1199080011783735,0.021003806533476,2,2,0,0.07752347931921377
1991/S2_a_1992/S1,1992/S2,PPL,AYE,12,0.1201289242959546,0.021537666034074,1,1,0,0.0550119781175048
1991/S2_a_1992/S1,1992/S2,AYE,TE,13,0.1263740819807708,0.0222085008072379,1,0,1,-0.007872186115770452
1991/S2_a_1992/S1,1992/S2,D,FPC,14,0.1364629768738723,0.0228954039718769,1,1,0,0.041060062551669385
1991/S2_a_1992/S1,1992/S2,CEG,SCG,15,0.1371785615714316,0.0231696959934287,4,3,1,0.04311392925666124
1991/S2_a_1992/S1,1992/S2,300583Q,8375930Q,16,0.140753454811886,0.0233461251601992,3,3,0,0.24460011354035005
1991/S2_a_1992/S1,1992/S2,TXU,AYE,17,0.1408123842380746,0.0215051882124404,1,1,0,0.03346132619049769
1991/S2_a_1992/S1,1992/S2,AEP,FPC,18,0.1414214375940901,0.018495436855031,2,1,1,-0.011118176885606235
1991/S2_a_1992/S1,1992/S2,45200Q,PPL,19,0.1439579928671719,0.0203946278859386,4,3,1,0.16875319732009342
1991/S2_a_1992/S1,1992/S2,NEE,TXU,20,0.1461850188579774,0.0196668893032698,2,1,1,0.031059751843607986
1992/S1_a_1992/S2,1993/S1,XEL,TXU,1,0.0610998953487751,0.0155393907481126,9,8,1,0.01290800617670329
1992/S1_a_1992/S2,1993/S1,DUK,PPL,2,0.0657523121285521,0.0160274756284935,2,2,0,0.06430445183972622
1992/S1_a_1992/S2,1993/S1,XEL,NEE,3,0.0716877865619949,0.0168329626616672,2,2,0,0.06558060835878288
1992/S1_a_1992/S2,1993/S1,PPL,FPC,4,0.074035293779616,0.0170105572837299,2,1,1,0.05896053960292713
1992/S1_a_1992/S2,1993/S1,DUK,FPC,5,0.076337872458339,0.0170051112588369,2,1,1,0.03300412886832971
1992/S1_a_1992/S2,1993/S1,D,DUK,6,0.0767111772308908,0.0148047765851453,3,2,1,0.06981157973514651
1992/S1_a_1992/S2,1993/S1,CEG,NEE,7,0.0885027413502257,0.0187018307804417,2,1,1,-0.045454902983474765
1992/S1_a_1992/S2,1993/S1,D,FPC,8,0.0992551712906788,0.0189919868235503,1,0,1,-0.025395958838726362
1992/S1_a_1992/S2,1993/S1,D,PPL,9,0.0996683555922572,0.0184043566556732,1,0,1,-0.005714669302243958
1992/S1_a_1992/S2,1993/S1,DUK,CNP,10,0.1045354947031,0.0194109015908469,10,9,1,-0.06551956014078586
1992/S1_a_1992/S2,1993/S1,45200Q,AYE,11,0.1133886787029041,0.021169748949409,3,2,1,0.11430292839314415
1992/S1_a_1992/S2,1993/S1,USW,BLS,12,0.1162191672692074,0.02102171349085,13,12,1,-0.037405381569256435
1992/S1_a_1992/S2,1993/S1,XEL,GPUI,13,0.1162723526265381,0.0164191781153372,16,15,1,0.0021139590781756867
1992/S1_a_1992/S2,1993/S1,D,CNP,14,0.1290115965251743,0.0223631451988806,6,5,1,-0.09804356568116723
1992/S1_a_1992/S2,1993/S1,XEL,CEG,15,0.1318928583655179,0.0228305969196466,1,0,1,-0.024112825552005446
1992/S1_a_1992/S2,1993/S1,NEE,TXU,16,0.1323480200690028,0.0228706621437725,1,0,1,-0.005539568674500894
1992/S1_a_1992/S2,1993/S1,CEG,TXU,17,0.1334444426179288,0.0229617975357627,3,3,0,0.1519999748352856
1992/S1_a_1992/S2,1993/S1,CNP,EXC,18,0.1339771042125903,0.022001968067785,13,13,0,-0.0852476810490681
1992/S1_a_1992/S2,1993/S1,XOM,677004Q,19,0.1358848606154197,0.0228394693378351,1,0,1,-0.0063965253687287005
1992/S1_a_1992/S2,1993/S1,AEP,SCG,20,0.1374500925776942,0.0202840408969912,3,3,0,0.14308971954415428
1992/S2_a_1993/S1,1993/S2,D,DUK,1,0.0702516390940672,0.0133930170467117,4,3,1,0.09295253181699104
1992/S2_a_1993/S1,1993/S2,45200Q,AEP,2,0.0767205067436407,0.0173680031289246,15,15,0,-0.1314212720894088
1992/S2_a_1993/S1,1993/S2,DUK,PPL,3,0.0781671394705654,0.0158751292350627,41,41,0,-0.07557525507642582
1992/S2_a_1993/S1,1993/S2,D,PPL,4,0.0788725068686062,0.0175743689932997,43,43,0,-0.13948812319012738
1992/S2_a_1993/S1,1993/S2,45200Q,CEG,5,0.0826425604434462,0.0180456395841787,1,0,1,-0.035328709573184236
1992/S2_a_1993/S1,1993/S2,DTE,PPL,6,0.0877337988129056,0.0184829596810382,2,1,1,0.0038854950426948642
1992/S2_a_1993/S1,1993/S2,45200Q,PPL,7,0.0882525593442551,0.0186082693756503,1,0,1,0.0012067210459618671
1992/S2_a_1993/S1,1993/S2,FPC,TEG,8,0.0893933230812535,0.0151067118874091,3,2,1,0.07728133679331561
1992/S2_a_1993/S1,1993/S2,CEG,PPL,9,0.0937545035138782,0.018862765503919,10,9,1,-0.08540326458525471
1992/S2_a_1993/S1,1993/S2,45200Q,D,10,0.0938929882275942,0.0187790882243817,31,30,1,-0.06592738534807618
1992/S2_a_1993/S1,1993/S2,XEL,FPC,11,0.0982535720451096,0.0167983407239253,1,0,1,-0.001492090710897953
1992/S2_a_1993/S1,1993/S2,XEL,571300Q,12,0.1046614015732529,0.0198535625259089,16,15,1,-0.001972244083827124
1992/S2_a_1993/S1,1993/S2,CEG,DTE,13,0.1067110990481978,0.0193860118563378,15,14,1,-0.20656539937742235
1992/S2_a_1993/S1,1993/S2,3891289Q,SCG,14,0.1109541035909842,0.0205377636260424,5,4,1,0.18509450446496012
1992/S2_a_1993/S1,1993/S2,DUK,FPC,15,0.1135164649012949,0.0186413829280136,19,19,0,-0.04208870460155367
1992/S2_a_1993/S1,1993/S2,CEG,D,16,0.1143017219443436,0.020316806599927,1,0,1,-0.003331229864531493
1992/S2_a_1993/S1,1993/S2,XEL,DTE,17,0.1145142519197861,0.0187103374846204,4,3,1,0.06761248931438679
1992/S2_a_1993/S1,1993/S2,45200Q,DUK,18,0.1249466097572167,0.0216486494274861,17,17,0,-0.11292380568303306
1992/S2_a_1993/S1,1993/S2,AEP,D,19,0.1273883802200544,0.021530195349724,1,1,0,0.04340817847338052
1992/S2_a_1993/S1,1993/S2,AEP,CEG,20,0.1273917746460711,0.0225283432040843,1,0,1,0.013149041585505339
1993/S1_a_1993/S2,1994/S1,MHFI,SPGI,1,0.0247574490134638,0.0098987417631644,12,11,1,0.3165069511100882
1993/S1_a_1993/S2,1994/S1,ED,PPL,2,0.0805544110362461,0.0147555850092825,11,10,1,-0.06188351847011919
1993/S1_a_1993/S2,1994/S1,NEE,WEC,3,0.0812752300670354,0.0179510313528164,15,14,1,-0.007093567937379031
1993/S1_a_1993/S2,1994/S1,FPC,WEC,4,0.0971465789079957,0.0196604587379201,18,17,1,-0.11224517347241725
1993/S1_a_1993/S2,1994/S1,1005945D,XEL,5,0.1113036911796143,0.0188992353548521,40,39,1,-0.05467837637224238
1993/S1_a_1993/S2,1994/S1,CIN,AYE,6,0.1206704668602469,0.0208073777771312,3,3,0,0.1495154503169711
1993/S1_a_1993/S2,1994/S1,45200Q,PEG,7,0.1235905433240986,0.0212872082065027,15,15,0,-0.16666450241238517
1993/S1_a_1993/S2,1994/S1,NI,SCG,8,0.1278594855281198,0.0219956294112202,1,0,1,0.012357394914876085
1993/S1_a_1993/S2,1994/S1,AEP,SO,9,0.1373351732969467,0.0230897137652363,3,2,1,-0.08580728341437638
1993/S1_a_1993/S2,1994/S1,CEG,PEG,10,0.140605188137215,0.0236441900068414,2,1,1,0.036680945622974304
1993/S1_a_1993/S2,1994/S1,AEP,AYE,11,0.14242602410593,0.0202482743074033,2,1,1,0.04373538222599849
1993/S1_a_1993/S2,1994/S1,UEP,PNW,12,0.1442554126743971,0.0237146957925549,3,2,1,0.0884357543349018
1993/S1_a_1993/S2,1994/S1,45200Q,PPL,13,0.1466478380477838,0.0172754300779227,2,1,1,0.0713748625534395
1993/S1_a_1993/S2,1994/S1,DUK,SO,14,0.1552478762347391,0.0241398507744497,1,1,0,0.05489207791204764
1993/S1_a_1993/S2,1994/S1,DUK,AYE,15,0.1596036221615122,0.0250581280534811,2,1,1,0.03236086260451232
1993/S1_a_1993/S2,1994/S1,CEG,TEG,16,0.1625678172786138,0.0195280599836077,2,2,0,0.07963156363951573
1993/S1_a_1993/S2,1994/S1,TXU,PPL,17,0.1627408923372968,0.0253137089546242,1,1,0,0.05902521941224437
1993/S1_a_1993/S2,1994/S1,ETR,CIN,18,0.1631378841715332,0.0253939067956968,5,5,0,0.03896840470611451
1993/S1_a_1993/S2,1994/S1,NEE,FPC,19,0.1667871006458199,0.0257029553097316,4,3,1,0.23844859556404863
1993/S1_a_1993/S2,1994/S1,AEP,DUK,20,0.1677836097462659,0.0239554841666294,1,0,1,-0.06993468259313418
1993/S2_a_1994/S1,1994/S2,MHFI,SPGI,1,0.0396978928015414,0.0121531172243668,9,9,0,0.31819509429096826
1993/S2_a_1994/S1,1994/S2,AEP,AYE,2,0.0808869633121958,0.017881873645907,7,6,1,-0.0005847508816914093
1993/S2_a_1994/S1,1994/S2,PPW,SCG,3,0.0941760278155925,0.0167278347478465,15,14,1,-0.009554175318194469
1993/S2_a_1994/S1,1994/S2,AEP,CIN,4,0.0971875558517467,0.0180711804923395,4,3,1,-0.04703737740486991
1993/S2_a_1994/S1,1994/S2,PEG,FPC,5,0.1001171284912629,0.0197040118753649,2,1,1,-0.04230046658203657
1993/S2_a_1994/S1,1994/S2,CIN,AYE,6,0.101087150943897,0.0189154975228199,3,2,1,0.1318287231871662
1993/S2_a_1994/S1,1994/S2,CEG,WEC,7,0.1079895567478388,0.0206870460921119,2,1,1,0.04945363104382361
1993/S2_a_1994/S1,1994/S2,EXC,GPUI,8,0.1141114681350359,0.020266463986287,2,1,1,0.09414533193539731
1993/S2_a_1994/S1,1994/S2,NEE,AYE,9,0.1163063780763309,0.0161682859828049,13,12,1,-0.09403923698526162
1993/S2_a_1994/S1,1994/S2,UEP,FPC,10,0.1207528586290322,0.019452134402219,1,0,1,0.020063993422420157
1993/S2_a_1994/S1,1994/S2,PEG,UEP,11,0.1235009226390957,0.0178849214157678,2,1,1,-0.04336883418173931
1993/S2_a_1994/S1,1994/S2,0961514D,PPL,12,0.1414658174416558,0.0236085241750753,24,24,0,-0.14578981940443747
1993/S2_a_1994/S1,1994/S2,FPC,AYE,13,0.1421787503566633,0.0167508396942189,10,9,1,-0.10066275041859196
1993/S2_a_1994/S1,1994/S2,XOM,L,14,0.1428857542211972,0.0229400292858078,3,2,1,0.11885918014904628
1993/S2_a_1994/S1,1994/S2,1005945D,0961514D,15,0.1464395594312577,0.0240050519186362,1,0,1,0.008541239270467571
1993/S2_a_1994/S1,1994/S2,NI,WEC,16,0.1509689258260778,0.0227158419403804,3,2,1,0.04848685239102246
1993/S2_a_1994/S1,1994/S2,SO,SCG,17,0.1511492457552776,0.0203885523358813,2,1,1,0.0282190159925505
1993/S2_a_1994/S1,1994/S2,8375930Q,COP,18,0.1529099336468107,0.0124818607092532,1,0,1,-0.0077029421389176456
1993/S2_a_1994/S1,1994/S2,MMM,WYE,19,0.156450490228508,0.0234617681680777,2,1,1,0.08849046866199917
1993/S2_a_1994/S1,1994/S2,CVX,677004Q,20,0.1593754316903641,0.0237094739170441,1,0,1,-0.021979040754163015
1994/S1_a_1994/S2,1995/S1,MHFI,SPGI,1,0.0340933453601337,0.0114826766412546,4,4,0,0.12243196300442838
1994/S1_a_1994/S2,1995/S1,0961514D,UEP,2,0.0678855143497685,0.0163122734454139,4,3,1,0.0290141477288407
1994/S1_a_1994/S2,1995/S1,CMS,TE,3,0.1114082733735131,0.0210617603090847,4,3,1,0.2082349718436045
1994/S1_a_1994/S2,1995/S1,AEP,NEE,4,0.1180448329062073,0.0216309542589974,1,0,1,0.015201640935842753
1994/S1_a_1994/S2,1995/S1,DTE,CMS,5,0.1219918431721112,0.0219210427190255,1,0,1,-0.010631851565543582
1994/S1_a_1994/S2,1995/S1,UEP,FPC,6,0.1227813669243005,0.0171827728797807,2,1,1,0.0777675963554273
1994/S1_a_1994/S2,1995/S1,DTE,UEP,7,0.1385990716247533,0.0232413234276413,1,0,1,-0.0033167264790227025
1994/S1_a_1994/S2,1995/S1,0961514D,FPC,8,0.1437876202490997,0.0208035848854682,2,1,1,0.021549001875874385
1994/S1_a_1994/S2,1995/S1,DTE,0961514D,9,0.1528703102642339,0.0246403498772842,1,1,0,0.05620850038301539
1994/S1_a_1994/S2,1995/S1,CIN,AYE,10,0.1555547452448991,0.0246923748731371,1,0,1,-0.007217581608556234
1994/S1_a_1994/S2,1995/S1,SO,DTE,11,0.1560246211284948,0.0236111932392274,2,2,0,0.10220993104379539
1994/S1_a_1994/S2,1995/S1,DUK,UEP,12,0.1570384231542334,0.0249348317970517,1,1,0,0.05127252742996424
1994/S1_a_1994/S2,1995/S1,RHDCQ,L,13,0.1610475143825738,0.0239183891763611,47,47,0,-0.15538870564847018
1994/S1_a_1994/S2,1995/S1,8375930Q,COP,14,0.1647700393800732,0.0125141428441181,1,0,1,-0.008890493602043636
1994/S1_a_1994/S2,1995/S1,DTE,TE,15,0.1676375314817733,0.0256853691412709,1,0,1,0.013706931659298482
1994/S1_a_1994/S2,1995/S1,1005945D,CIN,16,0.1693840069714838,0.025977136232526,3,2,1,0.10781927383103818
1994/S1_a_1994/S2,1995/S1,3277Q,TXT,17,0.1768856603269455,0.0247935356538062,2,1,1,0.07043852148530683
1994/S1_a_1994/S2,1995/S1,MMM,PAS,18,0.1797231405758452,0.0258567231519058,3,2,1,0.11730749713099708
1994/S1_a_1994/S2,1995/S1,XOM,677004Q,19,0.1818235288652658,0.0262338720230789,1,0,1,-0.0496033115555744
1994/S1_a_1994/S2,1995/S1,PDG,HM,20,0.1840796440204144,0.0243855003641405,27,26,1,-0.12272698983937524
1994/S2_a_1995/S1,1995/S2,MHFI,SPGI,1,0.0331324699967581,0.0109733326354981,7,7,0,0.2122736847368465
1994/S2_a_1995/S1,1995/S2,677004Q,300583Q,2,0.1035429365824711,0.0198839977730831,14,14,0,-0.05233548722438952
1994/S2_a_1995/S1,1995/S2,2196Q,2638Q,3,0.1248724010064279,0.0216212794492799,4,3,1,0.146787136787925
1994/S2_a_1995/S1,1995/S2,D,SCG,4,0.1280476287261081,0.0224805827865782,7,6,1,-0.1261433688220056
1994/S2_a_1995/S1,1995/S2,8375930Q,COP,5,0.1331704247587595,0.0115524500067368,1,0,1,-0.009549567066923337
1994/S2_a_1995/S1,1995/S2,PEG,TE,6,0.1358596290846208,0.0209100489668569,2,1,1,-0.048307191762127055
1994/S2_a_1995/S1,1995/S2,XEL,DUK,7,0.1369464038552905,0.0228223500465801,1,0,1,-0.029844717814204946
1994/S2_a_1995/S1,1995/S2,210967Q,GHC,8,0.1560173572182748,0.0248812067504967,7,6,1,0.013944569937052731
1994/S2_a_1995/S1,1995/S2,DTE,WEC,9,0.15756674932652,0.0247492930117955,34,34,0,-0.06671570169284702
1994/S2_a_1995/S1,1995/S2,BMY,69895Q,10,0.160729398719468,0.0243097890761898,17,17,0,-0.11361347534651489
1994/S2_a_1995/S1,1995/S2,AYE,TE,11,0.1610226949142088,0.024927680726499,1,0,1,0.0019147708381671569
1994/S2_a_1995/S1,1995/S2,AIG,CIN,12,0.1712733060976461,0.0257872628715709,4,3,1,0.16584574246257644
1994/S2_a_1995/S1,1995/S2,2196Q,2676187Q,13,0.1741944120917651,0.0251533117637503,11,10,1,0.10447440371485306
1994/S2_a_1995/S1,1995/S2,UEP,WEC,14,0.1780579865727531,0.0263479520696753,2,1,1,0.06383103811006396
1994/S2_a_1995/S1,1995/S2,3277Q,2223Q,15,0.1787509760763441,0.0259716008912238,4,3,1,-0.03801939581691971
1994/S2_a_1995/S1,1995/S2,NSC,TEG,16,0.1840134391546826,0.0248381424814395,2,2,0,0.04121489675648771
1994/S2_a_1995/S1,1995/S2,VZ,2428Q,17,0.1843883495283762,0.0270411199743378,4,4,0,0.13560078153245836
1994/S2_a_1995/S1,1995/S2,329556Q,NCC,18,0.1843966762552327,0.0252086087121078,4,3,1,0.20371819105030697
1994/S2_a_1995/S1,1995/S2,210967Q,41018Q,19,0.1854041064718785,0.0268249951900571,6,5,1,0.14864887829954598
1994/S2_a_1995/S1,1995/S2,SHW,41018Q,20,0.1866965080473619,0.0271209826159731,37,36,1,-0.11774578688845605
1995/S1_a_1995/S2,1996/S1,MHFI,SPGI,1,0.0266060859382832,0.010198926936932,13,13,0,0.37025788671653437
1995/S1_a_1995/S2,1996/S1,RRC,SWKS,2,0.0526827753407133,0.0072896058037363,1,0,1,-0.004244756713235098
1995/S1_a_1995/S2,1996/S1,UEP,FPC,3,0.0556170440564756,0.0123920939216131,3,3,0,0.10861927788789039
1995/S1_a_1995/S2,1996/S1,PEG,WEC,4,0.1106819202334463,0.0209836273181723,2,1,1,0.05350589479085466
1995/S1_a_1995/S2,1996/S1,TE,TEG,5,0.1121517475773998,0.0210577474266168,3,2,1,0.07886124859175159
1995/S1_a_1995/S2,1996/S1,CIN,AYE,6,0.1168274809159584,0.020959846783528,16,15,1,-0.03434666151929655
1995/S1_a_1995/S2,1996/S1,RTN_B,RRC,7,0.1284325689282468,0.0199713299714613,11,10,1,0.10586770960874303
1995/S1_a_1995/S2,1996/S1,RTN,RRC,8,0.1284380778723743,0.0199710389641853,11,10,1,0.10586034340613149
1995/S1_a_1995/S2,1996/S1,8375930Q,COP,9,0.1296348918017429,0.0109039504274326,1,0,1,-0.007197196867040678
1995/S1_a_1995/S2,1996/S1,AEP,CMS,10,0.13699269564313,0.0197965883603992,2,2,0,0.07681207008876934
1995/S1_a_1995/S2,1996/S1,AEP,DUK,11,0.1447969051663449,0.0216851168342121,2,2,0,0.08057671702216918
1995/S1_a_1995/S2,1996/S1,DUK,TXU,12,0.1488081122761286,0.0242499431782643,2,2,0,0.09192252027841652
1995/S1_a_1995/S2,1996/S1,D,UEP,13,0.1524266768255984,0.01531294422279,3,2,1,0.07920010644379771
1995/S1_a_1995/S2,1996/S1,SO,TE,14,0.1574236524011212,0.0249529548290527,4,4,0,0.1781672582440159
1995/S1_a_1995/S2,1996/S1,EXC,SO,15,0.159990023596606,0.0250485642184007,20,20,0,-0.08082220557271336
1995/S1_a_1995/S2,1996/S1,XOM,3891289Q,16,0.1645308013854673,0.0212924813878112,1,0,1,-0.03380688096175333
1995/S1_a_1995/S2,1996/S1,DUK,CMS,17,0.1648694607389416,0.0255446733692038,2,2,0,0.09750696730235164
1995/S1_a_1995/S2,1996/S1,PEG,FPC,18,0.1768494383231882,0.0248822251538884,6,5,1,-0.09846633673310479
1995/S1_a_1995/S2,1996/S1,EQR,0574018D,19,0.1861583991459383,0.0257462059657625,6,5,1,0.052340790211893085
1995/S1_a_1995/S2,1996/S1,CIN,NI,20,0.1883556111050666,0.0222735647568836,2,1,1,0.0582665750025263
1995/S2_a_1996/S1,1996/S2,MHFI,SPGI,2,0.0298496130109242,0.0108622354850363,11,11,0,0.4246832061356982
1995/S2_a_1996/S1,1996/S2,D,TE,3,0.05032400700793,0.0140325538905555,4,4,0,0.14326058995089763
1995/S2_a_1996/S1,1996/S2,D,FPC,4,0.0821166308929832,0.015493736261636,3,3,0,0.07362202827365938
1995/S2_a_1996/S1,1996/S2,FPC,TEG,5,0.09010735396987,0.0183682663017279,2,1,1,-0.056391000836356064
1995/S2_a_1996/S1,1996/S2,FPC,NI,6,0.1052126557721067,0.0194357795561841,4,3,1,0.05156949513270659
1995/S2_a_1996/S1,1996/S2,D,TEG,7,0.1058452595132166,0.0199935683063747,2,1,1,0.016793575181422105
1995/S2_a_1996/S1,1996/S2,FPC,TE,8,0.1069537751732241,0.0173234719921456,2,2,0,0.07852346451163594
1995/S2_a_1996/S1,1996/S2,UEP,FPC,9,0.1123324311596434,0.0169231918844833,3,3,0,0.010082911643837789
1995/S2_a_1996/S1,1996/S2,GPUI,NI,10,0.1223225830797218,0.0213072886278939,2,1,1,0.06182561548157672
1995/S2_a_1996/S1,1996/S2,XOM,3891289Q,11,0.1272755683739888,0.0225168805524618,5,4,1,0.0021045916110640217
1995/S2_a_1996/S1,1996/S2,TE,TEG,12,0.1330319972677216,0.022062219491136,2,1,1,-0.04878184748053527
1995/S2_a_1996/S1,1996/S2,NEE,CIN,13,0.1421741676421106,0.0232187444166963,7,6,1,0.028896971479815514
1995/S2_a_1996/S1,1996/S2,NI,TEG,14,0.1434344991358784,0.0238380618316238,19,19,0,-0.029282597252000997
1995/S2_a_1996/S1,1996/S2,AEP,CMS,15,0.1459441923441318,0.020622848771489,8,7,1,-0.019171456565515776
1995/S2_a_1996/S1,1996/S2,D,NI,16,0.148682900099061,0.0241655016047529,1,0,1,-0.025826154617259567
1995/S2_a_1996/S1,1996/S2,MCAI,RRC,17,0.1518315982140166,0.0123757203679594,19,18,1,-0.05727827934484231
1995/S2_a_1996/S1,1996/S2,NI,TE,18,0.1531613350280167,0.0242336249752962,2,1,1,0.03728940117009516
1995/S2_a_1996/S1,1996/S2,NEE,PNW,19,0.154339429432639,0.0247523961051276,1,0,1,-0.026357778055511205
1995/S2_a_1996/S1,1996/S2,8375930Q,COP,20,0.1661202304427433,0.0137424728715632,1,0,1,-0.007675826429283994
1996/S1_a_1996/S2,1997/S1,MHFI,SPGI,1,0.0331135797847537,0.0113866099364021,19,18,1,0.6511439692570428
1996/S1_a_1996/S2,1997/S1,D,PPL,2,0.061491094731366,0.0152322664207593,6,5,1,0.00929331292045621
1996/S1_a_1996/S2,1997/S1,XEL,TE,3,0.0761045242336422,0.0166322243044521,2,1,1,0.03547286234136238
1996/S1_a_1996/S2,1997/S1,UEP,PPL,4,0.0907371121571145,0.0189345942781551,2,1,1,-0.008235307208667053
1996/S1_a_1996/S2,1997/S1,D,UEP,5,0.0910083339946368,0.0186066942403395,2,1,1,0.06863252167418987
1996/S1_a_1996/S2,1997/S1,CEG,UEP,6,0.0962564889941859,0.0187453958107928,1,0,1,0.023237505186965213
1996/S1_a_1996/S2,1997/S1,D,SO,7,0.0981089189494355,0.0194258408706584,2,2,0,0.1029953338666979
1996/S1_a_1996/S2,1997/S1,CEG,PPL,8,0.1029549849307045,0.0195337083699676,7,6,1,-0.10932187214679912
1996/S1_a_1996/S2,1997/S1,CEG,D,9,0.1067058443712767,0.0204649964720087,2,1,1,0.050211604745837524
1996/S1_a_1996/S2,1997/S1,PPL,TE,10,0.1089181652702109,0.0160043273932999,37,36,1,0.03741957561592124
1996/S1_a_1996/S2,1997/S1,GPUI,NI,11,0.1152139725353436,0.0200215197773387,2,2,0,0.09935360806021765
1996/S1_a_1996/S2,1997/S1,ETR,PPL,12,0.1189547926043133,0.0209034842132303,6,6,0,-0.1374153422275367
1996/S1_a_1996/S2,1997/S1,D,TE,13,0.1191821367386296,0.0140708101194534,30,30,0,-0.04617229680414203
1996/S1_a_1996/S2,1997/S1,USW,VZ,14,0.123900433523886,0.0219179841639541,4,3,1,0.195363229501889
1996/S1_a_1996/S2,1997/S1,SO,UEP,15,0.1279468881775187,0.0224837437131984,0,0,0,0.0
1996/S1_a_1996/S2,1997/S1,CIN,PNW,16,0.1317663822694612,0.0210218871113485,12,11,1,-0.12435661209855242
1996/S1_a_1996/S2,1997/S1,PPW,NEE,17,0.132501525792918,0.0223994595545459,3,3,0,0.17073679579491452
1996/S1_a_1996/S2,1997/S1,MCAI,SWKS,18,0.1464668308902901,0.0121012814955818,1,0,1,-0.00868535311573182
1996/S1_a_1996/S2,1997/S1,SO,TE,19,0.147635519167693,0.0201671863815559,2,1,1,-0.06114208538654331
1996/S1_a_1996/S2,1997/S1,FPC,SCG,20,0.1477510472523135,0.0204990614181344,3,3,0,0.1871689863099706
1996/S2_a_1997/S1,1997/S2,MHFI,SPGI,1,0.0512918466296241,0.0141803554118193,24,23,1,0.9067841753233721
1996/S2_a_1997/S1,1997/S2,VZ,210967Q,2,0.058193825931994,0.014515356862154,0,0,0,0.0
1996/S2_a_1997/S1,1997/S2,MCAI,SWKS,3,0.0804166995312698,0.0089924966017931,1,0,1,-0.007072507331443045
1996/S2_a_1997/S1,1997/S2,AEP,NEE,4,0.0886884744488725,0.0184954309115933,3,2,1,0.12369882286208655
1996/S2_a_1997/S1,1997/S2,8375930Q,COP,5,0.0990401717007216,0.0097141277675023,1,0,1,-0.0071705405921366205
1996/S2_a_1997/S1,1997/S2,CEG,UEP,6,0.1108841735767214,0.0180183398804915,8,7,1,-0.05278193462703429
1996/S2_a_1997/S1,1997/S2,0961514D,UEP,7,0.1225325359870339,0.022044615501714,3,2,1,0.16184159238947604
1996/S2_a_1997/S1,1997/S2,DUK,SO,8,0.1297997323743516,0.0214380026958089,3,2,1,0.1366079985391444
1996/S2_a_1997/S1,1997/S2,AEP,PSX,9,0.1396810771254877,0.0172455595712093,41,41,0,-0.15970112359310296
1996/S2_a_1997/S1,1997/S2,NEE,TE,10,0.1422569128107511,0.0197211821066784,27,27,0,-0.04292331971792418
1996/S2_a_1997/S1,1997/S2,TE,PSX,11,0.1431088071864223,0.023084413557231,5,5,0,-0.0493293415104632
1996/S2_a_1997/S1,1997/S2,AEP,TE,12,0.1432654462428217,0.0215934303781674,24,23,1,-0.022764872181522233
1996/S2_a_1997/S1,1997/S2,NI,TE,13,0.1521493965489071,0.0239635582352113,15,14,1,-0.11276774634604714
1996/S2_a_1997/S1,1997/S2,CEG,0961514D,14,0.156211511325921,0.0222033360358798,2,1,1,-0.04393035401326484
1996/S2_a_1997/S1,1997/S2,D,AYE,15,0.1728947624770285,0.0257663175881127,2,1,1,0.10728020098895019
1996/S2_a_1997/S1,1997/S2,PPW,UEP,16,0.1867304714130568,0.0270182057560301,3,2,1,0.046948472448329226
1996/S2_a_1997/S1,1997/S2,CEG,PPW,17,0.1878504031224679,0.0262744987699686,2,2,0,0.1304012314696359
1996/S2_a_1997/S1,1997/S2,SO,WEC,18,0.1899191298908249,0.0271701410690405,2,1,1,0.06437675716959645
1996/S2_a_1997/S1,1997/S2,UEP,SCG,19,0.1944038328169313,0.0275509766605601,1,1,0,0.07185295241425382
1996/S2_a_1997/S1,1997/S2,STI,KEY,20,0.1945892297178488,0.0277784134573535,13,12,1,-0.09212973503170652
1997/S1_a_1997/S2,1998/S1,MCAI,SWKS,1,0.0470342653047737,0.0068450183652142,9,8,1,-0.11784961532301874
1997/S1_a_1997/S2,1998/S1,8375930Q,COP,2,0.11481382466809,0.0110512583483816,1,0,1,-0.007273792912878663
1997/S1_a_1997/S2,1998/S1,CIN,TE,3,0.1265399007183987,0.0223722481324084,1,0,1,-0.0005731560366434296
1997/S1_a_1997/S2,1998/S1,XEL,NI,4,0.1380431697801896,0.0222151924435087,50,49,1,-0.207777256661148
1997/S1_a_1997/S2,1998/S1,DUK,CMS,6,0.1630423067824722,0.0227941588380142,2,1,1,0.10148660280746546
1997/S1_a_1997/S2,1998/S1,375573Q,DDR,7,0.1772006352139215,0.025155369888104,2,1,1,-0.09199971082830616
1997/S1_a_1997/S2,1998/S1,2269312Q,0111145D,9,0.1873843085937778,0.0258169732917812,2,1,1,0.015096525002180727
1997/S1_a_1997/S2,1998/S1,D,0961514D,10,0.2052766176674367,0.0281717807822258,1,0,1,-0.011271104353026029
1997/S1_a_1997/S2,1998/S1,AEP,NEE,11,0.2219510940835789,0.0244331916886156,38,37,1,-0.15563338378879088
1997/S1_a_1997/S2,1998/S1,GPUI,NI,12,0.223183480040916,0.0293338496477108,15,15,0,-0.11215198246771418
1997/S1_a_1997/S2,1998/S1,PET,NI,15,0.2435614822161369,0.0309260998205347,2,1,1,-0.019130410652269614
1997/S1_a_1997/S2,1998/S1,AVB,GGP,16,0.2487040055348188,0.0311441395892405,1,0,1,-0.03230344272438679
1997/S1_a_1997/S2,1998/S1,0961514D,SCG,17,0.2506322895601443,0.0192676794422883,1,1,0,0.043668116793732614
1997/S1_a_1997/S2,1998/S1,PPW,CMS,18,0.2514624732673383,0.0314623752126188,24,24,0,-0.096867937114413
1997/S1_a_1997/S2,1998/S1,XEL,GPUI,19,0.2540778656276643,0.0316658145628181,2,1,1,0.04789383811628023
1997/S1_a_1997/S2,1998/S1,GFS_A,GAS,20,0.2547380933046952,0.0267430019132178,17,16,1,-0.09690587593741484
1997/S2_a_1998/S1,1998/S2,8375930Q,COP,1,0.1057801103172551,0.0102169724319381,1,0,1,-0.00819918109436979
1997/S2_a_1998/S1,1998/S2,MHFI,SPGI,2,0.1082383083305558,0.0182144528470874,17,17,0,0.8309747893127702
1997/S2_a_1998/S1,1998/S2,JNJ,ABT,3,0.1834718324222422,0.0268032783556156,15,15,0,-0.04244415501099097
1997/S2_a_1998/S1,1998/S2,PSX,O,4,0.1898489399050049,0.022654762611793,4,3,1,0.21161030622499266
1997/S2_a_1998/S1,1998/S2,DDR,O,5,0.1932230234219787,0.0260491545187885,4,3,1,0.21629054767926048
1997/S2_a_1998/S1,1998/S2,FPC,NI,6,0.2029213671437446,0.026684150060288,2,2,0,0.009842465833441394
1997/S2_a_1998/S1,1998/S2,CEG,SCG,7,0.206898979468292,0.0283375988141496,26,25,1,-0.09802877805770027
1997/S2_a_1998/S1,1998/S2,DDR,PSX,8,0.2085745493909598,0.0281867523626366,3,2,1,0.14124530387024437
1997/S2_a_1998/S1,1998/S2,CEG,TXU,9,0.2093189138225852,0.0282371252809593,15,14,1,-0.11502907660650485
1997/S2_a_1998/S1,1998/S2,D,0111145D,10,0.2102596140207424,0.0287188308179648,14,13,1,-0.11564536647756218
1997/S2_a_1998/S1,1998/S2,BF_B,1958Q,11,0.2213193034471032,0.0167467742153463,15,14,1,0.7657011276395645
1997/S2_a_1998/S1,1998/S2,8214761Q,RLM,12,0.2253762312343497,0.0289673139792871,2,1,1,0.1483156246606545
1997/S2_a_1998/S1,1998/S2,DUK,SCG,13,0.2277982778933847,0.0283657323527676,2,2,0,0.1162028321115881
1997/S2_a_1998/S1,1998/S2,0961514D,SCG,14,0.2286854527611694,0.0225352433827136,6,5,1,0.027008342806890684
1997/S2_a_1998/S1,1998/S2,1281683D,HCP,15,0.2400395468721399,0.0302438740351633,7,7,0,0.13950895199553448
1997/S2_a_1998/S1,1998/S2,677004Q,3891289Q,16,0.2444152766663592,0.0309491112175467,14,14,0,-0.006349827908730177
1997/S2_a_1998/S1,1998/S2,GIDL,O,17,0.2526585880756329,0.0283759258313173,10,9,1,-0.13220007454818006
1997/S2_a_1998/S1,1998/S2,CVX,COP,18,0.2618078820030405,0.0320297227751365,14,14,0,-0.1107713267532886
1997/S2_a_1998/S1,1998/S2,GPC,GAS,19,0.2685513583680858,0.0313943971310854,9,9,0,-0.1037816338160551
1997/S2_a_1998/S1,1998/S2,DDR,MAC,20,0.2685915542360817,0.0301003941875635,4,4,0,0.37060258557702463
1998/S1_a_1998/S2,1999/S1,MCAI,GIDL,1,0.0296081435391215,0.005408280145318,1,0,1,-0.005023673368777182
1998/S1_a_1998/S2,1999/S1,8375930Q,COP,2,0.0805140174903158,0.0080954090647005,1,0,1,-0.007175511397612855
1998/S1_a_1998/S2,1999/S1,BF_B,1958Q,3,0.1150289108516062,0.0192879380041917,10,10,0,0.6012406278768958
1998/S1_a_1998/S2,1999/S1,0574018D,AVB,4,0.1373174812009665,0.0233862429659347,2,2,0,0.14932052140045626
1998/S1_a_1998/S2,1999/S1,NCE,TE,5,0.1550985547680738,0.0233134748370148,2,2,0,0.15628591368239786
1998/S1_a_1998/S2,1999/S1,TE,TEG,6,0.1554178722388997,0.0235968285153101,14,13,1,-0.12410330037256079
1998/S1_a_1998/S2,1999/S1,SO,FPC,7,0.1939727496157957,0.0251019352558681,2,2,0,0.13948671961292025
1998/S1_a_1998/S2,1999/S1,GIDL,FPC,8,0.2446932653351723,0.031221722112224,10,9,1,0.0007547392499062111
1998/S1_a_1998/S2,1999/S1,CMS,GAS,9,0.2479371690752714,0.0309101647500239,2,2,0,0.13667893461468394
1998/S1_a_1998/S2,1999/S1,SO,WEC,10,0.252634603709339,0.0309417260547555,2,1,1,0.029951548715619225
1998/S1_a_1998/S2,1999/S1,231330Q,ESS,11,0.2526358999772924,0.0316495567637456,8,8,0,-0.17728281086276543
1998/S1_a_1998/S2,1999/S1,D,PPL,12,0.254486500930966,0.0288090729401222,25,24,1,-0.1978324300179235
1998/S1_a_1998/S2,1999/S1,D,TXU,13,0.2556611118031924,0.0313317512177892,2,1,1,0.09254519887118084
1998/S1_a_1998/S2,1999/S1,FE,WEC,14,0.2562939783229012,0.0317295710933889,1,1,0,-0.13457632325854985
1998/S1_a_1998/S2,1999/S1,ED,PEG,15,0.2584167050201813,0.0283103330855171,20,20,0,-0.12499751995923647
1998/S1_a_1998/S2,1999/S1,231330Q,HCN,16,0.2610491192337463,0.0321980202820398,2,1,1,0.06842947670271393
1998/S1_a_1998/S2,1999/S1,FPC,WEC,17,0.2616607273661202,0.0261383778396213,3,2,1,-0.10877499132139301
1998/S1_a_1998/S2,1999/S1,RDPL,300583Q,18,0.2619492289036316,0.0320328826385919,3,3,0,0.27881325766181886
1998/S1_a_1998/S2,1999/S1,MCAI,FPC,19,0.2635874969871565,0.0309210583242999,14,13,1,-0.013432274686647205
1998/S1_a_1998/S2,1999/S1,AEP,CEG,20,0.2740248315228655,0.0328883996726858,2,1,1,-0.0029692014710049897
1998/S2_a_1999/S1,1999/S2,8375930Q,COP,2,0.0909977805309836,0.0102040473408231,1,0,1,-0.007224178919828073
1998/S2_a_1999/S1,1999/S2,MHFI,SPGI,3,0.1498757549237552,0.0242897449485378,10,10,0,0.5903425666208594
1998/S2_a_1999/S1,1999/S2,45200Q,TEG,4,0.1594730115247102,0.0240360993044793,1,1,0,0.07899060390268053
1998/S2_a_1999/S1,1999/S2,AEE,FPC,5,0.1652998469019166,0.0251640636204676,26,26,0,-0.11316877612363108
1998/S2_a_1999/S1,1999/S2,45200Q,AEP,6,0.1710450208031488,0.0246852734441129,1,0,1,-0.004005208884934386
1998/S2_a_1999/S1,1999/S2,SO,0961514D,7,0.1794453432681848,0.0267331103949541,32,32,0,-0.16103321090791045
1998/S2_a_1999/S1,1999/S2,SO,AEE,8,0.1908194670641023,0.0274403506942908,0,0,0,0.0
1998/S2_a_1999/S1,1999/S2,BF_B,1958Q,9,0.2009713704611613,0.0198337153087149,4,4,0,0.29276654300611327
1998/S2_a_1999/S1,1999/S2,45200Q,0961514D,10,0.2040033540936292,0.0283420045282752,2,1,1,0.07082602279636385
1998/S2_a_1999/S1,1999/S2,EQR,0574018D,11,0.210430661840121,0.0237665029861118,2,2,0,0.12412063350795022
1998/S2_a_1999/S1,1999/S2,FE,AEE,12,0.2190629580701397,0.0293580760731756,1,0,1,-0.04378375243140131
1998/S2_a_1999/S1,1999/S2,ED,TXU,13,0.219423640460036,0.0280571092659008,2,1,1,0.028332944407018612
1998/S2_a_1999/S1,1999/S2,AEP,0111145D,14,0.2271866746289674,0.0266930052851546,43,42,1,-0.0950290584030925
1998/S2_a_1999/S1,1999/S2,45200Q,AEE,15,0.2332657448235977,0.0304849078930928,2,1,1,0.010296946211545976
1998/S2_a_1999/S1,1999/S2,CNP,CMS,16,0.2354771088693041,0.0261999460186204,7,6,1,-0.030384913069323005
1998/S2_a_1999/S1,1999/S2,45200Q,FPC,17,0.2358799924583081,0.0302602507668296,52,51,1,-0.08739779470159637
1998/S2_a_1999/S1,1999/S2,PCG,PSX,18,0.2384329044983815,0.0298063658350492,38,37,1,-0.18161911645433537
1998/S2_a_1999/S1,1999/S2,FPC,TEG,19,0.2477603445163367,0.0288254283040481,47,47,0,-0.18337828808701895
1998/S2_a_1999/S1,1999/S2,0961514D,AEE,20,0.251370717594682,0.031483148939721,7,6,1,-0.144996789693838
1999/S1_a_1999/S2,2000/S1,8375930Q,COP,2,0.1201913443392186,0.0104591884380866,1,0,1,-0.006833843913129245
1999/S1_a_1999/S2,2000/S1,SO,AEE,3,0.123050706221079,0.0218111916793531,2,2,0,0.11987428938937106
1999/S1_a_1999/S2,2000/S1,MHFI,SPGI,4,0.1821558922861186,0.0214180509403829,15,14,1,1.1755831499515206
1999/S1_a_1999/S2,2000/S1,BF_B,1958Q,5,0.2086404868946942,0.0154418973903094,5,5,0,0.3269914966972687
1999/S1_a_1999/S2,2000/S1,DUK,CNP,6,0.2159446775880269,0.0293055625131103,6,5,1,0.09961084868311532
1999/S1_a_1999/S2,2000/S1,EQR,0574018D,7,0.22200358854559,0.0250160533086982,4,4,0,0.257421214777079
1999/S1_a_1999/S2,2000/S1,SKY,FE,8,0.2292205660505715,0.0301644944147572,10,9,1,0.30041451191909585
1999/S1_a_1999/S2,2000/S1,0111145D,AEE,9,0.24303182574846,0.0260221051919149,4,3,1,0.24892878427824516
1999/S1_a_1999/S2,2000/S1,DUK,TEG,10,0.2506728602762678,0.0211513008803363,6,6,0,0.35509501990010595
1999/S1_a_1999/S2,2000/S1,AEP,CMS,11,0.2531674055877033,0.0311978451803611,54,53,1,-0.2249103791146565
1999/S1_a_1999/S2,2000/S1,PEG,PLD,12,0.263117201675243,0.0321458634959106,23,23,0,-0.037281232621671045
1999/S1_a_1999/S2,2000/S1,CIN,PNW,13,0.2668995194807735,0.0305460843981928,1,1,0,0.1289356766245473
1999/S1_a_1999/S2,2000/S1,PSA,KIM,14,0.271334533725394,0.0314020931355027,29,29,0,-0.10311053560105576
1999/S1_a_1999/S2,2000/S1,PEG,UCM,15,0.272364232430732,0.0310320530378987,30,29,1,0.04360953156152825
1999/S1_a_1999/S2,2000/S1,CNP,TEG,16,0.2800809027614832,0.0249187145619828,4,4,0,0.3533850300028598
1999/S1_a_1999/S2,2000/S1,TEG,DDR,17,0.2849230406263814,0.0336566853789423,3,3,0,0.3343698829202275
1999/S1_a_1999/S2,2000/S1,8394653Q,KIM,18,0.2885467519525946,0.0262739968689486,1,0,1,0.049926301099176174
1999/S1_a_1999/S2,2000/S1,BBT,NFB,19,0.2918802033005931,0.0310524695692732,2,1,1,0.13504077126071368
1999/S1_a_1999/S2,2000/S1,CMA,BBT,20,0.2939380220008161,0.0324035267861998,2,1,1,0.05549042579251884
1999/S2_a_2000/S1,2000/S2,BF_B,1958Q,2,0.074903816590222,0.0160189456156227,2,2,0,0.09285472568548259
1999/S2_a_2000/S1,2000/S2,8375930Q,COP,3,0.0817811601004905,0.0096974289478006,1,0,1,-0.005323516330787648
1999/S2_a_2000/S1,2000/S2,571300Q,VZ,4,0.1061924936403784,0.0197712189273674,63,63,0,-0.049711708963931955
1999/S2_a_2000/S1,2000/S2,MHFI,SPGI,5,0.1550889427825836,0.0247293458149042,1,1,0,0.06063770848785299
1999/S2_a_2000/S1,2000/S2,8394653Q,0574018D,6,0.1631086341921559,0.0191273036370218,10,9,1,0.06722445287235612
1999/S2_a_2000/S1,2000/S2,AIV,PLD,7,0.1841703606152691,0.0240980988152984,2,1,1,0.06355108681335453
1999/S2_a_2000/S1,2000/S2,EQR,0574018D,8,0.1974837057699119,0.0273852222921424,3,2,1,0.10453599760847065
1999/S2_a_2000/S1,2000/S2,AEE,AYE,9,0.2123552962783605,0.0264278030088336,17,16,1,-0.011492859491497143
1999/S2_a_2000/S1,2000/S2,AIV,VNO,10,0.2187853236264914,0.0291501686211426,2,1,1,0.0119616343912613
1999/S2_a_2000/S1,2000/S2,XEL,NCE,11,0.2219066034165848,0.0163482674218632,0,0,0,0.0
1999/S2_a_2000/S1,2000/S2,AIV,0574018D,12,0.250142745579069,0.0263794481445422,2,2,0,0.10572470043216431
1999/S2_a_2000/S1,2000/S2,VNO,PLD,13,0.2616973053308129,0.0310838271520993,2,1,1,0.06714597322935412
1999/S2_a_2000/S1,2000/S2,EOP,AVB,14,0.2666680946193764,0.0318074788497922,1,0,1,-0.013112106330222195
1999/S2_a_2000/S1,2000/S2,SO,0111145D,15,0.2696068810465704,0.0318867598398431,21,20,1,-0.05866890831388005
1999/S2_a_2000/S1,2000/S2,EQR,AIV,16,0.2757111174859687,0.0309143034841846,2,1,1,0.07856078919306098
1999/S2_a_2000/S1,2000/S2,BBT,OK,17,0.2831864682633522,0.0332149513041458,10,9,1,0.2247319053953828
1999/S2_a_2000/S1,2000/S2,544791Q,228510Q,18,0.2845087589238915,0.0334703029306735,17,17,0,-0.287372795695652
1999/S2_a_2000/S1,2000/S2,EQR,VNO,19,0.2875352086021507,0.0299601801839669,3,3,0,-0.02545881872850031
1999/S2_a_2000/S1,2000/S2,41018Q,BBT,20,0.2881838779198347,0.0337475612316333,26,25,1,-0.2894027025794017
2000/S1_a_2000/S2,2001/S1,8375930Q,COP,1,0.1492206742506141,0.012711051622577,1,0,1,-0.005723286885583212
2000/S1_a_2000/S2,2001/S1,BF_B,1958Q,2,0.171928233006497,0.0178410118797326,4,4,0,0.22907648763288257
2000/S1_a_2000/S2,2001/S1,BXP,AVB,3,0.2022319755540138,0.0220177223414453,6,6,0,0.03249701628122148
2000/S1_a_2000/S2,2001/S1,DOW,1255177D,4,0.2495304455166547,0.0313648764028302,0,0,0,0.0
2000/S1_a_2000/S2,2001/S1,EOP,PLD,5,0.318544283467304,0.0352231362643404,1,1,0,0.062270083753218075
2000/S1_a_2000/S2,2001/S1,AIV,PLD,6,0.3404690729652202,0.0322517273224772,4,4,0,0.22273397459866617
2000/S1_a_2000/S2,2001/S1,AIV,0574018D,7,0.3454865370154039,0.0320429655270715,1,1,0,0.06658016987295723
2000/S1_a_2000/S2,2001/S1,WY,544791Q,8,0.3575237649665723,0.0377029284049693,1,0,1,-0.09637935246676321
2000/S1_a_2000/S2,2001/S1,FNMA,FMCC,9,0.3577117888081602,0.0317256616459088,1,0,1,-0.021926115887759723
2000/S1_a_2000/S2,2001/S1,KIM,PLD,10,0.3639431363026233,0.0350036448376029,1,0,1,-0.009180939190288728
2000/S1_a_2000/S2,2001/S1,EQR,0574018D,11,0.406008562402917,0.0365574902267486,2,1,1,0.044458526124172004
2000/S1_a_2000/S2,2001/S1,D,TE,12,0.4081571248580076,0.0394615106537058,3,2,1,0.09582441339048409
2000/S1_a_2000/S2,2001/S1,AYE,TE,13,0.4549602391523422,0.0358427549135555,31,30,1,-0.14142339682389193
2000/S1_a_2000/S2,2001/S1,KIM,HCP,14,0.460684035680174,0.0395614035092726,32,31,1,-0.001967498712771021
2000/S1_a_2000/S2,2001/S1,EOP,AIV,15,0.468091689875223,0.0364766346036273,1,0,1,0.03848690587637116
2000/S1_a_2000/S2,2001/S1,PLD,GRMN,16,0.4683000591940072,0.0415304423460283,14,13,1,0.5037247672590488
2000/S1_a_2000/S2,2001/S1,SPG,MAC,17,0.4691373429252508,0.04221172996622,1,1,0,0.13136627374453402
2000/S1_a_2000/S2,2001/S1,D,AYE,18,0.4744723611989911,0.0409266407823425,20,19,1,-0.13792095294600437
2000/S1_a_2000/S2,2001/S1,GGP,PLD,19,0.4996769923551483,0.0445920700199739,2,1,1,0.06055728166019314
2000/S1_a_2000/S2,2001/S1,KIM,GGP,20,0.5101281769927937,0.0419521283672446,2,1,1,0.1001057647669602
2000/S2_a_2001/S1,2001/S2,MCAI,GIDL,1,0.0558283810587454,0.0116844836042392,30,30,0,-0.04433561785824591
2000/S2_a_2001/S1,2001/S2,BF_B,1958Q,2,0.0678358416193987,0.016396655752468,4,4,0,0.1897679845933854
2000/S2_a_2001/S1,2001/S2,8375930Q,COP,3,0.0808418098181391,0.0084665207213027,1,0,1,-0.0062262925655804935
2000/S2_a_2001/S1,2001/S2,MHFI,SPGI,4,0.129398954368753,0.0206683588362791,5,5,0,0.38757836228933074
2000/S2_a_2001/S1,2001/S2,EOP,BXP,5,0.2239555773190886,0.0216908269479479,10,9,1,-0.07766098010593736
2000/S2_a_2001/S1,2001/S2,MCAI,PLD,6,0.242781893256506,0.027813811863307,2,2,0,0.11013948679780117
2000/S2_a_2001/S1,2001/S2,0574018D,PLD,7,0.2496662276237202,0.0300195874097497,1,1,0,0.0686295177095183
2000/S2_a_2001/S1,2001/S2,SNV,MTB,8,0.2825880687987592,0.033560568579067,20,19,1,-0.08143196152585175
2000/S2_a_2001/S1,2001/S2,GIDL,PLD,9,0.3194779478250211,0.0270508983038319,2,1,1,0.009344648470829608
2000/S2_a_2001/S1,2001/S2,SPG,PSA,10,0.325978781292747,0.0264685416619192,37,36,1,-0.13127259116149959
2000/S2_a_2001/S1,2001/S2,AIV,BXP,11,0.3425417315138475,0.0369241026350841,1,0,1,-0.003450902162249636
2000/S2_a_2001/S1,2001/S2,NYT,KRI,12,0.3454497692636096,0.036479300423108,2,1,1,0.04880504984050493
2000/S2_a_2001/S1,2001/S2,GIDL,KIM,13,0.3500804920015525,0.0346686027879514,24,23,1,-0.12377142124237706
2000/S2_a_2001/S1,2001/S2,MCAI,KIM,14,0.3507639410106549,0.0292474776690184,1,0,1,-0.02940296107946272
2000/S2_a_2001/S1,2001/S2,739306Q,8394653Q,15,0.352018803138435,0.037519511459846,0,0,0,0.0
2000/S2_a_2001/S1,2001/S2,AIV,PLD,16,0.3535676489767638,0.0337820820698348,1,0,1,0.012831465714667756
2000/S2_a_2001/S1,2001/S2,0574018D,VNO,17,0.3598108570122349,0.033155014190019,2,1,1,0.06913584776737025
2000/S2_a_2001/S1,2001/S2,KIM,SLG,18,0.3797524938036076,0.0389461373801841,2,1,1,0.10668240865148171
2000/S2_a_2001/S1,2001/S2,AIV,VNO,19,0.3935191870889412,0.0388681530662131,1,0,1,-0.03838462929120523
2000/S2_a_2001/S1,2001/S2,CL,HNZ,20,0.409209756493567,0.0368226337345578,2,1,1,0.15792382155593743
2001/S1_a_2001/S2,2002/S1,GIDL,PSX,1,0.0244776968179394,0.006437179106775,1,0,1,-0.012598824221646154
2001/S1_a_2001/S2,2002/S1,8375930Q,COP,2,0.0582723207836011,0.007865258109861,1,0,1,-0.0058929817277662
2001/S1_a_2001/S2,2002/S1,BF_B,1958Q,3,0.1030207205354827,0.0136097907061116,8,8,0,0.365000616036937
2001/S1_a_2001/S2,2002/S1,AEE,SCG,4,0.107165435089314,0.0182158751791944,11,10,1,-0.013291632961233812
2001/S1_a_2001/S2,2002/S1,NMK,GIDL,5,0.1455097486917793,0.0217960962352742,1,0,1,-0.0223207139916467
2001/S1_a_2001/S2,2002/S1,NMK,PSX,6,0.1749628614001039,0.0193511820984108,1,0,1,-0.01222511333985088
2001/S1_a_2001/S2,2002/S1,8394653Q,PLD,7,0.1906692126189568,0.0271820184626481,2,1,1,0.0934748625850218
2001/S1_a_2001/S2,2002/S1,EQR,0574018D,8,0.2130208372778952,0.0243601602741294,1,1,0,0.05180955535924092
2001/S1_a_2001/S2,2002/S1,ETR,AEE,9,0.2489862649635483,0.0314991672409284,1,0,1,0.044953955327734496
2001/S1_a_2001/S2,2002/S1,VNO,SLG,10,0.2619468026131244,0.0291197177306501,2,1,1,0.10649965032792275
2001/S1_a_2001/S2,2002/S1,ETR,SCG,11,0.2685642119448062,0.0324011018764432,1,1,0,0.09410899200483946
2001/S1_a_2001/S2,2002/S1,1288652D,SCG,12,0.2781718373273065,0.0296615166367792,2,1,1,0.024234954852620616
2001/S1_a_2001/S2,2002/S1,EOP,AIV,13,0.2798182991305111,0.0331289539662305,1,0,1,-0.0035024222786047554
2001/S1_a_2001/S2,2002/S1,D,CIN,14,0.2801629910496785,0.0327948225123896,1,0,1,0.01218172663054451
2001/S1_a_2001/S2,2002/S1,WYE,SCG,15,0.2808041273161734,0.0333974880348138,16,15,1,-0.12352277310482729
2001/S1_a_2001/S2,2002/S1,544791Q,1051665D,16,0.2874469199156237,0.0298327322727652,0,0,0,0.0
2001/S1_a_2001/S2,2002/S1,AVB,PLD,17,0.2910696072586347,0.0265650186727042,20,19,1,-0.14766564435671958
2001/S1_a_2001/S2,2002/S1,TEG,PSX,18,0.294440958118912,0.0255059525413423,47,47,0,-0.18267844551388435
2001/S1_a_2001/S2,2002/S1,UPC,3133754Q,19,0.2965414479032233,0.0345807477813897,1,0,1,0.0025637052593769916
2001/S1_a_2001/S2,2002/S1,8394653Q,AVB,20,0.301623717075131,0.0310715989147348,6,6,0,-0.15535208212031204
2001/S2_a_2002/S1,2002/S2,MHFI,SPGI,1,0.0558530839088575,0.0147352233083009,12,12,0,0.7724206236458984
2001/S2_a_2002/S1,2002/S2,8375930Q,COP,2,0.0658534606548073,0.0079388324284792,1,0,1,-2.6834685964427507e-06
2001/S2_a_2002/S1,2002/S2,GIDL,PSX,3,0.0670070431992826,0.0082575167000287,1,0,1,-0.011493832211230126
2001/S2_a_2002/S1,2002/S2,BF_B,1958Q,4,0.0796823291072996,0.0134095586006166,10,10,0,0.4558590318920478
2001/S2_a_2002/S1,2002/S2,WFC,MTB,5,0.1773507169198183,0.0266510562285516,3,2,1,0.21988764628765445
2001/S2_a_2002/S1,2002/S2,WFC,355488Q,6,0.1847516949628698,0.0273818242357026,3,2,1,0.14471403361617263
2001/S2_a_2002/S1,2002/S2,KEY,MTB,7,0.1868844316495028,0.0239057395720164,3,3,0,0.1859550884179687
2001/S2_a_2002/S1,2002/S2,355488Q,MTB,8,0.1931254668388646,0.0279369131656804,2,1,1,0.08900388773239098
2001/S2_a_2002/S1,2002/S2,2676187Q,GAS,9,0.203153049512764,0.0286866588446285,3,2,1,0.13539488285732026
2001/S2_a_2002/S1,2002/S2,1255173D,KEY,10,0.2089040470985423,0.0277705221748443,1,0,1,0.0010860988083197798
2001/S2_a_2002/S1,2002/S2,EQR,AVB,11,0.2117868128386817,0.0286653993510937,2,1,1,0.07112709669381223
2001/S2_a_2002/S1,2002/S2,DDR,GGP,12,0.2142710379919208,0.0274236103098438,1,0,1,-0.03719774178337576
2001/S2_a_2002/S1,2002/S2,SPG,PLD,13,0.2220514363473285,0.0280878470478414,1,0,1,-0.032610314344129754
2001/S2_a_2002/S1,2002/S2,PEG,ES,14,0.223939137155412,0.021007134700963,17,16,1,-0.1080775548737748
2001/S2_a_2002/S1,2002/S2,2676187Q,BXP,15,0.2307667214444109,0.0306023966516579,5,5,0,0.3961724760803549
2001/S2_a_2002/S1,2002/S2,WFC,KEY,16,0.2352755442171883,0.0291052707550766,3,2,1,0.21377092099390116
2001/S2_a_2002/S1,2002/S2,AIV,BXP,17,0.2387204390652755,0.0232995861207558,21,20,1,-0.13174380161428478
2001/S2_a_2002/S1,2002/S2,STI,BBT,18,0.2450158405773095,0.0315273544533213,1,0,1,-0.06779731671336764
2001/S2_a_2002/S1,2002/S2,PBI,AIV,19,0.2453033205756583,0.0315574221099828,3,3,0,0.30784370963823193
2001/S2_a_2002/S1,2002/S2,TXU,SCG,20,0.2488381729461934,0.0316937407175352,32,31,1,0.019028649006339493
2002/S1_a_2002/S2,2003/S1,GIDL,PSX,1,0.0655075144747456,0.0080704762704297,1,0,1,-0.01124676824137727
2002/S1_a_2002/S2,2003/S1,BF_B,1958Q,2,0.1045228546282714,0.0165157420659215,2,2,0,0.1671005832901714
2002/S1_a_2002/S2,2003/S1,BBT,2676187Q,3,0.1241040553800303,0.0170434216884223,56,56,0,-0.049712361380355286
2002/S1_a_2002/S2,2003/S1,KRI,TMK,4,0.1265207453814696,0.0219520703101812,3,2,1,0.004933246161465954
2002/S1_a_2002/S2,2003/S1,SPG,DDR,5,0.1723262170249881,0.0260648115147343,19,18,1,-0.05332404199599017
2002/S1_a_2002/S2,2003/S1,HBAN,MTB,6,0.1761953678376357,0.0264493286247024,0,0,0,0.0
2002/S1_a_2002/S2,2003/S1,EOP,EQR,7,0.1974393987672442,0.0250917680969182,2,2,0,0.11678070554828046
2002/S1_a_2002/S2,2003/S1,HBAN,355488Q,8,0.210081541111208,0.0239752766612228,1,0,1,0.030370022599566115
2002/S1_a_2002/S2,2003/S1,STI,NCC,9,0.2162026104690539,0.0290356960465682,14,14,0,-0.17836523768333246
2002/S1_a_2002/S2,2003/S1,PG,3393199Q,10,0.2173667075164758,0.0291749332858635,3,2,1,0.16600072696286727
2002/S1_a_2002/S2,2003/S1,GPC,EOP,11,0.2268615069202724,0.0293790131049275,0,0,0,0.0
2002/S1_a_2002/S2,2003/S1,AEE,PSX,12,0.2323719755005413,0.0295319801737962,3,2,1,0.1328949413685202
2002/S1_a_2002/S2,2003/S1,WFC,MTB,13,0.2357232988164241,0.0275967181087721,2,2,0,0.12125005493761554
2002/S1_a_2002/S2,2003/S1,355488Q,MTB,14,0.238344830650135,0.0251947156105274,1,0,1,0.03687184692410095
2002/S1_a_2002/S2,2003/S1,GIDL,AEE,15,0.2420648831089238,0.0303299882275767,3,2,1,0.1343599994462078
2002/S1_a_2002/S2,2003/S1,MHFI,SPGI,16,0.2454165654946791,0.0177126543649344,3,3,0,0.17443106029680389
2002/S1_a_2002/S2,2003/S1,FMCC,MI,17,0.2531422078311038,0.0312374023520614,11,10,1,0.03580351157897044
2002/S1_a_2002/S2,2003/S1,WFC,355488Q,18,0.2557053948319208,0.0316106037427907,2,2,0,0.12375087423174991
2002/S1_a_2002/S2,2003/S1,8394653Q,MAC,19,0.2571778138228637,0.0319973385996344,1,0,1,-0.004037786526444487
2002/S1_a_2002/S2,2003/S1,NBL,NFX,20,0.2581152582473578,0.0317931980167001,2,2,0,0.1644733004876947
2002/S2_a_2003/S1,2003/S2,GIDL,PSX,1,0.063736311146556,0.0080341856796317,1,0,1,-0.011224027861746144
2002/S2_a_2003/S1,2003/S2,355488Q,RF,2,0.0798761124021325,0.0105884938842411,1,0,1,-0.01800786975582469
2002/S2_a_2003/S1,2003/S2,BF_B,1958Q,3,0.0841363340957741,0.0151730472044858,2,2,0,0.08478479847879217
2002/S2_a_2003/S1,2003/S2,SPG,8394653Q,4,0.1232764156247867,0.0220884611872437,12,11,1,-0.0049647480294835455
2002/S2_a_2003/S1,2003/S2,355488Q,MTB,5,0.16005563054199,0.0238065221189985,1,0,1,-0.012472880757722238
2002/S2_a_2003/S1,2003/S2,UNH,502466Q,6,0.1619643262632166,0.0252806676484815,2,2,0,0.17637235095750547
2002/S2_a_2003/S1,2003/S2,NEE,EXC,7,0.1633789812640884,0.0255047047679161,24,23,1,-0.08025657871733427
2002/S2_a_2003/S1,2003/S2,MHFI,SPGI,8,0.165424632008353,0.0192745848071412,0,0,0,0.0
2002/S2_a_2003/S1,2003/S2,BXP,ESS,9,0.1689227258673895,0.0254549687936469,2,2,0,0.11189496606371852
2002/S2_a_2003/S1,2003/S2,EQR,SLG,10,0.1738158025118537,0.0260872839749691,3,2,1,0.09118578263262211
2002/S2_a_2003/S1,2003/S2,SOV,8206908Q,11,0.181075353378219,0.0266507824071817,56,56,0,-0.21369740595995002
2002/S2_a_2003/S1,2003/S2,SCG,PBCT,12,0.1851551717696793,0.0265153718825963,20,19,1,-0.07096221587597451
2002/S2_a_2003/S1,2003/S2,KEY,RF,13,0.1904124546322236,0.0242790816396828,1,0,1,-0.05092623260174767
2002/S2_a_2003/S1,2003/S2,8394653Q,O,14,0.1927979209124828,0.0249612299084189,2,1,1,0.006516753008880216
2002/S2_a_2003/S1,2003/S2,1255173D,8206908Q,15,0.205440573591602,0.028444576505779,1,0,1,0.01913031264634857
2002/S2_a_2003/S1,2003/S2,PG,TGNA,16,0.206185367694843,0.0285856387130791,2,1,1,0.0509505387306326
2002/S2_a_2003/S1,2003/S2,KSE,HRL,17,0.2082537990724517,0.0286169310657415,2,1,1,0.09087024883957329
2002/S2_a_2003/S1,2003/S2,MTB,8206908Q,18,0.2100839103055705,0.0254722132674487,2,1,1,0.07810414636432383
2002/S2_a_2003/S1,2003/S2,HBAN,1436513D,19,0.2112782906428947,0.0289837678575187,33,32,1,-0.1711022923359934
2002/S2_a_2003/S1,2003/S2,JCI,HBAN,20,0.2112790083259597,0.02898398276828,33,32,1,-0.1711100000937671
2003/S1_a_2003/S2,2004/S1,GIDL,PSX,1,0.0617708819812605,0.0078288358060182,1,0,1,-0.010986793605765932
2003/S1_a_2003/S2,2004/S1,PNAA,PSX,2,0.0694906348753079,0.0083036382977113,1,0,1,-0.011677766136083623
2003/S1_a_2003/S2,2004/S1,NEE,AEE,3,0.090203335577371,0.0188063789440594,2,1,1,0.08671301950878407
2003/S1_a_2003/S2,2004/S1,HBAN,MTB,4,0.0934016992073338,0.0160015583120722,19,18,1,-0.11316294371003688
2003/S1_a_2003/S2,2004/S1,355488Q,RF,5,0.1028182398797525,0.0114224973791888,1,0,1,2.4151038325204155e-05
2003/S1_a_2003/S2,2004/S1,TGNA,HBAN,6,0.1055926567237293,0.0199767282090984,5,4,1,0.18253378218983474
2003/S1_a_2003/S2,2004/S1,WFC,STI,7,0.1335031131914092,0.0223015495883725,5,4,1,0.15973332679116203
2003/S1_a_2003/S2,2004/S1,WWY,PNAA,8,0.1423200875648831,0.0232013854005834,12,12,0,-0.10834181140884402
2003/S1_a_2003/S2,2004/S1,EOP,O,9,0.1429404876508897,0.0219916460670512,4,3,1,0.10975338391573441
2003/S1_a_2003/S2,2004/S1,WWY,GIDL,10,0.1438065470916285,0.0231238327585618,11,10,1,-0.10802607653663232
2003/S1_a_2003/S2,2004/S1,TGNA,MTB,11,0.1474179714432466,0.0234482323500069,11,10,1,0.020547473685592732
2003/S1_a_2003/S2,2004/S1,0961514D,KSE,12,0.1514702692720106,0.0240300263279832,1,0,1,0.024868540438808484
2003/S1_a_2003/S2,2004/S1,WFC,3621240Q,13,0.1535333616502612,0.0221152649622507,43,42,1,-0.050377460750189895
2003/S1_a_2003/S2,2004/S1,TGNA,WFC,14,0.160300034471561,0.0251439473730003,3,2,1,0.09551529196229569
2003/S1_a_2003/S2,2004/S1,HSY,HBAN,15,0.164517038672102,0.0253050093939586,22,21,1,0.037025251838563644
2003/S1_a_2003/S2,2004/S1,KRI,HBAN,16,0.1653748893495503,0.0235825569462857,5,4,1,0.20602676725119862
2003/S1_a_2003/S2,2004/S1,STI,3621240Q,17,0.1655134074962916,0.0251477684028395,47,46,1,-0.06506352405555438
2003/S1_a_2003/S2,2004/S1,BF_B,1958Q,18,0.1670206548417354,0.0134014749569038,6,6,0,0.15860659707222602
2003/S1_a_2003/S2,2004/S1,HSY,605018Q,19,0.170562670767481,0.0258991211861583,24,23,1,0.19866823283065183
2003/S1_a_2003/S2,2004/S1,HBAN,605018Q,20,0.1708973844376942,0.0251789611470884,20,20,0,-0.30576309478764063
2003/S2_a_2004/S1,2004/S2,MHFI,SPGI,1,0.032582012204898,0.011075204761851,8,8,0,0.24355017532245415
2003/S2_a_2004/S1,2004/S2,355488Q,RF,2,0.0577562600107057,0.0076953202055651,1,0,1,0.0
2003/S2_a_2004/S1,2004/S2,GIDL,PSX,3,0.0602482878106229,0.00780179370947,1,0,1,-0.010967992110484825
2003/S2_a_2004/S1,2004/S2,PNAA,PSX,4,0.0678882284450423,0.008281697171599,1,0,1,-0.011667418793188
2003/S2_a_2004/S1,2004/S2,NEE,SO,5,0.0750480022605302,0.0124001160926434,3,2,1,0.07947117297134598
2003/S2_a_2004/S1,2004/S2,HLS,PSX,6,0.0845650032734965,0.0092430955625025,1,0,1,-0.012083857138825982
2003/S2_a_2004/S1,2004/S2,BF_B,1958Q,7,0.1049624428212609,0.0097748339226949,9,9,0,0.2902684628969041
2003/S2_a_2004/S1,2004/S2,XEL,TEG,8,0.1080081365595333,0.0205643032941186,3,3,0,0.1311851769112078
2003/S2_a_2004/S1,2004/S2,MCAI,HLS,9,0.1088513853135282,0.0104867059006204,0,0,0,0.0
2003/S2_a_2004/S1,2004/S2,0961514D,KSE,10,0.1117828580344166,0.0209489489910393,22,21,1,-0.02092355619333408
2003/S2_a_2004/S1,2004/S2,D,SO,11,0.1128724276858861,0.0200633397370208,1,0,1,-0.004508669975083812
2003/S2_a_2004/S1,2004/S2,3393199Q,PSX,12,0.1360231936139371,0.0231033163683528,1,0,1,0.020146856915040146
2003/S2_a_2004/S1,2004/S2,D,PGL,13,0.1475662951256708,0.0242450475262447,1,1,0,0.05402363533952259
2003/S2_a_2004/S1,2004/S2,C,NI,14,0.1476142663468636,0.0231386665002516,6,5,1,-0.09235024054311836
2003/S2_a_2004/S1,2004/S2,AEE,KSE,15,0.1497139300403205,0.0229716185331434,3,2,1,0.10312442400081168
2003/S2_a_2004/S1,2004/S2,0961514D,AEE,16,0.1502078169033893,0.023778778881266,8,7,1,-0.09479302353468377
2003/S2_a_2004/S1,2004/S2,CIN,KSE,17,0.1551905036835705,0.0214542995483539,2,1,1,0.06782150761837369
2003/S2_a_2004/S1,2004/S2,PG,CLX,18,0.155821938227973,0.0232329616919719,3,2,1,-0.00902527376202178
2003/S2_a_2004/S1,2004/S2,3393199Q,HLS,19,0.1632361764261531,0.0219388572375101,1,0,1,-0.013659648908992184
2003/S2_a_2004/S1,2004/S2,ED,NEE,20,0.1642210299389717,0.0252595508260917,2,1,1,0.016695033017725458
2004/S1_a_2004/S2,2005/S1,BF_B,1958Q,1,0.0341819791207171,0.0097842926522093,10,10,0,0.34453462493129605
2004/S1_a_2004/S2,2005/S1,MHFI,SPGI,2,0.0466123873726473,0.0109082771485673,15,15,0,0.4977181252897165
2004/S1_a_2004/S2,2005/S1,GIDL,PSX,3,0.0588982105998638,0.0076378556431127,1,0,1,-0.0019621145762707126
2004/S1_a_2004/S2,2005/S1,PNAA,PSX,4,0.0664780396041919,0.0081144576414743,1,0,1,-0.011137213280786096
2004/S1_a_2004/S2,2005/S1,XEL,CIN,5,0.0753280304412555,0.017252521920463,3,3,0,0.12191351884236701
2004/S1_a_2004/S2,2005/S1,HLS,PSX,6,0.0779716406493662,0.0087879733628289,1,0,1,-0.011219202792134952
2004/S1_a_2004/S2,2005/S1,CEG,SO,7,0.0886979222975696,0.0186973425995941,54,53,1,-0.09023023061115776
2004/S1_a_2004/S2,2005/S1,XEL,TEG,8,0.0941269998646703,0.0183534400704893,34,33,1,-0.030959504221339862
2004/S1_a_2004/S2,2005/S1,8394653Q,KIM,9,0.097009974727598,0.0194434603163091,4,3,1,0.10619304843931332
2004/S1_a_2004/S2,2005/S1,D,WFC,10,0.0988806722790514,0.0197515455098915,25,24,1,-0.002837309406918398
2004/S1_a_2004/S2,2005/S1,CEG,AEE,11,0.1094464808535349,0.020498382057334,50,50,0,-0.1395839875909214
2004/S1_a_2004/S2,2005/S1,SO,AEE,12,0.1139371808657188,0.0204642915616722,1,0,1,-0.022454315530357594
2004/S1_a_2004/S2,2005/S1,CEG,CIN,13,0.1184249451413279,0.0196991301964497,54,54,0,-0.17052770720398236
2004/S1_a_2004/S2,2005/S1,KIM,O,14,0.1306223319247692,0.0215582142587999,2,1,1,0.055291706660941076
2004/S1_a_2004/S2,2005/S1,XEL,CEG,15,0.1351010254247739,0.0219260816709823,54,54,0,-0.17848847608329432
2004/S1_a_2004/S2,2005/S1,NEE,CIN,16,0.1351724468041766,0.0219360909866614,46,45,1,-0.10157601899231206
2004/S1_a_2004/S2,2005/S1,GIS,HNZ,17,0.1405405655200411,0.0229022021260763,17,16,1,-0.0331661671128749
2004/S1_a_2004/S2,2005/S1,MEL,MS,18,0.1423732359975815,0.0236306229200343,1,1,0,0.06982648677601311
2004/S1_a_2004/S2,2005/S1,CBE,UPS,19,0.1435176335290862,0.0196221554454981,59,59,0,0.002155229126358349
2004/S1_a_2004/S2,2005/S1,D,TEG,20,0.1441723354007535,0.0213059477905999,3,2,1,0.10147284218996089
2004/S2_a_2005/S1,2005/S2,MHFI,SPGI,1,0.0477305068271789,0.0127556946685749,8,8,0,0.29349840981037334
2004/S2_a_2005/S1,2005/S2,PNAA,PSX,2,0.0647745027014252,0.008032756744552,1,0,1,-0.011061560504833867
2004/S2_a_2005/S1,2005/S2,BF_B,1958Q,3,0.065940304437845,0.011325070587674,12,11,1,0.4087463411045237
2004/S2_a_2005/S1,2005/S2,HLS,PSX,4,0.071751223341721,0.0084542916705814,1,0,1,-0.010847887502620113
2004/S2_a_2005/S1,2005/S2,TMK,MSFT,5,0.0869472136271269,0.0183724291411561,5,5,0,0.07988915107484795
2004/S2_a_2005/S1,2005/S2,STI,KEY,6,0.0956834889267383,0.0192809392043179,2,2,0,0.08297614301679068
2004/S2_a_2005/S1,2005/S2,XEL,CIN,7,0.09984913855385,0.0182780769090887,1,1,0,0.035474431582596555
2004/S2_a_2005/S1,2005/S2,GE,STI,8,0.1024353693074999,0.0182029077581002,3,2,1,0.08363516005292737
2004/S2_a_2005/S1,2005/S2,BAC,KSE,9,0.1123320390815934,0.0205403023071264,18,17,1,0.014893890925900655
2004/S2_a_2005/S1,2005/S2,BAC,WFC,10,0.1183834808612118,0.0170445858503916,1,0,1,0.023258448846768975
2004/S2_a_2005/S1,2005/S2,T,NCC,11,0.1184184523574458,0.0210287813991595,4,3,1,0.13129692122895453
2004/S2_a_2005/S1,2005/S2,WFC,PNW,12,0.1199411957193206,0.0201734689373432,2,1,1,0.025811143412549753
2004/S2_a_2005/S1,2005/S2,SNV,MI,13,0.1203430889210039,0.021600301705344,2,1,1,0.08204974571568713
2004/S2_a_2005/S1,2005/S2,K,WWY,14,0.1220660312009158,0.021943522465068,2,1,1,0.09631835192479843
2004/S2_a_2005/S1,2005/S2,WFC,USB,15,0.1279158337359831,0.0215672178839092,0,0,0,0.0
2004/S2_a_2005/S1,2005/S2,1288652D,FII,16,0.1295056171944679,0.019443198869593,13,12,1,-0.11744878502667044
2004/S2_a_2005/S1,2005/S2,USB,8206908Q,17,0.1395352295803604,0.0233337101204208,2,1,1,0.07416789440572236
2004/S2_a_2005/S1,2005/S2,PNW,MI,18,0.1395539785057735,0.0218103262876581,3,2,1,0.1150601364374021
2004/S2_a_2005/S1,2005/S2,XL,FII,19,0.1402628402308892,0.0233686954458866,44,43,1,-0.11656975448249185
2004/S2_a_2005/S1,2005/S2,BAC,PNW,20,0.1405671859690755,0.0230645057161495,4,3,1,0.024389674464045275
2005/S1_a_2005/S2,2006/S1,PNAA,PSX,1,0.061479399435143,0.007842246770273,1,0,1,-0.010916032017221244
2005/S1_a_2005/S2,2006/S1,HLS,PSX,2,0.0643212378754469,0.0080214502218459,1,0,1,-0.010429749149726941
2005/S1_a_2005/S2,2006/S1,BF_B,1958Q,3,0.0701322620583368,0.0138018555306686,10,10,0,0.37222488166661494
2005/S1_a_2005/S2,2006/S1,T,USB,4,0.075836918586333,0.0171018092751321,18,17,1,-0.012334983340596573
2005/S1_a_2005/S2,2006/S1,EQR,0574018D,5,0.0767498284171779,0.0160885110777236,8,7,1,-0.014005638010095356
2005/S1_a_2005/S2,2006/S1,K,WWY,6,0.0978434295303714,0.0195873883133436,29,29,0,-0.2104584358517244
2005/S1_a_2005/S2,2006/S1,EXC,PEG,7,0.0994553198233916,0.0150577688231633,3,2,1,0.041464960307092125
2005/S1_a_2005/S2,2006/S1,STI,KEY,8,0.1024364883182897,0.0200799133729967,10,9,1,0.020449161203434096
2005/S1_a_2005/S2,2006/S1,3393199Q,MDLZ,9,0.1032902113950626,0.0197693108173163,3,3,0,0.1938017417712088
2005/S1_a_2005/S2,2006/S1,WFC,STI,10,0.1039258935288103,0.0178647028866931,1,0,1,-0.00612809699778738
2005/S1_a_2005/S2,2006/S1,SNV,MI,11,0.1066130028987117,0.0203041254313808,4,3,1,-0.02993640798155861
2005/S1_a_2005/S2,2006/S1,K,PSX,12,0.1070589020578154,0.0201756798513386,2,1,1,0.007101396326989029
2005/S1_a_2005/S2,2006/S1,BAC,C,13,0.1101894660961306,0.0209344425505169,1,0,1,0.0021904837105034547
2005/S1_a_2005/S2,2006/S1,WFC,BLS,14,0.1140342739842026,0.0154287877482608,52,51,1,-0.14253517132374516
2005/S1_a_2005/S2,2006/S1,CIN,SCG,15,0.1140759915629132,0.0212722345384032,2,1,1,-0.0838042224613772
2005/S1_a_2005/S2,2006/S1,JNJ,SJM,16,0.1158908000669498,0.0197949052535162,2,2,0,0.10579268537854736
2005/S1_a_2005/S2,2006/S1,T,BLS,17,0.1177627786939865,0.0162931017393965,44,44,0,-0.039304866240622904
2005/S1_a_2005/S2,2006/S1,K,HLS,18,0.1185873367156773,0.0195788648647719,3,2,1,0.08885175391621458
2005/S1_a_2005/S2,2006/S1,XEL,SCG,19,0.1201849815352034,0.0217192398427756,2,1,1,0.017068264115484122
2005/S1_a_2005/S2,2006/S1,WFC,KEY,20,0.1204373120586979,0.0205716852191627,1,1,0,0.050723312112979424
2005/S2_a_2006/S1,2006/S2,USB,MTB,1,0.0391605067406999,0.0124611416904968,8,7,1,-0.03404120788640541
2005/S2_a_2006/S1,2006/S2,MHFI,SPGI,2,0.0502555330540417,0.0139820071760919,7,7,0,0.19859332230253468
2005/S2_a_2006/S1,2006/S2,BF_B,1958Q,3,0.0523105758111341,0.013785554309523,4,4,0,0.13430519832448728
2005/S2_a_2006/S1,2006/S2,HLS,PSX,4,0.0607903926721746,0.0077934129399768,12,11,1,0.06562963314292969
2005/S2_a_2006/S1,2006/S2,PNAA,PSX,5,0.0612952318996349,0.0078257065780254,1,0,1,-0.010774262443951521
2005/S2_a_2006/S1,2006/S2,ED,SO,6,0.0616399274521768,0.0151800543634978,2,1,1,0.04982846872039681
2005/S2_a_2006/S1,2006/S2,AEE,SCG,7,0.0931371274626826,0.0190761601622595,1,0,1,0.020143860037912797
2005/S2_a_2006/S1,2006/S2,ETR,AEE,8,0.096503982781428,0.0186299393390198,28,27,1,-0.1266135166987773
2005/S2_a_2006/S1,2006/S2,DUK,POM,9,0.099245342588631,0.0178613416224183,1,1,0,0.042022869701519916
2005/S2_a_2006/S1,2006/S2,PBG,MTB,10,0.1016717865634291,0.0194628560275826,2,1,1,0.04475702366813239
2005/S2_a_2006/S1,2006/S2,AEE,PNW,11,0.1081072116075461,0.0196796123128923,13,12,1,-0.08179566510699798
2005/S2_a_2006/S1,2006/S2,BAC,WFC,12,0.1128938588129813,0.0146964332274389,1,0,1,-0.025884559139364494
2005/S2_a_2006/S1,2006/S2,WFC,MTB,13,0.1145149361639141,0.0189552848483453,1,0,1,0.0037973011821865743
2005/S2_a_2006/S1,2006/S2,WFC,TMK,14,0.121944622508181,0.0191469613020083,2,2,0,0.07657628866180466
2005/S2_a_2006/S1,2006/S2,K,KO,15,0.1230355126857603,0.0220711632608022,2,1,1,0.08097888511049711
2005/S2_a_2006/S1,2006/S2,0111145D,WEC,16,0.1243116632293777,0.01694588767821,3,2,1,0.09744111440939851
2005/S2_a_2006/S1,2006/S2,WFC,USB,17,0.1299479653050639,0.020903725696952,2,1,1,0.015122808087684403
2005/S2_a_2006/S1,2006/S2,TMK,MTB,18,0.1302778460237732,0.0227570252066889,2,1,1,0.06153174955798579
2005/S2_a_2006/S1,2006/S2,JNJ,AEE,19,0.1313771959343626,0.022862396123839,2,2,0,0.10163382143213573
2005/S2_a_2006/S1,2006/S2,DUK,ES,20,0.1333069705564753,0.0222999202198469,23,22,1,-0.12816617404148611
2006/S1_a_2006/S2,2007/S1,BF_B,1958Q,1,0.0322074954765412,0.0113483443044661,5,5,0,0.17593620740036642
2006/S1_a_2006/S2,2007/S1,MHFI,SPGI,2,0.0507361118709468,0.0139796973811743,13,13,0,0.4399663352097647
2006/S1_a_2006/S2,2007/S1,PNAA,PSX,3,0.0577507464398081,0.0076087185175408,1,0,1,-0.010636148194911765
2006/S1_a_2006/S2,2007/S1,MI,MTB,4,0.089297768873962,0.0174401427078387,30,29,1,-0.0302067394717761
2006/S1_a_2006/S2,2007/S1,ED,SO,5,0.091443604052074,0.0155143303848671,2,2,0,0.05812157393871076
2006/S1_a_2006/S2,2007/S1,SRE,WEC,6,0.0988233117004711,0.0197110591351471,33,32,1,-0.07455336215000696
2006/S1_a_2006/S2,2007/S1,GIS,USB,7,0.111963716324908,0.0211618622310982,2,1,1,0.03644349630426191
2006/S1_a_2006/S2,2007/S1,0111145D,WEC,8,0.1195186604387572,0.0218266813552592,3,2,1,0.10162661116907501
2006/S1_a_2006/S2,2007/S1,AEE,SCG,9,0.1248957876308622,0.0220934940332876,7,7,0,0.04215388626718908
2006/S1_a_2006/S2,2007/S1,KMB,MET,10,0.1302218629125491,0.0226827703022269,4,3,1,-0.08761766239292212
2006/S1_a_2006/S2,2007/S1,CL,PFG,11,0.1310173941366201,0.0222962575208089,1,1,0,0.04787453041872891
2006/S1_a_2006/S2,2007/S1,KO,DUK,12,0.1395224534635417,0.02314484193627,3,2,1,-0.025188490216022985
2006/S1_a_2006/S2,2007/S1,HLS,PSX,13,0.1430886112837015,0.0233351187078441,25,24,1,-0.07138472512606986
2006/S1_a_2006/S2,2007/S1,XL,CB,14,0.1457390814393306,0.0215299886818115,3,2,1,0.05899495323024939
2006/S1_a_2006/S2,2007/S1,HBAN,PSX,15,0.1459714390125555,0.0229956495835853,1,0,1,0.03453769655384997
2006/S1_a_2006/S2,2007/S1,JNJ,AEE,16,0.1487050946176396,0.0240584703188422,4,4,0,0.2152556099720826
2006/S1_a_2006/S2,2007/S1,POM,WEC,17,0.1502974453369461,0.0244640226635298,4,4,0,-0.03997646544667566
2006/S1_a_2006/S2,2007/S1,ED,AEE,18,0.1519443900384658,0.020580562671646,14,13,1,-0.008011827464039056
2006/S1_a_2006/S2,2007/S1,ALL,MET,19,0.1532466088688124,0.0239383663366029,31,30,1,-0.07491045589761303
2006/S1_a_2006/S2,2007/S1,SCHW,ABKFQ,20,0.1552596583446757,0.0249065776249049,3,2,1,0.1409824309324622
2006/S2_a_2007/S1,2007/S2,SCHW,KSE,1,0.0268883099067807,0.0081960606144437,0,0,0,0.0
2006/S2_a_2007/S1,2007/S2,BF_B,1958Q,2,0.0360602951228656,0.0094336154958607,21,20,1,0.9008469621079461
2006/S2_a_2007/S1,2007/S2,LNC,MET,5,0.0614177392146757,0.0156110016468963,54,53,1,-0.11668937302802707
2006/S2_a_2007/S1,2007/S2,MHFI,SPGI,6,0.0624176915741827,0.0158128241446935,13,13,0,0.8398577605184164
2006/S2_a_2007/S1,2007/S2,KSE,MI,7,0.0824605507076512,0.017311835365381,12,11,1,-0.13296336414039
2006/S2_a_2007/S1,2007/S2,K,SCHW,8,0.0892691876230173,0.0189197541509102,1,1,0,0.04221587227315737
2006/S2_a_2007/S1,2007/S2,FE,POM,9,0.0899198539104872,0.0170591118900384,11,10,1,0.1269478413653009
2006/S2_a_2007/S1,2007/S2,SCHW,MI,10,0.1060722574218289,0.0206249035965226,45,44,1,-0.19151766815118632
2006/S2_a_2007/S1,2007/S2,PG,MKC,11,0.1065315418863974,0.0206839771222172,41,41,0,-0.06951301393177522
2006/S2_a_2007/S1,2007/S2,K,KSE,12,0.1103316875457949,0.0198047615826174,1,0,1,0.007205443073309947
2006/S2_a_2007/S1,2007/S2,K,TMK,13,0.1166658967898683,0.0210741159167631,32,31,1,-0.055387911878474805
2006/S2_a_2007/S1,2007/S2,DUK,0961514D,14,0.1228624214439833,0.0186160886955248,3,2,1,0.07835103671010912
2006/S2_a_2007/S1,2007/S2,BBT,AEE,15,0.124615762065332,0.0212149305562342,28,28,0,-0.17268460546817288
2006/S2_a_2007/S1,2007/S2,JNJ,BAC,16,0.1246179380430021,0.0210428791276486,23,22,1,-0.024246555905919842
2006/S2_a_2007/S1,2007/S2,1255173D,KEY,17,0.1253871614244417,0.0197111213263799,7,6,1,-0.02203167107097881
2006/S2_a_2007/S1,2007/S2,ED,SCG,18,0.1346797007812483,0.0178644251486854,2,2,0,0.10135858255531549
2006/S2_a_2007/S1,2007/S2,1255173D,BBT,19,0.1351251387349066,0.0230970641855448,1,0,1,0.014829890612128027
2006/S2_a_2007/S1,2007/S2,9876566D,CLX,20,0.1356567583059131,0.0232698416587015,5,5,0,0.38845147304542105
2007/S1_a_2007/S2,2008/S1,HET,SCHW,1,0.0363080505078414,0.0120500846013186,0,0,0,0.0
2007/S1_a_2007/S2,2008/S1,ED,0961514D,2,0.0793498249255435,0.0115758417372568,2,1,1,0.010725793143936846
2007/S1_a_2007/S2,2008/S1,MHFI,SPGI,3,0.0880987003996551,0.0153683602044814,5,5,0,0.39627001751228463
2007/S1_a_2007/S2,2008/S1,9876566D,CB,4,0.1001728366364886,0.0185640211404323,3,3,0,0.13582113221672798
2007/S1_a_2007/S2,2008/S1,9876566D,TRV,5,0.1075583824363093,0.0196506376810064,2,1,1,-0.013200066993501958
2007/S1_a_2007/S2,2008/S1,GIS,HNZ,6,0.1106075209454502,0.020993904117125,4,4,0,0.18194460930302403
2007/S1_a_2007/S2,2008/S1,SCHW,GHC,7,0.1145233807976637,0.0213951447535964,42,42,0,-0.16970127835559878
2007/S1_a_2007/S2,2008/S1,BF_B,1958Q,8,0.120605479674964,0.0154059562482113,13,12,1,0.6597103932806921
2007/S1_a_2007/S2,2008/S1,KMB,GIS,9,0.1237349156212985,0.0222166900217925,26,26,0,-0.1403087881396956
2007/S1_a_2007/S2,2008/S1,ED,SCG,10,0.1308491653883265,0.0213770988843466,6,5,1,-0.02885169905323537
2007/S1_a_2007/S2,2008/S1,0961514D,SCG,11,0.1354060907770531,0.0226393739916012,1,0,1,0.012194042417812856
2007/S1_a_2007/S2,2008/S1,KMB,PSX,12,0.1383866772408737,0.0192280045698765,2,2,0,-0.06796168560153415
2007/S1_a_2007/S2,2008/S1,HET,GHC,13,0.1474058585054081,0.0242785667188555,1,0,1,-0.023427449774991338
2007/S1_a_2007/S2,2008/S1,0961514D,TEG,14,0.1544817361279342,0.0232961153071701,1,0,1,-0.04518096888084078
2007/S1_a_2007/S2,2008/S1,ED,DUK,15,0.1559327217890995,0.0183234851543099,1,0,1,-0.06286265640705202
2007/S1_a_2007/S2,2008/S1,JNJ,AEE,16,0.1564199041750953,0.0228573894935089,42,42,0,-0.18371661161127217
2007/S1_a_2007/S2,2008/S1,DD,WIN,17,0.1629043929406179,0.0238270937892148,8,7,1,0.11315263019447508
2007/S1_a_2007/S2,2008/S1,0961514D,WEC,18,0.1629839175513439,0.0204138275467618,10,9,1,-0.03919768727084194
2007/S1_a_2007/S2,2008/S1,KMB,HNZ,19,0.1656282744156669,0.0256211230697048,13,12,1,-0.15436375659706658
2007/S1_a_2007/S2,2008/S1,3393199Q,HET,20,0.1754237902363229,0.0264811889186335,1,0,1,-0.039872546275483756
2007/S2_a_2008/S1,2008/S2,MHFI,SPGI,1,0.0631540359207178,0.0158479566529075,13,13,0,2.042853301845838
2007/S2_a_2008/S1,2008/S2,BF_B,1958Q,2,0.0811288720715879,0.0175445614648652,14,14,0,1.130807849764356
2007/S2_a_2008/S1,2008/S2,XEL,DUK,3,0.0865731192639032,0.0184880097368064,5,4,1,0.1367260624901966
2007/S2_a_2008/S1,2008/S2,ED,0961514D,4,0.0956790991947968,0.0194205196237087,4,4,0,0.1485787849245993
2007/S2_a_2008/S1,2008/S2,FNMA,FMCC,5,0.1412446067489554,0.0236252391278259,1,1,0,0.10909520388343774
2007/S2_a_2008/S1,2008/S2,D,PPL,6,0.1502069201346785,0.0240275948013392,41,41,0,-0.00514681526964067
2007/S2_a_2008/S1,2008/S2,AEP,0961514D,7,0.1508460347093887,0.0238478294117643,39,38,1,-0.10201967808616619
2007/S2_a_2008/S1,2008/S2,XEL,SCG,8,0.1643993791710727,0.0217943679198077,5,4,1,0.3111277858817626
2007/S2_a_2008/S1,2008/S2,VZ,AEE,9,0.1716444094312237,0.0259670764420649,6,5,1,0.13705842995513318
2007/S2_a_2008/S1,2008/S2,SWY,CMS,10,0.1820885693712171,0.0268916802945367,5,4,1,0.40880624564343526
2007/S2_a_2008/S1,2008/S2,CPB,ADP,11,0.1886469266594304,0.0274129210289512,21,20,1,0.1847002233487618
2007/S2_a_2008/S1,2008/S2,XEL,WEC,12,0.1950300627994465,0.0266775255057379,2,1,1,0.1360446540974506
2007/S2_a_2008/S1,2008/S2,AEP,ED,13,0.1959466790264628,0.0276981348440425,36,35,1,-0.11883830589116229
2007/S2_a_2008/S1,2008/S2,CMCSK,TWC,14,0.1971869885068145,0.0261092008021311,2,1,1,0.12910423657791537
2007/S2_a_2008/S1,2008/S2,CMVT,GAS,15,0.1974219001660913,0.0279556226563644,1,1,0,0.13276369608901517
2007/S2_a_2008/S1,2008/S2,VNO,AVB,16,0.2051973563952742,0.0284043851058972,3,3,0,0.27033336461062707
2007/S2_a_2008/S1,2008/S2,DUK,SCG,17,0.2099081796782229,0.026466735574739,2,1,1,0.02338884979415823
2007/S2_a_2008/S1,2008/S2,D,WEC,18,0.2112158798150858,0.0280129019340384,2,1,1,0.09690964686761361
2007/S2_a_2008/S1,2008/S2,KMB,AEP,19,0.2116332123301276,0.0288531462572239,21,20,1,0.14199842744220714
2007/S2_a_2008/S1,2008/S2,KMB,0961514D,20,0.2134091000999092,0.0290585738597751,3,2,1,0.1950810022641627
2008/S1_a_2008/S2,2009/S1,XEL,SCG,1,0.1485821716249233,0.0240896155372379,1,0,1,0.022112567700887764
2008/S1_a_2008/S2,2009/S1,XEL,DUK,2,0.2048814408832413,0.0261935316714606,1,0,1,-0.020179741104702553
2008/S1_a_2008/S2,2009/S1,BF_B,1958Q,3,0.2152888565179864,0.0214335133710969,2,2,0,0.17448159820988096
2008/S1_a_2008/S2,2009/S1,PCG,0961514D,4,0.2375310375600747,0.0305147873502319,1,0,1,-0.008811854109367467
2008/S1_a_2008/S2,2009/S1,EIX,PPL,5,0.2542922388113311,0.0314331792621093,2,1,1,0.13191552970663034
2008/S1_a_2008/S2,2009/S1,XEL,0961514D,6,0.2580073004265273,0.031924862065055,1,0,1,0.06121703018580271
2008/S1_a_2008/S2,2009/S1,KMB,DUK,7,0.2661492805379453,0.0322648638886498,2,2,0,0.23327965048699906
2008/S1_a_2008/S2,2009/S1,PX,AME,8,0.2696638991422446,0.0324573496130704,2,1,1,0.11072430907526587
2008/S1_a_2008/S2,2009/S1,XEL,GPC,9,0.2775980807721794,0.0331900527915205,2,1,1,-0.03522685452028229
2008/S1_a_2008/S2,2009/S1,XEL,PCG,10,0.2896378201025982,0.0334471978853963,1,0,1,0.011689195077258074
2008/S1_a_2008/S2,2009/S1,SCHW,PSX,11,0.2938869455367694,0.0170550285025694,1,1,0,0.032467579970790306
2008/S1_a_2008/S2,2009/S1,UTX,AEP,12,0.2995351952947658,0.0344219528014684,3,2,1,0.2986706211200707
2008/S1_a_2008/S2,2009/S1,XEL,GAS,13,0.3053564601995049,0.0346454458111324,1,1,0,0.11349266941899516
2008/S1_a_2008/S2,2009/S1,ETR,NEE,14,0.3148731308307901,0.0337078932546757,17,16,1,-0.1667873211396994
2008/S1_a_2008/S2,2009/S1,DTE,WEC,15,0.317933223660475,0.0339524785541255,5,4,1,0.03700073419516614
2008/S1_a_2008/S2,2009/S1,ITW,PBI,16,0.3227367447881875,0.0350504984865807,3,2,1,0.14573287989630823
2008/S1_a_2008/S2,2009/S1,MHFI,SPGI,17,0.3236684107304199,0.0299484361714863,0,0,0,0.0
2008/S1_a_2008/S2,2009/S1,PG,0961514D,18,0.3240749070034781,0.0336017543868879,1,0,1,-0.09360174129225995
2008/S1_a_2008/S2,2009/S1,FDX,UPS,19,0.3296201034110595,0.0359036248608527,9,8,1,-0.13963211338447212
2008/S1_a_2008/S2,2009/S1,PCG,SCG,20,0.3328789905873464,0.0353162703563251,1,0,1,-0.03544160716593958
2008/S2_a_2009/S1,2009/S2,L,SE,1,0.1781763665905202,0.0265868652132793,1,0,1,0.05618593397975569
2008/S2_a_2009/S1,2009/S2,SCHW,PSX,2,0.2223629927760839,0.0154318689260011,2,1,1,0.018258195283086476
2008/S2_a_2009/S1,2009/S2,SLB,RIG,3,0.2467950062031434,0.0308759467629909,0,0,0,0.0
2008/S2_a_2009/S1,2009/S2,MDT,SYK,4,0.2495797491040434,0.030742675572412,2,1,1,0.10264951122356436
2008/S2_a_2009/S1,2009/S2,MHFI,SPGI,5,0.2633743558006927,0.0314016883833352,1,1,0,0.10523945968976223
2008/S2_a_2009/S1,2009/S2,NBR,CHK,6,0.278572905984376,0.0329323889744958,1,0,1,0.014099392465660276
2008/S2_a_2009/S1,2009/S2,SWK,EFX,7,0.2884985822839212,0.0339020524678518,30,29,1,-0.028815422178150696
2008/S2_a_2009/S1,2009/S2,XEL,WEC,8,0.3098137005546277,0.0332393177614149,1,1,0,0.07779605161216685
2008/S2_a_2009/S1,2009/S2,HAL,EP,9,0.3111451834946308,0.0344898534914815,1,0,1,-0.08108719915881646
2008/S2_a_2009/S1,2009/S2,NE,CAM,10,0.3290601143600327,0.0353328344716784,1,0,1,-0.007627773970175555
2008/S2_a_2009/S1,2009/S2,JNJ,DUK,11,0.331356918202232,0.0315541135396388,1,0,1,0.00785249640848995
2008/S2_a_2009/S1,2009/S2,HON,DOV,12,0.3326543174698599,0.0301533350431389,2,1,1,0.09023815455720074
2008/S2_a_2009/S1,2009/S2,0961514D,WEC,13,0.3330037881773933,0.0317397672056268,1,0,1,-0.017597641457072766
2008/S2_a_2009/S1,2009/S2,UTX,PM,14,0.3336361787639816,0.0362673469059441,4,3,1,0.23522898347381926
2008/S2_a_2009/S1,2009/S2,WMB,EP,15,0.3347663576507784,0.0365188121958823,1,0,1,0.0007281254475912657
2008/S2_a_2009/S1,2009/S2,ADP,ES,16,0.3354990046645412,0.0365497992888894,2,2,0,0.18721620113821713
2008/S2_a_2009/S1,2009/S2,DOV,ARG,17,0.3398665294068905,0.0348752310902896,1,0,1,0.014733498321410132
2008/S2_a_2009/S1,2009/S2,ITW,WIN,18,0.3611663179642619,0.0376117343164212,2,2,0,0.2515633318738165
2008/S2_a_2009/S1,2009/S2,WMB,XEC,19,0.3626457394703095,0.0362891958365374,1,0,1,-0.14914651046869942
2008/S2_a_2009/S1,2009/S2,HAL,BJS,20,0.3739030873016418,0.026820770406853,1,1,0,0.12568844976518367
2009/S1_a_2009/S2,2010/S1,BF_B,1958Q,1,0.0646599799990781,0.0158806372831907,6,6,0,0.2839669643102113
2009/S1_a_2009/S2,2010/S1,DGX,LH,2,0.1374662526188785,0.0234022524615803,18,17,1,-0.11956229195151125
2009/S1_a_2009/S2,2010/S1,0961514D,ES,3,0.1505360945338907,0.0239925266902169,7,6,1,-0.03887101969973761
2009/S1_a_2009/S2,2010/S1,JNJ,0961514D,4,0.161903785987306,0.0250467548170858,2,1,1,0.07191221139960957
2009/S1_a_2009/S2,2010/S1,XEL,PCG,5,0.1662365911387269,0.0242849096633678,1,0,1,-0.0006044601846196818
2009/S1_a_2009/S2,2010/S1,EIX,JNJ,6,0.2025759697855846,0.0283975199217175,2,2,0,0.12307596015208377
2009/S1_a_2009/S2,2010/S1,ED,PCG,7,0.2109741810531886,0.0288586989143849,1,0,1,-0.006138386883829505
2009/S1_a_2009/S2,2010/S1,PG,WM,8,0.2140744966887382,0.0291687177862556,1,1,0,0.06089010087476754
2009/S1_a_2009/S2,2010/S1,ED,WEC,9,0.2172738487122387,0.0263302724641141,1,0,1,-0.009429864844446745
2009/S1_a_2009/S2,2010/S1,T,VZ,10,0.2200651264133171,0.0287499495572246,1,0,1,0.036798241523466
2009/S1_a_2009/S2,2010/S1,CPB,1281683D,11,0.23170395065506,0.0292233881057727,2,1,1,0.037585526847470296
2009/S1_a_2009/S2,2010/S1,K,CL,12,0.2322389484154428,0.0302535224752708,3,3,0,0.1798965584260831
2009/S1_a_2009/S2,2010/S1,CLX,LH,13,0.2358552788623455,0.0304866763805432,0,0,0,0.0
2009/S1_a_2009/S2,2010/S1,XEL,WEC,14,0.2395934757826125,0.0308413769498604,1,0,1,-0.014938097278795026
2009/S1_a_2009/S2,2010/S1,EIX,0961514D,15,0.2507745521228912,0.0312079142268893,1,1,0,0.07980017265760009
2009/S1_a_2009/S2,2010/S1,XEL,ED,16,0.256439541475288,0.029901878661862,0,0,0,0.0
2009/S1_a_2009/S2,2010/S1,D,SCG,17,0.2620404536116325,0.0316595336096846,1,0,1,0.0048381883840575846
2009/S1_a_2009/S2,2010/S1,CPB,DUK,18,0.2647135326003536,0.0317465363877441,1,0,1,-0.02222272771231737
2009/S1_a_2009/S2,2010/S1,HNZ,1281683D,19,0.2849393775460953,0.0308698163522293,13,12,1,-0.08891525777438103
2009/S1_a_2009/S2,2010/S1,CVX,ADP,20,0.2958290167751443,0.0244857484611849,2,1,1,0.034641021264437355
2009/S2_a_2010/S1,2010/S2,BF_B,1958Q,1,0.092138320680533,0.0164392753841982,7,7,0,0.277298093824082
2009/S2_a_2010/S1,2010/S2,XEL,SCG,2,0.1006857056647732,0.0176676489628688,1,0,1,0.009306024878348418
2009/S2_a_2010/S1,2010/S2,T,EIX,3,0.1554823083706651,0.0227742698184061,1,1,0,0.056550030152986985
2009/S2_a_2010/S1,2010/S2,ETR,AEE,4,0.1599144318352046,0.0226001881154526,35,35,0,-0.0797866656510482
2009/S2_a_2010/S1,2010/S2,JNJ,WMT,5,0.1623606063944862,0.021079432202778,2,2,0,0.1170585167136039
2009/S2_a_2010/S1,2010/S2,SO,0961514D,6,0.1637504539901328,0.0253455520385527,1,0,1,-0.0021377690598770593
2009/S2_a_2010/S1,2010/S2,EIX,0961514D,7,0.1787157736906692,0.0265914226340252,1,1,0,0.0859175254866279
2009/S2_a_2010/S1,2010/S2,MCD,MKC,8,0.1793097198033137,0.0261262186826703,2,1,1,0.05558299875038486
2009/S2_a_2010/S1,2010/S2,ED,WM,9,0.1955264275363788,0.0278699870579356,2,1,1,0.07008251149919287
2009/S2_a_2010/S1,2010/S2,MHFI,SPGI,10,0.1994276741964995,0.0215103018783537,2,2,0,0.15253052027883351
2009/S2_a_2010/S1,2010/S2,CMS,POM,11,0.2024015303852593,0.02777681961031,2,1,1,-0.03624451596975209
2009/S2_a_2010/S1,2010/S2,AEP,ED,12,0.2034601116936301,0.0276584268547002,1,0,1,-0.016993691696798652
2009/S2_a_2010/S1,2010/S2,0111145D,WM,13,0.2108447300779516,0.0261310055639967,3,2,1,-0.06153794032842663
2009/S2_a_2010/S1,2010/S2,CMS,PNW,14,0.2149898181190792,0.023573498589831,8,7,1,-0.05174279666474413
2009/S2_a_2010/S1,2010/S2,ED,WEC,15,0.2171269568411844,0.0293914833510188,1,0,1,0.002456275349089654
2009/S2_a_2010/S1,2010/S2,JNJ,PCG,16,0.2189080148095854,0.0287665091063582,9,9,0,-0.05704667065794
2009/S2_a_2010/S1,2010/S2,ED,0111145D,17,0.2230078387393632,0.0276889307550883,4,3,1,0.15151366120953624
2009/S2_a_2010/S1,2010/S2,SO,LH,18,0.2297384312528265,0.0289136985883812,3,3,0,0.03403943079208649
2009/S2_a_2010/S1,2010/S2,XEL,PCG,19,0.2334322674089435,0.0286085307978783,2,1,1,0.1006841566400396
2009/S2_a_2010/S1,2010/S2,XEL,ES,20,0.2385208268158294,0.0306291400495102,1,0,1,-0.024503540441486393
2010/S1_a_2010/S2,2011/S1,TE,SCG,1,0.060666561140465,0.0154119854905525,34,34,0,-0.039208111307589166
2010/S1_a_2010/S2,2011/S1,MHFI,SPGI,2,0.0614743032323872,0.0154495693964165,6,6,0,0.26852323939889167
2010/S1_a_2010/S2,2011/S1,ED,SCG,3,0.0900058975505544,0.0184571497874274,15,15,0,-0.013464517137137033
2010/S1_a_2010/S2,2011/S1,ED,0961514D,4,0.0937689062418485,0.0189389244205785,2,2,0,0.07554310706268041
2010/S1_a_2010/S2,2011/S1,BF_B,1958Q,5,0.0943974715428339,0.0142528243367106,5,5,0,0.2113660684963482
2010/S1_a_2010/S2,2011/S1,EIX,IBM,6,0.1032340754529741,0.020107774328507,48,47,1,-0.15200563830044467
2010/S1_a_2010/S2,2011/S1,SO,WEC,7,0.1033005386668719,0.0168343636914876,2,2,0,0.06950570125340072
2010/S1_a_2010/S2,2011/S1,AEP,DUK,8,0.1065113849605268,0.0194623834754201,1,1,0,0.047734876208425536
2010/S1_a_2010/S2,2011/S1,ED,TE,9,0.108367321443211,0.0198080472719502,1,1,0,0.040335522326406026
2010/S1_a_2010/S2,2011/S1,XEL,SCG,10,0.1208806582739043,0.014722509283479,7,6,1,0.01797023103308415
2010/S1_a_2010/S2,2011/S1,UTX,ADP,11,0.1238751787969931,0.0222007955666094,2,1,1,0.07831954698785781
2010/S1_a_2010/S2,2011/S1,JNJ,WMT,12,0.1238886018202833,0.019015367778193,3,2,1,0.07770372878290388
2010/S1_a_2010/S2,2011/S1,ED,DUK,13,0.1332025988707528,0.0184278415097525,1,0,1,0.0027804068275185667
2010/S1_a_2010/S2,2011/S1,PNW,NI,14,0.1356318894411288,0.0232456577555305,1,0,1,-0.03786151044581332
2010/S1_a_2010/S2,2011/S1,BMS,WM,15,0.1370948272536907,0.0233378557990971,2,2,0,0.11115927044507035
2010/S1_a_2010/S2,2011/S1,MMM,WM,16,0.1395718690963576,0.0235196934855378,1,1,0,0.06126569388408476
2010/S1_a_2010/S2,2011/S1,CPB,CLX,17,0.1399936901552791,0.0234259190216474,18,17,1,-0.09924254186434311
2010/S1_a_2010/S2,2011/S1,XEL,PNW,18,0.1438270100126146,0.0170788768585135,1,0,1,-0.0012447514028366413
2010/S1_a_2010/S2,2011/S1,CNP,POM,19,0.1447263255358848,0.0177815311041342,32,32,0,-0.082627759629472
2010/S1_a_2010/S2,2011/S1,9876566D,PNW,20,0.150597590502457,0.0224355022893152,3,3,0,0.14864340849618618
2010/S2_a_2011/S1,2011/S2,ED,PNW,1,0.0431577479030238,0.0130062327040202,49,49,0,-0.10207989023636066
2010/S2_a_2011/S1,2011/S2,XEL,SO,2,0.0602376594085853,0.014707051091449,15,14,1,-0.03748117097393877
2010/S2_a_2011/S1,2011/S2,0961514D,PNW,3,0.0689810656496092,0.0162419685380792,23,22,1,-0.0852061423099203
2010/S2_a_2011/S1,2011/S2,XEL,DUK,4,0.0722683639477281,0.0153250363431428,4,3,1,-0.03620040132144775
2010/S2_a_2011/S1,2011/S2,ED,0961514D,5,0.0788369267886537,0.0176052558992372,2,2,0,0.08489185490894657
2010/S2_a_2011/S1,2011/S2,BF_B,1958Q,6,0.0814528136286298,0.0128160301807752,27,27,0,1.2871578213130794
2010/S2_a_2011/S1,2011/S2,MHFI,SPGI,7,0.083547920356068,0.0180264214448384,25,25,0,1.259519898398789
2010/S2_a_2011/S1,2011/S2,DUK,SO,8,0.0867952142920103,0.0141787650481083,1,1,0,0.027904397161281236
2010/S2_a_2011/S1,2011/S2,HNZ,MDLZ,9,0.0957386621518026,0.0188267021763217,2,1,1,-0.002649381210887203
2010/S2_a_2011/S1,2011/S2,ED,WEC,10,0.1285208486170859,0.0164270849044554,38,37,1,-0.016363044210328526
2010/S2_a_2011/S1,2011/S2,PNW,WEC,11,0.1399934700679068,0.0189255970104876,1,1,0,0.04128455006165177
2010/S2_a_2011/S1,2011/S2,MCD,SO,12,0.1412639911953874,0.0230779160121692,1,0,1,-0.025146434772262083
2010/S2_a_2011/S1,2011/S2,ED,SO,13,0.1552573707117517,0.0155135467519846,1,0,1,0.008939329630659243
2010/S2_a_2011/S1,2011/S2,KMB,CLX,14,0.1574630478917242,0.0247617017944031,8,7,1,0.05096307935274236
2010/S2_a_2011/S1,2011/S2,VTR,O,15,0.1634458705066208,0.0235972177769986,4,4,0,0.2557261282061716
2010/S2_a_2011/S1,2011/S2,PEP,PPL,16,0.1661344103085866,0.0233754116562298,41,41,0,-0.08573890626869629
2010/S2_a_2011/S1,2011/S2,BMY,PEP,17,0.1720527438118324,0.0239991800615822,47,47,0,-0.19617468574943975
2010/S2_a_2011/S1,2011/S2,DUK,HNZ,18,0.1765787674709145,0.0260708705738933,4,4,0,-0.02385177597216037
2010/S2_a_2011/S1,2011/S2,XEL,O,19,0.1791217573467065,0.0254780661280188,8,7,1,-0.15993441605775682
2010/S2_a_2011/S1,2011/S2,AEE,POM,20,0.1831369004697762,0.0263896766188155,3,2,1,0.03021544958982414
2011/S1_a_2011/S2,2012/S1,CMS,WEC,1,0.0660840856075992,0.0161675530746243,1,0,1,-0.033309426976914636
2011/S1_a_2011/S2,2012/S1,PNW,WEC,2,0.0692124507181688,0.0154808530134446,3,2,1,-0.043489428733942126
2011/S1_a_2011/S2,2012/S1,BF_B,1958Q,3,0.0775692871150113,0.016769947097359,4,4,0,0.1685746972879768
2011/S1_a_2011/S2,2012/S1,CMS,PNW,4,0.0841556413967055,0.0177152728608452,1,0,1,0.033701616516238264
2011/S1_a_2011/S2,2012/S1,WMT,SCG,5,0.0980376722577602,0.0178853539680138,3,2,1,0.055369135252269164
2011/S1_a_2011/S2,2012/S1,DUK,SO,6,0.0988580315770377,0.0151203978858908,2,1,1,-0.012973960419549457
2011/S1_a_2011/S2,2012/S1,NEE,ES,7,0.1092763633823779,0.0207710504033526,10,9,1,-0.07084712989662079
2011/S1_a_2011/S2,2012/S1,TEG,POM,8,0.1101304090731218,0.0181098038389071,9,8,1,-0.015059806015488397
2011/S1_a_2011/S2,2012/S1,9876566D,CB,9,0.1194480003331364,0.0210596494737514,3,2,1,0.12175990531460446
2011/S1_a_2011/S2,2012/S1,XEL,WEC,10,0.1266155640456645,0.0142522979715054,12,12,0,-0.03663078413965948
2011/S1_a_2011/S2,2012/S1,XEL,CMS,11,0.1270669856894528,0.0124604081702691,2,1,1,-0.012595190928220146
2011/S1_a_2011/S2,2012/S1,MHFI,SPGI,12,0.1336809756520551,0.0227426277870167,0,0,0,0.0
2011/S1_a_2011/S2,2012/S1,ABT,MDLZ,13,0.1386780048842411,0.0213653490518942,3,3,0,-0.017704425252845324
2011/S1_a_2011/S2,2012/S1,XEL,AEP,14,0.1410521188495295,0.0236371000025998,1,0,1,-0.026433717514788624
2011/S1_a_2011/S2,2012/S1,POM,WEC,15,0.1454916135286339,0.0219636599313314,33,32,1,-0.12381720481825098
2011/S1_a_2011/S2,2012/S1,VTR,O,16,0.1457976331973896,0.0239972276129533,1,0,1,0.008663339506628676
2011/S1_a_2011/S2,2012/S1,DTE,GAS,17,0.1468630112601658,0.0226168184797764,40,40,0,-0.1371349470162987
2011/S1_a_2011/S2,2012/S1,TE,MKC,18,0.1514482492226534,0.0244935684270201,34,34,0,-0.10917736953970947
2011/S1_a_2011/S2,2012/S1,LLY,MDLZ,19,0.1565964545538918,0.024968528963749,2,1,1,0.0526521438264661
2011/S1_a_2011/S2,2012/S1,CMS,POM,20,0.1569181329649609,0.0223359380577488,31,30,1,-0.10645933981276423
2011/S2_a_2012/S1,2012/S2,DUK,0961514D,1,0.0553198656274389,0.0140580653071813,1,0,1,0.0
2011/S2_a_2012/S1,2012/S2,BF_B,1958Q,2,0.0655564518895062,0.0161599095835272,4,4,0,0.13384975640068275
2011/S2_a_2012/S1,2012/S2,CMS,WEC,3,0.0801108754144479,0.0173847719730518,2,1,1,0.03189568856705949
2011/S2_a_2012/S1,2012/S2,DTE,PNW,4,0.101378638045503,0.0180815812872091,2,1,1,0.025872369466720224
2011/S2_a_2012/S1,2012/S2,VTR,HCN,5,0.1026717202596501,0.0178583813545103,1,0,1,0.021355389929480828
2011/S2_a_2012/S1,2012/S2,ED,SO,6,0.102912774093852,0.0193855125480026,1,0,1,0.013445013102931891
2011/S2_a_2012/S1,2012/S2,XEL,CMS,7,0.1131871963377761,0.0204036221373926,15,14,1,-0.0880235713316243
2011/S2_a_2012/S1,2012/S2,EIX,DTE,8,0.1153641167119303,0.0208986389937334,2,1,1,0.060379582441016155
2011/S2_a_2012/S1,2012/S2,NEE,MKC,9,0.1168969360484197,0.0215603900055026,5,4,1,0.05551675155596658
2011/S2_a_2012/S1,2012/S2,DUK,SCG,10,0.1185608141681768,0.0214763055329797,1,0,1,0.01906752395088185
2011/S2_a_2012/S1,2012/S2,SO,AEE,11,0.1236775480106189,0.0216199018649044,2,2,0,0.09579827601537727
2011/S2_a_2012/S1,2012/S2,XEL,DTE,12,0.1261202745861283,0.0204776649828248,11,10,1,-0.08219974952097275
2011/S2_a_2012/S1,2012/S2,DTE,CMS,13,0.1268098860388136,0.0167368135808473,1,1,0,0.030688120734088886
2011/S2_a_2012/S1,2012/S2,LLY,DTE,14,0.1270117091777365,0.0224314910794351,18,18,0,-0.04563098057193948
2011/S2_a_2012/S1,2012/S2,XEL,PNW,15,0.128069553672617,0.0137903221411205,11,10,1,-0.03438093362520711
2011/S2_a_2012/S1,2012/S2,MHFI,SPGI,16,0.1315019818640621,0.0195051475676097,4,3,1,0.11515392122432999
2011/S2_a_2012/S1,2012/S2,DUK,SO,17,0.1387475200355084,0.0220562739711317,2,1,1,0.05199382749267878
2011/S2_a_2012/S1,2012/S2,ED,AEE,18,0.14048617352978,0.0236439794594474,1,1,0,0.04649903729279348
2011/S2_a_2012/S1,2012/S2,XOM,ADP,19,0.1428105332250311,0.0206232604500791,1,1,0,0.040684419803573846
2011/S2_a_2012/S1,2012/S2,CAH,ABC,20,0.1450997429334961,0.0235754684615401,2,1,1,-0.051252177368001806
2012/S1_a_2012/S2,2013/S1,AVB,ESS,1,0.0326737306363611,0.0114543808597788,53,52,1,-0.10753363889619205
2012/S1_a_2012/S2,2013/S1,ED,AEE,2,0.0686334684913276,0.0161801219683415,13,12,1,-0.06127294429029129
2012/S1_a_2012/S2,2013/S1,XEL,D,3,0.0706590692923327,0.0139484289044899,1,0,1,-0.026834621978310325
2012/S1_a_2012/S2,2013/S1,D,PEG,4,0.0757639986201184,0.0156606859440778,2,1,1,0.02545778649942887
2012/S1_a_2012/S2,2013/S1,XEL,DUK,5,0.0814341113004957,0.0179069937849225,1,1,0,0.03501694335282335
2012/S1_a_2012/S2,2013/S1,XEL,STR,6,0.0839963999516157,0.0183092867378984,57,56,1,-0.10427504560986212
2012/S1_a_2012/S2,2013/S1,D,STR,7,0.0940459116736747,0.0160925306878828,46,46,0,-0.06733225015600253
2012/S1_a_2012/S2,2013/S1,DUK,STR,8,0.0975757610029859,0.0197664633746438,27,27,0,-0.10967109624384797
2012/S1_a_2012/S2,2013/S1,DTE,CMS,9,0.1037972191558083,0.0172263674780486,2,1,1,0.05892054069907249
2012/S1_a_2012/S2,2013/S1,XEL,SO,10,0.1039906479762748,0.017395471741156,1,0,1,-0.02497864726497201
2012/S1_a_2012/S2,2013/S1,NI,SCG,11,0.107385357701446,0.0206762527952717,11,10,1,-0.06219064386883966
2012/S1_a_2012/S2,2013/S1,JNJ,HNZ,12,0.1105025565460664,0.0192992959606766,15,14,1,0.08700244789906653
2012/S1_a_2012/S2,2013/S1,ED,PEG,13,0.1153184842319205,0.0214804269610895,1,0,1,-0.02698681126223801
2012/S1_a_2012/S2,2013/S1,MWV,BRK_B,14,0.1159562386815196,0.0215171307329615,7,6,1,0.132818841031639
2012/S1_a_2012/S2,2013/S1,CPB,HNZ,15,0.1163768903609252,0.0211808132206548,6,6,0,0.2188815777124279
2012/S1_a_2012/S2,2013/S1,MHFI,SPGI,16,0.1173029142744326,0.0170859905297436,3,2,1,0.29630953535602655
2012/S1_a_2012/S2,2013/S1,D,DUK,17,0.1175821338060814,0.0181353235493855,1,0,1,-0.003486629315828327
2012/S1_a_2012/S2,2013/S1,PEG,AEE,18,0.1180377434932324,0.0216388752514137,1,1,0,0.04015410613127379
2012/S1_a_2012/S2,2013/S1,PNW,SCG,19,0.1195693440340619,0.0211783242150714,1,0,1,0.00030382922234084564
2012/S1_a_2012/S2,2013/S1,MMM,BRK_B,20,0.1213544934995525,0.0204635970368747,2,1,1,0.006030940672377194
2012/S2_a_2013/S1,2013/S2,BF_B,1958Q,1,0.0414370240507651,0.0114764908905488,7,7,0,0.2079721277547144
2012/S2_a_2013/S1,2013/S2,XEL,PEG,2,0.0685065834156262,0.0155208851017984,1,0,1,0.017182631555773598
2012/S2_a_2013/S1,2013/S2,POM,ES,3,0.0722619957981578,0.0169102214351774,1,0,1,-0.03159722941120413
2012/S2_a_2013/S1,2013/S2,MO,RAI,4,0.0883538882569041,0.0187826870986369,1,1,0,0.06292176268389649
2012/S2_a_2013/S1,2013/S2,XEL,WEC,5,0.0945040254221112,0.0195001091195777,1,0,1,-0.008034965050834675
2012/S2_a_2013/S1,2013/S2,SO,TE,6,0.0957534323493405,0.0194081000496,1,0,1,-0.04516917260152897
2012/S2_a_2013/S1,2013/S2,XEL,TEG,7,0.0971238984769229,0.0185621272408661,1,1,0,0.043852692147220984
2012/S2_a_2013/S1,2013/S2,PEG,SCG,8,0.1017913102742795,0.0150003494447486,14,13,1,0.00912401606866553
2012/S2_a_2013/S1,2013/S2,PNW,ES,9,0.1073305889467519,0.018695704099998,1,0,1,-0.03765390940897373
2012/S2_a_2013/S1,2013/S2,XEL,KO,10,0.1164945762058096,0.020779317045667,3,2,1,0.06855306297237052
2012/S2_a_2013/S1,2013/S2,PEG,AEE,11,0.1165870644975939,0.0213811495566112,2,1,1,-0.013856663365960031
2012/S2_a_2013/S1,2013/S2,XEL,AEE,12,0.1200553027084652,0.0218767890490236,2,1,1,-0.0859735485805645
2012/S2_a_2013/S1,2013/S2,TEG,WEC,13,0.1209526187860206,0.0206754160530987,1,0,1,-0.012560741910875972
2012/S2_a_2013/S1,2013/S2,DTE,CMS,14,0.1250245536867851,0.0176605855360559,0,0,0,0.0
2012/S2_a_2013/S1,2013/S2,D,SCG,15,0.1254773503042088,0.0224927937151884,39,39,0,-0.12331017161862368
2012/S2_a_2013/S1,2013/S2,KO,TEG,16,0.1268052205533081,0.022601347217203,3,2,1,0.08609283306419735
2012/S2_a_2013/S1,2013/S2,KO,MO,17,0.127517597469648,0.0222981265847683,1,0,1,-0.016732025231074643
2012/S2_a_2013/S1,2013/S2,BMS,PGR,18,0.1278014524663149,0.022512590252007,3,2,1,0.07471031022135644
2012/S2_a_2013/S1,2013/S2,VTR,HCN,19,0.1331980935019601,0.0209816018592576,1,1,0,0.04271996499112729
2012/S2_a_2013/S1,2013/S2,SPG,PSA,20,0.1364031780283312,0.0219215742046245,31,30,1,-0.06380229868410281
2013/S1_a_2013/S2,2014/S1,DTE,CMS,1,0.044067762624536,0.0132502366578612,1,0,1,0.0117429046029901
2013/S1_a_2013/S2,2014/S1,DTE,WEC,2,0.0445418428172388,0.0123478666574588,3,2,1,0.05373141334628928
2013/S1_a_2013/S2,2014/S1,CMS,WEC,3,0.0456329931112122,0.0125218711530126,2,1,1,0.04180882484375914
2013/S1_a_2013/S2,2014/S1,9876566D,TRV,4,0.0647877503052996,0.0135905663935594,12,11,1,-0.04057218736421597
2013/S1_a_2013/S2,2014/S1,XEL,ES,5,0.076164536516103,0.0137696352948401,1,1,0,0.02940270481062124
2013/S1_a_2013/S2,2014/S1,MTB,HCBK,6,0.0903792014081545,0.0164385290010611,1,0,1,-0.012411208009755148
2013/S1_a_2013/S2,2014/S1,ITW,SNA,7,0.0905795312660302,0.0188870033667964,2,1,1,0.06370422430424183
2013/S1_a_2013/S2,2014/S1,T,ED,8,0.0943565235110099,0.0193668725243802,4,3,1,0.24248323544729988
2013/S1_a_2013/S2,2014/S1,WMT,1958Q,9,0.1047916407179627,0.0203468992193252,57,57,0,-0.1131788233882195
2013/S1_a_2013/S2,2014/S1,UN,TE,10,0.1049117269911903,0.0204163010092887,3,2,1,0.12488862791173849
2013/S1_a_2013/S2,2014/S1,ED,TE,11,0.1166201639274504,0.0209869970819972,2,1,1,0.030930695759127658
2013/S1_a_2013/S2,2014/S1,PPL,ES,12,0.1171780858182955,0.0214174939268355,1,0,1,0.0077208350962599814
2013/S1_a_2013/S2,2014/S1,T,TE,13,0.1180874562626286,0.0208903372005345,4,3,1,0.10281293474984243
2013/S1_a_2013/S2,2014/S1,T,PM,14,0.1210400545251104,0.0217866867136856,2,1,1,0.0415431791783436
2013/S1_a_2013/S2,2014/S1,XEL,SCG,15,0.1210767394211416,0.0218761733648458,1,0,1,0.02672627833243535
2013/S1_a_2013/S2,2014/S1,BF_B,AEE,16,0.1214982511351081,0.0219897674193261,21,20,1,0.011686724261713133
2013/S1_a_2013/S2,2014/S1,EIX,ED,17,0.1303690776578605,0.0207017063107438,39,39,0,-0.10440393068887954
2013/S1_a_2013/S2,2014/S1,PNW,TEG,18,0.1309215393439444,0.0222250842877708,4,3,1,-0.15287687346889123
2013/S1_a_2013/S2,2014/S1,SNA,LLL,19,0.132636432320055,0.0208930968396497,24,23,1,-0.11519816778952219
2013/S1_a_2013/S2,2014/S1,UN,PM,20,0.1326760300607929,0.0226121785547871,5,4,1,-0.08546605595269197
2013/S2_a_2014/S1,2014/S2,BF_B,1958Q,1,0.0374072419499498,0.0117296303648611,12,12,0,0.38186301132380984
2013/S2_a_2014/S1,2014/S2,XEL,CMS,2,0.0497263412031543,0.0110413531946279,2,1,1,0.038803596094602266
2013/S2_a_2014/S1,2014/S2,CMS,ES,3,0.0539584415253102,0.0145319007477723,1,0,1,0.01753878194917169
2013/S2_a_2014/S1,2014/S2,XEL,ES,4,0.057448172801287,0.0107170394327818,3,3,0,0.036424615726428966
2013/S2_a_2014/S1,2014/S2,PG,WMT,5,0.0619242321986348,0.0128246921569407,9,8,1,0.05958788747739541
2013/S2_a_2014/S1,2014/S2,DTE,WEC,6,0.0788635577389413,0.0165726091821267,3,3,0,0.02871952602107586
2013/S2_a_2014/S1,2014/S2,SPG,MAC,7,0.0912459907497122,0.017999417674376,15,15,0,0.09907535070878948
2013/S2_a_2014/S1,2014/S2,MTB,BRK_B,8,0.0990111374808293,0.019419495386804,29,28,1,-0.057018232215137576
2013/S2_a_2014/S1,2014/S2,MTB,HCBK,9,0.1028589425457084,0.0090514961536736,7,6,1,-0.005642203753027597
2013/S2_a_2014/S1,2014/S2,DTE,PPL,10,0.1083842229596712,0.0192810464351284,2,1,1,0.014348564334904057
2013/S2_a_2014/S1,2014/S2,PPL,CMS,11,0.112661176096708,0.0192116804013623,1,0,1,-0.03047142221007526
2013/S2_a_2014/S1,2014/S2,KO,MCD,12,0.1173796456866966,0.0214737365449743,12,11,1,-0.1328403908314676
2013/S2_a_2014/S1,2014/S2,LEG,KRFT,13,0.1192770487672305,0.0217457361528371,25,24,1,-0.11443086840866001
2013/S2_a_2014/S1,2014/S2,CL,CB,14,0.1219115225618452,0.0204647020719838,2,1,1,-0.04983198709981729
2013/S2_a_2014/S1,2014/S2,ITW,TMK,15,0.1239163816665041,0.0222036802949122,21,20,1,-0.02316056983767234
2013/S2_a_2014/S1,2014/S2,MRO,CVX,16,0.1278851580373157,0.0225271458700385,11,11,0,0.15411701990807614
2013/S2_a_2014/S1,2014/S2,BDX,USB,17,0.1308249273682804,0.0216071775567938,21,21,0,0.005275952656928373
2013/S2_a_2014/S1,2014/S2,HON,BDX,18,0.1313314231032336,0.0213550902848747,20,20,0,0.07226789406995882
2013/S2_a_2014/S1,2014/S2,9876566D,WM,19,0.1334068470491729,0.0228291972985312,2,1,1,0.032951520270028456
2013/S2_a_2014/S1,2014/S2,DTE,CMS,20,0.1340012871839917,0.0159888345145345,2,1,1,0.048311627106178645
2014/S1_a_2014/S2,2015/S1,BF_B,1958Q,1,0.0431727430490127,0.0125802732057538,4,4,0,0.13008845772757882
2014/S1_a_2014/S2,2015/S1,MHFI,SPGI,2,0.0491234246370595,0.0122650069202185,9,8,1,0.361235251528635
2014/S1_a_2014/S2,2015/S1,AEP,CMS,3,0.0661607413426281,0.0148463395213009,24,23,1,-0.05894569127695437
2014/S1_a_2014/S2,2015/S1,XEL,CMS,4,0.0756295613470001,0.0145059624335155,1,0,1,-0.0012837009423843915
2014/S1_a_2014/S2,2015/S1,EQR,AVB,5,0.0794907857754196,0.0175203277272022,1,1,0,0.029797326521963208
2014/S1_a_2014/S2,2015/S1,K,GIS,6,0.0799496198709448,0.0175257134567816,12,11,1,-0.07642160072308934
2014/S1_a_2014/S2,2015/S1,MMM,ITW,7,0.0951972148367303,0.019326180213829,1,0,1,0.027528792465351115
2014/S1_a_2014/S2,2015/S1,CVS,ALL,8,0.1045284242378556,0.0198931927312815,40,40,0,-0.10152775595493035
2014/S1_a_2014/S2,2015/S1,STI,USB,9,0.1047076031788947,0.0194381706977203,1,0,1,-0.026749216478470617
2014/S1_a_2014/S2,2015/S1,HIG,BLK,10,0.1080015019886104,0.0197286528876714,3,2,1,0.08909002065698512
2014/S1_a_2014/S2,2015/S1,VNO,BXP,11,0.1098612872227704,0.0200237854071637,1,0,1,-0.012343812268169496
2014/S1_a_2014/S2,2015/S1,SO,ES,12,0.1133058670441187,0.0208690286342068,1,0,1,0.008923536119196163
2014/S1_a_2014/S2,2015/S1,MTB,HCBK,13,0.1166682533677203,0.0170907006531431,1,0,1,0.011282610305219376
2014/S1_a_2014/S2,2015/S1,ABT,MMC,14,0.1174397398091287,0.0216207285726687,2,1,1,-0.0026017109534085536
2014/S1_a_2014/S2,2015/S1,ITW,CB,15,0.1190106610972634,0.0201582962226423,1,0,1,-0.03712115214703038
2014/S1_a_2014/S2,2015/S1,ALL,BRK_B,16,0.1192176819394035,0.019728399652728,13,12,1,-0.008957658157012438
2014/S1_a_2014/S2,2015/S1,PG,CB,17,0.1208172901386888,0.02121586716361,2,1,1,0.06355104996191707
2014/S1_a_2014/S2,2015/S1,AEP,PCG,18,0.1216544941989923,0.0217948827476733,5,4,1,-0.051440284132830194
2014/S1_a_2014/S2,2015/S1,SPG,SLG,19,0.1225168394723823,0.021717237296577,2,2,0,0.07221781888158962
2014/S1_a_2014/S2,2015/S1,PCG,CMS,20,0.1230710565215531,0.0199157298650306,3,2,1,0.08873000418501853
2014/S2_a_2015/S1,2015/S2,BF_B,1958Q,1,0.0325873760341437,0.0101406521976262,14,13,1,0.47825392531725597
2014/S2_a_2015/S1,2015/S2,PNC,STI,2,0.0402548726175382,0.0126229845663892,2,2,0,0.05417771846399555
2014/S2_a_2015/S1,2015/S2,WEC,ES,3,0.0460549241687431,0.0126666931560289,2,2,0,0.05180909419309587
2014/S2_a_2015/S1,2015/S2,FITB,RF,4,0.0523880154543121,0.0144093672908323,2,1,1,0.02217611479231041
2014/S2_a_2015/S1,2015/S2,MHFI,SPGI,5,0.0670626211519902,0.0133042476476917,12,12,0,0.5890090327309799
2014/S2_a_2015/S1,2015/S2,MTB,HCBK,6,0.0696437378239238,0.0166322109790445,1,0,1,-0.0063442449308894755
2014/S2_a_2015/S1,2015/S2,AIV,AVB,7,0.0747808644747465,0.0164656138963491,4,3,1,0.024961847925560443
2014/S2_a_2015/S1,2015/S2,TE,ES,8,0.0752525971760178,0.0163247041010471,59,58,1,-0.1610753861106019
2014/S2_a_2015/S1,2015/S2,XEL,TE,9,0.0775714302284313,0.016988941921749,58,58,0,-0.013168266796667827
2014/S2_a_2015/S1,2015/S2,TE,WEC,10,0.0830002313061868,0.0181585707849347,58,57,1,-0.22171044102078585
2014/S2_a_2015/S1,2015/S2,XEL,ES,11,0.0845455060535869,0.0183102693505699,1,0,1,0.016363573631129835
2014/S2_a_2015/S1,2015/S2,AEP,AEE,12,0.0902766209399033,0.0177741997129655,2,1,1,0.0545686568002377
2014/S2_a_2015/S1,2015/S2,VNO,O,13,0.0966569658543221,0.0192172214037538,32,31,1,-0.1434478782961668
2014/S2_a_2015/S1,2015/S2,EQR,AVB,14,0.0973741672964934,0.0196292143631777,1,1,0,0.037556180101036674
2014/S2_a_2015/S1,2015/S2,XEL,WEC,15,0.105029835379355,0.0201459731402337,1,0,1,0.026116440475614344
2014/S2_a_2015/S1,2015/S2,ITW,CINF,16,0.1070108757013486,0.0195475649863287,56,55,1,-0.03182645827049635
2014/S2_a_2015/S1,2015/S2,TMK,AME,17,0.1117927286138069,0.0199477580871958,4,4,0,0.057162639432479456
2014/S2_a_2015/S1,2015/S2,PCG,CMS,18,0.1141206766920959,0.0210807630271094,1,0,1,0.005508995048741583
2014/S2_a_2015/S1,2015/S2,DTE,TE,19,0.1146354615441396,0.0207916512383237,58,58,0,-0.04397013796241145
2014/S2_a_2015/S1,2015/S2,EIX,ES,20,0.1167713612751413,0.0199935662776371,2,1,1,0.018081564213601187
2015/S1_a_2015/S2,2016/S1,AEP,DTE,1,0.0462913029491574,0.0128322166233529,2,2,0,0.0611170757451196
2015/S1_a_2015/S2,2016/S1,DTE,ES,2,0.050425563919191,0.0134634975702713,3,2,1,0.047130896533349786
2015/S1_a_2015/S2,2016/S1,DTE,PNW,4,0.0554686708762801,0.0138551937740267,2,1,1,0.03984433040650859
2015/S1_a_2015/S2,2016/S1,PNW,ES,6,0.0673623809728951,0.0130253215492623,11,11,0,-0.01963413581105533
2015/S1_a_2015/S2,2016/S1,AEP,SO,8,0.070664981920629,0.0130104820374508,2,1,1,0.0695841334631565
2015/S1_a_2015/S2,2016/S1,AEP,ES,9,0.0723213917573843,0.0170083955341145,1,0,1,0.01046889403360729
2015/S1_a_2015/S2,2016/S1,SO,PNW,10,0.0745814237343438,0.0172598018654503,4,3,1,-0.0027752922485704268
2015/S1_a_2015/S2,2016/S1,SO,DTE,11,0.0793547472269438,0.0167318800679146,2,1,1,0.05311375978456223
2015/S1_a_2015/S2,2016/S1,PRU,RF,12,0.0798923984067414,0.017778516075153,3,3,0,0.19049351828468353
2015/S1_a_2015/S2,2016/S1,WFC,BBT,13,0.0848406312387624,0.015872113807807,4,3,1,0.12169629326827769
2015/S1_a_2015/S2,2016/S1,WFC,STI,14,0.0870864731660958,0.0180146453400328,7,7,0,-0.04870302717627051
2015/S1_a_2015/S2,2016/S1,WEC,ES,15,0.0986052807699593,0.0159104046470198,13,13,0,-0.06059844790230684
2015/S1_a_2015/S2,2016/S1,SO,ES,17,0.1021423458461754,0.017185173515003,1,1,0,0.04397479710000396
2015/S1_a_2015/S2,2016/S1,L,TROW,18,0.102362836127952,0.0198426791358582,2,1,1,0.04469198916782602
2015/S1_a_2015/S2,2016/S1,BXP,SLG,19,0.1055121918229815,0.0205039559526553,53,53,0,-0.027199405639850793
2015/S1_a_2015/S2,2016/S1,AEP,PNW,20,0.1064367973960997,0.0180504195437022,1,0,1,-0.010872984663548135
2015/S2_a_2016/S1,2016/S2,JPM,STI,1,0.0668130200638188,0.0163139433937425,2,1,1,0.03920872139373199
2015/S2_a_2016/S1,2016/S2,WFC,PNC,2,0.0756368256664927,0.0144288200113705,40,40,0,-0.001758933627836523
2015/S2_a_2016/S1,2016/S2,AEP,DTE,3,0.0766610763226935,0.0172414388250363,19,19,0,-0.11471501811899842
2015/S2_a_2016/S1,2016/S2,CMS,WEC,4,0.0851481893040499,0.0175155353282327,1,0,1,0.009682201174262994
2015/S2_a_2016/S1,2016/S2,PCG,DTE,5,0.0870680116073572,0.0156164600745355,11,11,0,0.0382704474057638
2015/S2_a_2016/S1,2016/S2,JPM,MTB,6,0.0893807853808539,0.0180693634813816,2,1,1,0.013794749948742413
2015/S2_a_2016/S1,2016/S2,PNW,WEC,7,0.0948677309611412,0.0188776255010119,1,0,1,-0.03387255852188531
2015/S2_a_2016/S1,2016/S2,MET,IVZ,8,0.1204521341365989,0.0219052882273094,21,20,1,0.15658032561370283
2015/S2_a_2016/S1,2016/S2,XEL,PNW,9,0.1232919770836815,0.0170478033576014,4,3,1,-0.06512840388336638
2015/S2_a_2016/S1,2016/S2,DHR,ALLE,10,0.1235756176404265,0.0211700574216447,3,2,1,0.08578736222498806
2015/S2_a_2016/S1,2016/S2,AIG,PNC,11,0.1317347818360872,0.0228064126931934,13,13,0,0.044769748666987685
2015/S2_a_2016/S1,2016/S2,MMM,GPC,12,0.1344357191957215,0.0199996717380793,3,2,1,0.08295161595929768
2015/S2_a_2016/S1,2016/S2,EQR,AVB,13,0.1382292999826404,0.0216902559084635,1,1,0,0.0718834229018972
2015/S2_a_2016/S1,2016/S2,HON,CL,14,0.1442459382858487,0.022493013905795,5,4,1,0.01223270421917011
2015/S2_a_2016/S1,2016/S2,AEP,PCG,15,0.1445107755980643,0.0201644569061301,1,0,1,-0.02108632630721341
2015/S2_a_2016/S1,2016/S2,AEP,SO,16,0.1450350609286488,0.0231796176511731,1,1,0,0.03872584810499258
2015/S2_a_2016/S1,2016/S2,ED,WEC,17,0.1473811297449856,0.0241098058560709,0,0,0,0.0
2015/S2_a_2016/S1,2016/S2,DHR,CTAS,18,0.147929406083449,0.0238350895473561,39,38,1,-0.10804172166505721
2015/S2_a_2016/S1,2016/S2,MMM,ITW,19,0.1514233672793352,0.0238606677490525,28,28,0,-0.10672173858141465
2015/S2_a_2016/S1,2016/S2,ED,PNW,20,0.1522394953251478,0.0235898870928748,1,0,1,-0.044289543442513346
2016/S1_a_2016/S2,2017/S1,DTE,SCG,1,0.0579919906213035,0.0145567416443316,55,54,1,-0.1435845386301764
2016/S1_a_2016/S2,2017/S1,PNW,SCG,2,0.0598914666286418,0.0119398130153113,54,54,0,-0.07813469204596557
2016/S1_a_2016/S2,2017/S1,ED,WEC,3,0.0695884872936858,0.0166040686166185,1,0,1,-0.013930773911615346
2016/S1_a_2016/S2,2017/S1,AVB,UDR,4,0.0698908532723407,0.0155158437869566,1,1,0,0.03586307901704633
2016/S1_a_2016/S2,2017/S1,XEL,WEC,5,0.0710532250462847,0.012424369937239,36,36,0,-0.017233945241116655
2016/S1_a_2016/S2,2017/S1,XEL,ED,6,0.0729228446292609,0.011489794368088,1,0,1,-0.00772480713708823
2016/S1_a_2016/S2,2017/S1,CMS,WEC,7,0.083229252090291,0.0125495689206427,29,28,1,-0.06422852460973738
2016/S1_a_2016/S2,2017/S1,AEP,DUK,8,0.084296232514589,0.0141417062148314,1,0,1,0.013296262955006632
2016/S1_a_2016/S2,2017/S1,BAC,CFG,9,0.0901936662243088,0.0188542154619808,2,1,1,-0.000580409597567555
2016/S1_a_2016/S2,2017/S1,MMC,AON,10,0.0998851780052518,0.0199395661412164,2,1,1,0.027228845777771626
2016/S1_a_2016/S2,2017/S1,DTE,PNW,11,0.1003563810879768,0.0192456304815139,1,1,0,0.0362510053761107
2016/S1_a_2016/S2,2017/S1,AEP,ETR,12,0.1055322177437574,0.0200986910634339,1,0,1,-0.00857812258327506
2016/S1_a_2016/S2,2017/S1,ED,CMS,13,0.1056746722168782,0.0166798948424545,1,0,1,0.015128854863520114
2016/S1_a_2016/S2,2017/S1,AEE,SCG,14,0.1133378935941209,0.0179339369200343,50,49,1,-0.06298039412388934
2016/S1_a_2016/S2,2017/S1,CMCSA,INTU,15,0.1439273179718156,0.0218150375893558,5,4,1,0.08201115326210917
2016/S1_a_2016/S2,2017/S1,ALL,EXPD,16,0.151529924002375,0.0245438307343792,22,21,1,-0.07226896678252592
2016/S1_a_2016/S2,2017/S1,NEE,WEC,17,0.1610614181576011,0.0253251817939123,1,1,0,-0.06075172095795156
2016/S1_a_2016/S2,2017/S1,JPM,STI,18,0.1622432551336032,0.0200412315794292,39,38,1,-0.09417374237827025
2016/S1_a_2016/S2,2017/S1,APD,WU,19,0.1622889250802472,0.0241553159824173,3,2,1,0.07288041346017737
2016/S1_a_2016/S2,2017/S1,GE,HD,20,0.1625464985394273,0.0254103681664423,33,32,1,-0.11897277374196091
2016/S2_a_2017/S1,2017/S2,XEL,CMS,1,0.028615144303103,0.0106761577436399,1,0,1,-0.018355070584078925
2016/S2_a_2017/S1,2017/S2,CMS,ES,2,0.0306307230605398,0.0107669156656032,1,0,1,-0.005552720525250576
2016/S2_a_2017/S1,2017/S2,ED,CMS,3,0.0309884872239081,0.0110294264932846,3,2,1,0.04773858308617773
2016/S2_a_2017/S1,2017/S2,XEL,ES,4,0.0320842259714027,0.0109965414035527,2,1,1,-0.005303901338029826
2016/S2_a_2017/S1,2017/S2,ED,DUK,5,0.0350113405010006,0.0110540571128474,3,2,1,-0.014930958936699379
2016/S2_a_2017/S1,2017/S2,AEP,DUK,6,0.0417823056125712,0.0102043706463127,11,11,0,-0.045249007638697214
2016/S2_a_2017/S1,2017/S2,XEL,PPL,7,0.0442402947145978,0.0111275976873077,28,27,1,-0.16391655779678926
2016/S2_a_2017/S1,2017/S2,ED,LNT,8,0.0504264397728206,0.0114050940173955,2,2,0,0.053408919200810145
2016/S2_a_2017/S1,2017/S2,XEL,ED,9,0.0548273623405179,0.0147030850639863,1,0,1,0.017705418024546615
2016/S2_a_2017/S1,2017/S2,AEP,ED,10,0.0579519144401956,0.0092512868780513,4,3,1,0.075122377111142
2016/S2_a_2017/S1,2017/S2,DUK,SRE,11,0.0607914111006948,0.0143962745835001,2,1,1,0.004958235498965791
2016/S2_a_2017/S1,2017/S2,CMS,LNT,12,0.062165637242515,0.0140602382442361,0,0,0,0.0
2016/S2_a_2017/S1,2017/S2,PPL,CMS,13,0.0626880335143482,0.0139657656196655,19,18,1,-0.15201307025136412
2016/S2_a_2017/S1,2017/S2,PPL,ES,14,0.0656732515237763,0.0128166319902652,20,20,0,-0.09454760886400126
2016/S2_a_2017/S1,2017/S2,DUK,CMS,15,0.0659362533767762,0.0152443869608457,1,0,1,-0.00023738199081435596
2016/S2_a_2017/S1,2017/S2,DUK,LNT,16,0.0675614279408023,0.010537988208806,1,0,1,-0.024430962984587468
2016/S2_a_2017/S1,2017/S2,AEP,SRE,17,0.068780390543452,0.0164344097456215,5,4,1,-0.04203040881032716
2016/S2_a_2017/S1,2017/S2,ETR,WEC,18,0.0792230985291553,0.0162375019881457,2,2,0,0.07456723840529977
2016/S2_a_2017/S1,2017/S2,ED,ES,19,0.0792769826924768,0.0177363450861417,0,0,0,0.0
2016/S2_a_2017/S1,2017/S2,DTE,PNW,20,0.0827044077882419,0.0150386661013869,2,1,1,0.02014622175912051
2017/S1_a_2017/S2,2018/S1,WEC,LNT,1,0.0348323552971123,0.0102086998916995,3,2,1,0.0641977641366015
2017/S1_a_2017/S2,2018/S1,DUK,DTE,2,0.0488063264730271,0.0127512165575265,1,0,1,0.00011898500762075326
2017/S1_a_2017/S2,2018/S1,DTE,LNT,3,0.0563876547005293,0.0149958229071351,1,0,1,-0.02722159843253391
2017/S1_a_2017/S2,2018/S1,DUK,ES,4,0.0570190973194257,0.0108742872512748,11,11,0,0.07219375923148896
2017/S1_a_2017/S2,2018/S1,SRE,PNW,5,0.0580653954334593,0.0151260023149396,13,13,0,-0.04736765265112686
2017/S1_a_2017/S2,2018/S1,CMS,PNW,6,0.0588010407414003,0.0133966676388016,4,4,0,-0.04648902200018057
2017/S1_a_2017/S2,2018/S1,AEE,LNT,7,0.0597743409937265,0.0149746776205247,3,2,1,0.056128578648393934
2017/S1_a_2017/S2,2018/S1,PNW,ES,8,0.0663480874674178,0.0132808335708111,10,9,1,-0.004518047852827389
2017/S1_a_2017/S2,2018/S1,ED,CMS,9,0.0740788336514697,0.0137988696119302,2,1,1,-0.004927917339349941
2017/S1_a_2017/S2,2018/S1,ED,ES,10,0.0750939314116294,0.0160217609352163,3,3,0,0.1030887352944051
2017/S1_a_2017/S2,2018/S1,DUK,LNT,11,0.0765209549012979,0.0167978851851573,9,8,1,-0.06886382857606721
2017/S1_a_2017/S2,2018/S1,AEE,WEC,12,0.0827369104533772,0.0153395139133268,2,1,1,0.02523966222889351
2017/S1_a_2017/S2,2018/S1,KO,UDR,13,0.0847797053152135,0.0183367106870396,11,11,0,0.045146412245974044
2017/S1_a_2017/S2,2018/S1,AEP,CMS,14,0.0853197284150155,0.0179666559752525,0,0,0,0.0
2017/S1_a_2017/S2,2018/S1,DTE,WEC,15,0.085799835782268,0.0178088401130509,1,0,1,-0.015691621218203555
2017/S1_a_2017/S2,2018/S1,AEP,ED,16,0.0874914198989245,0.0117092213379481,1,0,1,-0.007267032206477841
2017/S1_a_2017/S2,2018/S1,PNC,MS,17,0.0884563850050881,0.0156627400744957,5,4,1,0.1648708905674452
2017/S1_a_2017/S2,2018/S1,CMS,ES,18,0.0937349842374715,0.0094512879012491,17,17,0,0.039194896849912286
2017/S1_a_2017/S2,2018/S1,HSY,MKC,19,0.0999261478448261,0.0195746603966905,53,52,1,-0.1685265413594188
2017/S1_a_2017/S2,2018/S1,XEL,NI,20,0.1007259575339958,0.0184877683430741,3,2,1,0.06717069444570789
2017/S2_a_2018/S1,2018/S2,VTR,WELL,1,0.0296500951477014,0.0104518998557024,32,32,0,-0.04427742584237859
2017/S2_a_2018/S1,2018/S2,DUK,PNW,2,0.0345940257921597,0.0106302935819734,4,3,1,0.06942415280216274
2017/S2_a_2018/S1,2018/S2,XEL,AEP,3,0.0350471287755453,0.0112266617907203,1,1,0,0.026827624820113916
2017/S2_a_2018/S1,2018/S2,ED,DTE,4,0.0464858863977042,0.013505910515439,33,32,1,-0.09974845228638007
2017/S2_a_2018/S1,2018/S2,EQR,UDR,5,0.0612276415505448,0.0151032817110599,1,0,1,0.008775812316641152
2017/S2_a_2018/S1,2018/S2,DTE,ES,6,0.0709880160977718,0.0153099551142668,3,2,1,0.06110716368695013
2017/S2_a_2018/S1,2018/S2,DTE,CMS,7,0.0840987366012768,0.0183077242302549,1,1,0,0.04796151944362348
2017/S2_a_2018/S1,2018/S2,ED,ES,8,0.0861187010908679,0.0178283770624332,19,18,1,-0.09546680547494657
2017/S2_a_2018/S1,2018/S2,WEC,LNT,9,0.0873099365217058,0.0182818408712551,1,0,1,-0.034385072912031744
2017/S2_a_2018/S1,2018/S2,CMA,RF,10,0.0903705295731924,0.0179423002680979,2,2,0,0.08871877043643994
2017/S2_a_2018/S1,2018/S2,CMS,NI,11,0.1030028085688172,0.0193364656546171,1,0,1,0.03769562358588474
2017/S2_a_2018/S1,2018/S2,AEP,DTE,12,0.1046669618260693,0.0144744032399559,2,1,1,0.030315986469950595
2017/S2_a_2018/S1,2018/S2,AEP,ED,13,0.1124371341092,0.0135159285789487,27,27,0,-0.08742910498819934
2017/S2_a_2018/S1,2018/S2,DUK,SO,14,0.1195720835227689,0.0190784562530138,5,4,1,-0.0359971725495013
2017/S2_a_2018/S1,2018/S2,FRT,UDR,15,0.1209677988346697,0.0219345985246651,1,0,1,-0.058130630560053964
2017/S2_a_2018/S1,2018/S2,AIV,O,16,0.121467251317938,0.0185249272874725,15,15,0,-0.09932196076233168
2017/S2_a_2018/S1,2018/S2,ED,CMS,17,0.1233139165677812,0.0221958564999715,10,9,1,-0.0971611809052999
2017/S2_a_2018/S1,2018/S2,AEP,CMS,18,0.1288054879971696,0.0165185766232559,1,1,0,0.03793456392859218
2017/S2_a_2018/S1,2018/S2,XEL,DTE,19,0.1315976593084542,0.013938213301125,2,1,1,0.03558373161346018
2017/S2_a_2018/S1,2018/S2,PNC,MS,20,0.1317655236807695,0.0216394464075946,2,1,1,0.042818219490082465
2018/S1_a_2018/S2,2019/S1,XEL,AEP,1,0.0163954024213808,0.0078851491075681,2,1,1,0.01723981970281363
2018/S1_a_2018/S2,2019/S1,AEP,DUK,2,0.022271124832855,0.0084688230427702,39,38,1,-0.029967988418837743
2018/S1_a_2018/S2,2019/S1,XEL,DUK,3,0.0484216515679918,0.012551351677979,25,24,1,-0.041876632797247626
2018/S1_a_2018/S2,2019/S1,AIV,AVB,4,0.0540026573580689,0.0135098588920328,2,1,1,0.05038748724992925
2018/S1_a_2018/S2,2019/S1,DTE,WEC,5,0.0677336427065142,0.014969037110205,4,3,1,-0.04884748086975921
2018/S1_a_2018/S2,2019/S1,DUK,PNW,6,0.0699202037965278,0.0163943018700456,7,6,1,0.017913868984367753
2018/S1_a_2018/S2,2019/S1,CMS,WEC,7,0.074496673685303,0.0144294177310898,1,0,1,-0.014506377703434437
2018/S1_a_2018/S2,2019/S1,AEP,PNW,8,0.0881677340927353,0.0172300749209657,2,1,1,-0.005980336120237073
2018/S1_a_2018/S2,2019/S1,EQR,UDR,9,0.0894524680198856,0.0175795291037075,1,1,0,0.03451236962467985
2018/S1_a_2018/S2,2019/S1,ETR,LNT,10,0.0930037773753156,0.0178467112920906,2,2,0,-0.033093914539103375
2018/S1_a_2018/S2,2019/S1,AVB,MAA,11,0.0933048669230061,0.019146319479072,2,1,1,0.058746334621974206
2018/S1_a_2018/S2,2019/S1,DUK,AWK,12,0.0940715153767541,0.0167736675920108,22,21,1,-0.044448032762675393
2018/S1_a_2018/S2,2019/S1,XEL,DTE,13,0.0953948139516569,0.0145148224090341,3,2,1,-0.03614111393194963
2018/S1_a_2018/S2,2019/S1,HCP,O,14,0.107567424463582,0.0207023394019009,3,3,0,0.13193336562337576
2018/S1_a_2018/S2,2019/S1,AEP,AWK,15,0.1113741321979091,0.0158746266756782,1,0,1,-0.02992434367073682
2018/S1_a_2018/S2,2019/S1,AEP,DTE,16,0.1132119315807926,0.0151752922261762,1,0,1,-0.02010463241212035
2018/S1_a_2018/S2,2019/S1,DUK,ES,17,0.1138599496924825,0.0199009937007226,13,12,1,-0.0604975297937449
2018/S1_a_2018/S2,2019/S1,XEL,PNW,18,0.1171768314825385,0.0195431510707138,2,1,1,-0.058633762911656784
2018/S1_a_2018/S2,2019/S1,AEP,ES,19,0.1176721669274911,0.0181579048557497,1,0,1,0.021889430553903466
2018/S1_a_2018/S2,2019/S1,ETR,WEC,20,0.1212868281680812,0.0214511749634038,1,1,0,0.035963281921711165
2018/S2_a_2019/S1,2019/S2,XEL,WEC,1,0.0254522373726331,0.0095348292452458,26,25,1,-0.014273251241602836
2018/S2_a_2019/S1,2019/S2,XEL,AEP,2,0.0289404267936106,0.0091283109401502,11,10,1,0.03950444739054648
2018/S2_a_2019/S1,2019/S2,AEP,WEC,3,0.0375406115307441,0.0120470486732881,34,33,1,-0.034861358560093314
2018/S2_a_2019/S1,2019/S2,FE,CMS,4,0.0540899122227074,0.0140493788335864,3,2,1,0.06397009093866524
2018/S2_a_2019/S1,2019/S2,EQR,AVB,5,0.0551985901724947,0.0135628815825071,35,34,1,0.02058008598166161
2018/S2_a_2019/S1,2019/S2,DTE,AEE,6,0.0622510111016936,0.013787664448006,2,2,0,0.05503299419270402
2018/S2_a_2019/S1,2019/S2,EQR,AIV,7,0.0685810467230112,0.016007817359457,23,22,1,0.005717394835113132
2018/S2_a_2019/S1,2019/S2,AIV,ESS,9,0.0894386095689014,0.018948078873165,22,21,1,0.0017462197210428299
2018/S2_a_2019/S1,2019/S2,AEE,WEC,10,0.1227325996298986,0.0207282045440298,52,51,1,-0.05839630403424789
2018/S2_a_2019/S1,2019/S2,XEL,ES,11,0.125594971475607,0.0182787636515509,2,1,1,0.030773828291954852
2018/S2_a_2019/S1,2019/S2,AVB,RSG,13,0.1371726975139608,0.0234691154171656,3,2,1,0.10198295540433833
2018/S2_a_2019/S1,2019/S2,AEP,ETR,14,0.1384590554739588,0.0156679126781922,47,46,1,-0.060938994965122895
2018/S2_a_2019/S1,2019/S2,NEE,CMS,15,0.1384832685083665,0.0127912947056966,23,23,0,-0.005396540593534671
2018/S2_a_2019/S1,2019/S2,AIV,AVB,16,0.1388210461218477,0.021137972362257,1,1,0,0.039045707958555664
2018/S2_a_2019/S1,2019/S2,EXC,FE,17,0.1399883857352506,0.0232874629798869,57,56,1,-0.2340906313573743
2018/S2_a_2019/S1,2019/S2,WEC,ES,18,0.1429600084140929,0.0174584343682702,7,7,0,0.07608403938739816
2018/S2_a_2019/S1,2019/S2,CMS,AVB,19,0.143388790863014,0.0204340016897072,1,0,1,-0.02365784254135328
2018/S2_a_2019/S1,2019/S2,ETR,CMS,20,0.144229953040849,0.0212254106145126,26,25,1,-0.09428543099321907
2019/S1_a_2019/S2,2020/S1,CMS,LNT,1,0.0599092996584431,0.0153791631916632,5,4,1,0.11704081709289405
2019/S1_a_2019/S2,2020/S1,DTE,AEE,2,0.069756180155764,0.0165492140385356,48,48,0,0.12839765078653387
2019/S1_a_2019/S2,2020/S1,AVB,UDR,3,0.0794374727029207,0.0174826154823486,2,1,1,0.0869321327248661
2019/S1_a_2019/S2,2020/S1,CMS,ES,4,0.0995489409140191,0.0196727172601826,21,20,1,-0.041603293280185194
2019/S1_a_2019/S2,2020/S1,AEE,ATO,5,0.1097119228604697,0.0208616812064655,5,5,0,0.11733634177420138
2019/S1_a_2019/S2,2020/S1,FE,LNT,6,0.1151136766145555,0.021196240041643,6,5,1,-0.17357230800590473
2019/S1_a_2019/S2,2020/S1,FE,ES,7,0.115876763718802,0.0214386633833531,38,38,0,-0.1348722524677135
2019/S1_a_2019/S2,2020/S1,AIV,UDR,8,0.118312872553929,0.0213339904352891,7,6,1,0.0846277667866272
2019/S1_a_2019/S2,2020/S1,AEP,LNT,9,0.119308830214095,0.0217872428737131,2,1,1,0.07281540613078485
2019/S1_a_2019/S2,2020/S1,ES,LNT,10,0.1271301804897575,0.0224465971008643,19,18,1,-0.2733148629944987
2019/S1_a_2019/S2,2020/S1,AIV,AVB,11,0.134307902235264,0.0219429774897595,2,2,0,0.10273926780881804
2019/S1_a_2019/S2,2020/S1,AEP,CMS,12,0.1435053312414993,0.0238022811505933,1,0,1,-0.05481323919899328
2019/S1_a_2019/S2,2020/S1,XEL,CMS,13,0.1464548548940456,0.017064846872963,16,15,1,0.016108001719411957
2019/S1_a_2019/S2,2020/S1,JPM,PNC,14,0.1505729318462272,0.0237656060668099,4,3,1,-0.0374037045659823
2019/S1_a_2019/S2,2020/S1,ED,ATO,15,0.1521451646268588,0.0225978766349627,6,5,1,0.06520806986512118
2019/S1_a_2019/S2,2020/S1,ED,AEE,16,0.1575250235392786,0.0224353026495013,18,17,1,0.08422630660689923
2019/S1_a_2019/S2,2020/S1,ICE,CBOE,17,0.1605556062461346,0.02462777096117,29,29,0,0.24223292317919154
2019/S1_a_2019/S2,2020/S1,FE,CMS,18,0.1627892248469606,0.0250612905351607,9,8,1,-0.1255648936585717
2019/S1_a_2019/S2,2020/S1,HBAN,RF,19,0.1669924183859166,0.0240357009313701,4,3,1,0.3651320641377349
2019/S1_a_2019/S2,2020/S1,VNO,SLG,20,0.189706860367778,0.0265336043637924,3,3,0,0.16272854619079813
2019/S2_a_2020/S1,2020/S2,CMS,LNT,1,0.1163499323979522,0.0214732617409555,3,3,0,0.14905206400356452
2019/S2_a_2020/S1,2020/S2,XEL,AWK,2,0.122836867706269,0.0218238645276615,20,19,1,-0.09088033320495348
2019/S2_a_2020/S1,2020/S2,C,KEY,3,0.143994833502802,0.0239038732152782,11,10,1,0.15059794072448984
2019/S2_a_2020/S1,2020/S2,KEY,CFG,4,0.1581239746519713,0.0246739649501151,1,0,1,-0.01620509279002369
2019/S2_a_2020/S1,2020/S2,MA,V,5,0.1762867566462773,0.0202548892648849,1,0,1,-0.015448751083695922
2019/S2_a_2020/S1,2020/S2,RF,TFC,6,0.1939752242655572,0.0254430520320227,1,0,1,-0.06497176671071081
2019/S2_a_2020/S1,2020/S2,APH,AME,7,0.1951869045645935,0.0278304413491927,3,2,1,0.18212003701519153
2019/S2_a_2020/S1,2020/S2,ARE,DRE,8,0.2068474176634254,0.028645201917991,3,2,1,0.04707565935290314
2019/S2_a_2020/S1,2020/S2,C,COF,9,0.2079186645353274,0.0286719298345192,24,23,1,-0.007180503346539746
2019/S2_a_2020/S1,2020/S2,ADP,PAYX,10,0.2111379073563739,0.0289455003004875,1,0,1,0.012152017379180813
2019/S2_a_2020/S1,2020/S2,AEP,ATO,11,0.2190917665446932,0.0291046826605845,2,1,1,0.09772615328308143
2019/S2_a_2020/S1,2020/S2,ESS,UDR,12,0.2220513461618338,0.0278280259703243,1,1,0,0.09312762664278607
2019/S2_a_2020/S1,2020/S2,KEY,COF,13,0.2335154021084236,0.0303979326898516,2,1,1,0.06799268594274954
2019/S2_a_2020/S1,2020/S2,EVRG,LNT,14,0.2380612779951434,0.0266648011997265,39,38,1,0.01495998669510934
2019/S2_a_2020/S1,2020/S2,WEC,ES,15,0.2407556895949483,0.0300241542434828,2,2,0,0.13561460669106407
2019/S2_a_2020/S1,2020/S2,AMT,CCI,16,0.2443568409735235,0.0311374786971152,2,1,1,-0.09495409801701893
2019/S2_a_2020/S1,2020/S2,COF,CFG,17,0.253238389577973,0.0311392973405261,3,3,0,0.2828734309243872
2019/S2_a_2020/S1,2020/S2,AEE,ATO,18,0.2601661995640825,0.0313164638779888,12,11,1,-0.06986650218011281
2019/S2_a_2020/S1,2020/S2,TMO,DHR,19,0.2666497341775766,0.0323886606203631,0,0,0,0.0
2019/S2_a_2020/S1,2020/S2,C,CFG,20,0.2679067026312509,0.0323329475115193,22,21,1,-0.20473691670861327
2020/S1_a_2020/S2,2021/S1,APH,AME,1,0.1980916074353444,0.0276790271578855,3,2,1,0.11978083926092031
2020/S1_a_2020/S2,2021/S1,PEP,MDLZ,2,0.2056721711555837,0.0284554025800899,1,0,1,0.011839587335544577
2020/S1_a_2020/S2,2021/S1,PSA,EXR,3,0.2120415120657526,0.0283464062529856,1,0,1,-0.0433426570712836
2020/S1_a_2020/S2,2021/S1,DOV,FTV,4,0.220870372168406,0.029125732606367,22,22,0,-0.13720872607179257
2020/S1_a_2020/S2,2021/S1,CMS,LNT,5,0.2223418435219741,0.0239816552901621,3,2,1,-0.05756617499071137
2020/S1_a_2020/S2,2021/S1,JPM,PNC,6,0.228820201567089,0.0267846146145177,1,0,1,-0.042919105674557034
2020/S1_a_2020/S2,2021/S1,FITB,RF,7,0.2338398112608501,0.0239752419413995,2,1,1,0.0502148178287426
2020/S1_a_2020/S2,2021/S1,UNP,IEX,8,0.2401144954455958,0.0297524095895803,2,1,1,0.0849935923627203
2020/S1_a_2020/S2,2021/S1,OMC,PBCT,9,0.241402442551248,0.0304177834626994,7,6,1,-0.001973627515218679
2020/S1_a_2020/S2,2021/S1,VLO,PSX,10,0.2420415117431957,0.0286415907036948,1,0,1,0.006854451963611563
2020/S1_a_2020/S2,2021/S1,WM,RSG,11,0.2525543163899328,0.0243911068492255,0,0,0,0.0
2020/S1_a_2020/S2,2021/S1,AVB,ESS,12,0.2530617628881373,0.0310466630987552,0,0,0,0.0
2020/S1_a_2020/S2,2021/S1,BAC,AFL,13,0.2533232608033131,0.0306251490275172,2,1,1,0.00016098180837287313
2020/S1_a_2020/S2,2021/S1,JPM,AFL,14,0.2580831802276293,0.0277888444049187,1,0,1,0.0034225248536836617
2020/S1_a_2020/S2,2021/S1,PLD,DRE,15,0.271329489211098,0.0305528078674223,2,1,1,0.09345554522262
2020/S1_a_2020/S2,2021/S1,TMO,DHR,16,0.272742640315073,0.0254278582305643,22,22,0,0.003683874597601333
2020/S1_a_2020/S2,2021/S1,ESS,UDR,17,0.2833245163772631,0.0223672362484007,0,0,0,0.0
2020/S1_a_2020/S2,2021/S1,MMC,WLTW,18,0.2868105370455396,0.0323682506713063,3,2,1,0.16948227116987558
2020/S1_a_2020/S2,2021/S1,WEC,ES,19,0.2885607757015123,0.0335436540728043,1,1,0,0.06835094082513615
2020/S1_a_2020/S2,2021/S1,KEY,HBAN,20,0.2891596721312339,0.0263582339506216,2,1,1,0.07483364002504511
2020/S2_a_2021/S1,2021/S2,AEE,LNT,1,0.1082127753442137,0.0207634352620831,2,1,1,0.04484299694334937
2020/S2_a_2021/S1,2021/S2,ESS,UDR,2,0.1114375146967177,0.0191637968368137,1,0,1,-0.02879248673815471
2020/S2_a_2021/S1,2021/S2,AON,WLTW,3,0.1564296623165546,0.0215355499847113,57,56,1,-0.09178525033477558
2020/S2_a_2021/S1,2021/S2,XEL,WEC,4,0.1680716304604175,0.0234170347156443,2,1,1,0.051704741725475234
2020/S2_a_2021/S1,2021/S2,EQR,UDR,5,0.1772071687242942,0.0257444093972581,1,0,1,-0.0005773311397678782
2020/S2_a_2021/S1,2021/S2,AEP,ED,6,0.1891689467356627,0.0274528885058892,2,1,1,0.025705691681977005
2020/S2_a_2021/S1,2021/S2,FISV,GPN,7,0.1957103361081635,0.0277942995509475,40,40,0,-0.1422610636268874
2020/S2_a_2021/S1,2021/S2,ED,CMS,8,0.1977867408847942,0.0250485865782107,1,0,1,-0.02663582227276018
2020/S2_a_2021/S1,2021/S2,CAG,GIS,9,0.2019029370945873,0.0253253503008006,19,19,0,-0.11491693815780679
2020/S2_a_2021/S1,2021/S2,DUK,SO,10,0.2030840348579659,0.0281730656368296,2,2,0,0.09933593879289004
2020/S2_a_2021/S1,2021/S2,AEP,CMS,11,0.216283064619688,0.0264822621656452,0,0,0,0.0
2020/S2_a_2021/S1,2021/S2,EQR,ESS,12,0.2292425822754467,0.0301421012840704,0,0,0,0.0
2020/S2_a_2021/S1,2021/S2,ED,WEC,13,0.2417370609712179,0.0279968858637543,1,0,1,-0.0394138238949554
2020/S2_a_2021/S1,2021/S2,IBM,MMC,14,0.2790315202857982,0.0332989247969312,40,39,1,-0.17615708772642025
2020/S2_a_2021/S1,2021/S2,BMY,PEP,15,0.2795883577591667,0.0328410640425758,30,30,0,-0.17760785842143822
2020/S2_a_2021/S1,2021/S2,PEP,CERN,16,0.2956574681642223,0.0343203387247469,15,15,0,0.03512346131039212
2020/S2_a_2021/S1,2021/S2,EXC,SO,17,0.2970205259821341,0.029850593542013,26,25,1,-0.12192401143127851
2020/S2_a_2021/S1,2021/S2,CMS,WEC,18,0.300985547050459,0.0228033727310477,0,0,0,0.0
2020/S2_a_2021/S1,2021/S2,AZO,ORLY,19,0.3013044498247836,0.0331566894895585,5,5,0,-0.09710550496663939
2020/S2_a_2021/S1,2021/S2,K,ATO,20,0.3073589650400663,0.0327687300939377,2,1,1,0.09534144953363011
2021/S1_a_2021/S2,2022/S1,AME,IEX,1,0.0621834104290428,0.015091355220558,31,31,0,0.0704565563560493
2021/S1_a_2021/S2,2022/S1,CMS,WEC,2,0.0629953417587785,0.0140311231376727,2,1,1,0.046284986598697175
2021/S1_a_2021/S2,2022/S1,AVB,UDR,3,0.0969861998041778,0.01774689307819,2,2,0,0.05406133644402544
2021/S1_a_2021/S2,2022/S1,D,WEC,4,0.1012055488592977,0.0191983039131885,2,1,1,0.04520603443005
2021/S1_a_2021/S2,2022/S1,ITW,AME,6,0.115672145722101,0.0211431820231235,4,4,0,0.19387348309805752
2021/S1_a_2021/S2,2022/S1,XEL,WEC,7,0.1163100153320328,0.0204969623061784,1,0,1,0.005043713370708858
2021/S1_a_2021/S2,2022/S1,D,CMS,8,0.1199267280851472,0.0218090197400561,2,1,1,0.042041607733445785
2021/S1_a_2021/S2,2022/S1,ITW,IEX,9,0.1583346416015274,0.0237439684890363,2,2,0,0.036315448113686366
2021/S1_a_2021/S2,2022/S1,DUK,LNT,10,0.1650420539631341,0.0249833610510565,2,1,1,0.046816808186734726
2021/S1_a_2021/S2,2022/S1,EQR,ESS,11,0.168197803278872,0.0188135273796065,7,6,1,-0.022774984737138237
2021/S1_a_2021/S2,2022/S1,AEP,CMS,12,0.1732674014609756,0.0172453867069537,2,1,1,0.04687446234854076
2021/S1_a_2021/S2,2022/S1,KO,MDLZ,13,0.1837830952176773,0.0230683000896487,26,25,1,-0.08743047767375489
2021/S1_a_2021/S2,2022/S1,DUK,DTE,14,0.1857788389747838,0.0270292951378826,1,0,1,0.019676051248835535
2021/S1_a_2021/S2,2022/S1,XEL,ATO,15,0.1939933061453302,0.0267711794176931,7,6,1,-0.048781886440479094
2021/S1_a_2021/S2,2022/S1,CSX,UNP,16,0.1968967592682702,0.0183357768445724,7,6,1,0.005430052136355723
2021/S1_a_2021/S2,2022/S1,AEP,PPL,17,0.1985790165739445,0.0266767427493998,39,38,1,-0.07408756398686023
2021/S1_a_2021/S2,2022/S1,NI,AME,18,0.2050146405715622,0.0284994743381431,53,52,1,-0.23546480385216673
2021/S1_a_2021/S2,2022/S1,PPL,AMCR,19,0.2058651633578847,0.0263994908041053,6,5,1,0.31891942557176456
2021/S1_a_2021/S2,2022/S1,K,D,20,0.2063763606773818,0.0284456877004775,4,3,1,0.18737660276857104
2021/S2_a_2022/S1,2022/S2,DTE,CMS,1,0.0625031513110343,0.0146450873477035,1,1,0,0.0281142901884347
2021/S2_a_2022/S1,2022/S2,AVB,UDR,2,0.0694722712240718,0.0163614485079095,1,1,0,0.045089419677081466
2021/S2_a_2022/S1,2022/S2,DUK,WEC,3,0.0894449518980309,0.0188768649969408,1,1,0,0.04112778918655546
2021/S2_a_2022/S1,2022/S2,AEE,CMS,4,0.1158823577887915,0.0192834900128297,1,0,1,0.012443197989249977
2021/S2_a_2022/S1,2022/S2,LEN,DHI,5,0.1199789610986954,0.0211415181511966,1,0,1,-0.016438081590496978
2021/S2_a_2022/S1,2022/S2,PEG,AEE,6,0.1207386361218141,0.0215637919623385,1,0,1,-0.010192210257192968
2021/S2_a_2022/S1,2022/S2,ES,EVRG,7,0.1327176843821007,0.0192001133966424,2,2,0,0.1253475845844032
2021/S2_a_2022/S1,2022/S2,ETR,AEE,8,0.1408435307582749,0.0233449339318934,1,0,1,0.03506485283997052
2021/S2_a_2022/S1,2022/S2,D,CMS,9,0.1432722285666159,0.0208287864926571,18,18,0,-0.12947133393977672
2021/S2_a_2022/S1,2022/S2,AEP,DTE,10,0.1444396850116618,0.0199526386435501,7,6,1,-0.033619894634058345
2021/S2_a_2022/S1,2022/S2,EQR,AVB,11,0.1527528395628223,0.0155770022166274,2,1,1,0.06323435477816186
2021/S2_a_2022/S1,2022/S2,AEP,CMS,12,0.1567305007357617,0.0238550940809633,1,0,1,-0.02932992964540615
2021/S2_a_2022/S1,2022/S2,ETR,CMS,13,0.1598772904068255,0.0213266373680247,5,4,1,-0.016644270223750812
2021/S2_a_2022/S1,2022/S2,D,DUK,14,0.1623976826942907,0.0250075664437276,17,17,0,-0.13472103730931695
2021/S2_a_2022/S1,2022/S2,DTE,AEE,15,0.1786983935619446,0.0264382095429522,1,0,1,0.016251305967926344
2021/S2_a_2022/S1,2022/S2,XEL,JNJ,16,0.1877627488980806,0.0266129996279118,4,4,0,0.11271675942601389
2021/S2_a_2022/S1,2022/S2,D,PEG,17,0.189851502762508,0.0214786222118714,19,19,0,-0.05941203815705365
2021/S2_a_2022/S1,2022/S2,CMS,WEC,18,0.1950875161224985,0.0226763578998545,1,0,1,0.037300057436717604
2021/S2_a_2022/S1,2022/S2,VMC,MLM,19,0.1963878579553011,0.0203090810909563,1,0,1,-0.025265140747403825
2021/S2_a_2022/S1,2022/S2,DOW,LYB,20,0.1965075315141575,0.027874986731378,1,0,1,0.024497451864992525
2022/S1_a_2022/S2,2023/S1,DUK,CMS,1,0.054603618400506,0.0130850848578869,2,1,1,0.022220722086901845
2022/S1_a_2022/S2,2023/S1,WM,RSG,2,0.0580616275848342,0.0142793148081194,3,2,1,0.08604471205360353
2022/S1_a_2022/S2,2023/S1,EQR,AVB,3,0.0607027724599902,0.0097873186974327,1,0,1,-0.010719804770823793
2022/S1_a_2022/S2,2023/S1,MCO,SPGI,4,0.0805901670871662,0.0172489202242545,1,0,1,0.0022791984661941767
2022/S1_a_2022/S2,2023/S1,ETN,AME,5,0.0882713850701861,0.01846890116855,3,2,1,0.007126355757188785
2022/S1_a_2022/S2,2023/S1,LEN,DHI,6,0.1004826325046224,0.0178079270616871,2,1,1,0.0646860723553857
2022/S1_a_2022/S2,2023/S1,PHM,NVR,7,0.1056698260927078,0.0195566187839923,30,30,0,-0.11944476311190777
2022/S1_a_2022/S2,2023/S1,AEP,CNP,8,0.1061196150935757,0.0205899861088736,2,1,1,0.004659228142491201
2022/S1_a_2022/S2,2023/S1,CPT,UDR,9,0.1136238493901373,0.0156930820686793,1,0,1,-0.07871548970089426
2022/S1_a_2022/S2,2023/S1,XEL,WEC,10,0.1165407186048241,0.0167172123550956,2,1,1,0.05338899127666474
2022/S1_a_2022/S2,2023/S1,APH,CDW,11,0.1242795298429086,0.0222689713230331,2,1,1,0.07263926838666812
2022/S1_a_2022/S2,2023/S1,AVB,UDR,12,0.1254132526019589,0.0156648104903265,1,1,0,0.04911780693258738
2022/S1_a_2022/S2,2023/S1,ES,EVRG,13,0.1256758293411621,0.022257735547526,1,0,1,-0.031292587977849395
2022/S1_a_2022/S2,2023/S1,DUK,AEE,14,0.1263703703311876,0.0188119878723955,1,0,1,-0.017404504197139903
2022/S1_a_2022/S2,2023/S1,ES,LNT,15,0.1273869027190812,0.0222921823270122,2,1,1,0.02284544774496322
2022/S1_a_2022/S2,2023/S1,KEY,FITB,16,0.1474078449469971,0.023317108548742,12,12,0,-0.1581676779575396
2022/S1_a_2022/S2,2023/S1,CSX,NSC,17,0.1547275866744826,0.0209689507710105,2,1,1,-0.09274787658273365
2022/S1_a_2022/S2,2023/S1,ED,CNP,18,0.155798075496591,0.0215801662322652,2,1,1,0.08727877653972482
2022/S1_a_2022/S2,2023/S1,TMO,DHR,19,0.163323828069906,0.0253948252486878,1,0,1,0.006124424073030488
2022/S1_a_2022/S2,2023/S1,CDNS,SNPS,20,0.1717480358227021,0.0250938926940321,1,0,1,-0.015889527966201022
2022/S2_a_2023/S1,2023/S2,XEL,AEE,1,0.0513524162356588,0.0142457803160561,4,3,1,0.036312895616477436
2022/S2_a_2023/S1,2023/S2,XEL,AEP,2,0.0805703075620272,0.0160225814469499,1,0,1,0.018219831111689677
2022/S2_a_2023/S1,2023/S2,WEC,LNT,3,0.0860250614374535,0.0176743162315076,1,0,1,0.008794449546149274
2022/S2_a_2023/S1,2023/S2,DUK,CMS,4,0.0920601388908721,0.0168356094820733,3,2,1,0.08114240416521834
2022/S2_a_2023/S1,2023/S2,AEP,ETR,5,0.1025348357359234,0.0202363340622089,1,0,1,-0.0114933816535282
2022/S2_a_2023/S1,2023/S2,AEE,WEC,6,0.1084466212942061,0.0174473879580808,2,1,1,0.05701887752462176
2022/S2_a_2023/S1,2023/S2,XEL,WEC,7,0.118823232169916,0.0175418600271432,1,1,0,0.053233122851762515
2022/S2_a_2023/S1,2023/S2,AEP,AEE,8,0.1253253914973129,0.020195028376162,2,1,1,0.10896813699817565
2022/S2_a_2023/S1,2023/S2,AVB,INVH,9,0.1339192123793395,0.0171583493415328,4,4,0,0.2308848426734651
2022/S2_a_2023/S1,2023/S2,EXC,CMS,10,0.1367577954208059,0.0224676235817482,2,1,1,0.07021302842420385
2022/S2_a_2023/S1,2023/S2,WEC,EVRG,11,0.1400181906737998,0.0224942016725022,1,0,1,0.01237317665893245
2022/S2_a_2023/S1,2023/S2,EVRG,LNT,12,0.1426050402933469,0.0200444829167738,1,0,1,-0.039030381980123874
2022/S2_a_2023/S1,2023/S2,XEL,EVRG,13,0.1546072003290532,0.0242315905411018,2,1,1,0.06258243841337796
2022/S2_a_2023/S1,2023/S2,AEE,EVRG,14,0.1554032016303494,0.0246059163125472,1,1,0,0.06158086699671661
2022/S2_a_2023/S1,2023/S2,AEE,NI,15,0.1611841736956307,0.0228426056306751,1,0,1,-0.0896532574006993
2022/S2_a_2023/S1,2023/S2,DTE,CMS,16,0.1621037770576663,0.0254605461191268,1,1,0,0.07174093971423556
2022/S2_a_2023/S1,2023/S2,APH,FTV,17,0.1699822423054229,0.0219860023376897,20,20,0,0.03977302166794372
2022/S2_a_2023/S1,2023/S2,DUK,ES,18,0.1763053036477799,0.0241667478587821,40,40,0,-0.25531479280285396
2022/S2_a_2023/S1,2023/S2,PPL,FE,19,0.1787663979905573,0.0263571261999821,1,1,0,0.06064200207851589
2022/S2_a_2023/S1,2023/S2,DTE,LNT,20,0.1806908151793322,0.0173626028399724,1,1,0,0.05384633201973876
2023/S1_a_2023/S2,2024/S1,FE,CMS,1,0.0872484912713957,0.0157227306779937,1,1,0,0.037231866989685614
2023/S1_a_2023/S2,2024/S1,DTE,CMS,2,0.0943184481382104,0.0181355989798663,0,0,0,0.0
2023/S1_a_2023/S2,2024/S1,CPT,MAA,3,0.1072183046717327,0.0176728919137193,1,0,1,-0.018601297725073684
2023/S1_a_2023/S2,2024/S1,PPL,FE,4,0.1086747897566624,0.0208143398501779,2,1,1,0.06474709109024712
2023/S1_a_2023/S2,2024/S1,PPL,CMS,5,0.1146863673091616,0.0197630545740517,1,0,1,0.017126241868684056
2023/S1_a_2023/S2,2024/S1,ED,CNP,6,0.1149701518465917,0.0201955394347239,2,1,1,-0.011627833490367667
2023/S1_a_2023/S2,2024/S1,XEL,AEP,7,0.1235949079785427,0.0200626501533201,42,41,1,-0.09803320387780212
2023/S1_a_2023/S2,2024/S1,KO,LNT,8,0.1246722468139864,0.0218100380855006,1,0,1,-0.02423722369420145
2023/S1_a_2023/S2,2024/S1,AEE,WEC,9,0.1320419432237258,0.0168956852748649,1,0,1,0.05254565993096416
2023/S1_a_2023/S2,2024/S1,CNP,NI,10,0.135666479611018,0.0195258026564203,1,1,0,0.050181514656723936
2023/S1_a_2023/S2,2024/S1,ETR,CMS,11,0.1400489164350347,0.0223927705741871,1,0,1,-0.007444700701972229
2023/S1_a_2023/S2,2024/S1,DTE,PPL,12,0.1468641765949883,0.0242510963927943,0,0,0,0.0
2023/S1_a_2023/S2,2024/S1,WEC,LNT,13,0.1519968005795249,0.0245940656552899,1,0,1,-0.03716231202097198
2023/S1_a_2023/S2,2024/S1,AWK,EVRG,14,0.1557551281538849,0.0243194519601252,1,0,1,0.03759355049227597
2023/S1_a_2023/S2,2024/S1,DTE,FE,15,0.1608142981859259,0.0252242131818242,1,1,0,0.05590207970924799
2023/S1_a_2023/S2,2024/S1,CMS,LNT,16,0.1678792995037383,0.0176268370110382,1,0,1,0.008892765961353355
2023/S1_a_2023/S2,2024/S1,CTAS,ROP,17,0.1710401447833192,0.0259780540122638,38,38,0,-0.16816352811430701
2023/S1_a_2023/S2,2024/S1,MO,NI,18,0.1732056892518017,0.0262216787468139,2,2,0,0.12690192572655612
2023/S1_a_2023/S2,2024/S1,AEP,KHC,19,0.1732478343091088,0.0257241538452529,3,2,1,0.08817380888713178
2023/S1_a_2023/S2,2024/S1,LH,REG,20,0.1798227369264395,0.0255273329126779,2,1,1,0.06374797383034259
2023/S2_a_2024/S1,2024/S2,FE,CMS,1,0.0574334747590228,0.0131092212104785,4,3,1,-0.037260709821010596
2023/S2_a_2024/S1,2024/S2,DTE,CMS,2,0.0791465702366167,0.0158232973345204,2,1,1,0.058348602383359705
2023/S2_a_2024/S1,2024/S2,CAG,GIS,3,0.1020573459043134,0.0190307077168892,2,2,0,0.11591638169062102
2023/S2_a_2024/S1,2024/S2,CNP,PM,4,0.1049957397806906,0.0204916331716661,60,60,0,-0.22574905851474047
2023/S2_a_2024/S1,2024/S2,DTE,FE,5,0.1184142161383761,0.021800475071531,2,1,1,0.044847862405479
2023/S2_a_2024/S1,2024/S2,MA,V,6,0.1214923748966612,0.0220601306174517,1,0,1,0.051348026575229744
2023/S2_a_2024/S1,2024/S2,ED,SRE,7,0.124713762089641,0.0218287145084681,21,21,0,0.010705028017284124
2023/S2_a_2024/S1,2024/S2,CMS,NI,8,0.1289165363778011,0.0205418376123184,22,21,1,-0.08506020514258639
2023/S2_a_2024/S1,2024/S2,ATO,INVH,9,0.1313765186140472,0.0228382645905053,37,37,0,0.026655164544959864
2023/S2_a_2024/S1,2024/S2,AEP,CMS,10,0.1409551037646679,0.0229799241748982,1,1,0,0.05245497687725709
2023/S2_a_2024/S1,2024/S2,AEP,DTE,11,0.1464999156806925,0.0241692384988777,1,1,0,0.05500856878607696
2023/S2_a_2024/S1,2024/S2,MAA,UDR,12,0.1469648945902122,0.0221769012692751,1,1,0,0.057883900198794525
2023/S2_a_2024/S1,2024/S2,DUK,ETR,13,0.1507069138431234,0.0228497474589752,23,22,1,-0.15881259707819806
2023/S2_a_2024/S1,2024/S2,KO,CMS,14,0.1533631059915023,0.0226664979558007,5,4,1,-0.0060275898635271385
2023/S2_a_2024/S1,2024/S2,MO,PM,15,0.173610463019088,0.0224919304023102,5,4,1,-0.03946926190446509
2023/S2_a_2024/S1,2024/S2,AEP,FE,16,0.175735098613643,0.0265236364619718,1,0,1,0.007601977898419099
2023/S2_a_2024/S1,2024/S2,AVB,PM,17,0.1773109610918481,0.0257602828881648,11,10,1,-0.09932736094561512
2023/S2_a_2024/S1,2024/S2,EXC,AEE,18,0.1784616918374695,0.0177127282744132,22,21,1,-0.09681341889526673
2023/S2_a_2024/S1,2024/S2,CNP,CMS,19,0.1791967169392023,0.0263302403460064,36,35,1,0.17199756607203065
2023/S2_a_2024/S1,2024/S2,KO,NI,20,0.1831896951493945,0.0271219257801928,25,24,1,-0.16020724310169354
2024/S1_a_2024/S2,2025/S1,PNC,RF,1,0.1023051508562957,0.0195468041878797,1,1,0,0.03130035417871602
2024/S1_a_2024/S2,2025/S1,AVB,ESS,2,0.1041641983811132,0.0203645026425937,1,0,1,-0.01347233188767416
2024/S1_a_2024/S2,2025/S1,AEE,ATO,3,0.1112561266576221,0.0177900663144424,4,4,0,0.06850466758067453
2024/S1_a_2024/S2,2025/S1,MAA,UDR,4,0.1130373966540219,0.0211128307090043,1,0,1,0.014047754491413933
2024/S1_a_2024/S2,2025/S1,EVRG,LNT,5,0.1279434674806907,0.0208297439841083,5,4,1,-0.08275538179089081
2024/S1_a_2024/S2,2025/S1,PPL,EVRG,6,0.1327090266994446,0.0146577003575768,4,3,1,-0.02464368166842168
2024/S1_a_2024/S2,2025/S1,EQR,AVB,7,0.1424130164307371,0.020391409803411,2,2,0,0.08328466303623394
2024/S1_a_2024/S2,2025/S1,EQR,CPT,8,0.1555119837006486,0.0248514573039384,1,0,1,0.014043470078945686
2024/S1_a_2024/S2,2025/S1,AVB,CPT,9,0.1620275265045165,0.0229473696389306,2,1,1,0.05538093248764708
2024/S1_a_2024/S2,2025/S1,ESS,CPT,10,0.1648012066855244,0.0229287488305733,0,0,0,0.0
2024/S1_a_2024/S2,2025/S1,DUK,CMS,11,0.1775482593805009,0.0252821927701177,0,0,0,0.0
2024/S1_a_2024/S2,2025/S1,EQR,ESS,12,0.1788079078572764,0.0233967317594085,2,1,1,0.05229888201666766
2024/S1_a_2024/S2,2025/S1,PPG,UPS,13,0.1901390721541247,0.0275140137214233,2,1,1,0.05997227217251333
2024/S1_a_2024/S2,2025/S1,PPL,ATO,14,0.1937344231807856,0.0274158384495649,1,0,1,-0.015583490985493054
2024/S1_a_2024/S2,2025/S1,AVB,UDR,15,0.1965501621790508,0.0206127889774188,2,1,1,0.07316508278557587
2024/S1_a_2024/S2,2025/S1,RSG,BRK.B,16,0.1973530668291232,0.0279370141545515,12,12,0,-0.043223056436009544
2024/S1_a_2024/S2,2025/S1,CB,BRK.B,17,0.200681338755885,0.0280772127597372,7,6,1,0.004702611173022175
2024/S1_a_2024/S2,2025/S1,CAG,GIS,18,0.2069454167021831,0.0259527575852806,1,0,1,0.0
2024/S1_a_2024/S2,2025/S1,PG,MMC,19,0.2106882509566503,0.0268995567640487,2,1,1,0.09464890516764313
2024/S1_a_2024/S2,2025/S1,D,DUK,20,0.21600283660905,0.027235767332219,2,1,1,-0.015637884499776322
2024/S2_a_2025/S1,2025/S2,ESS,UDR,1,0.0812134796240116,0.0170982350518417,2,1,1,0.039654324469142854
2024/S2_a_2025/S1,2025/S2,EQR,UDR,2,0.1108135185514811,0.0192152186018518,1,0,1,0.011038729887933307
2024/S2_a_2025/S1,2025/S2,MCO,SPGI,3,0.1146538945522479,0.0196844698647809,1,0,1,-0.002902041488833773
2024/S2_a_2025/S1,2025/S2,USB,RF,4,0.132833338335331,0.0213391608762891,17,16,1,0.028997030000182944
2024/S2_a_2025/S1,2025/S2,EQR,AVB,5,0.1381494891317061,0.0220879070225379,1,0,1,0.002093236193554726
2024/S2_a_2025/S1,2025/S2,AEP,DUK,6,0.1405549499272638,0.0234770579945267,21,21,0,-0.05097367019193855
2024/S2_a_2025/S1,2025/S2,AEE,NI,7,0.1488988650896772,0.0223239807249783,2,1,1,0.039162539483000636
2024/S2_a_2025/S1,2025/S2,DUK,SO,8,0.1542867414758575,0.0184529993209612,2,1,1,0.04698327023018756
2024/S2_a_2025/S1,2025/S2,SO,VICI,9,0.1578895396708048,0.0251766618225193,4,3,1,-0.08107208980667113
2024/S2_a_2025/S1,2025/S2,PPL,EVRG,10,0.1662480634466874,0.025712484810619,14,13,1,0.034926962758331515
2024/S2_a_2025/S1,2025/S2,AVB,UDR,11,0.1792881962929868,0.026828291065499,1,1,0,0.0699004200993002
2024/S2_a_2025/S1,2025/S2,PNC,KEY,12,0.1796560520938328,0.0267242735227123,3,2,1,-0.0642139912232248
2024/S2_a_2025/S1,2025/S2,EQR,ESS,13,0.1813839981601859,0.0227503484610854,2,1,1,0.08826570231580078
2024/S2_a_2025/S1,2025/S2,PNW,LNT,14,0.1833079059310876,0.026862415758432,1,0,1,-0.026147512515175664
2024/S2_a_2025/S1,2025/S2,ESS,CPT,15,0.1915879844278833,0.0215302316484764,2,1,1,0.05052214791879839
2024/S2_a_2025/S1,2025/S2,WM,VRSK,16,0.193594993622014,0.0250004223739695,35,34,1,-0.2526946389659708
2024/S2_a_2025/S1,2025/S2,CMS,PNW,17,0.1936578268112043,0.026649192240234,1,0,1,0.03788372938747242
2024/S2_a_2025/S1,2025/S2,ADP,PAYX,18,0.1989353820160886,0.0214694294173741,4,3,1,-0.06974077954058289
2024/S2_a_2025/S1,2025/S2,CMS,LNT,19,0.2066770279026286,0.0261742615254693,1,0,1,-0.027091076507895107
2024/S2_a_2025/S1,2025/S2,FITB,RF,20,0.2122279706433119,0.0271340087543552,1,0,1,-0.010603278841309072
