,retorno_diario
1991-07-02,0.0
1991-07-03,0.000683583735844151
1991-07-05,-0.0013958954367569941
1991-07-08,-9.064813562957852e-05
1991-07-09,0.0014295797644236496
1991-07-10,-0.0009940144640365688
1991-07-11,0.0008269457970696226
1991-07-12,0.0010921989791566166
1991-07-15,-0.00020299869547391047
1991-07-16,-0.00011955035293644833
1991-07-17,0.0008535349560080507
1991-07-18,0.00024962501000855286
1991-07-19,0.0010995364287494035
1991-07-22,-0.0005071124267284454
1991-07-23,8.904486597777207e-06
1991-07-24,0.000327837077705051
1991-07-25,-0.0004022534666216604
1991-07-26,0.001007605282614854
1991-07-29,0.00010973020209781859
1991-07-30,-0.0003920613575005838
1991-07-31,0.0006799848753541893
1991-08-01,7.830642435614487e-05
1991-08-02,0.0025567196416292513
1991-08-05,-0.0022266138519260402
1991-08-06,0.0010857599673618212
1991-08-07,-0.002869521376447903
1991-08-08,-0.0008984600311899071
1991-08-09,-0.0005453826729306333
1991-08-12,0.0016953609840089034
1991-08-13,0.003014236861191838
1991-08-14,-0.0022400557676965694
1991-08-15,-0.00016193703747847677
1991-08-16,0.0031036795218489623
1991-08-19,0.001935492021221058
1991-08-20,-0.0017420720326970507
1991-08-21,0.0020454452476555583
1991-08-22,0.0036692976754293836
1991-08-23,-0.0017232898963851495
1991-08-26,-0.0034288572504767465
1991-08-27,0.0016794484357059714
1991-08-28,0.001061481519492319
1991-08-29,-0.00043874387601224865
1991-08-30,0.0007208148519535718
1991-09-03,-0.0014123936523307789
1991-09-04,5.366714900429947e-05
1991-09-05,0.0028783098564834075
1991-09-06,0.0022287535169216942
1991-09-09,0.0021857170374862344
1991-09-10,-0.00041164621992808014
1991-09-11,0.0007355932251734643
1991-09-12,0.0006795644627998199
1991-09-13,0.00011267853096563751
1991-09-16,0.0019736501886068293
1991-09-17,-0.0001127581524690613
1991-09-18,-0.002233272008169773
1991-09-19,0.0026114213101805727
1991-09-20,-0.000710196615884634
1991-09-23,-0.0019769049233313686
1991-09-24,0.004792708290183123
1991-09-25,0.004647131967234491
1991-09-26,-0.001282363067226905
1991-09-27,0.0008855372647587235
1991-09-30,0.0012819294852513762
1991-10-01,0.002866845833385129
1991-10-02,0.0005534269636183253
1991-10-03,-0.0028624879913923596
1991-10-04,0.0020886590357000303
1991-10-07,-0.0026985268572825793
1991-10-08,0.001781534410055441
1991-10-09,0.0021582419594050107
1991-10-10,-3.374142072859465e-05
1991-10-11,0.001827072743688357
1991-10-14,0.004606316012142497
1991-10-15,0.00014535136051549435
1991-10-16,-0.002225196261312462
1991-10-17,0.00042075052507200563
1991-10-18,0.0013797643823316053
1991-10-21,0.0014440513366781704
1991-10-22,-0.0007621769880465756
1991-10-23,0.00028304133196566106
1991-10-24,0.00019704395050997858
1991-10-25,-9.278627801878603e-05
1991-10-28,0.0016886406901515216
1991-10-29,-0.0026514831604693033
1991-10-30,0.002442792611879796
1991-10-31,0.0016252848259498466
1991-11-01,-0.0024798916759186827
1991-11-04,-0.0007885753712604416
1991-11-05,-0.002012351825154951
1991-11-06,-0.00015214884452889875
1991-11-07,-0.0011225061330557174
1991-11-08,0.004040194230937738
1991-11-11,0.0017285040524950058
1991-11-12,-0.0026028136548843506
1991-11-13,-0.005268433410596374
1991-11-14,3.925662376146333e-05
1991-11-15,-0.0017443132108144854
1991-11-18,-0.0009122482493498063
1991-11-19,0.0016877270283286005
1991-11-20,-0.0015381580003652473
1991-11-21,0.0009240504495695301
1991-11-22,0.0006455455704595436
1991-11-25,-0.0027198649756467854
1991-11-26,0.0034734455772783444
1991-11-27,0.002717400270387632
1991-11-29,0.007244663818455743
1991-12-02,0.0004020629897333705
1991-12-03,0.00014464539166193503
1991-12-04,6.772873805797608e-05
1991-12-05,0.0022660369863224394
1991-12-06,0.001589900162417629
1991-12-09,0.003790956135559964
1991-12-10,-0.0018933201845209191
1991-12-11,0.0014687168844140397
1991-12-12,0.0007441690637701726
1991-12-13,-0.0005863667285949837
1991-12-16,-0.0011794874931983167
1991-12-17,-0.00526230592078043
1991-12-18,-0.00036800225880588843
1991-12-19,0.0002942474449237287
1991-12-20,0.0006208776661239479
1991-12-23,0.0039154547415388204
1991-12-24,0.006106335723539807
1991-12-26,0.006086455371972693
1991-12-27,-0.002383502315493208
1991-12-30,-0.00041912283373132797
1991-12-31,-0.0003737964208101463
1992-01-02,0.0004567851476225737
1992-01-03,0.0
1992-01-06,0.0002575894191123196
1992-01-07,0.0034243439304616264
1992-01-08,-0.0003294779506646528
1992-01-09,0.00108390851866208
1992-01-10,-0.0003255370568465532
1992-01-13,0.002250448127925597
1992-01-14,-0.0012593047618738584
1992-01-15,0.0006711698539984212
1992-01-16,-0.0006073105435784488
1992-01-17,0.001749928669933104
1992-01-20,0.002217620467301201
1992-01-21,0.0020456595747174013
1992-01-22,-0.0005884096609114098
1992-01-23,2.5454745653658017e-05
1992-01-24,0.0012225082559965406
1992-01-27,0.0015106247973254328
1992-01-28,0.0013391722026986185
1992-01-29,-0.0023830318990943566
1992-01-30,-0.0007645730779490989
1992-01-31,-0.006467696941087597
1992-02-03,0.0022984616233515387
1992-02-04,-0.0037927223638996865
1992-02-05,-0.0016186399562126141
1992-02-06,0.003076202071182227
1992-02-07,0.003006965801013889
1992-02-10,8.312207387440873e-05
1992-02-11,-0.0015316639289334189
1992-02-12,-0.003159376795580193
1992-02-13,0.0018477565640789783
1992-02-14,-0.0021681258680874838
1992-02-18,0.0003260439904887669
1992-02-19,-0.003996474917225745
1992-02-20,-0.00115561657463788
1992-02-21,0.003046000284912559
1992-02-24,-0.002880181831383305
1992-02-25,0.00702537433075785
1992-02-26,-0.003242058880468751
1992-02-27,0.003653436277150418
1992-02-28,-0.0009233732518027282
1992-03-02,0.003577033811739744
1992-03-03,-0.0006291788593610792
1992-03-04,-0.0003372600098699496
1992-03-05,0.0007525057402795853
1992-03-06,0.0013935929721453188
1992-03-09,-0.001154586713906014
1992-03-10,-0.0019594028298217992
1992-03-11,-0.0011948129077560988
1992-03-12,0.0032338302165668075
1992-03-13,0.0011991906521495288
1992-03-16,-0.002750242238903722
1992-03-17,-2.1225514603806505e-05
1992-03-18,0.004710042172583406
1992-03-19,-0.0033815719040296566
1992-03-20,-0.0002733093348223914
1992-03-23,-0.0017037987668263976
1992-03-24,0.002540618892529678
1992-03-25,-0.0005108940151537123
1992-03-26,-5.8931919949789525e-05
1992-03-27,-0.0005394444975142076
1992-03-30,0.0006220802423497207
1992-03-31,-0.001468637433201503
1992-04-01,0.0032286060569918173
1992-04-02,0.0004646047636425732
1992-04-03,-0.000760761115010189
1992-04-06,0.0018382606497046427
1992-04-07,-0.001718627225432895
1992-04-08,-0.00029261895367818647
1992-04-09,0.005281283483993898
1992-04-10,0.0011539487579380336
1992-04-13,0.0010891632131900474
1992-04-14,-0.0027277752061958425
1992-04-15,0.00391209335562574
1992-04-16,0.0019268359941283174
1992-04-20,0.0032325484156527475
1992-04-21,-0.001604555884878295
1992-04-22,-0.0007744927689687098
1992-04-23,0.0018452073409013948
1992-04-24,0.0029089481388406445
1992-04-27,-7.217929133244705e-05
1992-04-28,-0.002858333429408816
1992-04-29,0.001955821201284913
1992-04-30,0.004304140264304185
1992-05-01,0.004720060180437075
1992-05-04,-0.00145123266653161
1992-05-05,-0.0022158138495503186
1992-05-06,0.0006742607788455257
1992-05-07,0.0015991742474273153
1992-05-08,-0.0014462479268444906
1992-05-11,-0.0006453239457808457
1992-05-12,-0.000502116544661424
1992-05-13,-0.0008217685898211757
1992-05-14,0.0006756937578975442
1992-05-15,-0.0004325860089432865
1992-05-18,0.0018779875669870938
1992-05-19,-0.0007096795038220915
1992-05-20,0.00012268082696916815
1992-05-21,-0.001941666352405108
1992-05-22,0.002665122317465257
1992-05-26,-0.0006172068635669937
1992-05-27,-0.0016885772470033589
1992-05-28,0.0008580562857336104
1992-05-29,0.0028343434070137842
1992-06-01,0.004509215372043329
1992-06-02,5.538867813819071e-05
1992-06-03,-0.0008246117553417198
1992-06-04,0.001113755823331325
1992-06-05,0.0018804884234414564
1992-06-08,-0.0008824604245798673
1992-06-09,0.0014983880006910698
1992-06-10,0.00023177392742063652
1992-06-11,0.004032409661350628
1992-06-12,0.000260284155438778
1992-06-15,-0.0029860580980341665
1992-06-16,-0.0007368023084131425
1992-06-17,-0.0016884535871038442
1992-06-18,0.004827079926786049
1992-06-19,-0.0016106490691975394
1992-06-22,0.0020454964817064715
1992-06-23,-0.004219429479087422
1992-06-24,0.0016627185289372348
1992-06-25,-0.0019162669447378156
1992-06-26,0.0010924967764008309
1992-06-29,1.301495922409468e-05
1992-06-30,0.0020348532129802087
1992-07-01,-0.0028651419704810444
1992-07-02,0.0
1992-07-06,-0.002998036150843797
1992-07-07,0.0013880038628632408
1992-07-08,0.0022830250575903545
1992-07-09,6.983557988009537e-05
1992-07-10,-0.0002715179489758801
1992-07-13,-0.0010813791226316704
1992-07-14,0.0012488402900142138
1992-07-15,0.0034380401111156087
1992-07-16,0.0007146901681179096
1992-07-17,-0.0006458301565472113
1992-07-20,-0.00014176231703350584
1992-07-21,-0.0007693786019486559
1992-07-22,0.0030981833247700876
1992-07-23,-0.002821650765079231
1992-07-24,-0.0020216268527294577
1992-07-27,0.0012247490220639369
1992-07-28,0.0035905230617305104
1992-07-29,-0.0010814621039775152
1992-07-30,0.001573815949460533
1992-07-31,-0.0018692213294712046
1992-08-03,0.0019452375446704418
1992-08-04,0.0004123860464334772
1992-08-05,0.0008058590861310222
1992-08-06,0.00016382833655811946
1992-08-07,0.0010385638736149893
1992-08-10,-3.457844276982813e-05
1992-08-11,0.0009801953465689516
1992-08-12,0.00010353832442540623
1992-08-13,-1.7213071229604805e-05
1992-08-14,-0.0009541120956301552
1992-08-17,0.001803366236479853
1992-08-18,0.0031517232122054094
1992-08-19,-0.0011424317011024866
1992-08-20,-0.0005515921008536484
1992-08-21,-0.0005877105880119082
1992-08-24,0.0014703583450596358
1992-08-25,-0.0018580354549615984
1992-08-26,-0.001195599519270446
1992-08-27,0.0007814674972626889
1992-08-28,-0.0019410588297248455
1992-08-31,0.0010183168890823436
1992-09-01,0.001010187472767854
1992-09-02,0.00156786517426159
1992-09-03,0.0010929759231239234
1992-09-04,-0.0001351067841625253
1992-09-08,0.005502908359873926
1992-09-09,-0.001957474848599994
1992-09-10,0.0005840979427352899
1992-09-11,0.0008698612661322159
1992-09-14,0.0019394703969923932
1992-09-15,-0.00014698603402296117
1992-09-16,0.0034167467062755086
1992-09-17,0.001617207901494133
1992-09-18,0.004328774511235251
1992-09-21,-0.000238904696953246
1992-09-22,0.0022159436994541757
1992-09-23,-0.003563856097653401
1992-09-24,0.0026880156859280134
1992-09-25,-0.0007283847726078374
1992-09-28,-0.004621695704156431
1992-09-29,0.002996911395004276
1992-09-30,-0.0002030553586502226
1992-10-01,0.0034178076757603593
1992-10-02,-0.002829072439278618
1992-10-05,0.0002712309642786626
1992-10-06,-0.0001608140147717929
1992-10-07,-0.0017038279070452245
1992-10-08,0.001443413513866565
1992-10-09,0.005586683083726207
1992-10-12,0.0006073700479428346
1992-10-13,-9.984535755205303e-05
1992-10-14,0.0022720419963440817
1992-10-15,0.00022720658529430394
1992-10-16,-0.001007155619548411
1992-10-19,0.0012413682741234723
1992-10-20,0.0025319743087719782
1992-10-21,0.0010314089128953042
1992-10-22,0.0016258002395550032
1992-10-23,-0.0016688162238973681
1992-10-26,0.0030857460191301422
1992-10-27,-0.0024556285115508334
1992-10-28,0.0016652820491466435
1992-10-29,-0.0001996039311226272
1992-10-30,-0.0003395445811829878
1992-11-02,-0.002095285462813917
1992-11-03,0.0023549842072636217
1992-11-04,-0.0006844584007234588
1992-11-05,0.0011288303342303462
1992-11-06,0.005897910239096954
1992-11-09,-0.002634239123500004
1992-11-10,0.00030877688465283935
1992-11-11,-0.0010230768179284755
1992-11-12,-0.003443532524715032
1992-11-13,-0.002860947764361521
1992-11-16,0.001271393652614744
1992-11-17,-2.4736881437215085e-05
1992-11-18,0.0025681011098812267
1992-11-19,-0.0012635996882945477
1992-11-20,2.0336490824013343e-05
1992-11-23,-0.002758055417275457
1992-11-24,-0.0017534391468334242
1992-11-25,-0.00250369542734441
1992-11-27,0.00021367998722989778
1992-11-30,-0.0022699924772850546
1992-12-01,0.0018263613117836587
1992-12-02,0.0005697163051052168
1992-12-03,0.0014989650209562499
1992-12-04,0.0014613620114278581
1992-12-07,-0.001534656693865405
1992-12-08,0.00258377428514322
1992-12-09,0.0005931530350763436
1992-12-10,0.005112012585095682
1992-12-11,-0.0012954776207002305
1992-12-14,0.0009402947320144073
1992-12-15,-0.0014140790470032639
1992-12-16,6.974877892990117e-05
1992-12-17,0.0007145508252402843
1992-12-18,-0.0017782105986695607
1992-12-21,0.0021104549742841593
1992-12-22,0.003636561007058603
1992-12-23,-0.0006563822756517346
1992-12-24,-0.0023096302106839104
1992-12-28,-0.00021126361253650527
1992-12-29,0.0034919593001402514
1992-12-30,-0.0011500907072702904
1992-12-31,0.002422590358479593
1993-01-04,-0.0025038677150011736
1993-01-05,0.0
1993-01-06,0.00022276772398232002
1993-01-07,5.549336274951467e-06
1993-01-08,2.379634105720285e-06
1993-01-11,0.0022267471404948725
1993-01-12,9.964993919464592e-06
1993-01-13,0.0004790787027175003
1993-01-14,-0.0003231619338937786
1993-01-15,0.00038331478614997416
1993-01-18,-1.7623770115715588e-06
1993-01-19,0.0004517214087993382
1993-01-20,0.0014034353079174998
1993-01-21,0.0004153820212576986
1993-01-22,0.0004844158055098857
1993-01-25,0.0007141303293309364
1993-01-26,8.395128056963852e-05
1993-01-27,-0.0008408390779191033
1993-01-28,0.001209734330554757
1993-01-29,0.00028594183994862243
1993-02-01,0.001901279229006969
1993-02-02,-0.0010393990688975841
1993-02-03,0.00037456892900932794
1993-02-04,-0.0009913686509387064
1993-02-05,0.0030776987288548495
1993-02-08,-0.0015763674519755299
1993-02-09,-0.000608712866124883
1993-02-10,0.001258726933544202
1993-02-11,0.0016778698666224333
1993-02-12,0.0020644280592846454
1993-02-16,-0.00016415184940300477
1993-02-17,-0.0025905394706338845
1993-02-18,0.0036234857222468666
1993-02-19,0.00021556196340396516
1993-02-22,-0.004649382066249963
1993-02-23,0.0027890872420130107
1993-02-24,2.9619858591306558e-05
1993-02-25,0.001067152543988059
1993-02-26,0.00048089452754526143
1993-03-01,-0.0005850617376236989
1993-03-02,0.0006215791713334084
1993-03-03,0.0003238169322940743
1993-03-04,0.002297688376201068
1993-03-05,0.0001268346630821593
1993-03-08,-0.002017328796731921
1993-03-09,0.0005446272351705917
1993-03-10,0.0049127733959255515
1993-03-11,0.001259537251925863
1993-03-12,-0.001617920228789299
1993-03-15,-0.0024364873694859624
1993-03-16,-0.0014054521401407505
1993-03-17,0.002299193059797289
1993-03-18,-0.003089485674003534
1993-03-19,0.0036961525150954687
1993-03-22,-0.001134475051095829
1993-03-23,-0.00034021232688206113
1993-03-24,-0.0009804869579327635
1993-03-25,0.00035805678348732606
1993-03-26,-0.002284196734971533
1993-03-29,-0.0008649936452538642
1993-03-30,0.0009121614601944661
1993-03-31,-0.002325161361696104
1993-04-01,0.0014746528025860294
1993-04-02,0.0013812128752026698
1993-04-05,0.0011917736703866422
1993-04-06,-0.0012146626620196666
1993-04-07,-0.001801428774828967
1993-04-08,-0.0004889395440888066
1993-04-12,-0.003214343974427147
1993-04-13,-0.00037893450918993765
1993-04-14,0.002380890388206919
1993-04-15,-0.00033622913980054235
1993-04-16,-0.000689364984759383
1993-04-19,-0.0009730705733541345
1993-04-20,-1.4703919419822853e-05
1993-04-21,-0.00011618063479043594
1993-04-22,0.006576133883856039
1993-04-23,-0.004392436175910263
1993-04-26,-0.001765580009573653
1993-04-27,-0.00249773983042611
1993-04-28,0.003927800736415915
1993-04-29,-0.002548076828295892
1993-04-30,-0.001474402530615465
1993-05-03,-0.0002406468210490731
1993-05-04,0.0042952620934591955
1993-05-05,0.001954987147384085
1993-05-06,0.0028615285401580926
1993-05-07,0.0007002450928455639
1993-05-10,-0.00011797114807445275
1993-05-11,0.0004948907978798489
1993-05-12,0.0003187171444429482
1993-05-13,0.0015072230818492017
1993-05-14,-0.004688251277159333
1993-05-17,-0.00025859605640125014
1993-05-18,0.001107443485253734
1993-05-19,-0.0011778570977128866
1993-05-20,0.0007387873441877524
1993-05-21,-0.0004680869942886967
1993-05-24,0.0004379054184552644
1993-05-25,0.0023918862857203625
1993-05-26,-0.004850388519844212
1993-05-27,0.003364560048219828
1993-05-28,-0.002852111579447536
1993-06-01,0.0016081055313562187
1993-06-02,0.0013438832915171396
1993-06-03,0.0022681740236768833
1993-06-04,-0.0018214432883120913
1993-06-07,-0.0007046601685560316
1993-06-08,0.003442268611904703
1993-06-09,0.0006722472468421003
1993-06-10,-0.0012863740626787856
1993-06-11,0.001268423244382344
1993-06-14,0.0002646250613807799
1993-06-15,0.0016917062935057903
1993-06-16,-0.0008890618040409915
1993-06-17,0.00045751091631082155
1993-06-18,0.0013084988045354129
1993-06-21,-0.0009237057530371795
1993-06-22,0.0005911395146945886
1993-06-23,0.0005651789985324507
1993-06-24,5.061223211669241e-05
1993-06-25,7.877258953163935e-05
1993-06-28,-0.0005170075235442773
1993-06-29,-0.0005619262731138663
1993-06-30,-0.006014964126911893
1993-07-01,0.0
1993-07-02,0.0004240439729450374
1993-07-06,-0.00017984270751798538
1993-07-07,0.00031363874363583567
1993-07-08,0.0006783588368319438
1993-07-09,0.0004638756609234351
1993-07-12,-0.0016404986282056
1993-07-13,-0.0006667444900763265
1993-07-14,-0.000625338360722516
1993-07-15,-0.002488868329468541
1993-07-16,-0.0017097960303307624
1993-07-19,-0.0002202443365946105
1993-07-20,0.000503017294866398
1993-07-21,5.6564898966815494e-05
1993-07-22,0.002444961429631842
1993-07-23,0.00014434247906759402
1993-07-26,-0.0009469938252889498
1993-07-27,0.0025984476659550726
1993-07-28,0.00024022352826330028
1993-07-29,0.0018740357421217825
1993-07-30,0.0018376295118224472
1993-08-02,0.00023484123580975736
1993-08-03,-0.001621975249922536
1993-08-04,-0.00032312391578905866
1993-08-05,-0.0028286022615941044
1993-08-06,0.0008818447628357428
1993-08-09,0.003953105376562449
1993-08-10,0.00014974692790091227
1993-08-11,-0.00350060210029276
1993-08-12,0.0018062979647438305
1993-08-13,0.0025239067475060885
1993-08-16,-0.001018875300641281
1993-08-17,0.0005986808265151077
1993-08-18,-0.0021643348085632398
1993-08-19,-0.001991771020590727
1993-08-20,-0.0012137235231125976
1993-08-23,-0.0005007619157499143
1993-08-24,0.0010503656426505247
1993-08-25,0.00011807227111249041
1993-08-26,0.0037406662250225654
1993-08-27,-0.001495804699069636
1993-08-30,-0.00016322247716018534
1993-08-31,-0.0003481011965162817
1993-09-01,0.0015172831083126003
1993-09-02,0.0006454979071039146
1993-09-03,-0.002356707735693775
1993-09-07,0.0005884754912217072
1993-09-08,-4.359816818769735e-05
1993-09-09,-0.00113090848506478
1993-09-10,-0.004370279109192665
1993-09-13,0.0010117683286348766
1993-09-14,0.0033721586796094326
1993-09-15,-0.0017452746065275526
1993-09-16,0.00012635513053804726
1993-09-17,-0.0008603266593907643
1993-09-20,-0.0010393619032858126
1993-09-21,0.001541690341477464
1993-09-22,-0.0006351209838706573
1993-09-23,-0.002476836086655865
1993-09-24,-0.00029329094973152837
1993-09-27,-0.0007434874675852577
1993-09-28,0.0006504392164263684
1993-09-29,0.0009894019360839501
1993-09-30,0.0006992299861521278
1993-10-01,-0.001034253337751867
1993-10-04,-0.00025482704734071105
1993-10-05,-0.0014649367527214074
1993-10-06,-0.002519406999962248
1993-10-07,0.0027841102990408596
1993-10-08,-0.0038268229711750255
1993-10-11,0.0027862254393107634
1993-10-12,-0.004022018131838173
1993-10-13,0.00027790809655145465
1993-10-14,-0.0009251725405480693
1993-10-15,-0.00013574565068930067
1993-10-18,-0.005226669238478509
1993-10-19,-0.00038161186908959864
1993-10-20,0.002823380270151288
1993-10-21,0.00024647766042849574
1993-10-22,0.005755951814441457
1993-10-25,-0.003625308501370905
1993-10-26,-0.005662892579828377
1993-10-27,6.066153596979706e-05
1993-10-28,-0.0010654211340789532
1993-10-29,0.0016249248343080335
1993-11-01,0.000690522780193803
1993-11-02,-0.0007035282289085731
1993-11-03,0.00013281058509564402
1993-11-04,-0.002583016822357531
1993-11-05,0.0018160324985042665
1993-11-08,-0.0002592668280087196
1993-11-09,-0.00122019831152686
1993-11-10,-0.0024587822084211454
1993-11-11,0.0026832260009441557
1993-11-12,-0.0022266687083583813
1993-11-15,-0.002220606104286799
1993-11-16,0.0017052798613718667
1993-11-17,-0.0010130432354979236
1993-11-18,-0.002195220703365669
1993-11-19,-0.0006633259950392323
1993-11-22,0.0016451302758984155
1993-11-23,0.003956917031124834
1993-11-24,0.0009553517670630674
1993-11-26,0.0020452227591076398
1993-11-29,0.0022541042018416114
1993-11-30,-0.005273685193244032
1993-12-01,0.002365154797071334
1993-12-02,-0.0019801864272789627
1993-12-03,0.0007154989367319398
1993-12-06,-0.0030587000843686485
1993-12-07,0.001384357946931486
1993-12-08,0.00397679203293797
1993-12-09,0.00011610451352676576
1993-12-10,-9.953928547787316e-05
1993-12-13,-2.1847072039643534e-05
1993-12-14,-0.0021416868490484464
1993-12-15,0.002330974615957981
1993-12-16,-0.00013795050193000647
1993-12-17,-0.002387596051411234
1993-12-20,0.0010261437220610349
1993-12-21,0.00013853195452824817
1993-12-22,-9.046106722566117e-05
1993-12-23,-0.0003466110144060508
1993-12-27,-0.0032956986080374616
1993-12-28,-0.0002545736303634527
1993-12-29,-0.003041728024358303
1993-12-30,9.427975791810872e-05
1993-12-31,0.00414602189963661
1994-01-03,0.0
1994-01-04,0.00034382345878943845
1994-01-05,0.002559282482593844
1994-01-06,0.0028968569856733517
1994-01-07,-0.0008035409826891382
1994-01-10,-0.004325805809885874
1994-01-11,0.004689095193941661
1994-01-12,-0.0011185851499269262
1994-01-13,0.0021798444711126075
1994-01-14,-0.0005018304906842074
1994-01-17,0.0012000418535572266
1994-01-18,-0.0033802665410858747
1994-01-19,0.0006653378109118258
1994-01-20,0.0018816350222640387
1994-01-21,0.0011220871809376864
1994-01-24,-0.0003722557320913145
1994-01-25,0.0007325888954165082
1994-01-26,0.0035324409603458397
1994-01-27,-0.0038295726430005337
1994-01-28,0.000494510387567948
1994-01-31,-0.001997587251860361
1994-02-01,0.001743370882373535
1994-02-02,0.001832862955386011
1994-02-03,0.001533772842773684
1994-02-04,-0.004712149790130404
1994-02-07,0.00465252782683725
1994-02-08,0.0005907673708132943
1994-02-09,-0.0007209920746217569
1994-02-10,0.0038126835835604
1994-02-11,0.0017151149741107875
1994-02-14,-0.0030417049550746865
1994-02-15,-0.002823542963360015
1994-02-16,0.0028234841670962407
1994-02-17,0.002781298749758132
1994-02-18,0.004155004047134048
1994-02-22,0.0004578349061485798
1994-02-23,-0.0012830997677060584
1994-02-24,0.0011849838575658743
1994-02-25,0.002004232975405368
1994-02-28,-0.004252717162648067
1994-03-01,-0.0004030690956694616
1994-03-02,0.0016294201072547753
1994-03-03,-0.0018987665762784877
1994-03-04,-0.0024103868590472145
1994-03-07,0.0009362331015872582
1994-03-08,0.0002670923194850683
1994-03-09,0.0013138860672216978
1994-03-10,0.0009529128352162742
1994-03-11,-0.0038508238637667723
1994-03-14,-3.281820438783001e-05
1994-03-15,0.0022529208853974024
1994-03-16,-0.001485770820074489
1994-03-17,0.0006645545954335863
1994-03-18,0.0031743197185409356
1994-03-21,-0.003221863457267116
1994-03-22,0.0026983525157602386
1994-03-23,-0.0013374345874989035
1994-03-24,0.001389971999220796
1994-03-25,0.002463771553129407
1994-03-28,-0.0013129611376632155
1994-03-29,0.003955159619239668
1994-03-30,-9.454864959979048e-05
1994-03-31,-6.089338470294247e-07
1994-04-04,0.00038814104811895066
1994-04-05,0.0021603731569211026
1994-04-06,-0.0006200430380423727
1994-04-07,0.000524804903140208
1994-04-08,0.00033588286281812095
1994-04-11,0.0019954515380155246
1994-04-12,0.0004072686557118732
1994-04-13,0.0032021802448651826
1994-04-14,-0.0026810721885750345
1994-04-15,0.000505704614292607
1994-04-18,0.00016169375456376311
1994-04-19,0.0012706976009052352
1994-04-20,-0.0017258856260902178
1994-04-21,0.0015891818453810601
1994-04-22,0.002495004870099643
1994-04-25,0.001581063117753606
1994-04-26,0.0003945728170525409
1994-04-28,0.0027194211752930297
1994-04-29,-0.004284381644502289
1994-05-02,0.0009667154302094638
1994-05-03,-0.00296466589587534
1994-05-04,0.0015295637612662393
1994-05-05,0.0015780577123404639
1994-05-06,0.0033153626162745974
1994-05-09,-0.003607867082812516
1994-05-10,-0.0021661881401226326
1994-05-11,0.0032737558662050193
1994-05-12,0.0012805663277678236
1994-05-13,0.004012615958227434
1994-05-16,-0.006813029718599162
1994-05-17,-0.0028364228241532395
1994-05-18,0.0008665132031741019
1994-05-19,0.0023190584773659984
1994-05-20,-0.0011078475332307435
1994-05-23,-0.0005751833038491694
1994-05-24,0.00047780061992584445
1994-05-25,-0.0022684435275379887
1994-05-26,0.00023331861887906924
1994-05-27,-0.0011136054682416296
1994-05-31,0.0004260872248035563
1994-06-01,0.002225222845147201
1994-06-02,-0.0005068486451292098
1994-06-03,0.008287223621662631
1994-06-06,0.0010251816833500072
1994-06-07,-0.0050052218677206824
1994-06-08,0.002260882946087184
1994-06-09,0.0033214438211393526
1994-06-10,-0.0010770110123763832
1994-06-13,-0.00014077633088975804
1994-06-14,-0.0020788314404285857
1994-06-15,-0.00015525307139302447
1994-06-16,-0.0028983855603029298
1994-06-17,-0.0019277475588493132
1994-06-20,-0.000283129818508121
1994-06-21,-0.0014211553610228912
1994-06-22,-0.0012685242831371845
1994-06-23,-0.0008988398704920464
1994-06-24,-0.00337336615145587
1994-06-27,0.004697583602685606
1994-06-28,0.0003890110452133999
1994-06-29,9.079210707294005e-05
1994-06-30,0.0006014696221951499
1994-07-01,0.0
1994-07-05,0.0017999324654392578
1994-07-06,0.0006930825943945118
1994-07-07,0.002108250295350006
1994-07-08,0.0034877101704357816
1994-07-11,-0.0006023750407917972
1994-07-12,-0.0027621013637617042
1994-07-13,-0.00030396572793619516
1994-07-14,0.0011444571444810148
1994-07-15,0.0016102823423203405
1994-07-18,-0.0004933459450602084
1994-07-19,0.0006188952416674276
1994-07-20,-0.0006646265305823351
1994-07-21,0.000640705714575529
1994-07-22,-0.0020661507218883712
1994-07-25,0.001457043281933973
1994-07-26,-0.0013540867702411697
1994-07-27,-0.0003411259559107205
1994-07-28,-0.0008158531625201748
1994-07-29,-0.0011167231046268378
1994-08-01,0.0015391668616810627
1994-08-02,-0.0015113740834489186
1994-08-03,0.003428463301691964
1994-08-04,0.0001748781697586632
1994-08-05,0.0016442277062386768
1994-08-08,-0.005743791196734543
1994-08-09,0.00021247330634584504
1994-08-10,-0.000657445597688705
1994-08-11,0.00047928140369584706
1994-08-12,-0.0012870038807393847
1994-08-15,0.002040865555694804
1994-08-16,-0.0016738598729157505
1994-08-17,0.0007388785191946079
1994-08-18,0.0004096135688719749
1994-08-19,0.00019666529179225843
1994-08-22,0.0009753862409525249
1994-08-23,6.319099481917334e-05
1994-08-24,-0.0008446369483341043
1994-08-25,-0.0015858157653532046
1994-08-26,0.0024218620640572065
1994-08-29,0.001328550110459187
1994-08-30,0.001630679370897875
1994-08-31,-0.0021982880973581477
1994-09-01,-0.0031033929456312226
1994-09-02,0.0026013477155677313
1994-09-06,-0.0007146654595192037
1994-09-07,-0.0023818587371896406
1994-09-08,0.00038215038209268306
1994-09-09,-0.0028362629654851146
1994-09-12,-0.00024721330010534783
1994-09-13,0.0004236800626547299
1994-09-14,0.0011598333195490362
1994-09-15,4.438219203067861e-05
1994-09-16,0.00047604823301249376
1994-09-19,0.0020878091789375943
1994-09-20,-0.0033153875337734507
1994-09-21,-0.003564675439539744
1994-09-22,0.0017674260639385542
1994-09-23,0.002895797071032663
1994-09-26,-0.00020803542514664098
1994-09-27,0.0022730800052396306
1994-09-28,0.001974715882822509
1994-09-29,0.0013030175369153074
1994-09-30,-0.004168971603260829
1994-10-03,-0.0019068223885599534
1994-10-04,-0.0036718864983769084
1994-10-05,0.002770433391296695
1994-10-06,0.005669665950464159
1994-10-07,0.007814809587932514
1994-10-10,-0.0016231136853501415
1994-10-11,0.004534821717992554
1994-10-12,-0.00011959693506823909
1994-10-13,0.0015641130019060812
1994-10-14,-0.001924059755440083
1994-10-17,0.004078511433447169
1994-10-18,-0.0033130834526253704
1994-10-19,-0.0001868404975041038
1994-10-20,0.0033559610275208708
1994-10-21,-0.00234547273947362
1994-10-24,-0.003055581702800242
1994-10-25,0.006792364912644166
1994-10-26,-0.0039010014018756476
1994-10-27,0.00010064810744895292
1994-10-28,-0.004085158593127247
1994-10-31,-0.0016129546277693473
1994-11-01,0.002197657276798648
1994-11-02,0.00043464702033474965
1994-11-03,-0.0006379838789554393
1994-11-04,0.002694775184295056
1994-11-07,-0.0027254181664495723
1994-11-08,-0.0020376771168044206
1994-11-09,0.002371486862761418
1994-11-10,-0.0040400578809627
1994-11-11,0.00020563728533743442
1994-11-14,0.0003692562640195352
1994-11-15,-0.00014594015070816812
1994-11-16,-0.001435775672206402
1994-11-17,0.0024406900358055596
1994-11-18,0.002483685344510822
1994-11-21,-0.003338716365160782
1994-11-22,-0.0010196469321719858
1994-11-23,-0.0010008254068364585
1994-11-25,0.0024316236631868825
1994-11-28,-0.002641528945321425
1994-11-29,-0.0023833365472086033
1994-11-30,-0.0007450619695351324
1994-12-01,0.002075200299753832
1994-12-02,-0.0009361661382083552
1994-12-05,-0.002082906485659758
1994-12-06,-0.0019115577980861498
1994-12-07,-0.001336651796951377
1994-12-08,6.012394211661887e-05
1994-12-09,-0.00015111455885238878
1994-12-12,0.00279946048336146
1994-12-13,0.004252419426213622
1994-12-14,0.0013044750885895407
1994-12-15,0.005305653393739657
1994-12-16,0.0011086054711359982
1994-12-19,0.0004996846147101996
1994-12-20,0.0030864848831313072
1994-12-21,-0.0042717808359542695
1994-12-22,0.004621640437151209
1994-12-23,-0.0007020177794011317
1994-12-27,-0.0005426951488208265
1994-12-28,3.6966563571005914e-05
1994-12-29,0.0013581582264594661
1994-12-30,0.0010051815833373168
1995-01-03,0.0
1995-01-04,-0.001378513490397959
1995-01-05,0.0009132708447474713
1995-01-06,0.0004578391612601818
1995-01-09,-0.00032245958429560906
1995-01-10,-0.0003832810942202669
1995-01-11,0.002588015787422293
1995-01-12,-0.0009898420945382402
1995-01-13,-0.0011069497434789855
1995-01-16,0.0003872028134075889
1995-01-17,0.0003234471702864006
1995-01-18,-0.0009297485151698315
1995-01-19,0.00041666176923129127
1995-01-20,2.5258620484575058e-05
1995-01-23,0.0004963198570753169
1995-01-24,0.0016193645144943424
1995-01-25,-0.0007291958010657351
1995-01-26,-0.0033199405657508008
1995-01-27,0.0004102683035190069
1995-01-30,0.0007762539478979313
1995-01-31,-0.001389153071961191
1995-02-01,0.0003820963433985358
1995-02-02,-0.0009586413294694618
1995-02-03,0.0005515231641611939
1995-02-06,-0.0004518079269398123
1995-02-07,0.0016986558588880708
1995-02-08,-0.00023990224698574035
1995-02-09,0.003118319147467463
1995-02-10,-0.002834672295769891
1995-02-13,0.0006574147511504813
1995-02-14,0.0028108338941442825
1995-02-15,8.710675209112063e-05
1995-02-16,-0.00010827262215855616
1995-02-17,0.0009128146498847578
1995-02-21,0.0008525959400616234
1995-02-22,-0.00020046729507547934
1995-02-23,0.0004585255729721016
1995-02-24,0.00011904282389401111
1995-02-27,0.002171720490105905
1995-02-28,-0.0017204582334051533
1995-03-01,0.004350778203243438
1995-03-02,0.0005684642823888586
1995-03-03,0.0014605633265541151
1995-03-06,-0.0007211973219220624
1995-03-07,9.805225865258115e-05
1995-03-08,0.0016961059247270816
1995-03-09,-0.0007159790679002076
1995-03-10,-0.002491879167840805
1995-03-13,0.004599489375992227
1995-03-14,0.003826447591075971
1995-03-15,-0.00026396231000747614
1995-03-16,0.004710174740148082
1995-03-17,0.000429319335610856
1995-03-20,0.002592891714411294
1995-03-21,-0.0034121881659942566
1995-03-22,-0.0008884645617660836
1995-03-23,-0.0014016021814147682
1995-03-24,-0.00022417809893344743
1995-03-27,0.0007000751887525636
1995-03-28,0.0006358903338539223
1995-03-29,-0.001320331492796628
1995-03-30,-0.0008947722409776926
1995-03-31,0.0002636214102761603
1995-04-03,0.0021825145827929606
1995-04-04,0.002694048774564517
1995-04-05,-0.003802530439079904
1995-04-06,0.0010217701476727624
1995-04-07,-0.0018871680240667543
1995-04-10,-0.0020612120074261333
1995-04-11,0.0020471417856606443
1995-04-12,-0.0002508827721676932
1995-04-13,0.0022358601391951117
1995-04-17,0.0018469109874355628
1995-04-18,-0.0009290037529683492
1995-04-19,-0.0021657801452158567
1995-04-20,0.0028557621631007113
1995-04-21,0.0019410772643523866
1995-04-24,1.1455399391652188e-05
1995-04-25,0.0001733772083795493
1995-04-26,0.0007228444587399463
1995-04-27,-0.00013042081527230297
1995-04-28,0.0010763369009662237
1995-05-01,-0.001802378531700316
1995-05-02,0.0024639815109004926
1995-05-03,0.0031598625646709457
1995-05-04,-2.488945856769509e-05
1995-05-05,-0.0006636954792339722
1995-05-08,-0.0017770929024722992
1995-05-09,-0.0026805932442773963
1995-05-10,0.0026576569385859616
1995-05-11,-0.002313598887930374
1995-05-12,0.0008668705058691107
1995-05-15,-0.000630408767451579
1995-05-16,0.0046175048360114716
1995-05-17,0.0006509615731743301
1995-05-18,0.0024147594756796344
1995-05-19,-0.0004204687554225983
1995-05-22,-0.001337423484348943
1995-05-23,2.287312445175549e-05
1995-05-24,0.0013067701484317518
1995-05-25,-0.003357097866933201
1995-05-26,0.0057514725553337535
1995-05-30,-0.005072465282579519
1995-05-31,-0.001672902625976791
1995-06-01,0.000836734735265543
1995-06-02,0.0016921402986655233
1995-06-05,-0.003187095470041179
1995-06-06,0.0018030048354715279
1995-06-07,0.0037910470218816272
1995-06-08,-0.0014462641147335643
1995-06-09,0.0035681203167011897
1995-06-12,0.0007547104089734302
1995-06-13,-0.007582824591979348
1995-06-14,0.0003160218660213709
1995-06-15,0.0011496910838414086
1995-06-16,0.0011849681533073753
1995-06-19,0.0019130563603041162
1995-06-20,0.001168177574216217
1995-06-21,0.000192967771263608
1995-06-22,-0.0017102526836428433
1995-06-23,-0.0009366819043963081
1995-06-26,0.0008678527240129075
1995-06-27,0.0027232900818329906
1995-06-28,-0.004743501700678487
1995-06-29,0.002138200822100583
1995-06-30,-0.0012343865137118214
1995-07-03,0.0
1995-07-05,0.0014399031643023085
1995-07-06,-0.0007512495111131057
1995-07-07,0.0021669891367079863
1995-07-10,-0.0016348160547125234
1995-07-11,0.0018752639570314366
1995-07-12,-0.0008905923158486317
1995-07-13,0.0008646002026930389
1995-07-14,0.0005804916302428242
1995-07-17,0.001294567834456195
1995-07-18,-0.002884766708401204
1995-07-19,0.003692943701938833
1995-07-20,-0.0013794087744555372
1995-07-21,0.0008644127620802799
1995-07-24,-3.696381115301239e-05
1995-07-25,-0.0021832945670850813
1995-07-26,0.0024473893418930303
1995-07-27,-0.003362491930429695
1995-07-28,0.004027686438104272
1995-07-31,-0.0010910327827735767
1995-08-01,0.0004440680800056829
1995-08-02,0.0061273117887629125
1995-08-03,0.0032800337622737987
1995-08-04,-0.002597269060969054
1995-08-07,0.0011300582856614838
1995-08-08,0.000994630008200148
1995-08-09,-0.0007948599319080707
1995-08-10,0.0007509735245168237
1995-08-11,0.000769415257342726
1995-08-14,-0.003245819145417328
1995-08-15,-0.0015632042833889804
1995-08-16,0.0019642426615390563
1995-08-17,0.000862716636462757
1995-08-18,0.0010952977180393787
1995-08-21,0.001388323097062366
1995-08-22,-0.00037678220804129305
1995-08-23,-0.00037110107459189525
1995-08-24,0.00252288327714833
1995-08-25,0.00012278438665122015
1995-08-28,0.0016496781014478656
1995-08-29,-0.0009030641406957251
1995-08-30,-0.0009534755488917635
1995-08-31,0.0012293010268218107
1995-09-01,-0.002767667551170533
1995-09-05,0.0012507944326128006
1995-09-06,-0.0008514149094520195
1995-09-07,4.1590043563860533e-05
1995-09-08,-0.00020494586019847993
1995-09-11,-0.001087377129900896
1995-09-12,-0.00036867589531130454
1995-09-13,0.0007362610781345591
1995-09-14,-0.004306130967083016
1995-09-15,0.005630112686416361
1995-09-18,0.003514777994601309
1995-09-19,0.003184016456170441
1995-09-20,-0.0008175398709203086
1995-09-21,0.001120294196642313
1995-09-22,0.0013473782582898552
1995-09-25,-0.00035410419908341593
1995-09-26,-0.0014663229527188293
1995-09-27,0.003995860031240667
1995-09-28,0.00027721819114930323
1995-09-29,0.0012785012179182265
1995-10-02,0.0021954904787516772
1995-10-03,-0.0025354158212077815
1995-10-04,-0.00404499713749667
1995-10-05,-0.0012442035118601868
1995-10-06,-0.0027781391873758165
1995-10-09,0.0022363700492075865
1995-10-10,0.001292222775124574
1995-10-11,0.00037227887046056287
1995-10-12,0.0015014688830056078
1995-10-13,0.002648373017885175
1995-10-16,-0.004087942602044853
1995-10-17,0.0018264640248417453
1995-10-18,-0.010067615357772276
1995-10-19,-0.00047085953791221045
1995-10-20,0.003331299988356279
1995-10-23,-0.0008829408714198406
1995-10-24,-0.0014518067719113514
1995-10-25,0.004125980349549746
1995-10-26,0.004973921946212212
1995-10-27,-0.006279342560924739
1995-10-30,0.010007680515411755
1995-10-31,-0.0008479801625055183
1995-11-01,-0.004739310443371175
1995-11-02,-0.002913150021277017
1995-11-03,0.004447920735163419
1995-11-06,0.001460987677209713
1995-11-07,0.00296140724194639
1995-11-08,-0.0056429738643894774
1995-11-09,-0.002394725541207904
1995-11-10,-0.0013584551393820976
1995-11-13,0.001858145746874773
1995-11-14,0.008062439021817724
1995-11-15,-0.002715384406536542
1995-11-16,0.0014198829227536403
1995-11-17,0.002051735661673759
1995-11-20,0.00035398143315164
1995-11-21,-0.0016114486126214522
1995-11-22,-8.278086692524722e-05
1995-11-24,0.001793532916548618
1995-11-27,-0.0026629605842978022
1995-11-28,-0.001171240898572845
1995-11-29,0.003981295587470929
1995-11-30,-0.0024001540218897945
1995-12-01,-0.004653638224969026
1995-12-04,-0.0022805643143252617
1995-12-05,-0.005880388862921198
1995-12-06,0.0013122250819103342
1995-12-07,0.0015241964570512246
1995-12-08,-0.002349826295127716
1995-12-11,-0.001568459721112303
1995-12-12,3.8844883763633485e-05
1995-12-13,0.0033542034899991966
1995-12-14,0.001003948757844647
1995-12-15,0.002957346683649759
1995-12-18,0.004791624389499543
1995-12-19,-0.002541503860664568
1995-12-20,0.007008984828654197
1995-12-21,0.0009413313748737384
1995-12-22,-0.0016629140819167665
1995-12-26,-0.00019289653874059453
1995-12-27,0.001511042973694049
1995-12-28,-0.004387371980629379
1995-12-29,0.0036353339461353664
1996-01-02,0.0
1996-01-03,-0.0007049198274910684
1996-01-04,-0.0006150659180118534
1996-01-05,0.0016932565637806096
1996-01-08,-0.0006880064744427594
1996-01-09,0.0009358865525583571
1996-01-10,0.0002787801931768641
1996-01-11,0.002523406323202215
1996-01-12,0.000756284588264805
1996-01-15,0.0015567135346327588
1996-01-16,-0.004832371424987769
1996-01-17,0.00039380585894660536
1996-01-18,0.0009395811143606825
1996-01-19,0.0028561732908745975
1996-01-22,-0.0016437704313486622
1996-01-23,0.00270568622031902
1996-01-24,0.004535904226304616
1996-01-25,-0.001268370146499004
1996-01-26,0.001437271411981461
1996-01-29,0.002289678462159478
1996-01-30,-0.001747779376648051
1996-01-31,0.002074612382093505
1996-02-01,0.0013139724162220534
1996-02-02,-0.0025167073016231388
1996-02-05,0.0016952370234878111
1996-02-06,0.0020411717145955134
1996-02-07,-0.003447254776946873
1996-02-08,-0.0012758810625844053
1996-02-09,0.0011934124132996604
1996-02-12,-0.0002160995578044833
1996-02-13,0.000768395704914282
1996-02-14,-0.002984970521992247
1996-02-15,7.162663484125976e-05
1996-02-16,0.0015597512645552035
1996-02-20,-0.0002458409529993877
1996-02-21,-0.0007959193127292874
1996-02-22,-0.002845801812051879
1996-02-23,-0.0005543076364622757
1996-02-26,-0.004192487919875976
1996-02-27,0.0012309369572638229
1996-02-28,-0.0007316551801924808
1996-02-29,0.003581330438582814
1996-03-01,0.0005941883760448685
1996-03-04,-0.0018049909002059328
1996-03-05,0.004046709028991724
1996-03-06,-0.003933921699461107
1996-03-07,-0.0008995177963315726
1996-03-08,0.0011272107151159283
1996-03-11,0.0017161033814059312
1996-03-12,0.0005041562415347922
1996-03-13,0.0003301259518519728
1996-03-14,-0.0030764902650282588
1996-03-15,0.0025466608052942597
1996-03-18,-0.00027624326046549186
1996-03-19,0.00384085350196271
1996-03-20,-0.0022450986528538054
1996-03-21,-0.001476545593194989
1996-03-22,-0.0013057041854079132
1996-03-25,-1.7075986745490602e-05
1996-03-26,0.0028696710131659252
1996-03-27,0.005313207470762205
1996-03-28,-0.0002832645685979129
1996-03-29,-0.0023992587308037327
1996-04-01,0.001012223838661036
1996-04-02,0.00337263923354425
1996-04-03,-0.003390422816469152
1996-04-04,0.001117525628340227
1996-04-08,0.0031247844839301154
1996-04-09,0.003550428396959182
1996-04-10,0.003085745735804246
1996-04-11,0.0016406272301078052
1996-04-12,-0.00034783745441560046
1996-04-15,-0.0009437759223219544
1996-04-16,0.001987494399105688
1996-04-17,-0.0022953654288017876
1996-04-18,0.0017461621677200667
1996-04-19,0.001977442405756047
1996-04-22,0.0006760440249703292
1996-04-23,0.0002869636029109002
1996-04-24,0.0013962302472792676
1996-04-25,-0.0015766927176024902
1996-04-26,0.00019854954936764367
1996-04-29,0.0011150779389754784
1996-04-30,-5.695430879653629e-05
1996-05-01,-0.000988432246375659
1996-05-02,0.0013685738936917158
1996-05-03,-0.002897988743119495
1996-05-06,0.004139489120985685
1996-05-07,0.001211861963658245
1996-05-08,-0.00015930602054159415
1996-05-09,0.004696561041589586
1996-05-10,0.003572808797197696
1996-05-13,0.00040285752599266144
1996-05-14,0.0038833482353534065
1996-05-15,-0.0009044709909092841
1996-05-16,-0.0013271850409844244
1996-05-17,0.0021272240929304854
1996-05-20,0.0015757034868181974
1996-05-21,0.0015620333363715322
1996-05-22,-0.0014355022985862553
1996-05-23,-0.001987374430780925
1996-05-24,0.0015668120901941973
1996-05-28,0.0009607685653835796
1996-05-29,-0.0011958938163988075
1996-05-30,0.0014243164238415484
1996-05-31,0.0015508195064390605
1996-06-03,-0.00016852229252574126
1996-06-04,0.0006032013126096858
1996-06-05,0.0009588926286573762
1996-06-06,-0.0008123374985383958
1996-06-07,0.0016551884359182866
1996-06-10,-0.0017135611030511088
1996-06-11,-7.355564478426225e-05
1996-06-12,0.0015621398288473086
1996-06-13,0.0008798459545463321
1996-06-14,0.002853381234487168
1996-06-17,0.001445055879840207
1996-06-18,-0.0019541540782271882
1996-06-19,0.0006241908153323428
1996-06-20,0.0006938909110475788
1996-06-21,0.0006248894535118177
1996-06-24,0.0012020470908929658
1996-06-25,0.001970517032450303
1996-06-26,-0.0009499776448365638
1996-06-27,-0.0006494540675743621
1996-06-28,0.006072032882294904
1996-07-01,0.0
1996-07-02,0.0012003254610428843
1996-07-03,0.000765878061264269
1996-07-05,-0.004749783649864874
1996-07-08,0.006590932899301168
1996-07-09,0.0003169499375587666
1996-07-10,-0.003936472104221404
1996-07-11,0.0008105314983308973
1996-07-12,0.0008732571007749922
1996-07-15,-0.002154450766474814
1996-07-16,0.0035418088492246732
1996-07-17,-0.0028273526378069617
1996-07-18,0.003263539685997843
1996-07-19,0.0010200399981403938
1996-07-22,0.0012913499485344676
1996-07-23,0.0011586002185667182
1996-07-24,0.003461269779689729
1996-07-25,-0.00040374826065709736
1996-07-26,0.0033473086063007134
1996-07-29,0.0026644769041317463
1996-07-30,-0.0003831628919123902
1996-07-31,0.0017832722408739812
1996-08-01,0.002324664227033912
1996-08-02,2.0401238483949263e-05
1996-08-05,0.0014654959629109303
1996-08-06,0.0004337637905092305
1996-08-07,0.0020325646529500622
1996-08-08,0.0019152461466252753
1996-08-09,-0.0006005169128693252
1996-08-12,0.00272351609821308
1996-08-13,0.00015555547101257124
1996-08-14,-0.0011252092689097116
1996-08-15,-0.0038077632773845997
1996-08-16,-0.003653411665946571
1996-08-19,0.004674634182737409
1996-08-20,-0.0021662079629582004
1996-08-21,0.0034867562925185768
1996-08-22,-0.00048261227968686936
1996-08-23,0.00028596905629995587
1996-08-26,-7.851708444960829e-06
1996-08-27,-0.0005956360735361759
1996-08-28,-0.0014718755127927378
1996-08-29,0.001163074644167679
1996-08-30,0.000597204762542284
1996-09-03,0.002985451099231242
1996-09-04,0.0008445093875093804
1996-09-05,-0.001084342444805118
1996-09-06,-0.001791959531890071
1996-09-09,0.0034049095382940055
1996-09-10,-0.0011171862900414917
1996-09-11,-0.0003902280347055467
1996-09-12,0.00034659270815079175
1996-09-13,0.000889673812533453
1996-09-16,0.0021674805494653324
1996-09-17,-0.0002936061880955439
1996-09-18,0.0006669069326650877
1996-09-19,0.0017189653115772952
1996-09-20,0.0020115928907919263
1996-09-23,0.002440988237179338
1996-09-24,0.002496438571473706
1996-09-25,-0.0037232863944559953
1996-09-26,0.002854137298051226
1996-09-27,-0.0010376588138422537
1996-09-30,-0.0029002380975709187
1996-10-01,0.002042455739910938
1996-10-02,-0.000929413360245534
1996-10-03,-9.369581033161358e-05
1996-10-04,-0.0006556906799273934
1996-10-07,0.0019049319538023573
1996-10-08,0.0030695557355987853
1996-10-09,0.003141471604910652
1996-10-10,-0.004025349112198995
1996-10-11,-0.0024045583840174183
1996-10-14,0.0018097094127452575
1996-10-15,0.00224571019508553
1996-10-16,0.002180400903374008
1996-10-17,-0.0031883838410962095
1996-10-18,0.004627936383525509
1996-10-21,0.0026152177091970374
1996-10-22,0.0013074361581977161
1996-10-23,-0.0011193054791980995
1996-10-24,0.00011199967206863472
1996-10-25,0.006624174683145485
1996-10-28,-0.008437845087365465
1996-10-29,-0.001360774545573274
1996-10-30,-0.005155738953645797
1996-10-31,-0.0021146191417268133
1996-11-01,-0.0013996438901230017
1996-11-04,0.0005897572775430097
1996-11-05,0.0005493594866212412
1996-11-06,0.0026576038861485986
1996-11-07,-0.0016128938885519846
1996-11-08,0.0013907789394408164
1996-11-11,-0.0003576393452330237
1996-11-12,0.0017718512913706495
1996-11-13,-0.00026822640535300267
1996-11-14,0.0013297375744073935
1996-11-15,-0.00366734635506485
1996-11-18,-0.0021664942698916834
1996-11-19,-0.002656210487114291
1996-11-20,-0.002033309447663369
1996-11-21,-0.0008698526003618756
1996-11-22,-0.0009058685172698086
1996-11-25,-3.320873512647818e-05
1996-11-26,0.003136228110617826
1996-11-27,0.003215647895551995
1996-11-29,0.002722224622721174
1996-12-02,-0.0027712614689557762
1996-12-03,-0.005441848127743854
1996-12-04,0.002987001622234373
1996-12-05,-0.0038554659880921487
1996-12-06,0.0005761066248186502
1996-12-09,-0.005270051024867381
1996-12-10,0.004545195910412627
1996-12-11,0.004089804967698361
1996-12-12,-0.0004470138433844899
1996-12-13,0.002459995253404819
1996-12-16,0.0027284109028972918
1996-12-17,-0.004440185059333769
1996-12-18,0.001180754088462679
1996-12-19,-0.003015074329958231
1996-12-20,0.006303217104938652
1996-12-23,0.0021461320015922812
1996-12-24,-0.003915622444725928
1996-12-26,-0.0011365237951270464
1996-12-27,0.0006291504216356468
1996-12-30,-0.0009751810734192418
1996-12-31,-0.000831509083542412
1997-01-02,0.0
1997-01-03,0.0
1997-01-06,0.001648583891340888
1997-01-07,0.0
1997-01-08,0.0
1997-01-09,0.0
1997-01-10,-0.0007861147517388478
1997-01-13,0.0023745996538969472
1997-01-14,0.0007400535761168059
1997-01-15,0.0016252888106042084
1997-01-16,-0.000454714006423268
1997-01-17,-0.0007981376787495664
1997-01-20,0.0012547730301349924
1997-01-21,-0.0006335691698611146
1997-01-22,0.0029945021186542796
1997-01-23,0.0003534505658620124
1997-01-24,-0.00015374056996352858
1997-01-27,-0.0005733579770256236
1997-01-28,0.0009929438476617535
1997-01-29,-3.5137740558188746e-05
1997-01-30,0.00010931061397651543
1997-01-31,0.000951401950862879
1997-02-03,-0.0009245616232231302
1997-02-04,-0.001194356630757415
1997-02-05,-0.0028999113885155247
1997-02-06,-0.0014266066935134992
1997-02-07,0.00168279638641346
1997-02-10,0.00426494767705482
1997-02-11,-0.0029768489358400207
1997-02-12,0.0035880881347585603
1997-02-13,0.0038540410093675427
1997-02-14,-0.0016595904954166407
1997-02-18,0.0016315539616922393
1997-02-19,-0.003098311996649916
1997-02-20,0.003854744722797998
1997-02-21,0.001711133532968112
1997-02-24,-0.002032778504319388
1997-02-25,0.0005297141061275268
1997-02-26,-0.00022734139285858767
1997-02-27,0.00215197104958324
1997-02-28,-0.0016880478803675547
1997-03-03,0.00188295148710248
1997-03-04,-7.608438836458342e-05
1997-03-05,-0.001122009942706692
1997-03-06,-0.00012535755356358203
1997-03-07,-0.0008592997535764035
1997-03-10,0.0013989025866785521
1997-03-11,-0.00032586947534701816
1997-03-12,-0.00047195436607886944
1997-03-13,-0.007159318384176721
1997-03-14,-0.0010920055173170907
1997-03-17,0.002496911497322152
1997-03-18,0.00044328852307998765
1997-03-19,-0.0026139033418040693
1997-03-20,0.0061614871233926114
1997-03-21,-0.002586855339801969
1997-03-24,0.0054031312621306395
1997-03-25,0.004215711045163234
1997-03-26,-0.0055209631692136555
1997-03-27,0.004377362445141281
1997-03-31,0.0006421726411915518
1997-04-01,-0.0016010689406930289
1997-04-02,0.0006513533145025341
1997-04-03,0.003187199891509296
1997-04-04,-0.0034255957832438344
1997-04-07,0.0005734391238146231
1997-04-08,0.0009862126387348402
1997-04-09,-0.0036124505840591514
1997-04-10,0.00021394285583327123
1997-04-11,-0.00013348604170111965
1997-04-14,0.0007429637714110593
1997-04-15,0.003150221723400287
1997-04-16,0.00014137242434300034
1997-04-17,0.004121713200927452
1997-04-18,-0.00305000605819028
1997-04-21,0.0005233482153877645
1997-04-22,0.002244714187988284
1997-04-23,0.0013405380322248583
1997-04-24,-0.0007050745054719365
1997-04-25,0.0006592495094311813
1997-04-28,0.0027941386476086683
1997-04-29,0.00441755853618373
1997-04-30,-0.004661721354273512
1997-05-01,0.00367850354076546
1997-05-02,0.002249280656558217
1997-05-05,0.0066913865482546965
1997-05-06,-0.0017843523398422434
1997-05-07,0.001264132627588832
1997-05-08,0.0003794166918465347
1997-05-09,-0.0018573711466321197
1997-05-12,-0.0017822933298982323
1997-05-13,0.0019695582180408013
1997-05-14,0.002039684109398382
1997-05-15,0.0036862657913014963
1997-05-16,-0.0017334845192220228
1997-05-19,0.002996974248633694
1997-05-20,-0.003817421845251695
1997-05-21,-0.0009718132386866308
1997-05-22,0.0013955294643757776
1997-05-23,-0.001973219082901034
1997-05-27,-0.001124131600405759
1997-05-28,0.0005467217923406653
1997-05-29,0.002272667708471121
1997-05-30,0.0021990354892032714
1997-06-02,0.0021389959867597953
1997-06-03,0.002636002399701032
1997-06-04,0.000705865643279352
1997-06-05,-0.001171850592382223
1997-06-06,0.003460997299235735
1997-06-09,0.007340838838421243
1997-06-10,-0.0020414583962605317
1997-06-11,-0.0040190780801079296
1997-06-12,-0.002093566715915052
1997-06-13,0.0074069630933721485
1997-06-16,-8.964517579565512e-05
1997-06-17,-0.0013916412151265488
1997-06-18,-0.00042628268323935956
1997-06-19,-0.0019255082074052742
1997-06-20,0.0008635786043049542
1997-06-23,0.0011916025072539582
1997-06-24,0.00019521396395781322
1997-06-25,0.0016062690742622455
1997-06-26,0.0014906024942175522
1997-06-27,-0.0029609752893340834
1997-06-30,-0.0008346029077765493
1997-07-01,0.0
1997-07-02,-0.0004851005717507129
1997-07-03,0.0010353664954897868
1997-07-07,0.002514208636856613
1997-07-08,-0.001056737277586095
1997-07-09,0.0019236490072824185
1997-07-10,-0.0025927606350175324
1997-07-11,0.0011975291748082928
1997-07-14,0.0012978323008369709
1997-07-15,0.0005932978209808703
1997-07-16,-0.0016636503201630127
1997-07-17,0.0023615589404516525
1997-07-18,0.0033948801555304165
1997-07-21,-0.0012738710815175468
1997-07-22,-0.0007432486392015769
1997-07-23,0.0027885043104939446
1997-07-24,-0.0011430480241970465
1997-07-25,0.0015421303180795764
1997-07-28,0.0010467602372285945
1997-07-29,0.0001154941631826667
1997-07-30,0.0007294257418022476
1997-07-31,-0.0010911352557937681
1997-08-01,0.0015206702049399723
1997-08-04,0.005810277472322117
1997-08-05,-0.0006450804388171638
1997-08-06,-0.00040837994011606594
1997-08-07,0.00035739771225795083
1997-08-08,0.003138540457054023
1997-08-11,-0.0015150690469062811
1997-08-12,-0.00046030622395123457
1997-08-13,0.0017927278324137929
1997-08-14,-0.00031541793863547606
1997-08-15,-0.0025239384550340576
1997-08-18,0.0011417536356413142
1997-08-19,-0.0004035037200932053
1997-08-20,-0.0007461728581470311
1997-08-21,0.0007626061972788939
1997-08-22,0.001862912753626974
1997-08-25,-0.0016411690614635806
1997-08-26,0.00035601180492273485
1997-08-27,-0.000686630221830254
1997-08-28,-0.0004215230375857792
1997-08-29,0.0012328686809303685
1997-09-02,-0.002599995159070337
1997-09-03,0.0003433858051168067
1997-09-04,0.0008859143343383371
1997-09-05,0.0014110323825072182
1997-09-08,-0.0023064622598829108
1997-09-09,0.002155931930283283
1997-09-10,0.0012008685282058136
1997-09-11,0.0009021580202349783
1997-09-12,-0.0005086031266265126
1997-09-15,0.0004840067314816986
1997-09-16,-0.0039763922099052
1997-09-17,0.0032855059792673267
1997-09-18,-0.0007445841983249163
1997-09-19,-1.1240184139186435e-05
1997-09-22,-0.0012440646564699904
1997-09-23,-0.0010064089368752903
1997-09-24,0.002316478571378195
1997-09-25,0.005368212140482658
1997-09-26,-0.0024719544273889412
1997-09-29,0.0012701151701882101
1997-09-30,0.0016314498810222622
1997-10-01,-0.0007905164739891417
1997-10-02,-0.0033065566083297446
1997-10-03,0.005112393090071621
1997-10-06,0.0005522325366495176
1997-10-07,0.0019346784042780316
1997-10-08,0.0018022210595622864
1997-10-09,0.0016621075583468019
1997-10-10,0.0016687617195499586
1997-10-13,0.0013439417502002914
1997-10-14,-0.0036034954269953986
1997-10-15,0.0023803724600591943
1997-10-16,-0.0017838788297929876
1997-10-17,-0.0008879829845187245
1997-10-20,0.0005402341054801266
1997-10-21,-6.702793359327306e-05
1997-10-22,-2.824959720547579e-05
1997-10-23,0.0004251493050957283
1997-10-24,-0.0011334267625460544
1997-10-27,-0.0008878374535255734
1997-10-28,0.00294568316159368
1997-10-29,0.004872340060481434
1997-10-30,0.0012607877691253571
1997-10-31,-0.0009331594010829555
1997-11-03,2.7983697086605242e-05
1997-11-04,-0.002347902624734482
1997-11-05,0.007412541545565506
1997-11-06,-0.002259900152099718
1997-11-07,-0.0016982546948117914
1997-11-10,0.0018615694401219872
1997-11-11,0.00038381358093915534
1997-11-12,-0.0005826619428193245
1997-11-13,0.002900479739981725
1997-11-14,0.0004909549762775672
1997-11-17,-0.0003568799180165663
1997-11-18,0.00031416460812756856
1997-11-19,-0.003159464896676085
1997-11-20,-0.0016141250408130648
1997-11-21,0.0068539045831102745
1997-11-24,-0.0006028535619931184
1997-11-25,-0.0027728907249525876
1997-11-26,0.0010004843140750499
1997-11-28,0.0006510779808891826
1997-12-01,0.0007410179192847027
1997-12-02,0.0005696806507408874
1997-12-03,8.994254576874965e-05
1997-12-04,-6.775786572555427e-05
1997-12-05,-1.5401287397923856e-06
1997-12-08,-0.0008018957487898954
1997-12-09,0.0003551059467876354
1997-12-10,-0.0003110671637162931
1997-12-11,0.001832105615532399
1997-12-12,-0.0030018511581171945
1997-12-15,-0.002137829572802134
1997-12-16,0.005691758814738479
1997-12-17,0.004925962173861782
1997-12-18,-0.000991754080947374
1997-12-19,-0.0007506281833289327
1997-12-22,0.0022966720474637313
1997-12-23,0.003935022945182191
1997-12-24,0.001100051394639242
1997-12-26,-0.0019369066292148863
1997-12-29,0.0020853645867586583
1997-12-30,0.0005826441313171273
1997-12-31,0.0011013517751183107
1998-01-02,0.0
1998-01-05,-0.00025371614094352873
1998-01-06,0.0003213974778350087
1998-01-07,-0.0003645049305430262
1998-01-08,0.0014194985052802325
1998-01-09,-0.001154283902946647
1998-01-12,-0.0021099790965904905
1998-01-13,0.0008186887688479277
1998-01-14,-0.0003373907877789392
1998-01-15,-0.0026119754258879593
1998-01-16,0.0018540992067665393
1998-01-20,-0.0011996460617337487
1998-01-21,-0.001266746290346496
1998-01-22,-0.0025357372439542072
1998-01-23,-0.00022178777805384464
1998-01-26,0.0018804159997616796
1998-01-27,-0.001136705024934577
1998-01-28,-0.0015747489450054913
1998-01-29,0.0021014183402723596
1998-01-30,-0.0024986295078241114
1998-02-02,0.0025297470885245546
1998-02-03,-0.00019600575957524208
1998-02-04,-4.3717091181373624e-05
1998-02-05,0.0021974113788468877
1998-02-06,-0.00028299347162859256
1998-02-09,-0.00562496837161168
1998-02-10,-0.00026337351811848986
1998-02-11,-0.001120238604848743
1998-02-12,-0.0006899000918825018
1998-02-13,0.0008724508211937418
1998-02-17,-0.0014909083408545729
1998-02-18,0.001378823640221398
1998-02-19,-0.001950131271950907
1998-02-20,0.004380798843286245
1998-02-23,-0.00034577253632674804
1998-02-24,-0.003982524329483629
1998-02-25,0.0006333364271898234
1998-02-26,0.002119630990728358
1998-02-27,-0.0007543929798912233
1998-03-02,-0.0043193602066871825
1998-03-03,-0.002127365456602144
1998-03-04,0.001276178422464351
1998-03-05,0.0014851844145807105
1998-03-06,0.0006401660830784514
1998-03-09,-0.0008032209781316524
1998-03-10,-0.0017554851615444247
1998-03-11,-0.0004884114890950503
1998-03-12,4.889581897180029e-05
1998-03-13,-0.0013043228947531502
1998-03-16,0.00302183662603029
1998-03-17,-0.0011500587093514411
1998-03-18,0.002121016073465043
1998-03-19,-0.0014823349325037496
1998-03-20,0.00038487448299818344
1998-03-23,-0.0030329256631576526
1998-03-24,0.0030197037288411527
1998-03-25,-0.007843198775420529
1998-03-26,0.002033717412817826
1998-03-27,-0.001060512233206759
1998-03-30,0.000574225803519679
1998-03-31,0.00397993481738082
1998-04-01,-0.003454805770220233
1998-04-02,0.0015573831909145783
1998-04-03,-0.0006935324401058929
1998-04-06,-0.00046008702581294
1998-04-07,0.0012062056582708355
1998-04-08,-0.0014852328489982497
1998-04-09,-9.101941418766801e-06
1998-04-13,-0.0014376182137453355
1998-04-14,0.00134193014140329
1998-04-15,0.0011250003054616015
1998-04-16,0.0037349723400808346
1998-04-17,-0.0019480052843764625
1998-04-20,0.00035592619836066763
1998-04-21,0.0010513086752559214
1998-04-22,0.001380756184728174
1998-04-23,0.0009622366579679562
1998-04-24,0.0015676744034378229
1998-04-27,-0.002766925068882445
1998-04-28,-0.00158202034472886
1998-04-29,-0.00018805653864337885
1998-04-30,0.0001407035990038802
1998-05-01,-0.002419109813410668
1998-05-04,0.00033939965429424096
1998-05-05,0.0020749992269185127
1998-05-06,-0.0012948519308099565
1998-05-07,-0.000358916050782164
1998-05-08,-0.0010624845807106625
1998-05-11,-0.00036679996253360936
1998-05-12,0.0044844404154709
1998-05-13,0.0037533170823321263
1998-05-14,-0.002086871515898224
1998-05-15,-0.004313691543568567
1998-05-18,-0.0017103821222096277
1998-05-19,-0.007309153615916171
1998-05-20,-0.0017372743127034643
1998-05-21,7.611353111183772e-06
1998-05-22,-0.0032115061725945804
1998-05-26,-0.0007990512155772941
1998-05-27,-0.004076941981217649
1998-05-28,0.001566502351061809
1998-05-29,0.00021943290692585937
1998-06-01,0.0006482868414955378
1998-06-02,-0.002794120162325213
1998-06-03,0.0035798207630438686
1998-06-04,-0.007188604469520923
1998-06-05,-0.002159529957019922
1998-06-08,0.003526655691607733
1998-06-09,0.0010602220297041762
1998-06-10,0.0023442940483293234
1998-06-11,-0.0046686982629433466
1998-06-12,-0.0009417550048979179
1998-06-15,-0.006111641484354391
1998-06-16,0.00202596860819821
1998-06-17,-0.0016148064914975058
1998-06-18,0.0004461568251590345
1998-06-19,-0.001435278724454897
1998-06-22,-0.002542601208568862
1998-06-23,0.00028701695357474105
1998-06-24,0.00041223599147036105
1998-06-25,0.002977871622432085
1998-06-26,0.0002623739685482379
1998-06-29,-0.0006413749313964213
1998-06-30,0.002480029409593931
1998-07-01,0.0
1998-07-02,0.0006100343088668803
1998-07-06,-0.0022713121481323707
1998-07-07,0.0014123233019634972
1998-07-08,-0.0010169721458592796
1998-07-09,-0.0013558281480517075
1998-07-10,-0.0014595546026091645
1998-07-13,0.00033095907271104007
1998-07-14,0.0036178006359677884
1998-07-15,-0.00126124029453199
1998-07-16,0.0022802931576806572
1998-07-17,-0.0005480621712124045
1998-07-20,0.0014651411606151354
1998-07-21,-0.002478341226387465
1998-07-22,-0.00031350800175131144
1998-07-23,-7.313189799865727e-05
1998-07-24,0.0007962520486694436
1998-07-27,-0.002445145613518551
1998-07-28,-0.000141257086576152
1998-07-29,-0.0009491442002322714
1998-07-30,0.0038685421853463576
1998-07-31,-0.004208781855056404
1998-08-03,-0.002705582786267269
1998-08-04,-0.0033286894363370014
1998-08-05,-0.0007480348767275435
1998-08-06,0.0014252961761925254
1998-08-07,0.012773717271865648
1998-08-10,-0.004212205552401061
1998-08-11,-0.0023072011430115224
1998-08-12,0.00615237288090611
1998-08-13,0.006095283004728419
1998-08-14,0.005943280254751532
1998-08-17,0.0030518956973219825
1998-08-18,0.0016561982392659547
1998-08-19,-0.0037705803141858452
1998-08-20,-0.0006101528694372361
1998-08-21,-0.004704686296978189
1998-08-24,-0.004011452910782054
1998-08-25,0.003101663620242767
1998-08-26,-0.008889018359208644
1998-08-27,-0.005195794958738597
1998-08-28,0.003550324647357378
1998-08-31,0.003948349882038621
1998-09-01,0.010671590048001927
1998-09-02,0.0031539778393407268
1998-09-03,-0.0028710721730770272
1998-09-04,0.0065473059798928646
1998-09-08,0.0071408833140661765
1998-09-09,-0.007396688167535232
1998-09-10,0.004160644939775254
1998-09-11,0.007581661839359166
1998-09-14,0.0030877597548780444
1998-09-15,-0.0001679670345000106
1998-09-16,0.0030681704282773782
1998-09-17,-0.0031491395769682683
1998-09-18,0.011468620418063919
1998-09-21,0.005881695000092696
1998-09-22,-0.003278111705657216
1998-09-23,0.0016605936618544702
1998-09-24,0.0011358261854295727
1998-09-25,-0.002400203901245568
1998-09-28,-0.005067048497737791
1998-09-29,0.0032057146839029106
1998-09-30,0.0011789934367996801
1998-10-01,-0.00731031502952117
1998-10-02,0.012968635626199715
1998-10-05,-0.0019070942245570544
1998-10-06,-0.0018223433106017428
1998-10-07,0.009647968450552241
1998-10-08,-0.00627698568204455
1998-10-09,-0.00321312330255667
1998-10-12,0.0023568687911728115
1998-10-13,-0.0003168173404235031
1998-10-14,-0.002569302464348888
1998-10-15,0.013526100073056718
1998-10-16,0.01001236536726775
1998-10-19,-0.0008488320340135413
1998-10-20,0.0007665447351608179
1998-10-21,-0.00417240157424027
1998-10-22,0.00839523580265234
1998-10-23,-0.003558364926931018
1998-10-26,0.0036188079634115466
1998-10-27,0.00666714455610799
1998-10-28,0.00043312101642103973
1998-10-29,-0.002800813343225755
1998-10-30,0.00386735323197418
1998-11-02,0.005280346866059665
1998-11-03,0.001543548822885571
1998-11-04,0.0006827434414995726
1998-11-05,0.0010641809256364044
1998-11-06,-0.0040610060058486
1998-11-09,0.0022186451016371843
1998-11-10,-0.0030458169370139398
1998-11-11,0.0005876990867464849
1998-11-12,-0.0009515669973683916
1998-11-13,0.005077306260769238
1998-11-16,0.0014679036527669442
1998-11-17,-0.0013103833602609138
1998-11-18,0.003463463045426651
1998-11-19,0.00011085618517573947
1998-11-20,0.009367328731265463
1998-11-23,0.003119598978307786
1998-11-24,-0.0026755181999970567
1998-11-25,0.003706127947629223
1998-11-27,-0.004766218100610242
1998-11-30,0.002198169999172106
1998-12-01,-0.0035252823026370285
1998-12-02,-0.008184230091379613
1998-12-03,-0.0029849676625980483
1998-12-04,0.0017759761341960111
1998-12-07,-0.00046935184109610505
1998-12-08,0.0024678225402296637
1998-12-09,-0.000533735228023241
1998-12-10,0.002432398080984033
1998-12-11,-0.001484557470977449
1998-12-14,-0.0008717102403794308
1998-12-15,-0.0022126952620272144
1998-12-16,0.0012467825213638983
1998-12-17,0.0014532023084903977
1998-12-18,0.0015246105788006836
1998-12-21,-0.00033749650189921485
1998-12-22,0.0023691745121217854
1998-12-23,0.0021352819536688437
1998-12-24,3.840787275138924e-06
1998-12-28,0.0018294556014518237
1998-12-29,0.00360392831747493
1998-12-30,-0.000565664942434968
1998-12-31,0.0033414741304197138
1999-01-04,0.0
1999-01-05,0.0004882725793629139
1999-01-06,0.0018832804450833519
1999-01-07,0.0023573776310370164
1999-01-08,-0.0004914977658865838
1999-01-11,0.0007155069004370851
1999-01-12,0.0009804304946891607
1999-01-13,0.0010058745199663765
1999-01-14,-0.0008907649357625224
1999-01-15,-0.0021951899401899512
1999-01-19,0.0004393675989883661
1999-01-20,-0.0020038687652084164
1999-01-21,-0.003057440160662661
1999-01-22,0.002409167893593922
1999-01-25,-0.0010497406636391093
1999-01-26,0.0022468374042485862
1999-01-27,-0.0006226131267885182
1999-01-28,-0.003536419579446065
1999-01-29,-0.010360787792673354
1999-02-01,-0.00040816515192259597
1999-02-02,-0.0016397305853213195
1999-02-03,0.003374467883040938
1999-02-04,0.0020357405015266174
1999-02-05,0.0012770046079397356
1999-02-08,0.007203260789112781
1999-02-09,-0.0012160150872607578
1999-02-10,-0.0010007254158963085
1999-02-11,-0.0034613566720142043
1999-02-12,0.00024077783418564592
1999-02-16,0.0022349948144216925
1999-02-17,-0.0017394394982663485
1999-02-18,-0.0005619986897181462
1999-02-19,-0.0008974863377572584
1999-02-22,-0.0021581449511416163
1999-02-23,-0.005152785467634685
1999-02-24,0.004422968206845424
1999-02-25,0.0021601609396751987
1999-02-26,0.003390980626902862
1999-03-01,-0.001560496797340688
1999-03-02,0.0006591982806214314
1999-03-03,0.0012830222931878965
1999-03-04,-0.0012545402209803824
1999-03-05,-0.0013151676368291399
1999-03-08,0.005733668012081761
1999-03-09,-0.0010802343996579532
1999-03-10,0.0019759571778314887
1999-03-11,0.00030327131234128004
1999-03-12,-0.0022784065139771826
1999-03-15,0.0026234823654670116
1999-03-16,-0.0009065867188924271
1999-03-17,-0.00026655903948186177
1999-03-18,-0.0037251146666563706
1999-03-19,-0.004693477920402122
1999-03-22,0.003660259203959981
1999-03-23,0.0005987590823641975
1999-03-24,0.004160404934297701
1999-03-25,-0.00239104614807939
1999-03-26,0.0013562438840412027
1999-03-29,0.005757339736124833
1999-03-30,0.0011147080780549712
1999-03-31,-0.0009629655519770408
1999-04-01,-0.002379041812473026
1999-04-05,0.0008913885859226034
1999-04-06,0.00035314406576370525
1999-04-07,-0.0013734777084433824
1999-04-08,0.003248439899323863
1999-04-09,0.00028524955529625197
1999-04-12,0.005494675379880726
1999-04-13,0.004015219195118452
1999-04-14,0.0018067016448265639
1999-04-15,0.0033374697222795513
1999-04-16,0.0024752155001690258
1999-04-19,0.0003086234104499874
1999-04-20,0.0009143756901633215
1999-04-21,0.0034894828715343663
1999-04-22,-0.0005766201261140691
1999-04-23,-0.0023983627914619166
1999-04-26,-0.0024607213826292607
1999-04-27,0.002229182107285249
1999-04-28,0.00350984332133758
1999-04-29,-0.0033995265599176816
1999-04-30,-0.0013619964523152394
1999-05-03,0.0014222976615602457
1999-05-04,-0.0026770371963546423
1999-05-05,0.0015934406190052318
1999-05-06,0.0010272294024187
1999-05-07,0.00045868835456851497
1999-05-10,0.001778364341930888
1999-05-11,0.004743092166059571
1999-05-12,-0.00257838925663722
1999-05-13,0.002666728678778002
1999-05-14,-0.0041019110248459775
1999-05-17,0.0021023544801209992
1999-05-18,0.0009253991409995443
1999-05-19,0.0022468939011647373
1999-05-20,-8.752889453121915e-05
1999-05-21,-0.0010290109768112566
1999-05-24,0.001081059008591101
1999-05-25,0.004238412250008611
1999-05-26,9.080997100967547e-05
1999-05-27,0.0035223708271909515
1999-05-28,-0.003961729043292112
1999-06-01,0.0015248276837674158
1999-06-02,0.0009106121754296481
1999-06-03,-0.0012701239153465715
1999-06-04,0.0005992068249645877
1999-06-07,-0.002066369804856155
1999-06-08,-0.002306612697897309
1999-06-09,0.002066654760020853
1999-06-10,0.0018222481572378157
1999-06-11,0.002515125964877002
1999-06-14,0.0035855136551858346
1999-06-15,0.0003793787944196936
1999-06-16,0.0022855955377771965
1999-06-17,0.00051282328744362
1999-06-18,0.0019653922631460486
1999-06-21,0.0018789902423817118
1999-06-22,-0.0011297081556384315
1999-06-23,-0.0013335327008185348
1999-06-24,4.855313126281846e-05
1999-06-25,-0.002026693264569146
1999-06-28,-0.005030789299317107
1999-06-29,-0.001396910839003962
1999-06-30,-0.002752055073758397
1999-07-01,0.0
1999-07-02,-0.002432523223243166
1999-07-06,-0.0042337392150752235
1999-07-07,0.0009198429301544575
1999-07-08,-0.0014285183227221838
1999-07-09,-0.0020564798665861973
1999-07-12,0.0005456605236539481
1999-07-13,-0.001253447694181348
1999-07-14,-0.0021871479725601964
1999-07-15,0.0014940952085640631
1999-07-16,0.000947356538817127
1999-07-19,-0.0008830753429961249
1999-07-20,-0.0020607966316485865
1999-07-21,-0.0017171346793323334
1999-07-22,3.363882026792041e-05
1999-07-23,-0.0016644430732922942
1999-07-26,0.0028976499205693187
1999-07-27,-0.0023964969798448625
1999-07-28,-0.0007971345887456931
1999-07-29,0.0002461756383116292
1999-07-30,-0.0018772891891003273
1999-08-02,0.0029381747368076687
1999-08-03,0.004337098149038522
1999-08-04,0.0021386227766474765
1999-08-05,0.0032385674738941426
1999-08-06,0.0024806422891374574
1999-08-09,-0.0005294396006350066
1999-08-10,0.0019490006258682364
1999-08-11,0.0052076083173102404
1999-08-12,-0.00975287727318637
1999-08-13,-6.317669378453963e-05
1999-08-16,0.0009127382487629933
1999-08-17,-0.0027035041625726305
1999-08-18,-0.0025678191235776545
1999-08-19,0.0042679560705110265
1999-08-20,0.004078467096879231
1999-08-23,-0.011115012510812629
1999-08-24,0.00382815914499894
1999-08-25,0.006032853353836976
1999-08-26,-0.0003770240926073844
1999-08-27,1.1386884307047835e-05
1999-08-30,-0.0013412153386151281
1999-08-31,-0.0018299894770011634
1999-09-01,-0.0018090871105627595
1999-09-02,-0.0010428045011066382
1999-09-03,-0.00036955524869083787
1999-09-07,0.0001503374030761401
1999-09-08,0.0003963667330393445
1999-09-09,-0.0008869086350758069
1999-09-10,-0.00046444595646860946
1999-09-13,-0.0015305805272412688
1999-09-14,-0.0024157007243404737
1999-09-15,-0.002732411601019622
1999-09-16,-6.179252193614839e-05
1999-09-17,0.006393726780503142
1999-09-20,-0.0024972919034766247
1999-09-21,-0.002821324807748233
1999-09-22,0.001543631352665781
1999-09-23,-0.0017837881354902123
1999-09-24,0.00024111564834474857
1999-09-27,-0.0026825542443578974
1999-09-28,0.0002583033556350542
1999-09-29,-0.001011235477227514
1999-09-30,-0.00426193917740671
1999-10-01,0.004077619887220336
1999-10-04,0.00206393777518303
1999-10-05,-0.002136287552871687
1999-10-06,-0.0001250752225357684
1999-10-07,-0.0037032971238767655
1999-10-08,0.001604285923136042
1999-10-11,-0.0027586473287058402
1999-10-12,-0.006034260392775957
1999-10-13,-0.0005798697588591411
1999-10-14,0.001369510142546826
1999-10-15,0.0029275941134456283
1999-10-18,0.0034235063292522047
1999-10-19,-0.003470925107304179
1999-10-20,-0.0023587672569742825
1999-10-21,0.002175058730477683
1999-10-22,0.00300724933109529
1999-10-25,-0.0024315201296927565
1999-10-26,0.003998819606629225
1999-10-27,0.0016618379694838317
1999-10-28,0.0021516487623156493
1999-10-29,0.003030871606538605
1999-11-01,0.005775302044457747
1999-11-02,-0.001544905726844596
1999-11-03,0.0008253675202371436
1999-11-04,0.00021050245222624899
1999-11-05,0.00044535277288190587
1999-11-08,0.0002596247844075995
1999-11-09,-0.001806388291709409
1999-11-10,-0.002195132380977279
1999-11-11,-0.0022547150504709235
1999-11-12,-0.0027816533333104502
1999-11-15,0.0008667351293290169
1999-11-16,0.0014015176504356772
1999-11-17,-0.0007740953264759057
1999-11-18,-0.003126742219145235
1999-11-19,0.0012598752560710337
1999-11-22,-9.575126673469638e-05
1999-11-23,0.004917924951536049
1999-11-24,0.0017131334413181352
1999-11-26,0.0006006162107621341
1999-11-29,-0.0012753319342523797
1999-11-30,-0.0009686525570897833
1999-12-01,0.00047612240342172863
1999-12-02,0.0007456720470887874
1999-12-03,0.0024114690199142333
1999-12-06,0.0019830648527831766
1999-12-07,0.0038898695856131858
1999-12-08,0.0015575541770380499
1999-12-09,0.007414533250869493
1999-12-10,-0.00047360399747156814
1999-12-13,-0.004167769340815092
1999-12-14,0.003869571800058845
1999-12-15,0.0005921775017197571
1999-12-16,-0.0018619979194082672
1999-12-17,0.0023555247831837643
1999-12-20,-2.4148464769607454e-05
1999-12-21,0.00017899645982879636
1999-12-22,0.000491450656405113
1999-12-23,0.0005830180735201719
1999-12-27,0.001111626640353884
1999-12-28,-6.419952301470626e-05
1999-12-29,0.0010756004814813005
1999-12-30,0.0035254164277548294
1999-12-31,-0.003304495176130097
2000-01-03,0.0
2000-01-04,0.002782059811604036
2000-01-05,0.002826253736829759
2000-01-06,-0.0009717570591714134
2000-01-07,-0.0005872187913029096
2000-01-10,-0.0028994945391096366
2000-01-11,0.005907707306544908
2000-01-12,0.0006082690384465914
2000-01-13,-0.0013948228229307851
2000-01-14,0.0037516862795933656
2000-01-18,-0.0013907969656560036
2000-01-19,0.00034013544853204065
2000-01-20,-0.0015925627736716784
2000-01-21,-0.0009801308155056076
2000-01-24,-0.004666769474570261
2000-01-25,-0.004942337198161769
2000-01-26,0.001990080587218992
2000-01-27,-0.0015653949998961402
2000-01-28,-0.0002541577398349248
2000-01-31,0.004044353282718951
2000-02-01,-0.015131919453647395
2000-02-02,0.0052133182828788946
2000-02-03,0.01397575719738553
2000-02-04,0.003215942425052637
2000-02-07,0.0024872428259647564
2000-02-08,0.00051611202494368
2000-02-09,0.0029891594201612377
2000-02-10,-0.0016975501160633995
2000-02-11,-0.0028429737443469495
2000-02-14,0.0020565515388210522
2000-02-15,-0.0018922983699989817
2000-02-16,-0.0019843386711195553
2000-02-17,-0.006642979748518217
2000-02-18,-0.00011346755672852744
2000-02-22,-0.0005711657327576345
2000-02-23,0.006591241108280273
2000-02-24,-0.007658082380411715
2000-02-25,0.0035209486619654008
2000-02-28,0.0018499751018785414
2000-02-29,-0.0011627697114233726
2000-03-01,0.006574657751323861
2000-03-02,-0.0029794044688021826
2000-03-03,0.004212141481771438
2000-03-06,-0.0008459965230863267
2000-03-07,-0.0002991039308148573
2000-03-08,0.0020122599433758555
2000-03-09,0.0016806934627194613
2000-03-10,0.004609256854285838
2000-03-13,0.00266686771467926
2000-03-14,0.002856450112374874
2000-03-15,0.010627771448005313
2000-03-16,0.008454436663313704
2000-03-17,0.01001638805199555
2000-03-20,-0.0005905020789876104
2000-03-21,0.006195072268668468
2000-03-22,-0.0029670154579797855
2000-03-23,0.003610076947940168
2000-03-24,0.0005532385446483584
2000-03-27,-0.0007935955448276896
2000-03-28,-0.0025753824964737746
2000-03-29,0.004341372343281621
2000-03-30,0.002056013144114159
2000-03-31,-0.0026918089480204867
2000-04-03,0.003950046155530769
2000-04-04,0.0038211654944076147
2000-04-05,0.006624843863100582
2000-04-06,-0.00046185572716674425
2000-04-07,-0.0032947553749435267
2000-04-10,0.004247406085617893
2000-04-11,-0.002157141476939111
2000-04-12,0.0031213797460752455
2000-04-13,0.0033044583247514637
2000-04-14,0.007792188189666527
2000-04-17,-0.0025495905543892207
2000-04-18,0.0005839249756882308
2000-04-19,0.008389653678393201
2000-04-20,0.005101043771651209
2000-04-24,-0.001681530030093169
2000-04-25,0.0029092582087261293
2000-04-26,0.01137254486272414
2000-04-27,-0.000617313962539045
2000-04-28,0.0035053996067952484
2000-05-01,0.0007182235507239053
2000-05-02,-0.0012822895194696787
2000-05-03,0.0016233788272297905
2000-05-04,-0.002720412932905206
2000-05-05,-0.00157281049811131
2000-05-08,0.004699780471600526
2000-05-09,0.0011817125951807629
2000-05-10,0.0009465809657393199
2000-05-11,0.004407482728545847
2000-05-12,0.0057177711379075595
2000-05-15,0.0015992476489216732
2000-05-16,0.0002562321274887559
2000-05-17,0.007163175402153516
2000-05-18,0.002691549391028085
2000-05-19,-0.0037229527149753466
2000-05-22,0.003587442039794997
2000-05-23,0.0039018243841334745
2000-05-24,0.0019765568997574096
2000-05-25,0.0009908631239483835
2000-05-26,0.0010921674792211927
2000-05-30,0.0011438171200612564
2000-05-31,0.004932218801154084
2000-06-01,0.003497679102664782
2000-06-02,0.0016904696434318152
2000-06-05,0.003044538722943413
2000-06-06,0.0005904425157031303
2000-06-07,-0.001703672774969879
2000-06-08,0.00207607344442268
2000-06-09,-0.0012563380728433104
2000-06-12,0.0035359237164794073
2000-06-13,-0.002158090448249404
2000-06-14,-0.0001913742677089179
2000-06-15,0.00098876418578609
2000-06-16,0.0009642573232857613
2000-06-19,-0.0004239158206314749
2000-06-20,-0.0008149378338341869
2000-06-21,0.005408371193131388
2000-06-22,0.0001016226485312609
2000-06-23,0.005110665148267605
2000-06-26,0.0031366706218122617
2000-06-27,0.005488763381801551
2000-06-28,-0.0022175326003253584
2000-06-29,0.0033155646198908275
2000-06-30,0.006209411860770427
2000-07-03,0.0
2000-07-05,0.0015219613872228897
2000-07-06,0.002338871938586214
2000-07-07,-0.0028535955929674542
2000-07-10,0.0003165959655963528
2000-07-11,-0.0007936042005809499
2000-07-12,-0.0004460615344302053
2000-07-13,0.0010060569212369734
2000-07-14,0.002990692095718748
2000-07-17,0.003971458363609553
2000-07-18,0.000631964218496282
2000-07-19,0.0024529640756737526
2000-07-20,-0.0002601028603495332
2000-07-21,-0.005107534115185187
2000-07-24,-0.0003588057220246185
2000-07-25,-0.0004399609571959594
2000-07-26,-0.0008542448414666372
2000-07-27,0.00634761161043876
2000-07-28,0.0013807814831822667
2000-07-31,-0.0014892309354720822
2000-08-01,0.00682136816791879
2000-08-02,-0.0006924695409003797
2000-08-03,5.040416138893535e-05
2000-08-04,0.0021473942203838734
2000-08-07,-0.0016835389703687932
2000-08-08,0.008140788112296946
2000-08-09,-0.0009018661853161744
2000-08-10,0.0007326672687967682
2000-08-11,-1.2104972090640062e-05
2000-08-14,0.0005833490020908236
2000-08-15,0.0007247384925626978
2000-08-16,0.0010097869758996893
2000-08-17,2.3273876258620313e-05
2000-08-18,-0.0018880339188513309
2000-08-21,0.0010443756021479228
2000-08-22,0.0008942834950531423
2000-08-23,0.002313734964578065
2000-08-24,-0.0002666877113854814
2000-08-25,-0.0018222087763004418
2000-08-28,-0.0007433575122317694
2000-08-29,0.0006735260223797508
2000-08-30,-0.00466509915405879
2000-08-31,-0.0005783400000258911
2000-09-01,0.0009786923308197884
2000-09-05,-0.000535441223541032
2000-09-06,-0.0008706266101859859
2000-09-07,0.0008405612797616387
2000-09-08,0.0017792398616020863
2000-09-11,-0.004508419790960221
2000-09-12,0.004291327983912654
2000-09-13,-0.00380927536106582
2000-09-14,-0.00049547586696617
2000-09-15,4.331857961593139e-05
2000-09-18,0.00022093062143593547
2000-09-19,-0.0008233211971124563
2000-09-20,-0.0009049316857680943
2000-09-21,-0.0031809166538267794
2000-09-22,9.584245134543047e-06
2000-09-25,-0.00011492468531788042
2000-09-26,-0.0008164960542625635
2000-09-27,-0.00024589364627558563
2000-09-28,-0.005241108004113963
2000-09-29,-0.0012663001416808688
2000-10-02,0.000752349524155803
2000-10-03,-0.0038244949785405996
2000-10-04,-0.00037136239381994435
2000-10-05,-0.004925509079167044
2000-10-06,0.006941606775350174
2000-10-09,0.0002863588174911786
2000-10-10,-0.00415810040789986
2000-10-11,-0.0010873139919465899
2000-10-12,0.0037887565791365576
2000-10-13,-0.0005667163519631727
2000-10-16,0.0012988662575673599
2000-10-17,0.0008275279097431087
2000-10-18,-0.0014968875044584033
2000-10-19,-0.003085819643306589
2000-10-20,-0.0026435984510840838
2000-10-23,-0.0018283939495801575
2000-10-24,0.003795790959480504
2000-10-25,-0.0032242222319857506
2000-10-26,0.0029592649398397725
2000-10-27,0.004139320000978164
2000-10-30,0.002459700839480784
2000-10-31,-0.005313163659550406
2000-11-01,0.009016390501351494
2000-11-02,-0.0020871438093947067
2000-11-03,0.0007810871096645441
2000-11-06,0.0006098256487189757
2000-11-07,-0.0010216507302284368
2000-11-08,0.0002894424272806531
2000-11-09,0.0008892835368966506
2000-11-10,0.0016730506837131325
2000-11-13,-0.01765046222399931
2000-11-14,0.001902268512651591
2000-11-15,-0.0003080552786023742
2000-11-16,0.0027337065996115542
2000-11-17,-0.0014543896607898245
2000-11-20,0.02211566787683879
2000-11-21,-0.00010684058898599889
2000-11-22,-0.0010747117795128739
2000-11-24,0.0016397994235095765
2000-11-27,-0.0010222816737968715
2000-11-28,-0.00020256982547085646
2000-11-29,-0.0038218490149949935
2000-11-30,-0.0047184531888931165
2000-12-01,-0.0003845313967306634
2000-12-04,0.0023454501700328973
2000-12-05,-0.002078534208182042
2000-12-06,0.001340321650133172
2000-12-07,0.0009526086302805838
2000-12-08,0.0027444569261799536
2000-12-11,-0.0012348174021249683
2000-12-12,-0.0034021235720871346
2000-12-13,-0.0011179445728879411
2000-12-14,-0.0006538019914231382
2000-12-15,0.0022505699454725323
2000-12-18,-0.003064164552740408
2000-12-19,0.0024009300562956274
2000-12-20,-0.002064978823056297
2000-12-21,-3.1289953005621105e-05
2000-12-22,0.006068160091682342
2000-12-26,-0.0016680058707024394
2000-12-27,-0.004414782162542646
2000-12-28,0.0019023387281479837
2000-12-29,-0.004243039783933724
2001-01-02,0.0
2001-01-03,-0.0037557961496555046
2001-01-04,0.0041716395588637985
2001-01-05,-0.0005221106624704486
2001-01-08,-0.004113386624393323
2001-01-09,0.0015391433119922083
2001-01-10,-2.8675871665961862e-05
2001-01-11,0.0041455432789850085
2001-01-12,0.006702999578804214
2001-01-16,0.0006038128035872725
2001-01-17,0.0008066696062282608
2001-01-18,0.0022709075761089713
2001-01-19,-0.003366769581848822
2001-01-22,-0.0013099365526891172
2001-01-23,-0.00045903348572265965
2001-01-24,-0.0015470314831415033
2001-01-25,0.001201888880572366
2001-01-26,0.004742232418587833
2001-01-29,0.0035987459124076637
2001-01-30,0.00030900817577000916
2001-01-31,-0.0008433529932910355
2001-02-01,0.000520199845865732
2001-02-02,0.0016749496575771516
2001-02-05,-0.004557948079597929
2001-02-06,0.0023659847302828886
2001-02-07,0.007556664252583962
2001-02-08,-0.0005142987670946692
2001-02-09,0.0017494839303984794
2001-02-12,-9.474037552051486e-05
2001-02-13,-0.004863563955188704
2001-02-14,-0.0007376129569086036
2001-02-15,0.0061332646345369475
2001-02-16,-0.001982925919536778
2001-02-20,0.0024388696998382618
2001-02-21,-0.0025382466159023774
2001-02-22,0.0024641308970879683
2001-02-23,0.001689671966525901
2001-02-26,-0.0012874988283831
2001-02-27,-0.0007026229397943892
2001-02-28,-6.558526200366688e-05
2001-03-01,0.0018401668114032747
2001-03-02,0.0013167651181982616
2001-03-05,0.0015217684035729931
2001-03-06,-0.0009171745127474967
2001-03-07,-0.0004420096559387746
2001-03-08,0.00015569614440918102
2001-03-09,-0.00042597435936490776
2001-03-12,-0.002834070766137047
2001-03-13,0.003188489940330532
2001-03-14,0.004687171377954211
2001-03-15,-0.0012439344099504208
2001-03-16,4.252210293018582e-05
2001-03-19,-0.006931985884792234
2001-03-20,0.0017567201749598576
2001-03-21,0.0011140404063370024
2001-03-22,-0.0007355857680434861
2001-03-23,-0.0009065737791243334
2001-03-26,0.0008932008984444392
2001-03-27,0.0023787358864759745
2001-03-28,0.003124021426793443
2001-03-29,0.0018677567177313521
2001-03-30,0.004186882744890453
2001-04-02,-0.00407931845324882
2001-04-03,0.001155186875929964
2001-04-04,-0.0013738600289213056
2001-04-05,-0.0004280095751609171
2001-04-06,0.0024303903737124223
2001-04-09,0.0009556009887674051
2001-04-10,0.006198124938176689
2001-04-11,0.0021453293103452435
2001-04-12,-0.000679479338279884
2001-04-16,0.0006614329854782953
2001-04-17,0.0012457698919522947
2001-04-18,6.112465477689364e-05
2001-04-19,-0.0011306028579282032
2001-04-20,0.004372596251618922
2001-04-23,-0.0016690217641352216
2001-04-24,-0.0018167254308937228
2001-04-25,-0.0008171134339865873
2001-04-26,0.0010521187567249395
2001-04-27,0.0014810391599245616
2001-04-30,0.003171995087275924
2001-05-01,-0.0013874859618312006
2001-05-02,8.124919485974491e-05
2001-05-03,-0.0011006396979283903
2001-05-04,-0.0016095514514384377
2001-05-07,-0.0026054802695853327
2001-05-08,-0.0007726929265051053
2001-05-09,-0.0011209818956899233
2001-05-10,-0.0015055230879085283
2001-05-11,-0.0010706492498353596
2001-05-14,0.0015635855171134533
2001-05-15,-0.0021404182414502815
2001-05-16,0.00045438461047773044
2001-05-17,-0.0009663314219699723
2001-05-18,-0.0005419459744500907
2001-05-21,0.0023307753930260806
2001-05-22,0.002531107586899912
2001-05-23,-0.0009270963163315297
2001-05-24,0.0009637364739618217
2001-05-25,0.0026631866743493412
2001-05-29,0.0030410132362629523
2001-05-30,0.006955999116025752
2001-05-31,-0.0010974042623289077
2001-06-01,-0.00043065517681325317
2001-06-04,0.00042734633952746853
2001-06-05,0.0023190777875940045
2001-06-06,-0.0012041379227547087
2001-06-07,0.0020488636324551206
2001-06-08,-0.0011910267380894975
2001-06-11,0.004263788399082608
2001-06-12,0.000483980011541596
2001-06-13,-0.00010142400302481924
2001-06-14,-0.0007037019544743048
2001-06-15,-0.00224002494357952
2001-06-18,0.0034468123320104023
2001-06-19,0.00025486430688184827
2001-06-20,-0.0007942535040717192
2001-06-21,0.0010234563928300917
2001-06-22,0.0014028574786942977
2001-06-25,3.772667959081161e-05
2001-06-26,-0.005615838499525785
2001-06-27,-0.0003246922660660237
2001-06-28,0.00020100916072060988
2001-06-29,0.00398980379825251
2001-07-02,0.0
2001-07-03,-0.0004959443314887402
2001-07-05,0.00020795980885083277
2001-07-06,3.0004987301157637e-05
2001-07-09,0.0013619501518110865
2001-07-10,0.0002698861656284024
2001-07-11,0.0019379514566263134
2001-07-12,-0.0006297739187850037
2001-07-13,-0.0016131621125393388
2001-07-16,-0.0009454540769651308
2001-07-17,-0.0014153940502621186
2001-07-18,0.0008853443501610769
2001-07-19,0.00013487677637663272
2001-07-20,-0.0005342291453629761
2001-07-23,-0.0004526302479228408
2001-07-24,0.001052223534737317
2001-07-25,0.003455430123922751
2001-07-26,-0.0008580609675882314
2001-07-27,0.002078019219312277
2001-07-30,-0.0005243266552226236
2001-07-31,-0.0011230357432402533
2001-08-01,-0.0014314385362315166
2001-08-02,-0.0016443177834505563
2001-08-03,-0.0001428267212995575
2001-08-06,-0.00023898668710174928
2001-08-07,-0.002864238863190982
2001-08-08,-0.0022664590010126797
2001-08-09,-0.0001665656425004696
2001-08-10,-0.002763589444918455
2001-08-13,0.002563277571858953
2001-08-14,-0.0016616446761592105
2001-08-15,-0.00253013718846219
2001-08-16,0.0005510817242426279
2001-08-17,0.0008332318188515846
2001-08-20,-0.0018213269963471366
2001-08-21,-0.002401410047196231
2001-08-22,0.0009978532000374065
2001-08-23,-0.0010110087343448513
2001-08-24,0.0007759934330099536
2001-08-27,0.00035342286008612894
2001-08-28,0.0008601852891596598
2001-08-29,0.0022161154127289836
2001-08-30,0.0012389084220103541
2001-08-31,-0.0009515939258084641
2001-09-04,0.003062924095189811
2001-09-05,0.0013132297510180027
2001-09-06,0.0037098035019362935
2001-09-07,0.0006686564937152397
2001-09-10,0.0016485287887414903
2001-09-17,0.005487963037189049
2001-09-18,-0.000976348306735939
2001-09-19,0.0005809210954859616
2001-09-20,-0.0011284572332309383
2001-09-21,0.006918825242621861
2001-09-24,0.002115781150815577
2001-09-25,0.002065262029790393
2001-09-26,-0.0029357091751253173
2001-09-27,-0.002348562793417944
2001-09-28,0.0024069721587886826
2001-10-01,0.0033260137019523843
2001-10-02,-0.0005302363421058755
2001-10-03,0.005068299773542769
2001-10-04,0.001596839132513435
2001-10-05,-0.0027360668795785963
2001-10-08,0.0008936664747435725
2001-10-09,-0.0007838578947661343
2001-10-10,0.004788012585663684
2001-10-11,-0.00048170434533302336
2001-10-12,-0.000939508136861646
2001-10-15,-0.001666382664569877
2001-10-16,0.0021126669704090335
2001-10-17,0.0015729003847585817
2001-10-18,-0.001825844964502081
2001-10-19,-0.0029528886291513346
2001-10-22,0.0017037649727043725
2001-10-23,-0.003655966525314583
2001-10-24,-0.0005880148649407907
2001-10-25,0.0016985791563640603
2001-10-26,0.0021285727516469357
2001-10-29,-0.0017093120360696685
2001-10-30,-0.0014527163761420415
2001-10-31,0.0059944363212939165
2001-11-01,-0.0012039998229361165
2001-11-02,0.0028764602287055445
2001-11-05,-0.0004042247990852948
2001-11-06,-0.0021151215626254703
2001-11-07,-0.0006988909453772168
2001-11-08,0.00027227537669114924
2001-11-09,0.0016391271182442802
2001-11-12,0.0006260184153617597
2001-11-13,-0.001578243031475357
2001-11-14,0.002367552491302149
2001-11-15,-0.0028207476511861993
2001-11-16,0.0025007619697651196
2001-11-19,0.0021163465140302366
2001-11-20,-0.001709977534550623
2001-11-21,0.0003685326421167286
2001-11-23,0.0005410760508614759
2001-11-26,0.0022011605234859974
2001-11-27,0.0015856970901076844
2001-11-28,-0.0013763772193436648
2001-11-29,-0.0007954131443864055
2001-11-30,0.000916671329437396
2001-12-03,0.0019945148001700706
2001-12-04,0.0006181314365811819
2001-12-05,0.0017571275179750884
2001-12-06,-0.0037516714478342175
2001-12-07,0.001221886962431897
2001-12-10,-0.0013911471891303012
2001-12-11,-0.0013623555250144319
2001-12-12,0.0034590292621032156
2001-12-13,0.0013568361285592554
2001-12-14,-0.0029267050295286546
2001-12-17,0.0007472061825105859
2001-12-18,-0.000657981093198876
2001-12-19,0.0008315991868464931
2001-12-20,-0.00037346354721032755
2001-12-21,0.00039533776116939504
2001-12-24,0.00021827125006025408
2001-12-26,0.0018784059071587673
2001-12-27,-0.00017644007298684748
2001-12-28,-0.0005283235182907438
2001-12-31,-0.0013377671671047232
2002-01-02,0.0
2002-01-03,-3.0074370532495732e-05
2002-01-04,0.0009742910506623292
2002-01-07,-0.00041096197377024635
2002-01-08,-0.0004966202152094701
2002-01-09,-0.0010961176150527884
2002-01-10,0.00030834405297345267
2002-01-11,-0.0019138788608483448
2002-01-14,-1.6204165429917204e-05
2002-01-15,-0.0020069959231835575
2002-01-16,-0.0008815748594250439
2002-01-17,-5.460312686965674e-05
2002-01-18,-0.00048488598674564234
2002-01-22,0.0006901234013234669
2002-01-23,0.0007876989991718486
2002-01-24,0.002047118614968918
2002-01-25,0.0046914230933271465
2002-01-28,-0.0014605112976253
2002-01-29,0.0002569615605952036
2002-01-30,0.0002997900261822129
2002-01-31,-0.004820483650267478
2002-02-01,0.002792693121372177
2002-02-04,0.00010215494097451535
2002-02-05,-0.0021749305832420036
2002-02-06,-0.00324957879652647
2002-02-07,0.0022850399302097413
2002-02-08,0.005340399182657176
2002-02-11,7.270661224770759e-05
2002-02-12,-0.0012020440193816467
2002-02-13,0.0002803443775487253
2002-02-14,-0.0002917825987546327
2002-02-15,0.0064168183699782385
2002-02-19,0.0006181749169055228
2002-02-20,0.0018954146768348959
2002-02-21,0.00014570330249497708
2002-02-22,0.0022732371064125125
2002-02-25,0.0009546957105820234
2002-02-26,-0.0016316011270485927
2002-02-27,0.0016475459198904566
2002-02-28,0.00016540611468445995
2002-03-01,0.00032761072197777925
2002-03-04,-0.0005890490508592988
2002-03-05,0.0035162630406067826
2002-03-06,0.0014724332620340693
2002-03-07,0.0011723973456697688
2002-03-08,-0.0025667135208447185
2002-03-11,0.0023744443077746377
2002-03-12,0.001085248334239038
2002-03-13,0.0016648674003507996
2002-03-14,0.001178182821241524
2002-03-15,-0.0007805821202020643
2002-03-18,0.0018750732946682294
2002-03-19,0.0006744512151635315
2002-03-20,0.0007592816765805111
2002-03-21,0.0012710779281908766
2002-03-22,-0.000576428562134605
2002-03-25,0.00034323757115836196
2002-03-26,0.000446980003714374
2002-03-27,0.0031873144704593643
2002-03-28,-0.0004254001226960239
2002-04-01,-0.0003435430767098787
2002-04-02,-0.00196246722159071
2002-04-03,0.0007252139912669238
2002-04-04,0.0027649239196475615
2002-04-05,-0.001000166959412734
2002-04-08,-0.0006720227962656719
2002-04-09,-0.0012065975216563052
2002-04-10,0.001980265422368954
2002-04-11,-0.001256112351134163
2002-04-12,-0.0005537083907487136
2002-04-15,-0.002033176844821679
2002-04-16,-0.0031393598248822853
2002-04-17,-0.003619555697424063
2002-04-18,0.0016647218661268726
2002-04-19,-0.0010563550119552952
2002-04-22,0.0007585601611755986
2002-04-23,-0.006709587534163116
2002-04-24,-0.0004453714973158339
2002-04-25,0.00021894982775918896
2002-04-26,0.002937428644478598
2002-04-29,-0.005328391717662698
2002-04-30,-0.0059541028574150905
2002-05-01,-0.0027484360584539326
2002-05-02,-0.00443544410417514
2002-05-03,-0.0007449637433834892
2002-05-06,-0.0022659813782595663
2002-05-07,0.00026232207081166485
2002-05-08,0.005214937492664133
2002-05-09,0.0013288868931197967
2002-05-10,0.0017378999057360354
2002-05-13,0.0026981719842985585
2002-05-14,0.0030094171565343748
2002-05-15,-0.003267830460650411
2002-05-16,0.0012913117748460281
2002-05-17,0.002880421840246414
2002-05-20,-0.0013123344442146617
2002-05-21,-0.001617018862306141
2002-05-22,0.0023842312366565747
2002-05-23,-0.00025471867487364083
2002-05-24,-0.0018482668440392375
2002-05-28,-0.0011008237217450386
2002-05-29,0.001919096653314846
2002-05-30,-0.0038982075917004077
2002-05-31,0.004347007709498983
2002-06-03,0.002819976053739645
2002-06-04,-0.0004684673880243204
2002-06-05,-0.000979722620719861
2002-06-06,0.0003142345712214507
2002-06-07,-0.003608810298942261
2002-06-10,0.002627796736603379
2002-06-11,-0.0027763676611683606
2002-06-12,-0.0011095301921183335
2002-06-13,7.796372805553532e-05
2002-06-14,-0.0016629066449639221
2002-06-17,0.0037521610224020433
2002-06-18,0.0005627660147646427
2002-06-19,0.004489725672468022
2002-06-20,-0.0022880678328982096
2002-06-21,-0.005623385086183632
2002-06-24,-0.0010096116706158032
2002-06-25,0.00046114823897367693
2002-06-26,0.002683153014300646
2002-06-27,0.003947901368318985
2002-06-28,-0.0036102725014567284
2002-07-01,0.0
2002-07-02,-0.0012047708873731354
2002-07-03,0.001293821153143865
2002-07-05,0.001708757658634108
2002-07-08,0.0006187119680555575
2002-07-09,-0.0013785940893043247
2002-07-10,-0.00284051711493869
2002-07-11,0.004188432607466264
2002-07-12,-0.0019461117499021074
2002-07-15,0.002249632158197623
2002-07-16,-0.00023194696682941608
2002-07-17,-0.0016044390292496047
2002-07-18,-0.0029677622890197375
2002-07-19,0.0008389982790923178
2002-07-22,0.0066404836330155705
2002-07-23,0.00017564098004443362
2002-07-24,-0.0001573111584175113
2002-07-25,0.004894797544448171
2002-07-26,0.0073102591940156225
2002-07-29,0.00017615414644632233
2002-07-30,0.008866028708105378
2002-07-31,0.0007001889860654142
2002-08-01,0.0012312562274056581
2002-08-02,-0.0014161545281446198
2002-08-05,0.0002651303115889014
2002-08-06,0.007518327925974155
2002-08-07,0.00018688300603003638
2002-08-08,0.0013450472439739513
2002-08-09,-0.00011171393070076307
2002-08-12,0.0012852831699427635
2002-08-13,0.0006457991631116655
2002-08-14,0.004275183387158432
2002-08-15,0.0016092708613588303
2002-08-16,0.002878170923693568
2002-08-19,0.0007031941237478689
2002-08-20,0.003317845211679765
2002-08-21,0.0016354768506522954
2002-08-22,0.00020010665611031598
2002-08-23,0.002586390610339345
2002-08-26,0.0007893485980027648
2002-08-27,0.0006310498376627616
2002-08-28,0.002934562765095311
2002-08-29,-0.0005575087288199609
2002-08-30,0.001034500493633489
2002-09-03,-0.0027404235237484223
2002-09-04,0.0012435683978069209
2002-09-05,-0.0015627119957486153
2002-09-06,0.0025463210852458896
2002-09-09,0.00289748886563424
2002-09-10,-0.002874778377109401
2002-09-11,0.0008494479597468816
2002-09-12,-0.0021238305732569993
2002-09-13,-0.001170148018209115
2002-09-16,-0.0017916190542289299
2002-09-17,-0.0014749939560398998
2002-09-18,-0.0017604996966448998
2002-09-19,0.00016198066208129638
2002-09-20,0.0006492872297319103
2002-09-23,-0.0006520552146315487
2002-09-24,-0.002149870310352695
2002-09-25,0.006815258330771012
2002-09-26,0.00981981528486921
2002-09-27,-0.0020514187812105005
2002-09-30,-0.0007457187805132802
2002-10-01,0.007091910895045339
2002-10-02,-0.0015606408699383456
2002-10-03,-0.0125674455163824
2002-10-04,0.004316561805926871
2002-10-07,-0.013085137449125376
2002-10-08,0.002187199165457305
2002-10-09,-0.01140127551788681
2002-10-10,0.006504840372846902
2002-10-11,0.008521528110630783
2002-10-14,0.006128682758568313
2002-10-15,-0.0038659161642314458
2002-10-16,0.0038796511814025787
2002-10-17,0.004247855203998695
2002-10-18,0.0031501382032680324
2002-10-21,0.0068712353217755704
2002-10-22,-0.0020334548008986764
2002-10-23,0.002932388315865929
2002-10-24,0.00037198743150432695
2002-10-25,-0.0011547231958118792
2002-10-28,0.007925514814194012
2002-10-29,-0.0005026546173267512
2002-10-30,-0.003587337315653334
2002-10-31,-0.0008041463618144846
2002-11-01,0.004603035879308624
2002-11-04,0.00805878453136376
2002-11-05,0.002535965112612238
2002-11-06,-0.00016378721238006095
2002-11-07,-0.0006074924041990007
2002-11-08,-0.0012482784425932314
2002-11-11,0.001130393149313186
2002-11-12,0.005143341888043651
2002-11-13,0.0013372898374146862
2002-11-14,-0.0013292715797972603
2002-11-15,0.0042802350535280425
2002-11-18,-7.192388506748719e-05
2002-11-19,-0.0007302884041333321
2002-11-20,0.006470682093690844
2002-11-21,0.0008957081081463144
2002-11-22,0.0016207376669340116
2002-11-25,-0.00312974847857768
2002-11-26,0.001490691794322117
2002-11-27,0.0038107326325856894
2002-11-29,0.0019682167045317507
2002-12-02,0.0003323937222383958
2002-12-03,0.0028893466605467433
2002-12-04,0.0032653026422133635
2002-12-05,-0.000597505111569103
2002-12-06,-2.347824178598672e-05
2002-12-09,0.0008906845599726952
2002-12-10,0.0007373263371950557
2002-12-11,0.0034801159428261854
2002-12-12,0.0003382504560813033
2002-12-13,0.003430095450402883
2002-12-16,-0.0001164616453462944
2002-12-17,0.0026676432493757105
2002-12-18,0.0011935421733411929
2002-12-19,-0.002619852220483887
2002-12-20,0.000663059295166997
2002-12-23,0.0009480825334999189
2002-12-24,-1.4761650576917462e-05
2002-12-26,-0.0016569394762673915
2002-12-27,0.0006779580998917137
2002-12-30,0.00288758877304861
2002-12-31,0.0016887663857737545
2003-01-02,0.0
2003-01-03,0.0003250499680663266
2003-01-06,-7.373644511939891e-05
2003-01-07,0.002972436572481474
2003-01-08,0.0007824392281671533
2003-01-09,0.0010035337203139262
2003-01-10,0.0010401142979145628
2003-01-13,0.004216184502508752
2003-01-14,0.0002038382169498476
2003-01-15,-0.00014076784489628347
2003-01-16,0.0010235014501260686
2003-01-17,0.0022858039340973024
2003-01-21,0.0009907009015424294
2003-01-22,-6.984658528044196e-05
2003-01-23,-0.0006517468576663077
2003-01-24,0.0007237793246592739
2003-01-27,0.0022710794836559357
2003-01-28,-0.0017826460416054623
2003-01-29,0.0023561825450964468
2003-01-30,-0.00070839591755264
2003-01-31,-0.00029047232037626713
2003-02-03,0.009062974915727462
2003-02-04,0.0011551152460231306
2003-02-05,0.0006109018834592417
2003-02-06,-0.00034691819538716916
2003-02-07,0.0036386601839564327
2003-02-10,-0.0012398964880296127
2003-02-11,-0.0006106654888952956
2003-02-12,0.0007760699108594615
2003-02-13,0.0028905038216119226
2003-02-14,0.0021152097032212714
2003-02-18,-0.0004209758742227621
2003-02-19,0.0007514978226115909
2003-02-20,0.0005010274186729835
2003-02-21,-0.0005566678628686373
2003-02-24,-0.0006373029143509068
2003-02-25,0.0015228610243604723
2003-02-26,-0.0020200451832669496
2003-02-27,0.0010407875163248037
2003-02-28,-0.0005449141559234095
2003-03-03,0.001397130553205983
2003-03-04,-0.0011835997234207253
2003-03-05,0.0018512378544254416
2003-03-06,-6.874986554618045e-05
2003-03-07,-0.0012243878580565804
2003-03-10,-0.001926248291344812
2003-03-11,-0.0025476670745469667
2003-03-12,0.0017608675861054968
2003-03-13,0.0032494656772933004
2003-03-14,0.0026493141296595026
2003-03-17,0.0006440040936976366
2003-03-18,0.0061613620932926385
2003-03-19,0.0011209219375967194
2003-03-20,-6.182958230346313e-05
2003-03-21,0.003735309912327095
2003-03-24,-0.0016320844041844806
2003-03-25,0.0022487743115035983
2003-03-26,-0.001585529382933365
2003-03-27,0.0015835343680681458
2003-03-28,-0.0005287708220077958
2003-03-31,-0.0018985643904757654
2003-04-01,0.0005929139099434932
2003-04-02,0.0004032425667607309
2003-04-03,0.0014940536236160429
2003-04-04,0.0011309396902973944
2003-04-07,0.00012196517168523435
2003-04-08,-0.0005314094212508225
2003-04-09,-0.0035444485387106537
2003-04-10,0.0004158311769865308
2003-04-11,-0.0012597587436102785
2003-04-14,0.0021760353727098614
2003-04-15,0.0010145000255812552
2003-04-16,-0.0030613325525023216
2003-04-17,0.0013770383451052136
2003-04-21,-0.00012049340451665836
2003-04-22,0.00030271586251503504
2003-04-23,-0.0004483131397509388
2003-04-24,0.00024010506901622208
2003-04-25,-0.00024209274220529097
2003-04-28,-7.915717353181861e-05
2003-04-29,0.002165028030026689
2003-04-30,0.00039488920611653876
2003-05-01,-0.0007440783861140887
2003-05-02,-0.0025269525686968607
2003-05-05,-0.0007919738559035661
2003-05-06,0.0013009144468443755
2003-05-07,-0.0002671817631608897
2003-05-08,-0.0010423240413444557
2003-05-09,0.0006361376311178945
2003-05-12,0.003078254686218396
2003-05-13,0.00022432096998276085
2003-05-14,-0.0006145595279774263
2003-05-15,-0.0008028859194664173
2003-05-16,0.0032011180182835164
2003-05-19,2.2427780804745723e-06
2003-05-20,0.002090848396372852
2003-05-21,-0.0019404004936269315
2003-05-22,-0.001993212910268888
2003-05-23,-0.00594866806787514
2003-05-27,-0.0026771738028002813
2003-05-28,0.0013875666937961163
2003-05-29,0.0010241821227771953
2003-05-30,-0.002163202038916101
2003-06-02,0.0005380123978203311
2003-06-03,-0.0009754646185491489
2003-06-04,0.0011370924073653033
2003-06-05,0.0015795112300118486
2003-06-06,0.003499894023925465
2003-06-09,-0.005852248163774554
2003-06-10,0.001482467667878462
2003-06-11,0.00040975057118622924
2003-06-12,-0.0005622756329856981
2003-06-13,0.004456538076382743
2003-06-16,-0.0014975003396437703
2003-06-17,0.0009983331479624658
2003-06-18,0.001902141498239507
2003-06-19,0.000808008025528989
2003-06-20,-0.001843105549853602
2003-06-23,0.004318319127189435
2003-06-24,0.003696796023480803
2003-06-25,-2.6093760780504514e-05
2003-06-26,-0.0001383681530514991
2003-06-27,-0.0008011669901516804
2003-06-30,0.0006011216712184797
2003-07-01,0.0
2003-07-02,-0.00021420882926930228
2003-07-03,-0.00043038433219416694
2003-07-07,-0.0005686240022571565
2003-07-08,0.0008381155889451153
2003-07-09,0.0008442541395297709
2003-07-10,0.0005490601640242287
2003-07-11,0.00014058920953050058
2003-07-14,0.0017813627134216636
2003-07-15,-0.0032093911145039565
2003-07-16,0.003797592067634514
2003-07-17,4.936547225098953e-05
2003-07-18,-0.0006046957935063213
2003-07-21,-0.003489839471383249
2003-07-22,-0.0011039317228061618
2003-07-23,-0.0013116275224809293
2003-07-24,0.0003698309071859418
2003-07-25,0.002024588560779722
2003-07-28,0.000505843832175118
2003-07-29,-0.0011858537241919598
2003-07-30,9.146467052197349e-05
2003-07-31,-0.0007585958448974251
2003-08-01,-0.0013588657474586541
2003-08-04,0.001034590325719803
2003-08-05,0.0006037260061320992
2003-08-06,-0.0016079953282157667
2003-08-07,-0.0012009935693843732
2003-08-08,0.0002437618550793441
2003-08-11,-0.0016590475293076778
2003-08-12,0.000865147107682912
2003-08-13,-0.0024313849287724287
2003-08-14,0.002235877205099579
2003-08-15,-0.0014596790328876784
2003-08-18,-0.002307821174191227
2003-08-19,0.0011302270295816485
2003-08-20,0.0011582566517574834
2003-08-21,-0.0022493915030822485
2003-08-22,0.0011728833397473492
2003-08-25,0.0016821376889054774
2003-08-26,-0.0010500917684081955
2003-08-27,0.0014698692024020799
2003-08-28,-0.0027780385237935246
2003-08-29,-0.0005512374297851231
2003-09-02,0.004665937436867357
2003-09-03,0.0023415410930262004
2003-09-04,0.0013359158058196708
2003-09-05,-0.00019501264507272852
2003-09-08,0.0005066512797626932
2003-09-09,2.8628957734389006e-05
2003-09-10,0.0035115272287316313
2003-09-11,0.00025783065412643966
2003-09-12,0.0005612077121358138
2003-09-15,-0.0026481766820163344
2003-09-16,0.0007617971100713661
2003-09-17,-0.00044619671119359717
2003-09-18,0.0012565496631219808
2003-09-19,0.0017862520361389522
2003-09-22,0.0007870835702170287
2003-09-23,-3.467166815634415e-05
2003-09-24,0.0013826197307757638
2003-09-25,0.0012973561076645157
2003-09-26,-0.0013682924597813672
2003-09-29,0.001800254111813304
2003-09-30,-0.0014014736918656456
2003-10-01,0.0005939919553707817
2003-10-02,-0.0005887292776580566
2003-10-03,-3.331066143569261e-06
2003-10-06,-0.00029856177551780273
2003-10-07,-0.0009470175389443669
2003-10-08,0.00031448325649306995
2003-10-09,-0.000594637064283815
2003-10-10,-0.0013097233214250104
2003-10-13,7.687459506463545e-05
2003-10-14,-0.0008147358695934192
2003-10-15,0.0014890275462750124
2003-10-16,-0.0027234581348201834
2003-10-17,0.0004110130832816861
2003-10-20,-0.000756339936882916
2003-10-21,-0.0008259498644954844
2003-10-22,0.002614323825637399
2003-10-23,0.00038794966389627537
2003-10-24,0.0016322570334838637
2003-10-27,0.005587217044005754
2003-10-28,-0.0011682473634910817
2003-10-29,-0.0027587480685471013
2003-10-30,-0.0010316020510660218
2003-10-31,-0.0006389473458887629
2003-11-03,-0.005004743438310361
2003-11-04,-0.00041484955926821
2003-11-05,0.0005379338225040941
2003-11-06,-0.0034697588062642948
2003-11-07,0.0013402257234202408
2003-11-10,0.0021309489132859904
2003-11-11,0.0016750413110187933
2003-11-12,-0.00042222563057039975
2003-11-13,0.0004177087577703964
2003-11-14,-0.0018831319838502059
2003-11-17,0.0013322429343616883
2003-11-18,-0.004558456797544591
2003-11-19,0.001460075139237149
2003-11-20,-0.0012396591280577573
2003-11-21,0.0009001557624028933
2003-11-24,-0.002652603686707955
2003-11-25,0.0033043668522162394
2003-11-26,0.001937500526722119
2003-11-28,1.8902081526794846e-05
2003-12-01,-0.0007548559887201267
2003-12-02,-0.0007137356866542876
2003-12-03,-0.0013617708377258396
2003-12-04,4.1058472773464195e-05
2003-12-05,-0.0002512233068166059
2003-12-08,0.003745531560326004
2003-12-09,-0.0005437888432151816
2003-12-10,-0.00025230830001026774
2003-12-11,-0.0010929920702797524
2003-12-12,-0.00293804832303885
2003-12-15,0.0008128983130211542
2003-12-16,-0.0018056520702854628
2003-12-17,-0.0014470148520075276
2003-12-18,0.0008803545254961964
2003-12-19,0.0007059293266640065
2003-12-22,0.0017069104620676344
2003-12-23,-0.0018081440044153852
2003-12-24,-0.0013265182298073774
2003-12-26,0.0010215013888280999
2003-12-29,0.0001473368208811332
2003-12-30,-0.0005130997076199407
2003-12-31,-0.00029904196671281527
2004-01-02,0.0
2004-01-05,-0.00029671201016794323
2004-01-06,-0.0008018735444708103
2004-01-07,0.00032556783406675893
2004-01-08,-0.0006810678157629591
2004-01-09,0.0022643770009166007
2004-01-12,0.0005401914182270262
2004-01-13,-0.00014210611126319606
2004-01-14,0.00038172656528002725
2004-01-15,-0.00369671867353214
2004-01-16,-0.0011619115548791802
2004-01-20,0.0018072730673479476
2004-01-21,-0.003142964623917871
2004-01-22,0.0012903257659542255
2004-01-23,-0.00029544485977548996
2004-01-26,-0.0010033185737219786
2004-01-27,0.0006857848727712113
2004-01-28,0.0032509235224693457
2004-01-29,0.004491828006651444
2004-01-30,0.0019422609211066754
2004-02-02,0.001149317731313332
2004-02-03,0.0034616601071943754
2004-02-04,0.00114636706983125
2004-02-05,0.002307708110543466
2004-02-06,-0.0003567009122539155
2004-02-09,0.0003425240663705975
2004-02-10,-0.0007067619027784355
2004-02-11,-0.0005183819207888296
2004-02-12,0.0009519644240734537
2004-02-13,-0.0017422461759101393
2004-02-17,0.0006392655238327771
2004-02-18,0.0011105698753221926
2004-02-19,-0.0005455130386018469
2004-02-20,0.0022837255257286194
2004-02-23,0.00230158827733295
2004-02-24,0.0029888319897545977
2004-02-25,-0.0022304854505302285
2004-02-26,-0.000261899903182411
2004-02-27,0.0002031797743632713
2004-03-01,-0.0007073738901652194
2004-03-02,0.00016723418494202225
2004-03-03,-0.000530607123177862
2004-03-04,-6.787121042009514e-05
2004-03-05,-0.0018794895645580622
2004-03-08,-0.00013418742409022634
2004-03-09,0.0018223743532462533
2004-03-10,0.00041159254354637963
2004-03-11,0.003028424913961997
2004-03-12,-0.00235361306258719
2004-03-15,0.004490201500093727
2004-03-16,0.0011787230289629802
2004-03-17,-0.0026012347180041306
2004-03-18,-0.0008905637311427128
2004-03-19,0.0015533225688255992
2004-03-22,0.0014538472863170615
2004-03-23,0.0001453030132927191
2004-03-24,0.0010879141690520676
2004-03-25,-0.0010891075252442261
2004-03-26,0.0012715928525324105
2004-03-29,-0.0018319142869406557
2004-03-30,0.0013310446976955658
2004-03-31,-2.4623003112411724e-05
2004-04-01,-0.001243662275299473
2004-04-02,-0.00265184070220007
2004-04-05,-0.0038496718123020523
2004-04-06,0.0041699335938163
2004-04-07,-0.0020548535275762446
2004-04-08,0.0017770970841202605
2004-04-12,0.002551434346003978
2004-04-13,0.00243819506259767
2004-04-14,-0.0029598719037655097
2004-04-15,0.0004993063890771865
2004-04-16,0.0014516524560402866
2004-04-19,-0.00021955591967026677
2004-04-20,0.0006448047265027346
2004-04-21,0.004800142082167447
2004-04-22,-0.004382989347090438
2004-04-23,-0.0011910805541025693
2004-04-26,-0.004347870531562293
2004-04-27,0.0038795693504324715
2004-04-28,0.0009119438819807201
2004-04-29,-8.449480518818442e-06
2004-04-30,0.0014814032251126042
2004-05-03,-0.00041102912102618515
2004-05-04,-0.0011218027171335132
2004-05-05,0.0029862499533719277
2004-05-06,-0.0004101846060527492
2004-05-07,-0.0008340340400928348
2004-05-10,0.002285356466178512
2004-05-11,-0.0018664250215850997
2004-05-12,0.0037523491817416654
2004-05-13,0.001253213833915079
2004-05-14,-0.0003921967283922856
2004-05-17,0.000415327354828815
2004-05-18,-0.00027879003169266613
2004-05-19,-0.0005203788754620797
2004-05-20,-0.00029420224167490126
2004-05-21,-0.00030999754758497813
2004-05-24,0.0019070577891190266
2004-05-25,0.00026292282798694443
2004-05-26,0.0023425807102214757
2004-05-27,0.0010956642424370389
2004-05-28,-0.0003115674893371556
2004-06-01,0.00026147782651976813
2004-06-02,-0.001944559547189023
2004-06-03,-0.00023448593113707395
2004-06-04,0.0012010482763548437
2004-06-07,-0.0004560152829104491
2004-06-08,-0.0005680634424277242
2004-06-09,-0.0012321522534724794
2004-06-10,0.00034990339215728585
2004-06-14,-0.0016255794697261961
2004-06-15,-0.0005131754715525406
2004-06-16,-0.0008249358565183051
2004-06-17,-0.00026281438443268024
2004-06-18,-0.00035703245369550496
2004-06-21,8.829146995166237e-05
2004-06-22,-0.0011141842140342973
2004-06-23,-0.0008402338266074282
2004-06-24,-0.00015875632377915228
2004-06-25,-0.000504227117590228
2004-06-28,-0.0002833420846772461
2004-06-29,-0.0008303771100879875
2004-06-30,-0.0001795628539944749
2004-07-01,0.0
2004-07-02,0.00010221452184934841
2004-07-06,0.00014422237177258435
2004-07-07,-0.0004523041745167693
2004-07-08,-0.0015280001881841788
2004-07-09,-0.001281430529902302
2004-07-12,-0.000628230327067293
2004-07-13,0.0019114895105262735
2004-07-14,-0.0016275995884512426
2004-07-15,-0.0009839348068538503
2004-07-16,0.0006709976198054665
2004-07-19,-0.0011343800114730846
2004-07-20,0.0010191383756887637
2004-07-21,0.0013723616127695954
2004-07-22,0.0011931060701887925
2004-07-23,0.00037923852285481896
2004-07-26,0.0007194969741931937
2004-07-27,0.0005197803040706704
2004-07-28,0.002254859080750133
2004-07-29,0.0009191822003214507
2004-07-30,0.0006744387356469009
2004-08-02,-0.0015911016722923968
2004-08-03,0.003722375919434732
2004-08-04,0.002348073028163681
2004-08-05,0.0002817736751467632
2004-08-06,0.0006722168518354511
2004-08-09,0.0007898388543955353
2004-08-10,0.00016024685713173566
2004-08-11,0.00046356840925291615
2004-08-12,-0.0007305011140343752
2004-08-13,0.0012407776753775208
2004-08-16,-0.0004527116488599603
2004-08-17,0.0005408395752267641
2004-08-18,0.0011483377511434616
2004-08-19,0.0006622090313773329
2004-08-20,0.002603624500972784
2004-08-23,-0.0009242544830226845
2004-08-24,0.000558500886019707
2004-08-25,-0.00033400219287455575
2004-08-26,0.0006879128933122209
2004-08-27,0.0009439251940173699
2004-08-30,-0.0012034396938335745
2004-08-31,0.0014939078651603735
2004-09-01,0.000742179642890565
2004-09-02,0.0015945069281978722
2004-09-03,0.00016153564013072282
2004-09-07,0.001315972664216816
2004-09-08,-0.00153592383788211
2004-09-09,-0.00013669324931351066
2004-09-10,0.0026073816962901317
2004-09-13,0.0018288228606366437
2004-09-14,-0.00018128610256925212
2004-09-15,-0.00036371155212415
2004-09-16,0.001766107843552393
2004-09-17,-0.0001942703124135112
2004-09-20,-0.004649959768748756
2004-09-21,-6.30065675292409e-05
2004-09-22,-0.0011588813837769428
2004-09-23,0.00023708194849811657
2004-09-24,-0.0024703729144983765
2004-09-27,0.0002666434949705075
2004-09-28,0.0009461460626917341
2004-09-29,-0.0006561277928188417
2004-09-30,-0.000928095373147216
2004-10-01,0.0022284683102006633
2004-10-04,0.0014298949675891502
2004-10-05,0.0020055217702071738
2004-10-06,0.0016992275559913278
2004-10-07,-0.001804642044504528
2004-10-08,-0.000900198395385675
2004-10-11,0.0027949430331774797
2004-10-12,-0.0005005583002630641
2004-10-13,-0.001188134954520353
2004-10-14,-0.0009020259498659922
2004-10-15,0.0002658542187885403
2004-10-18,0.0001642700198241704
2004-10-19,-0.0027199858443672353
2004-10-20,0.002461391727829313
2004-10-21,0.00015535640601025783
2004-10-22,6.593202241940278e-05
2004-10-25,0.003321436457596231
2004-10-26,-0.001226526704622138
2004-10-27,-0.0021164745743423186
2004-10-28,-0.0008823840955050313
2004-10-29,-0.0006127066595601965
2004-11-01,-0.0029998098294048117
2004-11-02,0.0020246057411787543
2004-11-03,0.0005892378090844432
2004-11-04,0.0018410009981505932
2004-11-05,0.0025681418256209843
2004-11-08,0.0013054613635697192
2004-11-09,0.001431534931353272
2004-11-10,-0.0003479909898617252
2004-11-11,0.002351592758556028
2004-11-12,0.0013164190963512487
2004-11-15,-0.001539080553660742
2004-11-16,-0.0006335500473558427
2004-11-17,0.0015805827530409847
2004-11-18,-0.000495289321909034
2004-11-19,-0.0016234090346977093
2004-11-22,0.0017108547093792861
2004-11-23,0.0017096609696435647
2004-11-24,0.0014294439168833278
2004-11-26,-0.0003579214869031122
2004-11-29,-0.000377373287184309
2004-11-30,0.0002895396712039928
2004-12-01,0.0019049450496982738
2004-12-02,0.0021696563213284034
2004-12-03,-0.0011434956526849376
2004-12-06,0.000395754698066945
2004-12-07,0.0006757199943013085
2004-12-08,0.0037915041448321474
2004-12-09,0.00041653871309857735
2004-12-10,-0.00047190264613766123
2004-12-13,0.004216704739177346
2004-12-14,0.00015567830473287334
2004-12-15,-0.0006175867075155926
2004-12-16,-0.0012030403753463229
2004-12-17,0.00035267650224175677
2004-12-20,0.0008238193618123243
2004-12-21,0.0004996888936927908
2004-12-22,8.55668872203958e-05
2004-12-23,0.0010839589248071652
2004-12-27,-0.00191860381363371
2004-12-28,-0.0007721660531176462
2004-12-29,-0.0009759215640200867
2004-12-30,0.00018231424620694813
2004-12-31,-0.0006167795789479938
2005-01-03,0.0
2005-01-04,0.0004655484477822713
2005-01-05,-0.0007280746843854047
2005-01-06,-0.0013187164220584302
2005-01-07,-0.0008489484941047398
2005-01-10,0.0024351317029614296
2005-01-11,0.001519378096656593
2005-01-12,-0.0008629573734654783
2005-01-13,-0.001623656338970708
2005-01-14,-0.0001685134131043875
2005-01-18,0.0007025384253480094
2005-01-19,-0.001204975087321042
2005-01-20,-0.0005103790114737439
2005-01-21,-0.0016671104116717517
2005-01-24,-0.0007450848002486743
2005-01-25,0.0006940092471238834
2005-01-26,-0.0021758149761849977
2005-01-27,0.00046228480240168566
2005-01-28,-0.007484598512943969
2005-01-31,-0.00013070313513312005
2005-02-01,0.0004361044351205379
2005-02-02,-0.0004604529299878757
2005-02-03,0.0005394036766002974
2005-02-04,-0.003628907892448974
2005-02-07,-0.001509526855223159
2005-02-08,-0.0023854610357732565
2005-02-09,-0.0005609179239533801
2005-02-10,-0.0010871412253261824
2005-02-11,-0.0016519252223052838
2005-02-14,-0.00174191471499055
2005-02-15,0.0031765963936658316
2005-02-16,-0.0014271672285145142
2005-02-17,3.151356815536133e-05
2005-02-18,0.001253345899340458
2005-02-22,0.000314272012402389
2005-02-23,0.00026724585210109454
2005-02-24,-0.00028406081294053974
2005-02-25,-0.001824505273487087
2005-02-28,-0.000306364494625988
2005-03-01,0.0016097775187745344
2005-03-02,-0.0018210680738516283
2005-03-03,-0.0010259543364185115
2005-03-04,-0.001541203342899802
2005-03-07,0.001060148177002612
2005-03-08,-0.0001668604148850295
2005-03-09,-0.00014317754667905307
2005-03-10,0.00356218286366129
2005-03-11,0.0035076598785424777
2005-03-14,-0.0012004999100885027
2005-03-15,0.002331392351192957
2005-03-16,-0.0014472842369193924
2005-03-17,0.0011499365512116382
2005-03-18,-0.002025577781131923
2005-03-21,0.0009431738281251084
2005-03-22,0.003363830972953265
2005-03-23,-0.0016134774245411046
2005-03-24,-0.0002640494390241388
2005-03-28,-0.0017513019011671004
2005-03-29,0.004647529743152418
2005-03-30,0.0033172457233444
2005-03-31,-0.003976692294645449
2005-04-01,0.0007111800289995205
2005-04-04,-0.003690968102085883
2005-04-05,0.001439864218818149
2005-04-06,-0.0004719876063635366
2005-04-07,-0.00020751931073897652
2005-04-08,0.0012374827564661268
2005-04-11,0.000660795295088352
2005-04-12,0.0004892807279529331
2005-04-13,0.0014671663298698207
2005-04-14,0.0018606025744413695
2005-04-15,0.0012296937926985262
2005-04-18,0.00044354736097474453
2005-04-19,0.0037548338908652366
2005-04-20,0.003914391341974162
2005-04-21,0.0020402613725255068
2005-04-22,0.001518218567156656
2005-04-25,0.001534593080585222
2005-04-26,-0.0006781470201020548
2005-04-27,0.00403836760843767
2005-04-28,0.0010104581830421289
2005-04-29,-0.0007876291512293363
2005-05-02,0.003574951641633964
2005-05-03,-0.0006780897355630419
2005-05-04,0.0049144528655529094
2005-05-05,0.002475027965723099
2005-05-06,0.00229277444256242
2005-05-09,-0.002730905023887135
2005-05-10,0.0010569045582072133
2005-05-11,0.00046837127760352164
2005-05-12,-0.0007816697548400876
2005-05-13,0.004800249817184486
2005-05-16,-0.0008138832449845245
2005-05-17,0.001265879247457568
2005-05-18,0.0011023439300614896
2005-05-19,-0.00018669273650483956
2005-05-20,-4.403544300383904e-05
2005-05-23,-0.0009018826817575862
2005-05-24,0.000594292612370107
2005-05-25,-0.0015584287368762128
2005-05-26,-0.00018435039611073173
2005-05-27,0.0017468696584262218
2005-05-31,-0.00533301288505495
2005-06-01,0.0011356046641168207
2005-06-02,0.00044781006679072083
2005-06-03,-0.00038294154150130206
2005-06-06,0.0008866836964019967
2005-06-07,-0.0008468227525864128
2005-06-08,0.0027083990272850182
2005-06-09,0.0005853506783168754
2005-06-10,-0.0024876616522024886
2005-06-13,-0.000625013502283991
2005-06-14,0.004439681341028544
2005-06-15,-0.0003208437092412831
2005-06-16,0.0019581216014681498
2005-06-17,3.6071962134153145e-05
2005-06-20,0.0019686270183716147
2005-06-21,0.0008504097709746548
2005-06-22,-0.0029970796588542595
2005-06-23,-0.0005490757044392771
2005-06-24,0.0003717971712164048
2005-06-27,0.0005822466204650036
2005-06-28,0.0013960553947206464
2005-06-29,0.0015911455558143288
2005-06-30,2.4862837838827322e-05
2005-07-01,0.0
2005-07-05,-0.0004164797993624625
2005-07-06,0.00070327882519442
2005-07-07,-0.0011857730815677202
2005-07-08,-0.0016677481951489104
2005-07-11,-0.0007600637724904824
2005-07-12,0.00036074053704694963
2005-07-13,-0.0002813537284709788
2005-07-14,0.0017571764537642697
2005-07-15,0.0013481597776993925
2005-07-18,-0.0027945792822931083
2005-07-19,-0.0017263128445353271
2005-07-20,-0.0018501054795048433
2005-07-21,0.002729139516104956
2005-07-22,0.0019215024910978317
2005-07-25,-0.0013106525428967452
2005-07-26,-0.0010925126827520336
2005-07-27,0.002722243164155408
2005-07-28,0.001350166515381368
2005-07-29,3.4968762283366096e-05
2005-08-01,-0.0027519989493892893
2005-08-02,-0.00036774772675668974
2005-08-03,-0.0012908564013449975
2005-08-04,0.0017787758278280164
2005-08-05,0.00010498331592317944
2005-08-08,0.0018407934180959707
2005-08-09,-0.00035162407153606633
2005-08-10,0.0009429953718793072
2005-08-11,-0.000831659807147983
2005-08-12,0.0025610635925630565
2005-08-15,0.0014719181709331286
2005-08-16,0.006169279584134879
2005-08-17,0.0017408731866053295
2005-08-18,-0.001073344925270603
2005-08-19,0.0009397157236889775
2005-08-22,-3.536119490096801e-05
2005-08-23,-0.001962885822355526
2005-08-24,0.0012962875319319721
2005-08-25,-0.0013252452303642193
2005-08-26,0.0006020661766383939
2005-08-29,0.0018391822921373757
2005-08-30,-0.0014234588759506784
2005-08-31,-0.0009467072165345369
2005-09-01,-0.0013269239513930332
2005-09-02,-0.0007754774413121224
2005-09-06,0.0022613259766032013
2005-09-07,0.001216695844502752
2005-09-08,-1.3715415123077835e-05
2005-09-09,-0.0012277952772376199
2005-09-12,0.004231176541472687
2005-09-13,0.003168313614805046
2005-09-14,-0.0023175909428965248
2005-09-15,0.0006987410999996114
2005-09-16,0.004386574723484643
2005-09-19,0.0024106923705313034
2005-09-20,-0.0010297773378018017
2005-09-21,-0.00013314724631924846
2005-09-22,0.0032539947353851517
2005-09-23,-0.0008102145579474418
2005-09-26,0.0015868909884697523
2005-09-27,-0.0007144209750450048
2005-09-28,0.0007815140995130643
2005-09-29,-0.0002932876106764404
2005-09-30,0.002673948097046258
2005-10-03,-0.0015171205095377283
2005-10-04,0.00126425885832005
2005-10-05,0.003944916623352867
2005-10-06,0.007195044805548478
2005-10-07,0.0005447686496341975
2005-10-10,0.0016859853081867605
2005-10-11,-0.002046351622948661
2005-10-12,0.0073243795583019635
2005-10-13,0.0032242146726772338
2005-10-14,-5.925462866301911e-06
2005-10-17,0.0001829875504798406
2005-10-18,-0.0012391657138064616
2005-10-19,0.0007876087295732414
2005-10-20,0.0003422713919154996
2005-10-21,0.0004105347118021796
2005-10-24,0.003258901417136423
2005-10-25,0.0018056650229353322
2005-10-26,-0.005359125618651478
2005-10-27,-0.000549640709493765
2005-10-28,0.003316337619458776
2005-10-31,0.004423945123340883
2005-11-01,0.003375614945638983
2005-11-02,-0.0004900903329464301
2005-11-03,0.001550419499646133
2005-11-04,-0.0008153734646631661
2005-11-07,-0.0024921102232330463
2005-11-08,0.0011474348744165085
2005-11-09,0.0011471506553014487
2005-11-10,-0.0021460278677089386
2005-11-11,-0.00032539711625155786
2005-11-14,-0.0010838796204535428
2005-11-15,0.001817268045943382
2005-11-16,0.0010077379984168799
2005-11-17,-0.0009971018546704568
2005-11-18,0.0013398428063878143
2005-11-21,-0.0021541263111352184
2005-11-22,-0.0018770938784976377
2005-11-23,0.0011500459468165968
2005-11-25,6.288448378505285e-05
2005-11-28,0.0009354516885464847
2005-11-29,0.0017519869027149803
2005-11-30,-0.0020609736835682235
2005-12-01,-0.000745708773226944
2005-12-02,-0.00036752869942698887
2005-12-05,0.0005323169532562289
2005-12-06,-0.0026061727145640645
2005-12-07,0.00018465064029018485
2005-12-08,0.001709970564869906
2005-12-09,0.0005191654954286806
2005-12-12,-0.0010205386882793765
2005-12-13,0.0024959361998581676
2005-12-14,0.0014437514732975332
2005-12-15,0.002657621236729607
2005-12-16,0.0007219778270937283
2005-12-19,-0.0009332087457407712
2005-12-20,0.0012447329442414946
2005-12-21,-0.0004595343018379716
2005-12-22,0.0019039687223283807
2005-12-23,0.000675568618868988
2005-12-27,0.0007415061021435687
2005-12-28,-0.0001775022835545148
2005-12-29,0.0006634847217710405
2005-12-30,-4.207430960316283e-05
2006-01-03,0.0
2006-01-04,-0.0007889468160248824
2006-01-05,0.0023208685858302934
2006-01-06,-0.0008671844197705003
2006-01-09,0.00016246249283556337
2006-01-10,0.00019602318014336206
2006-01-11,-0.00034805179856703947
2006-01-12,0.0018274842215816767
2006-01-13,-0.000941124489846007
2006-01-17,0.0009257824127213099
2006-01-18,0.0017313786631398098
2006-01-19,0.0018686978452770787
2006-01-20,-0.00041789556096833433
2006-01-23,0.000629312877937599
2006-01-24,-0.0016198682699731903
2006-01-25,-0.002108469507937705
2006-01-26,0.001916385037557361
2006-01-27,-4.3861917607690426e-05
2006-01-30,-0.0005937983215133335
2006-01-31,-0.0004742800085382359
2006-02-01,-0.0020680942560912406
2006-02-02,0.002104548797986633
2006-02-03,-0.002811065378016525
2006-02-06,-0.00016758010309126937
2006-02-07,0.0005128026917885942
2006-02-08,-0.00036062745445574195
2006-02-09,0.0008087185934060326
2006-02-10,-9.409745648589763e-05
2006-02-13,0.0007959554945782321
2006-02-14,-0.0025421791894075117
2006-02-15,0.0018437688079723958
2006-02-16,0.0014764277077648658
2006-02-17,-0.00022345820682110885
2006-02-21,-0.0004725998325143532
2006-02-22,0.0018844318996884546
2006-02-23,0.0015716019230714972
2006-02-24,0.0020404186482641086
2006-02-27,0.00013456376748257614
2006-02-28,-0.0019035336156235816
2006-03-01,0.006516318007268535
2006-03-02,-0.0009934153283679304
2006-03-03,0.0009774560630485929
2006-03-06,-0.004100251947605066
2006-03-07,0.0019769303216538745
2006-03-08,-0.0008213818248828719
2006-03-09,0.0009129368488977607
2006-03-10,0.0005793568578560948
2006-03-13,-0.0010763390360228053
2006-03-14,0.0020514465221499302
2006-03-15,-0.00034866464564639046
2006-03-16,0.00017258524215319482
2006-03-17,0.001805055167237074
2006-03-20,-0.0003355800553398902
2006-03-21,-0.0012538719023741153
2006-03-22,-0.001165805775048795
2006-03-23,-0.0010650256330188678
2006-03-24,-0.000228133360441074
2006-03-27,0.0003074033875074267
2006-03-28,0.0022679559352826117
2006-03-29,-8.9486817756812e-05
2006-03-30,-0.003313579120418736
2006-03-31,-0.0008602024967470756
2006-04-03,0.00027925367355548307
2006-04-04,-0.003538799334393459
2006-04-05,0.0027967839962345963
2006-04-06,0.00018782269445238278
2006-04-07,0.0009356738005011327
2006-04-10,0.003157254482352659
2006-04-11,0.0008734793708722497
2006-04-12,-0.001146637937128378
2006-04-13,0.0012647268451624807
2006-04-17,0.0006391425437968048
2006-04-18,0.0006574039466491488
2006-04-19,0.0019387772717710996
2006-04-20,-0.00012154147075057873
2006-04-21,-0.0016546838599750609
2006-04-24,-0.0011847255982723064
2006-04-25,-0.00221918258406395
2006-04-26,0.002308618485000951
2006-04-27,0.0014684784432163274
2006-04-28,0.00017673389942074458
2006-05-01,0.004662229418468359
2006-05-02,0.0020569610824503538
2006-05-03,-0.00038677100942744635
2006-05-04,0.0004066327205605998
2006-05-05,0.0006011833597072808
2006-05-08,0.0014091226791821982
2006-05-09,3.686628248440811e-05
2006-05-10,0.001814695840408416
2006-05-11,-0.0026105120437570394
2006-05-12,0.0011880191145027836
2006-05-15,-0.0027882389607152983
2006-05-16,0.00011612171179650597
2006-05-17,0.0028992207608409203
2006-05-18,0.0014455306647754558
2006-05-19,-0.0014847158709208694
2006-05-22,9.263724244847426e-06
2006-05-23,-0.0010171729662630889
2006-05-24,-0.0019090587672443778
2006-05-25,-0.0017252934638585938
2006-05-26,-0.0009434361336026457
2006-05-30,0.0007679139514846193
2006-05-31,-0.00046941395803697176
2006-06-01,0.0009350005626156165
2006-06-02,-0.0009926941546630063
2006-06-05,-0.0004494843775385034
2006-06-06,-0.0026418735425352237
2006-06-07,0.002666553479908839
2006-06-08,-0.00023910988367776013
2006-06-09,0.00020771497227757929
2006-06-12,1.0941477609803737e-05
2006-06-13,0.0007965868685900709
2006-06-14,0.00023367056196035998
2006-06-15,-0.0016944726706624958
2006-06-16,6.488885413771941e-05
2006-06-19,0.00016245909559064434
2006-06-20,0.003254257952593475
2006-06-21,0.0021669386398862037
2006-06-22,-0.0022915775815707078
2006-06-23,-0.0013240857405760987
2006-06-26,0.0029666086597752365
2006-06-27,-0.0017828436942575305
2006-06-28,-0.0018624284107045792
2006-06-29,-0.0015381404968827811
2006-06-30,0.00010612936113791649
2006-07-03,0.0
2006-07-05,0.0003067811083126204
2006-07-06,0.0010523306022191814
2006-07-07,-0.00027069195967435733
2006-07-10,-0.0003129565870096496
2006-07-11,0.0021936526669070144
2006-07-12,-0.0005322477131142145
2006-07-13,0.0014133382040726506
2006-07-14,0.0011808358468977042
2006-07-17,-0.0006974080593736443
2006-07-18,-0.00039341909584589827
2006-07-19,0.0012912786576294356
2006-07-20,0.004083734794494737
2006-07-21,-0.0005737091853812327
2006-07-24,0.002618484124443948
2006-07-25,-0.0016768056798420305
2006-07-26,-0.0002505878425986152
2006-07-27,0.0017805361598108803
2006-07-28,-0.001886862812238005
2006-07-31,-0.0005706636175970559
2006-08-01,-0.000785960445744155
2006-08-02,-0.0030007980473936656
2006-08-03,0.0013449120244534707
2006-08-04,-0.0009787089322786935
2006-08-07,0.0002645277139516122
2006-08-08,0.0005508847705670506
2006-08-09,0.0031321083053772237
2006-08-10,-8.794331058993299e-05
2006-08-11,-0.0008507642995611575
2006-08-14,0.0009478116788441849
2006-08-15,0.0017588726796118337
2006-08-16,-0.0008115325259227424
2006-08-17,0.0022473451731175598
2006-08-18,-0.000450860537625003
2006-08-21,-0.000742810930020793
2006-08-22,0.0011221873443008957
2006-08-23,-0.00020017367115461316
2006-08-24,-0.0006959853979760344
2006-08-25,-0.0003410924936190163
2006-08-28,-0.00023012641746413264
2006-08-29,0.002286859371244543
2006-08-30,-0.0005746260624726496
2006-08-31,0.0015738672710946366
2006-09-01,0.0012717272173377702
2006-09-05,0.0003780297286937684
2006-09-06,0.0008358328191163611
2006-09-07,0.00032640303448639997
2006-09-08,0.00010806148506729562
2006-09-11,-0.0006367097990077397
2006-09-12,0.0014293114503295512
2006-09-13,0.0010409061117480467
2006-09-14,-0.0004182840906206686
2006-09-15,0.0033685587402273896
2006-09-18,-0.0005720852159765532
2006-09-19,-0.0007120042786143588
2006-09-20,-0.0007997574942161745
2006-09-21,-0.0015138534752675349
2006-09-22,-0.00020852277437069522
2006-09-25,-0.001044566398104374
2006-09-26,-0.0008098041448072413
2006-09-27,0.00022207508770200613
2006-09-28,0.00031220424165088746
2006-09-29,-0.0012068013979913972
2006-10-02,-0.002467432510959122
2006-10-03,0.002996576228788217
2006-10-04,-0.00018958908129615982
2006-10-05,0.00010900386658774242
2006-10-06,-0.0006381539473679753
2006-10-09,0.0018811261894771392
2006-10-10,-0.0011219083242104688
2006-10-11,0.005824554698396367
2006-10-12,-0.0008818506043429153
2006-10-13,0.0006316769549316315
2006-10-16,-0.0010863757981518674
2006-10-17,-0.003405157635949746
2006-10-18,-0.0009732613691112336
2006-10-19,0.0020336429598616424
2006-10-20,0.0052055925521846125
2006-10-23,-0.0010272212292167405
2006-10-24,0.001628938054105672
2006-10-25,-0.0016003252672839364
2006-10-26,0.0004580395152408767
2006-10-27,-0.00039629725021605446
2006-10-30,2.102776760510294e-05
2006-10-31,-0.0020091766901633003
2006-11-01,0.0019009002557185185
2006-11-02,-0.0009155212367040922
2006-11-03,0.0009599098566720699
2006-11-06,-0.002226814300356472
2006-11-07,-0.0007738427767269684
2006-11-08,-0.001294120270921234
2006-11-09,0.0005211141902038918
2006-11-10,-0.0004304050635465073
2006-11-13,0.0007846776031568414
2006-11-14,0.0005970057643645832
2006-11-15,0.0019844806219623977
2006-11-16,0.00020389829903028067
2006-11-17,-0.00046614384758492664
2006-11-20,-8.537759114924936e-05
2006-11-21,0.0002693650751175392
2006-11-22,0.0013771447078645637
2006-11-24,0.0002693357463539603
2006-11-27,-0.004398724063581288
2006-11-28,-0.0002332912857826719
2006-11-29,-0.000912972278096874
2006-11-30,0.004758592705734732
2006-12-01,0.0027885553234500093
2006-12-04,0.0012791845234228771
2006-12-05,0.0018315127218459736
2006-12-06,-0.0005762202267657835
2006-12-07,0.001351423609532426
2006-12-08,0.001609709528333375
2006-12-11,-0.0017763698674918727
2006-12-12,0.0007078068824641181
2006-12-13,0.0002336251328002914
2006-12-14,0.0012695392873325495
2006-12-15,-0.0008843241965666715
2006-12-18,0.0004450978173753395
2006-12-19,-0.000372917243932136
2006-12-20,-0.0022123084001106352
2006-12-21,0.0013034058126039471
2006-12-22,-0.0006241406060946975
2006-12-26,-0.00023472165301096636
2006-12-27,0.0007355247626911366
2006-12-28,0.0008008320970667393
2006-12-29,-0.0009078422646900508
2007-01-03,0.0
2007-01-04,-0.0002978288708554488
2007-01-05,0.00145901978304806
2007-01-08,0.001539285914935612
2007-01-09,0.0009795844678143317
2007-01-10,-0.0009422412200172703
2007-01-11,-0.00038751071639840927
2007-01-12,-0.0001898456107688018
2007-01-16,0.0009221335290999832
2007-01-17,0.0015051395835708637
2007-01-18,-0.0003269438979919603
2007-01-19,-8.433087411821583e-05
2007-01-22,0.0020259314407869876
2007-01-23,5.307709092854385e-05
2007-01-24,-0.0026167145852357076
2007-01-25,0.00212834168035137
2007-01-26,0.002837032205145207
2007-01-29,0.002681459313542173
2007-01-30,5.335858813534933e-05
2007-01-31,-0.0019975037831836072
2007-02-01,0.0006876470358338161
2007-02-02,-0.0011324503022093258
2007-02-05,-0.001052984611664709
2007-02-06,-0.001983701671291893
2007-02-07,-0.00048022909780265355
2007-02-08,0.0011979297348691186
2007-02-09,0.0019962807238440737
2007-02-12,0.0003293400607511099
2007-02-13,-0.0019028427639376567
2007-02-14,-0.0011185038743115993
2007-02-15,4.635082788745359e-06
2007-02-16,0.0005112703785420059
2007-02-20,0.0016294834671383817
2007-02-21,0.000302878356762859
2007-02-22,-0.0030628498311492448
2007-02-23,0.0026566458437114636
2007-02-26,0.002919466535495635
2007-02-27,0.004639764870682811
2007-02-28,0.0005307290031546341
2007-03-01,-0.0010182447728310617
2007-03-02,0.0010855262763453555
2007-03-05,0.004352369532401051
2007-03-06,-0.001192937293525409
2007-03-07,-0.0010414495944592816
2007-03-08,0.00015968676532146509
2007-03-09,-9.268656861472491e-05
2007-03-12,-0.0008252180105902008
2007-03-13,0.0017737549401210361
2007-03-14,0.0030697587347250864
2007-03-15,-0.0007265675276713235
2007-03-16,0.0005038275102082768
2007-03-19,-0.00158781263217872
2007-03-20,0.001163324199682758
2007-03-21,0.0003354582412438578
2007-03-22,-0.0002926856572056713
2007-03-23,0.00045946494203731315
2007-03-26,-0.0015496672660907985
2007-03-27,0.0019309123014441321
2007-03-28,0.001241528093233807
2007-03-29,-0.002290419149099121
2007-03-30,-0.0014031510033204909
2007-04-02,-0.0070753095375523265
2007-04-03,0.000528304684385289
2007-04-04,0.0033241132569935385
2007-04-05,0.0011529828321682478
2007-04-09,-0.0012276765421289637
2007-04-10,0.002143638231751577
2007-04-11,-5.382219164243862e-05
2007-04-12,0.00016232879284733826
2007-04-13,0.001630838892023656
2007-04-16,-0.0010280102487461363
2007-04-17,0.0023159313052753703
2007-04-18,0.0006250741461005127
2007-04-19,0.0011031256215682573
2007-04-20,-0.001562892040955771
2007-04-23,-0.0016128825641515577
2007-04-24,0.003764163677077631
2007-04-25,-2.5429504599217e-06
2007-04-26,0.0008219454876252253
2007-04-27,0.0028138029257027573
2007-04-30,0.0025972696647395765
2007-05-01,0.0023698513778499576
2007-05-02,-0.0014067175419241406
2007-05-03,-0.0022053642275242204
2007-05-04,0.0003974966206798769
2007-05-07,-0.0005483241079136669
2007-05-08,0.0001743659503220363
2007-05-09,0.0022210969668264025
2007-05-10,-0.0015853819872209019
2007-05-11,-0.0008813115010745054
2007-05-14,-0.0007483285263503059
2007-05-15,-0.0010492202410030127
2007-05-16,-9.124841885979618e-05
2007-05-17,0.00014828657802142263
2007-05-18,0.00022438068571172808
2007-05-21,-0.0010439621917006313
2007-05-22,-0.0006018630367333577
2007-05-23,0.001459013826579758
2007-05-24,0.0026473746038325197
2007-05-25,0.0009394884020261951
2007-05-29,-0.00215112444608388
2007-05-30,0.000757578504452705
2007-05-31,0.0018223447696225025
2007-06-01,0.0004078389605136123
2007-06-04,-0.0008941203695056576
2007-06-05,0.007528878208050804
2007-06-06,-0.002623362965247883
2007-06-07,0.0014357690253030686
2007-06-08,-2.497708546831956e-05
2007-06-11,0.0033783307516626836
2007-06-12,-0.0025984781445826943
2007-06-13,0.004102146661795874
2007-06-14,-0.0013592392317969492
2007-06-15,0.000675577056427995
2007-06-18,-0.0010596957208745428
2007-06-19,0.0010865672207170274
2007-06-20,-0.002389024453491573
2007-06-21,0.0011607454366195646
2007-06-22,0.002070958914688792
2007-06-25,-0.0006910910145238979
2007-06-26,0.0004470553198342497
2007-06-27,0.0004545459024356935
2007-06-28,0.002781039715988648
2007-06-29,0.0012433680199561592
2007-07-02,0.0
2007-07-03,-0.00018992105963579043
2007-07-05,0.000555969166673541
2007-07-06,-0.00021549633739625929
2007-07-09,0.000336030831632793
2007-07-10,0.000710361638321006
2007-07-11,0.001977512925877895
2007-07-12,0.001960640050562395
2007-07-13,0.0010464450477701342
2007-07-16,0.0013810856454658084
2007-07-17,0.00021822193599062444
2007-07-18,-0.003239750609449433
2007-07-19,-0.0013554848172473617
2007-07-20,0.00010504877027983022
2007-07-23,-0.0010699444106052674
2007-07-24,-0.003594968856828245
2007-07-25,0.00901051459446013
2007-07-26,-0.004104540252938296
2007-07-27,0.0009387606668518776
2007-07-30,0.002273512471753657
2007-07-31,0.0009348871171764676
2007-08-01,-0.0010580472860164515
2007-08-02,0.0015613573705706523
2007-08-03,-0.007920702669341965
2007-08-06,0.006158997502338985
2007-08-07,0.005413557231012827
2007-08-08,0.0030015461896946705
2007-08-09,0.0015009331311051828
2007-08-10,0.006077582687052324
2007-08-13,-0.0006947962455150996
2007-08-14,0.002624889679809913
2007-08-15,0.0029801394674853457
2007-08-16,-0.0004165511981272549
2007-08-17,0.007292894799374246
2007-08-20,0.004101517655416646
2007-08-21,-0.0014912618138221239
2007-08-22,0.0021997639170469783
2007-08-23,0.0007768527216104264
2007-08-24,-0.00028613685934284237
2007-08-27,0.001786624035926391
2007-08-28,0.0010698410862988246
2007-08-29,0.005261377746117568
2007-08-30,-0.0031897922255265405
2007-08-31,0.0019125525866098354
2007-09-04,-0.000683945250305403
2007-09-05,-0.0011503397804723794
2007-09-06,0.0008919122890136707
2007-09-07,0.0008678308900869365
2007-09-10,-0.00019046588322199447
2007-09-11,0.0051217611975621505
2007-09-12,-0.0008434644156233073
2007-09-13,0.003959476098129796
2007-09-14,-0.0015454995708108043
2007-09-17,-0.0014571705519261346
2007-09-18,0.004144400739912838
2007-09-19,0.008008735728940423
2007-09-20,0.0010747900615423781
2007-09-21,-0.0014928053894398181
2007-09-24,-0.0014317799603385936
2007-09-25,0.0007836254539962617
2007-09-26,0.0022073486167251354
2007-09-27,-0.0003803053901386022
2007-09-28,0.001506149297494086
2007-10-01,0.003474499556499655
2007-10-02,0.0006824821793442496
2007-10-03,0.0032298352074836703
2007-10-04,0.0023231295463633783
2007-10-05,0.00214503839560336
2007-10-08,-9.791231668295394e-06
2007-10-09,0.0012559706969193988
2007-10-10,0.00014501708218224164
2007-10-11,0.0026683749689891214
2007-10-12,-0.0026796028345858294
2007-10-15,-0.0007708767187067034
2007-10-16,-0.00861109231804007
2007-10-17,-0.0015761256824983712
2007-10-18,0.0012453226227546151
2007-10-19,8.413157970267685e-05
2007-10-22,0.0010869741076268665
2007-10-23,-0.0021052714975520414
2007-10-24,-0.002261899123301266
2007-10-25,-0.0013540801911413602
2007-10-26,0.0028198939281368703
2007-10-29,0.0002140294905435954
2007-10-30,0.0049943452960524715
2007-10-31,-0.0024462398006323957
2007-11-01,-0.0019410004933585097
2007-11-02,-0.0003173776986663768
2007-11-05,0.0025078750974755057
2007-11-06,0.0018836367474742563
2007-11-07,-0.0029560863951927363
2007-11-08,0.0036852733049824505
2007-11-09,0.006962943352871139
2007-11-12,0.0014341080227291785
2007-11-13,0.007906631604696172
2007-11-14,-0.003270542764362679
2007-11-15,-0.004107701068662206
2007-11-16,0.002893580316952941
2007-11-19,-0.0021678236077915525
2007-11-20,0.00033433714324371255
2007-11-21,-0.0015615919070761579
2007-11-23,0.007407734072273575
2007-11-26,0.0008522775451944502
2007-11-27,0.005823638695779968
2007-11-28,0.006285401573282442
2007-11-29,0.004757673674550296
2007-11-30,0.0016644252301888521
2007-12-03,5.916821510936199e-05
2007-12-04,3.604392944045465e-05
2007-12-05,0.004865557859742601
2007-12-06,0.0014279077658192548
2007-12-07,-0.005215272203341903
2007-12-10,0.0017918294222353766
2007-12-11,-0.005478870432141037
2007-12-12,-0.00011917874749538538
2007-12-13,-0.001951235905949537
2007-12-14,-0.00252926892291964
2007-12-17,-0.002062162957758192
2007-12-18,0.0008936245225574717
2007-12-19,0.0018782393547569572
2007-12-20,7.386928671600697e-05
2007-12-21,0.0051574792032386355
2007-12-24,0.003078629820161834
2007-12-26,-0.0024958227274979317
2007-12-27,-0.001630721779286685
2007-12-28,-0.00041747815563359937
2007-12-31,0.0007090022885630913
2008-01-02,0.0
2008-01-03,0.0
2008-01-04,0.0
2008-01-07,0.0
2008-01-08,-6.25776998640415e-05
2008-01-09,-0.0011193806839971342
2008-01-10,-0.0012395358739135832
2008-01-11,0.006468082274945169
2008-01-14,9.920370882902651e-05
2008-01-15,-0.0005859066287963288
2008-01-16,-0.0007447299833833465
2008-01-17,0.0003441292010510688
2008-01-18,-0.0002117758372052303
2008-01-22,-0.003947909762146135
2008-01-23,-0.0023757973542110787
2008-01-24,-0.0030437004221787302
2008-01-25,0.00600532617713524
2008-01-28,0.002452442138492328
2008-01-29,0.0015834497237049766
2008-01-30,-0.001201902060966049
2008-01-31,0.0024466012442306384
2008-02-01,0.008765058872639106
2008-02-04,-0.0031068148121455993
2008-02-05,-0.0032953822935361567
2008-02-06,-0.0007350668409068441
2008-02-07,-0.0007187380705601295
2008-02-08,-0.00038477409431835
2008-02-11,0.004294841454733258
2008-02-12,-0.00033662399040723656
2008-02-13,0.005433204888978236
2008-02-14,-0.0012288596447812745
2008-02-15,0.001744469930031947
2008-02-19,-0.0033536437607038995
2008-02-20,-0.0017158447102363884
2008-02-21,-0.002959133794901634
2008-02-22,0.002378960706364074
2008-02-25,-0.0006008688909125197
2008-02-26,0.0018794001870646008
2008-02-27,0.00016337220551088758
2008-02-28,0.0012420733951794614
2008-02-29,0.002153157493178642
2008-03-03,-0.0008179743666968909
2008-03-04,-0.0002351297472483618
2008-03-05,0.0006750123052274195
2008-03-06,0.004185753880190183
2008-03-07,0.0006280315945427936
2008-03-10,-0.003209706541578607
2008-03-11,0.0029446940760332217
2008-03-12,-0.010016778440749434
2008-03-13,0.000444731503219847
2008-03-14,-0.003795080854680728
2008-03-17,0.007672224382027885
2008-03-18,0.00915029829163776
2008-03-19,-0.002042107092067542
2008-03-20,0.00026560335785576775
2008-03-24,0.0016493276620624681
2008-03-25,0.00045881919278538814
2008-03-26,-0.0039518401794267095
2008-03-27,-0.0044839182312913246
2008-03-28,-0.0012259798630920762
2008-03-31,0.004478645218212017
2008-04-01,0.005304548766271217
2008-04-02,0.0005660344709832324
2008-04-03,0.0024768564809839466
2008-04-04,0.00023197715509369038
2008-04-07,-0.0009708095834680686
2008-04-08,-0.001810607944258201
2008-04-09,-0.003818346162529113
2008-04-10,-0.0014954625225442558
2008-04-11,0.0009838472907420792
2008-04-14,0.001018308838726334
2008-04-15,0.0005540009703111473
2008-04-16,-0.0027297324603682152
2008-04-17,0.00028489066685661083
2008-04-18,-0.005458731664764196
2008-04-21,0.002052545646882953
2008-04-22,0.0013266909477141781
2008-04-23,-0.0034009387161354813
2008-04-24,0.0010634155213756638
2008-04-25,-0.00015515704594764167
2008-04-28,0.003092965880456077
2008-04-29,-0.00015229929893126163
2008-04-30,0.005437987621035051
2008-05-01,0.003080937768667998
2008-05-02,-0.0022648369896905605
2008-05-05,-0.0031033521498409667
2008-05-06,0.0015559668127330673
2008-05-07,-0.002002151675999525
2008-05-08,-0.004920208728707628
2008-05-09,0.0034727248905933074
2008-05-12,-0.0029182820755920104
2008-05-13,0.0002986206633804758
2008-05-14,0.001592008802995057
2008-05-15,0.001997202182650452
2008-05-16,-0.002082361897334801
2008-05-19,0.0005594735183661407
2008-05-20,-0.0020179721731407815
2008-05-21,-0.0013907355195216502
2008-05-22,0.003207217718403501
2008-05-23,-0.0008508707761841238
2008-05-27,0.003425112315947626
2008-05-28,-0.0013318547733847436
2008-05-29,0.0041911185583373735
2008-05-30,0.0013549630450862189
2008-06-02,-0.005499401253049694
2008-06-03,0.002505764738384486
2008-06-04,-0.0015236063359447076
2008-06-05,0.008845747628048501
2008-06-06,-0.0007790193368923752
2008-06-09,0.0006238376783736739
2008-06-10,0.0010452047087087441
2008-06-11,-0.0029929443141971787
2008-06-12,0.003416513105388492
2008-06-13,-0.00039812603989048827
2008-06-16,-0.000656849941741742
2008-06-17,-0.001902977733821538
2008-06-18,0.001913948948287591
2008-06-19,0.0029850444767946876
2008-06-20,-0.0034017839833324626
2008-06-23,0.00034517682121946433
2008-06-24,0.004685243508197219
2008-06-25,-0.0010486808760202476
2008-06-26,-0.00184252326072796
2008-06-27,0.00022251681135022824
2008-06-30,0.001416884520570819
2008-07-01,0.0
2008-07-02,0.003359529710573167
2008-07-03,0.0004970144727344195
2008-07-07,0.0017110457525049527
2008-07-08,2.777910657785765e-05
2008-07-09,-0.0006250897975908665
2008-07-10,-0.0039595608742642565
2008-07-11,0.00972448794383366
2008-07-14,-0.0030956206394497756
2008-07-15,0.000697929658528057
2008-07-16,0.003314587436050798
2008-07-17,0.009053952852084768
2008-07-18,-0.006585742440181369
2008-07-21,-0.005197450262261855
2008-07-22,0.0088156893643283
2008-07-23,0.002616136341674391
2008-07-24,-0.002980793549897176
2008-07-25,0.0007951763343590268
2008-07-28,0.005900950274098793
2008-07-29,-0.0014134158588247458
2008-07-30,0.001144026158439637
2008-07-31,0.004212290903949889
2008-08-01,0.000950519337121597
2008-08-04,0.0003352488485015903
2008-08-05,-0.0017765598882751032
2008-08-06,-0.0029156542133514096
2008-08-07,0.00011447770425728753
2008-08-08,0.008660584667654098
2008-08-11,0.0005483022021957496
2008-08-12,-0.001920099325139485
2008-08-13,0.003137765620730132
2008-08-14,-0.0005662407281878667
2008-08-15,0.00034551973369482123
2008-08-18,7.719673605917076e-05
2008-08-19,-0.0022997749566371463
2008-08-20,0.003031108045405173
2008-08-21,-0.005380024448126852
2008-08-22,-0.00730303814933791
2008-08-25,0.006433038411965247
2008-08-26,0.007579277000819296
2008-08-27,0.0027640888780895434
2008-08-28,-0.003807516449295517
2008-08-29,0.0006953478688883685
2008-09-02,0.004565899013333585
2008-09-03,0.0038269694699571977
2008-09-04,0.002293385994683955
2008-09-05,-0.0038133135219168947
2008-09-08,0.0015367455327611023
2008-09-09,0.0031878145492563402
2008-09-10,-0.0012920235665897727
2008-09-11,-0.00010413565947383629
2008-09-12,0.0006791661808824512
2008-09-15,0.0005444045121209329
2008-09-16,-0.0008025605325602758
2008-09-17,-0.0029577572940573393
2008-09-18,0.006201131143471284
2008-09-19,0.004304690219675833
2008-09-22,0.00723252326781249
2008-09-23,-0.0012654804501768036
2008-09-24,0.0017404495048605917
2008-09-25,8.287371139338306e-05
2008-09-26,0.0006833774382829893
2008-09-29,0.0009847926567388588
2008-09-30,0.008500655806683488
2008-10-01,-0.005602228094029349
2008-10-02,-0.0013220134378327363
2008-10-03,0.002922818531462967
2008-10-06,-0.0019778886051199486
2008-10-07,0.0035237508518957293
2008-10-08,0.0015318384800006636
2008-10-09,0.00017554619748585965
2008-10-10,0.013877279035883705
2008-10-13,0.03238633479205948
2008-10-14,-0.00028902908379938583
2008-10-15,-0.006821522235745159
2008-10-16,0.011676047036263848
2008-10-17,0.0026932474301598675
2008-10-20,0.009059488435385333
2008-10-21,-0.0048753344475825355
2008-10-22,-0.0008369531664956853
2008-10-23,0.01588459263905746
2008-10-24,0.002125750070135829
2008-10-27,-0.013551433415622727
2008-10-28,0.00580118181361286
2008-10-29,-0.0040429592202815
2008-10-30,0.010812615659419201
2008-10-31,0.009026482114144575
2008-11-03,-0.00015376754173430097
2008-11-04,0.008260650230865984
2008-11-05,0.001374880062100159
2008-11-06,-0.005163381242623949
2008-11-07,0.0019804134970967556
2008-11-10,0.006516047181218598
2008-11-11,0.003884257116569245
2008-11-12,0.0011498959537138754
2008-11-13,0.011769819929617953
2008-11-14,0.014537076238061091
2008-11-17,0.004585381181976561
2008-11-18,-0.0029517268194405033
2008-11-19,0.00026963005696963304
2008-11-20,-0.0021792294176156577
2008-11-21,0.02068751423890978
2008-11-24,0.005854600230120849
2008-11-25,0.015831779613646346
2008-11-26,0.0014038222504959175
2008-11-28,0.004058395448224316
2008-12-01,0.0020829827436702197
2008-12-02,0.0045310952402622395
2008-12-03,0.0017719022551937968
2008-12-04,-0.001917749984896977
2008-12-05,-0.000830339124161078
2008-12-08,0.006298234847147877
2008-12-09,-0.006655803752727884
2008-12-10,0.002981453555668162
2008-12-11,0.001657244586498735
2008-12-12,0.00047991114063365426
2008-12-15,-0.006303373957494474
2008-12-16,0.008254482035846245
2008-12-17,0.004984545057340745
2008-12-18,0.004751414825668454
2008-12-19,0.0038905850005854503
2008-12-22,-0.000698103511266529
2008-12-23,-0.004137429129847531
2008-12-24,0.0003531568620937453
2008-12-26,0.0009663393782438745
2008-12-29,0.0015358454600640948
2008-12-30,-0.0015266907822967467
2008-12-31,0.00625917821538996
2009-01-02,0.0
2009-01-05,0.0021275404868673574
2009-01-06,-0.002321496603925327
2009-01-07,0.0035845713901757727
2009-01-08,0.0002119088467098129
2009-01-09,-0.0003068792308779489
2009-01-12,-0.0009346604684784043
2009-01-13,0.004262235139511539
2009-01-14,0.0010486535204419722
2009-01-15,0.003328785948849894
2009-01-16,-0.0025818881774401616
2009-01-20,0.001237346814274648
2009-01-21,-5.5385364997567746e-05
2009-01-22,-0.00147529554850101
2009-01-23,-0.005399104435696228
2009-01-26,-0.0025626200809339304
2009-01-27,0.0016372755551818218
2009-01-28,0.0073295060642267484
2009-01-29,-0.006519443182282486
2009-01-30,-0.0034509466230691122
2009-02-02,-0.008123834429176724
2009-02-03,0.0010412515964887624
2009-02-04,-0.005144123507928283
2009-02-05,0.003059663534455537
2009-02-06,0.0077710002343311935
2009-02-09,0.004162436230442834
2009-02-10,-0.0007398727072247425
2009-02-11,-0.00313913642549839
2009-02-12,-0.001346577377992164
2009-02-13,-0.004826482113309094
2009-02-17,0.000529789183598578
2009-02-18,0.00207273267463724
2009-02-19,-0.005373422006394018
2009-02-20,-0.0032696622439715496
2009-02-23,-0.004150195722069927
2009-02-24,-0.005449646680195497
2009-02-25,-0.004069597440375594
2009-02-26,-0.0021679527957199187
2009-02-27,-0.0016181480537669323
2009-03-02,-0.008538007249990053
2009-03-03,-0.0005292568177891699
2009-03-04,0.007689671270972242
2009-03-05,-0.0006001426321960768
2009-03-06,-0.005988372152604083
2009-03-09,-0.00023355506929537695
2009-03-10,0.013114230631854334
2009-03-11,4.929878246567876e-05
2009-03-12,0.003490576289872688
2009-03-13,-0.0006326882254796273
2009-03-16,0.008945096911945154
2009-03-17,0.0011628760314703391
2009-03-18,0.0033006558366180825
2009-03-19,-0.0009653385862171459
2009-03-20,-0.005904918942924042
2009-03-23,0.0006319345870065829
2009-03-24,-0.0009940769923256043
2009-03-25,0.0007064665927670244
2009-03-26,0.0071279832326459625
2009-03-27,0.000536838431235781
2009-03-30,-0.0036334388333063962
2009-03-31,-0.00503015157302873
2009-04-01,0.005418617941889181
2009-04-02,0.02061191825096534
2009-04-03,-0.0037509228230314883
2009-04-06,0.002079623073251313
2009-04-07,-0.01136038280664765
2009-04-08,-0.007266904363663324
2009-04-09,0.007085502758422191
2009-04-13,0.002051895781929591
2009-04-14,0.0016848573183794679
2009-04-15,0.00015674764085270575
2009-04-16,0.010284065730302688
2009-04-17,0.004143301157968959
2009-04-20,-0.0033538561273920076
2009-04-21,-0.008198201274203348
2009-04-22,0.0003185438797145224
2009-04-23,0.0005175881993662257
2009-04-24,0.004492407018515876
2009-04-27,-0.0012698684661237136
2009-04-28,-0.0023883736194589946
2009-04-29,0.00401130082200285
2009-04-30,0.0031389619330520814
2009-05-01,0.0019013563782027288
2009-05-04,0.0004990014743885829
2009-05-05,0.0002383443338935809
2009-05-06,0.004277179876192911
2009-05-07,0.0029602911513016026
2009-05-08,0.0002952714123954092
2009-05-11,-0.0035887593386363936
2009-05-12,-0.0040692090381513725
2009-05-13,0.0030071261324937535
2009-05-14,-0.0006411709095796414
2009-05-15,0.0011566073486212359
2009-05-18,0.004889493534377787
2009-05-19,0.0026862160146323586
2009-05-20,0.004993239298667856
2009-05-21,-0.0008398945156665727
2009-05-22,0.0019716285943918
2009-05-26,-0.0009482223687170777
2009-05-27,0.0002777125272584835
2009-05-28,-0.0009579947342593543
2009-05-29,0.0025028572077361866
2009-06-01,0.0018958507663639711
2009-06-02,0.0017366082896658197
2009-06-03,0.0009968217819719405
2009-06-04,-0.0018993015944663127
2009-06-05,-0.0001197106030956574
2009-06-08,-0.0020189839895378204
2009-06-09,0.002825078790652286
2009-06-10,0.004398355506361712
2009-06-11,-0.00237695582463468
2009-06-12,0.0019013665725972073
2009-06-15,0.0012201593094258556
2009-06-16,-0.0007371959760136438
2009-06-17,0.0013359999647135357
2009-06-18,-0.0017616694105027809
2009-06-19,0.0008462933343932721
2009-06-22,0.0039265026226029676
2009-06-23,0.0005200255919868502
2009-06-24,0.0025339019139910325
2009-06-25,0.0018391983451960746
2009-06-26,-0.004771985664896461
2009-06-29,0.00033682066071085706
2009-06-30,-7.392770082202404e-05
2009-07-01,0.0
2009-07-02,-0.00011881730777087984
2009-07-06,0.0006375506756304494
2009-07-07,-0.00044339885974964963
2009-07-08,0.0023557076486079853
2009-07-09,0.0013066300033496125
2009-07-10,0.00044855702684497566
2009-07-13,0.0022350242473216375
2009-07-14,0.0002544989431661926
2009-07-15,-0.0010698029952751376
2009-07-16,0.0014963274411733617
2009-07-17,-0.0005067917169282232
2009-07-20,-0.0007122904820731635
2009-07-21,0.0003979114380236015
2009-07-22,-0.00034826985917405515
2009-07-23,-0.003013612243009528
2009-07-24,0.0008184327603611763
2009-07-27,0.0018384946228704013
2009-07-28,0.0037427247808858033
2009-07-29,0.0026277851744049563
2009-07-30,0.0015545216440589703
2009-07-31,-0.0008602546541767008
2009-08-03,0.002396748053701092
2009-08-04,0.0007066862709155075
2009-08-05,-0.0011523177957646568
2009-08-06,-0.00135184981360274
2009-08-07,0.001205371864291771
2009-08-10,-0.0009695497795986607
2009-08-11,8.907790069428989e-06
2009-08-12,0.0008916187710253931
2009-08-13,-0.001800703878606824
2009-08-14,0.0013111812678260448
2009-08-17,-0.0010369697400021416
2009-08-18,-0.002090222196077074
2009-08-19,3.253342790242586e-05
2009-08-20,0.0017071437676982604
2009-08-21,0.0009766937975985823
2009-08-24,0.001026017418413633
2009-08-25,-0.0021797554826783637
2009-08-26,0.000900079947418192
2009-08-27,-0.0031471502557471496
2009-08-28,-0.0006136793362783832
2009-08-31,0.003220254515994764
2009-09-01,0.001313699734158308
2009-09-02,0.00013571395628701467
2009-09-03,0.003117079497230557
2009-09-04,0.004727353865977757
2009-09-08,0.0007356901101256141
2009-09-09,-0.002826071382164508
2009-09-10,0.003925507881223778
2009-09-11,0.004153395887082323
2009-09-14,-0.0012954543149894583
2009-09-15,0.0024144331220453397
2009-09-16,4.432134263611109e-05
2009-09-17,-0.0013396923108071833
2009-09-18,0.0027164972458879446
2009-09-21,0.00039612241610432195
2009-09-22,0.0033158377613540678
2009-09-23,-0.0002058098282111731
2009-09-24,0.00046715370635208586
2009-09-25,0.0012037406054942689
2009-09-28,-0.001515159897121543
2009-09-29,0.0008758344570456266
2009-09-30,0.0012192116441869627
2009-10-01,0.000236093980264529
2009-10-02,-0.00023229411110176624
2009-10-05,-0.0007022592492677115
2009-10-06,-0.0007617030700973304
2009-10-07,0.0019646273491856605
2009-10-08,0.000955955757840099
2009-10-09,-0.0011707581054572925
2009-10-12,0.00046006935142519636
2009-10-13,-0.0004921569567236661
2009-10-14,-0.00233095415758644
2009-10-15,0.001136252767744489
2009-10-16,0.002858097605457921
2009-10-19,0.0010248921952439316
2009-10-20,-0.0003472829049285198
2009-10-21,-0.0009191230920982618
2009-10-22,0.002667239950171191
2009-10-23,0.004067731838409761
2009-10-26,0.0016200163741412644
2009-10-27,0.0007614192396277863
2009-10-28,0.0021056776482612947
2009-10-29,-0.0012016413946909887
2009-10-30,0.0020012675881049603
2009-11-02,-0.0028864260633180094
2009-11-03,-0.005619146953175341
2009-11-04,0.0034615303548760747
2009-11-05,-0.0023478911620102407
2009-11-06,-0.0008966994546743656
2009-11-09,-0.004058198224620613
2009-11-10,0.0005853771847417089
2009-11-11,-0.0003474832337473532
2009-11-12,0.004133311707661807
2009-11-13,0.0008492245506630692
2009-11-16,-0.006512222633036202
2009-11-17,-0.002349242841701504
2009-11-18,-0.001109197881217855
2009-11-19,0.0017045860680837855
2009-11-20,0.006147070677564553
2009-11-23,-0.0011032436778075417
2009-11-24,0.0029633313165584154
2009-11-25,0.0020438197899483035
2009-11-27,0.0035829586430121798
2009-11-30,-0.005637931829153409
2009-12-01,0.0026346540096222394
2009-12-02,0.0012718054041324256
2009-12-03,0.004917576977089844
2009-12-04,-0.0019267224823901973
2009-12-07,0.002397899236148221
2009-12-08,0.005685328027256686
2009-12-09,0.0010986558702888948
2009-12-10,-0.0038277604497950536
2009-12-11,0.0011799598737216254
2009-12-14,0.0018910715917280496
2009-12-15,-0.0019195871326725122
2009-12-16,-2.166998037521073e-05
2009-12-17,-0.004109395962911999
2009-12-18,0.001266389857062311
2009-12-21,0.003288646830120129
2009-12-22,0.00018341299727597237
2009-12-23,-0.0033485729354608028
2009-12-24,-0.0006554801760246587
2009-12-28,-0.00045750234396531585
2009-12-29,-0.0004737899992174055
2009-12-30,-0.000991452060641751
2009-12-31,-0.0004893725961636786
2010-01-04,0.0
2010-01-05,0.0
2010-01-06,0.0
2010-01-07,-0.0005242135576248363
2010-01-08,0.00037236573889377065
2010-01-11,-0.0008490885758385414
2010-01-12,0.0003128583007777075
2010-01-13,0.0016449268513731685
2010-01-14,0.00023302415720202196
2010-01-15,0.0007550002522783483
2010-01-19,4.607178328551731e-05
2010-01-20,0.0002808326774268677
2010-01-21,0.00029782420379262375
2010-01-22,0.002657024681995379
2010-01-25,0.0009589909647830964
2010-01-26,0.00259887444428476
2010-01-27,0.0010008077275461824
2010-01-28,0.0003738026481860335
2010-01-29,0.0010712298360938566
2010-02-01,-0.0007329227748296586
2010-02-02,-0.00038070384432352665
2010-02-03,0.0013432693987641964
2010-02-04,0.006052790581003553
2010-02-05,0.00047220380932583295
2010-02-08,-0.0013114229388563492
2010-02-09,-0.0005262192511773511
2010-02-10,-0.0012841234131487967
2010-02-11,-0.0008395443982625372
2010-02-12,0.0001837118796385817
2010-02-16,-3.652866622742001e-05
2010-02-17,-0.001417384051214099
2010-02-18,0.0013824211173580347
2010-02-19,0.00038781689623128003
2010-02-22,-0.0010450782996135888
2010-02-23,0.00041147614905433504
2010-02-24,-0.0006812582635419062
2010-02-25,-0.00020648684882732527
2010-02-26,0.0017050212204534065
2010-03-01,0.0002281878325796183
2010-03-02,0.0011488649164291154
2010-03-03,-0.00012432429129721756
2010-03-04,0.00020494596511799745
2010-03-05,-0.002871267281324952
2010-03-08,0.0003140343439234472
2010-03-09,3.670393092960467e-05
2010-03-10,-0.000749907032586139
2010-03-11,-0.0008714504049582295
2010-03-12,-0.0019967659382553794
2010-03-15,-0.0023260345625206623
2010-03-16,0.0018317604629785934
2010-03-17,-0.0009986378370070714
2010-03-18,-0.0006077725997641281
2010-03-19,-0.00021161866272733086
2010-03-22,-0.000815440808757345
2010-03-23,0.00040716468956604744
2010-03-24,-0.0012022044459307157
2010-03-25,-0.0011551931219138222
2010-03-26,0.0006929962765890862
2010-03-29,-0.00032619009701627676
2010-03-30,-0.0015133083207947485
2010-03-31,-0.002734454472375214
2010-04-01,0.0006087528865141134
2010-04-05,0.002242899061431941
2010-04-06,0.001234503885092325
2010-04-07,-0.0006361817356722698
2010-04-08,0.0005623923010368182
2010-04-09,0.0012967687919275884
2010-04-12,0.001320020180453124
2010-04-13,-0.001810332648112639
2010-04-14,0.0018290245911794455
2010-04-15,0.0001549184412278637
2010-04-16,-0.0010313881995307362
2010-04-19,-0.0006741287451205557
2010-04-20,0.0009202716619889417
2010-04-21,0.0005721545345869327
2010-04-22,-0.0005824426310264974
2010-04-23,0.0016429067408634701
2010-04-26,0.0029879881399097917
2010-04-27,-0.0016463198147010916
2010-04-28,0.0037552307447532907
2010-04-29,-0.00017088987832900582
2010-04-30,0.004934561670174637
2010-05-03,-0.001286718441204926
2010-05-04,-0.0002734361223596327
2010-05-05,-0.0010289182889912374
2010-05-06,0.0019540647423357815
2010-05-07,-0.002282283143138264
2010-05-10,0.00023652615601071902
2010-05-11,-0.001622818949570498
2010-05-12,0.001615424297309731
2010-05-13,-0.0008173834585204042
2010-05-14,0.0032422097921007862
2010-05-17,0.0022273556904940815
2010-05-18,0.0021125734140512776
2010-05-19,-0.0033073327335145066
2010-05-20,0.0022466306208041133
2010-05-21,-0.0003684195827875214
2010-05-24,-0.0016523993416550197
2010-05-25,-9.830565772367961e-05
2010-05-26,0.0034001793161251735
2010-05-27,0.0006758046087525005
2010-05-28,0.0008152042487874322
2010-06-01,-0.004643328237171107
2010-06-02,-0.0006855120193861031
2010-06-03,0.00260700274067282
2010-06-04,7.19257001010276e-05
2010-06-07,0.0009979663862512533
2010-06-08,-0.0013044029733454755
2010-06-09,-0.0013205809584791062
2010-06-10,0.0037227180872081876
2010-06-11,0.001174111186696647
2010-06-14,-0.0016423048033084365
2010-06-15,0.0005718085008695972
2010-06-16,0.0004182385480005324
2010-06-17,-0.003022674591530117
2010-06-18,0.002856103651641073
2010-06-21,0.0028015337639227035
2010-06-22,0.002068184820488628
2010-06-23,-0.0017390596234551803
2010-06-24,-0.0008828170600291563
2010-06-25,-0.0009759429036165779
2010-06-28,-0.00018502019348078935
2010-06-29,0.0019250139055607685
2010-06-30,0.0034570519247959395
2010-07-01,0.0
2010-07-02,-0.0004399800058020098
2010-07-06,7.722299771930618e-05
2010-07-07,0.0003304211926685952
2010-07-08,0.0016720980056611546
2010-07-09,0.004109572468492822
2010-07-12,0.0010357195400222674
2010-07-13,0.0012537765271320278
2010-07-14,0.0010993410940846938
2010-07-15,-0.0010526818441202624
2010-07-16,-0.0006995185035676366
2010-07-19,-0.0033140000799791736
2010-07-20,0.003275199059266204
2010-07-21,0.0005829577160183008
2010-07-22,-0.005049417037083603
2010-07-23,0.004875120194786415
2010-07-26,0.0011297077356888674
2010-07-27,-0.000621702999921614
2010-07-28,-0.00021691376437699695
2010-07-29,0.002683329334888812
2010-07-30,0.0013670427112669082
2010-08-02,0.0021487453064306774
2010-08-03,0.0017722777288530166
2010-08-04,0.001844020081665365
2010-08-05,-0.001369730924543927
2010-08-06,0.0005016752989794482
2010-08-09,-0.0022413290506741344
2010-08-10,-0.0020309775061894964
2010-08-11,-0.0005944981641270552
2010-08-12,0.0006239334439295363
2010-08-13,-0.0015216108774617377
2010-08-16,0.0005388941290787486
2010-08-17,0.0046130848426162606
2010-08-18,0.002568170076542686
2010-08-19,-7.659522979297506e-06
2010-08-20,0.0018970309314053357
2010-08-23,-0.003941142502421497
2010-08-24,-0.007338912628713473
2010-08-25,-0.001245294330866975
2010-08-26,-0.000577066614904076
2010-08-27,0.0005228107173000484
2010-08-30,0.0017568157103085458
2010-08-31,-0.0032115622364646103
2010-09-01,0.004044810038897312
2010-09-02,0.0012904484924946892
2010-09-03,0.0015909794295185186
2010-09-07,-0.0009268373979067601
2010-09-08,0.0018429074354089747
2010-09-09,0.001468132042558179
2010-09-10,0.003791718439499775
2010-09-13,-0.004859386044022113
2010-09-14,0.0013431211120828457
2010-09-15,0.001304523753285891
2010-09-16,0.00010626939243300049
2010-09-17,0.0037553308946525034
2010-09-20,-0.0011012937602424943
2010-09-21,0.003008971369046859
2010-09-22,-0.001779084475413567
2010-09-23,0.001023746767372341
2010-09-24,-0.0012264325310696322
2010-09-27,-0.0010392339807801132
2010-09-28,0.0029877514714750754
2010-09-29,0.0003369029920730626
2010-09-30,0.0007438627113836582
2010-10-01,-0.0023707509676967275
2010-10-04,-0.002134835606935287
2010-10-05,0.00028746146528884075
2010-10-06,0.0003633771873484404
2010-10-07,-0.0010416491664582972
2010-10-08,0.00036732341388315823
2010-10-11,0.0010414070573042833
2010-10-12,0.0023293119132711424
2010-10-13,0.0024351076879495503
2010-10-14,-0.0015048894851681371
2010-10-15,-0.0008223547053655078
2010-10-18,0.0028532641126700676
2010-10-19,-0.0016927033329287911
2010-10-20,-9.082505474295455e-05
2010-10-21,0.0004541003776612318
2010-10-22,0.00026048562540552654
2010-10-25,-0.0011252584138292721
2010-10-26,0.003226919128767214
2010-10-27,-3.060706009082037e-05
2010-10-28,-0.0009044406033721531
2010-10-29,0.003894944818436169
2010-11-01,0.0012743692408570372
2010-11-02,-0.0011575078723448096
2010-11-03,0.0028825890040104774
2010-11-04,-0.0017160328273106095
2010-11-05,0.0010476424518925608
2010-11-08,-0.0009618094176900404
2010-11-09,0.0008805119757764379
2010-11-10,0.0009113272170353737
2010-11-11,0.0006005142432790822
2010-11-12,0.0003509694575461686
2010-11-15,-0.0009275194726359182
2010-11-16,0.0008639787411844957
2010-11-17,0.0014059641133168821
2010-11-18,0.0014902625218611188
2010-11-19,0.0012853596752119278
2010-11-22,-0.0027370776539849596
2010-11-23,-0.000916162841272461
2010-11-24,0.0009177534824134526
2010-11-26,-0.001133946283270304
2010-11-29,-0.0007558045451383555
2010-11-30,-0.002154527219287922
2010-12-01,0.00184458718333278
2010-12-02,0.0023066610875962625
2010-12-03,0.0012896966629408369
2010-12-06,-0.0023078160901840285
2010-12-07,-0.00026186316055418766
2010-12-08,-6.0679185702461336e-05
2010-12-09,-0.0006793600517671472
2010-12-10,0.0009490119981516387
2010-12-13,0.0004478931583553669
2010-12-14,0.0015101505902745782
2010-12-15,0.0013023778643999784
2010-12-16,-0.0012924342517264987
2010-12-17,-8.235408828178858e-05
2010-12-20,0.00023625987103466085
2010-12-21,-0.0009231945825011578
2010-12-22,0.0012873110282511757
2010-12-23,-8.442443210096573e-05
2010-12-27,-0.00037591211707777017
2010-12-28,0.0010014548173476801
2010-12-29,0.0011447286758096199
2010-12-30,-0.0010102483557416775
2010-12-31,0.0011510423471762844
2011-01-03,0.0
2011-01-04,0.0003866234513410005
2011-01-05,-0.0001545216054069931
2011-01-06,0.0010504869369955595
2011-01-07,0.0012141338047414907
2011-01-10,0.0007735528035585915
2011-01-11,-0.0002709888692332241
2011-01-12,0.0001555346494753973
2011-01-13,0.0008439339480577346
2011-01-14,-0.0006085638012983064
2011-01-18,0.0004371596841711622
2011-01-19,0.0009306312030630092
2011-01-20,4.051413737219955e-05
2011-01-21,0.0002930267371811679
2011-01-24,-1.874581687321686e-05
2011-01-25,-0.003768553135326774
2011-01-26,0.0001696385996930505
2011-01-27,-0.000692764376573296
2011-01-28,-0.0017597769077347726
2011-01-31,-0.0018372585313311096
2011-02-01,-0.0005485255808149014
2011-02-02,0.005128441995898453
2011-02-03,0.003065363465553811
2011-02-04,0.0007833624437127596
2011-02-07,-0.0005263751677191397
2011-02-08,-0.0010148795477264495
2011-02-09,0.004042465575002441
2011-02-10,0.0004007338992233933
2011-02-11,0.003002758026898311
2011-02-14,5.9178117124975004e-05
2011-02-15,-0.0002542942304119
2011-02-16,-0.0006489242412206608
2011-02-17,-0.000161444004376593
2011-02-18,-0.0019374403881361468
2011-02-22,0.0004286557472398811
2011-02-23,0.0024772307377101733
2011-02-24,0.0009357561646695878
2011-02-25,-0.0011086324025119166
2011-02-28,0.0021085624606569596
2011-03-01,0.0021421414401882944
2011-03-02,0.0006570004239459637
2011-03-03,-0.0013014598836012636
2011-03-04,-3.60390829577284e-05
2011-03-07,0.0008984534699063684
2011-03-08,0.003281473525317202
2011-03-09,0.0012091465712901594
2011-03-10,0.002221258331133824
2011-03-11,-0.001011232913519866
2011-03-14,-0.004263744981181472
2011-03-15,0.0014337986618945032
2011-03-16,0.0038085157508807423
2011-03-17,-0.0002898099602674176
2011-03-18,-0.0005912326620642561
2011-03-21,-0.0006591623266346325
2011-03-22,0.0006872826980732161
2011-03-23,0.0011151729344892392
2011-03-24,-0.0005874357448964029
2011-03-25,0.0004988753276787883
2011-03-28,-0.001027335460363421
2011-03-29,-0.0009399465493114212
2011-03-30,0.0004501351395157727
2011-03-31,0.0005834860171004596
2011-04-01,-9.499222366596838e-05
2011-04-04,-0.0003311189416325022
2011-04-05,0.001360632556776553
2011-04-06,0.00027696117426712075
2011-04-07,2.2540609632382137e-05
2011-04-08,-0.0010452720052816333
2011-04-11,-0.00021426623088261488
2011-04-12,0.0007793785941234421
2011-04-13,0.0019177128364590735
2011-04-14,-8.366128400404405e-05
2011-04-15,9.988394923903244e-05
2011-04-18,-0.0009784061570538628
2011-04-19,0.004355030937509741
2011-04-20,0.0014148443105022391
2011-04-21,-0.003514635951825995
2011-04-25,-0.001423965248357545
2011-04-26,0.0011622042240996499
2011-04-27,-0.0014302987824242664
2011-04-28,0.0022561146209620353
2011-04-29,0.0008786047621732629
2011-05-02,3.536440551811793e-05
2011-05-03,0.0027972077596040644
2011-05-04,-0.00190011894922687
2011-05-05,0.0014901340838615607
2011-05-06,0.0019345260894614747
2011-05-09,-0.0011210914097049053
2011-05-10,0.000781763589349338
2011-05-11,0.001118039215715988
2011-05-12,0.000832723801439017
2011-05-13,0.0020325092964196545
2011-05-16,0.0020038642575926414
2011-05-17,0.0006924242426445904
2011-05-18,-0.0026738803411558766
2011-05-19,0.00026491519770861506
2011-05-20,0.0006184236131557275
2011-05-23,-9.499555479397514e-06
2011-05-24,0.000340994692929375
2011-05-25,-0.0007334705857806101
2011-05-26,-0.000358111825182994
2011-05-27,-0.001916444756167862
2011-05-31,-0.0018415757451813787
2011-06-01,-0.0019120300113164347
2011-06-02,0.0013501283572032007
2011-06-03,-0.0008251874013689431
2011-06-06,-0.0010137153802173115
2011-06-07,0.0021882556874580628
2011-06-08,0.0031055913074392373
2011-06-09,0.0024382898250741025
2011-06-10,0.00015656374390052852
2011-06-13,-5.317047932250074e-05
2011-06-14,0.00015376012924830373
2011-06-15,0.0012266748128887783
2011-06-16,0.0007421619497278876
2011-06-17,-0.00014505055938504596
2011-06-20,0.0032040471153572227
2011-06-21,-0.00038365472188589544
2011-06-22,-0.00024681239572786894
2011-06-23,-0.0011468121584696845
2011-06-24,0.00018052078090486368
2011-06-27,-0.0005904573265812674
2011-06-28,-0.0014894400698483134
2011-06-29,-0.0002300723418231565
2011-06-30,0.00105882215510662
2011-07-01,0.0
2011-07-05,1.1042427819579759e-05
2011-07-06,0.0009766362415471908
2011-07-07,0.00013320688331998066
2011-07-08,6.644322476229148e-06
2011-07-11,0.0006959147138045629
2011-07-12,0.0006653857477759817
2011-07-13,-0.0004866974015716952
2011-07-14,-0.0011881881676214234
2011-07-15,0.0014609693662399781
2011-07-18,0.0005652227541936506
2011-07-19,0.001729353550347279
2011-07-20,-0.000630041358537331
2011-07-21,0.00017430797622895456
2011-07-22,0.00099109719949389
2011-07-25,-0.0010901140011121747
2011-07-26,-0.0011297800357155607
2011-07-27,-0.0009909288416094174
2011-07-28,-0.0015965826890199542
2011-07-29,0.00029516613684267833
2011-08-01,0.0010504680577543778
2011-08-02,0.003071645011361407
2011-08-03,0.0012056721000035353
2011-08-04,0.0033768449247040923
2011-08-05,-0.0029069479365515737
2011-08-08,0.0019916021707646393
2011-08-09,0.0037506110912949977
2011-08-10,0.0013475069531903804
2011-08-11,0.00828280853864632
2011-08-12,0.002369281211906743
2011-08-15,0.0016333835212667958
2011-08-16,0.0026502752421864117
2011-08-17,0.0014329407736001555
2011-08-18,0.0025742177367979236
2011-08-19,-0.003072507848081363
2011-08-22,-0.00013504895542190698
2011-08-23,0.0057506128100879295
2011-08-24,-0.0038396540907339126
2011-08-25,0.005735639893298061
2011-08-26,0.002427877748105306
2011-08-29,0.0032009911658959166
2011-08-30,0.004292658948503369
2011-08-31,0.0015257123443374264
2011-09-01,-0.0016845826311475466
2011-09-02,-0.003093515984319878
2011-09-06,0.0025680598438822754
2011-09-07,0.0035141306355150727
2011-09-08,-0.0012670828121338351
2011-09-09,-0.0006423415536966793
2011-09-12,0.00470476541689997
2011-09-13,0.0012001278526341309
2011-09-14,0.00132580226337079
2011-09-15,0.0018912073680309115
2011-09-16,0.003681977506050532
2011-09-19,-0.003638530015983343
2011-09-20,0.0024100439441191333
2011-09-21,-0.003132116047853012
2011-09-22,0.002583974128690919
2011-09-23,0.003137692448624341
2011-09-26,-0.00024206592943911142
2011-09-27,0.006722830580720934
2011-09-28,-0.0015658372505554575
2011-09-29,0.0014834567905373075
2011-09-30,0.001699298652907244
2011-10-03,-0.0037813458216325703
2011-10-04,0.007311946329802077
2011-10-05,0.0006475605105837667
2011-10-06,0.002111722075661049
2011-10-07,-0.0021427265366406266
2011-10-10,-0.0009602126358228436
2011-10-11,-0.0001260655136216593
2011-10-12,0.003717245369091787
2011-10-13,0.001077954794445435
2011-10-14,-0.0005045724438648869
2011-10-17,0.000267121109794044
2011-10-18,0.004680900587478226
2011-10-19,-0.00048195833574854463
2011-10-20,0.001350771177300808
2011-10-21,0.0027564257321388065
2011-10-24,0.0036901457229747913
2011-10-25,0.0019723520008753104
2011-10-26,0.002155389560123999
2011-10-27,0.0011272841784553012
2011-10-28,0.0022007430388082507
2011-10-31,-0.0024955322094910694
2011-11-01,-0.0008577085130409667
2011-11-02,0.0018371656659803282
2011-11-03,-0.0030067072049574373
2011-11-04,-0.0006072798204842522
2011-11-07,-0.0011283119894686111
2011-11-08,0.0011076937032303835
2011-11-09,-0.00045995568358684903
2011-11-10,0.0019299808411765763
2011-11-11,0.001477717778742893
2011-11-14,0.0012228754645419115
2011-11-15,0.0013747586942961187
2011-11-16,0.004695477271835053
2011-11-17,0.0017902257870112015
2011-11-18,-0.0025912764744867867
2011-11-21,-0.000710572700226103
2011-11-22,-0.0011894672453587718
2011-11-23,-0.0010566559024074273
2011-11-25,0.001931013147636823
2011-11-28,0.0037205494196741796
2011-11-29,-0.0004668172966125317
2011-11-30,-0.0010868802517716436
2011-12-01,0.0007623242832674626
2011-12-02,0.0012802018422342297
2011-12-05,0.0028695296827041306
2011-12-06,0.0021737887179315795
2011-12-07,-0.0005036873828446031
2011-12-08,-0.0018509529874555508
2011-12-09,0.0002120141052246116
2011-12-12,0.0019600630893043813
2011-12-13,-0.0010336246498005742
2011-12-14,0.0009432688646912324
2011-12-15,0.0023384154131790903
2011-12-16,0.001173005076334166
2011-12-19,-0.0007125691601451711
2011-12-20,-0.0008670394877615673
2011-12-21,0.0005415421550143184
2011-12-22,-0.00011673057488015282
2011-12-23,-0.000563573575313614
2011-12-27,0.001977059194027486
2011-12-28,0.0008032815672034066
2011-12-29,-0.0007923305337290909
2011-12-30,0.0007273525107019008
2012-01-03,0.0
2012-01-04,0.0005985439765124279
2012-01-05,-0.0005094208779487352
2012-01-06,0.00019722351423888672
2012-01-09,-0.0005995686357953666
2012-01-10,0.0010410265963055998
2012-01-11,-0.0003487037514534774
2012-01-12,0.000286501971148867
2012-01-13,0.0004636547132270075
2012-01-17,0.0006775000912625006
2012-01-18,-0.0016467659721590255
2012-01-19,-0.0009828986315143673
2012-01-20,0.004038480227243823
2012-01-23,-0.0007897498421523874
2012-01-24,0.0010355809106245618
2012-01-25,-0.0009933832531939303
2012-01-26,-0.000553191658288843
2012-01-27,0.0005031418726165471
2012-01-30,-0.001059625549274068
2012-01-31,0.0013382080859142941
2012-02-01,0.0016086556791492291
2012-02-02,-0.00240856012477903
2012-02-03,0.00019390939153456354
2012-02-06,0.0016360824181852695
2012-02-07,0.000921693722657968
2012-02-08,0.0009121363352270206
2012-02-09,-0.0012916352294763233
2012-02-10,-0.0004878443262121779
2012-02-13,-3.645657762285648e-05
2012-02-14,-0.0009541652920549038
2012-02-15,0.0024773969334831504
2012-02-16,0.0021951709027106083
2012-02-17,0.0032785783326541584
2012-02-21,-0.003105355234918522
2012-02-22,0.0016380198540018986
2012-02-23,-0.001355098761120921
2012-02-24,-0.0012104101542087908
2012-02-27,0.0010559478689118663
2012-02-28,-0.0003596722947703301
2012-02-29,0.0012520853633684326
2012-03-01,4.520496151539932e-05
2012-03-02,-0.0011131384289016944
2012-03-05,0.0005459015601021522
2012-03-06,-0.000850456658320975
2012-03-07,0.0004095763734003999
2012-03-08,-0.0003987362348977119
2012-03-09,-0.000950625981318054
2012-03-12,0.00011266190937182507
2012-03-13,0.00040182848215796206
2012-03-14,-0.0008464467231234452
2012-03-15,-0.0022144262330561605
2012-03-16,0.0021669071687494767
2012-03-19,-0.0016598197106117152
2012-03-20,-0.0023658765256342083
2012-03-21,-0.00024355208002723727
2012-03-22,-0.0011812928255308442
2012-03-23,0.00013004291198995822
2012-03-26,-0.0014933572247968873
2012-03-27,-0.0003235291721430056
2012-03-28,-7.759074201241778e-05
2012-03-29,-0.0006301461503172345
2012-03-30,-0.00027360148713458934
2012-04-02,-0.0026878465597192256
2012-04-03,0.000413620950238236
2012-04-04,-0.0008351468979334309
2012-04-05,-0.0005183025799240237
2012-04-09,-0.001971573438900226
2012-04-10,-0.00016384872292121155
2012-04-11,-0.00010969337476944285
2012-04-12,0.0008631392897078371
2012-04-13,-0.0009176462121865958
2012-04-16,-0.0018014378455302293
2012-04-17,0.000831700391286716
2012-04-18,-0.001830629729859362
2012-04-19,0.00046089962059313593
2012-04-20,0.0001371860547307535
2012-04-23,-0.0010631165244296525
2012-04-24,-0.000554341503951139
2012-04-25,0.0006736663315371095
2012-04-26,-0.002355068889678474
2012-04-27,0.0005736112001872684
2012-04-30,-0.0013791278710190535
2012-05-01,-0.0007564690004849828
2012-05-02,0.0006059349731479258
2012-05-03,-0.001884302582243458
2012-05-04,0.003863876068558386
2012-05-07,0.00033842960027019586
2012-05-08,-0.002380323004835161
2012-05-09,0.001988386555608834
2012-05-10,-0.0028266954945453835
2012-05-11,-0.0008585291623361413
2012-05-14,-0.0029307794409501988
2012-05-15,-0.003083591948692582
2012-05-16,-0.002045606962914448
2012-05-17,0.003516071786843167
2012-05-18,0.0025815621237080975
2012-05-21,0.0003535836863310382
2012-05-22,-0.0006260857556545707
2012-05-23,0.00041076449757075363
2012-05-24,-0.0011447227819753381
2012-05-25,0.0001331274304123997
2012-05-29,0.0010368020564104907
2012-05-30,0.0012573448879167393
2012-05-31,-0.0026275309121029434
2012-06-01,0.0025244930108198837
2012-06-04,0.0005011250433482273
2012-06-05,0.001086309254531481
2012-06-06,0.0037842877001640295
2012-06-07,0.0007379939209804232
2012-06-08,-0.00424443709915392
2012-06-11,0.0009097305982516679
2012-06-12,0.0004355174009929408
2012-06-13,0.0006004328488111943
2012-06-14,0.0018821469842663751
2012-06-15,-0.0001605290978149765
2012-06-18,-0.00020982504571688266
2012-06-19,0.0015953851131135066
2012-06-20,-0.00019906160391760518
2012-06-21,-0.002233177618013904
2012-06-22,-0.0014321284159348135
2012-06-25,-0.0020234681311723846
2012-06-26,0.0009735896137609224
2012-06-27,-0.0015259914730825497
2012-06-28,0.0018647407718827558
2012-06-29,-0.0006465785351572439
2012-07-02,0.0
2012-07-03,0.000687967298710895
2012-07-05,7.131133242244125e-06
2012-07-06,0.0026795026534115764
2012-07-09,0.0007019885738758049
2012-07-10,0.0007519246892160851
2012-07-11,-0.0003980980489112043
2012-07-12,0.0007475946720498374
2012-07-13,0.0006384846709504011
2012-07-16,0.002884670596415711
2012-07-17,-0.0013895096489589503
2012-07-18,-9.011363800959238e-05
2012-07-19,0.00043773163819818697
2012-07-20,3.725371135675445e-05
2012-07-23,0.0006672085788527474
2012-07-24,-5.370180298381351e-05
2012-07-25,0.002421599561584363
2012-07-26,0.0005610233084397851
2012-07-27,-0.0012681036024759433
2012-07-30,-0.0006853050077545733
2012-07-31,0.0005373214270342384
2012-08-01,0.00022047896890208776
2012-08-02,-0.000323667778176279
2012-08-03,0.002851940390130393
2012-08-06,-0.0010916127215380273
2012-08-07,-9.529088743905725e-05
2012-08-08,0.002614763300291715
2012-08-09,0.0025012458299862026
2012-08-10,0.00034270727301317986
2012-08-13,0.0002114125569345292
2012-08-14,0.0008472061727207276
2012-08-15,-0.0008184185150584541
2012-08-16,0.0004920524542729323
2012-08-17,-0.0010659018937636017
2012-08-20,0.0001272808557189446
2012-08-21,-0.0006766789691526361
2012-08-22,-0.001638584308764302
2012-08-23,0.000528642145620808
2012-08-24,0.003172834962517056
2012-08-27,9.301466397883627e-05
2012-08-28,-0.00015919424380590814
2012-08-29,0.0005517387442865072
2012-08-30,-0.0010804483548896994
2012-08-31,0.0006029485482183954
2012-09-04,-0.003561994911801273
2012-09-05,-0.001745244586640791
2012-09-06,0.0003564477850507169
2012-09-07,3.837176531795132e-05
2012-09-10,0.0014206669942069246
2012-09-11,-0.001425359518684996
2012-09-12,-0.0001808689012082695
2012-09-13,0.0001006311316255118
2012-09-14,0.00027619560156740653
2012-09-17,-0.0022924087536455233
2012-09-18,0.0016931182594049968
2012-09-19,-0.0005190825259367982
2012-09-20,0.00039747150534947585
2012-09-21,0.00021805949804789093
2012-09-24,0.0011588775664259877
2012-09-25,0.001336466173446796
2012-09-26,0.0015493744615339027
2012-09-27,0.002005691856821178
2012-09-28,0.0013202004631960658
2012-10-01,-0.0003710249038547021
2012-10-02,-0.000405001638821909
2012-10-03,0.001004410971832868
2012-10-04,0.0014082673449123482
2012-10-05,-0.0008266988627940554
2012-10-08,-0.0023217517586956097
2012-10-09,6.055193390172429e-05
2012-10-10,0.0004166862265001514
2012-10-11,-0.0007777978336135536
2012-10-12,-0.00022876885160598364
2012-10-15,0.00019119972476318962
2012-10-16,-0.0010483239201216222
2012-10-17,0.0005741204573226647
2012-10-18,0.0005676615443758836
2012-10-19,0.001736443608829624
2012-10-22,0.0007440240627282797
2012-10-23,0.0007354786317560539
2012-10-24,-0.0002652327583965573
2012-10-25,0.0011959809390801616
2012-10-26,0.0006850964127154661
2012-10-31,0.0017653055845518082
2012-11-01,-0.0028163975549670693
2012-11-02,0.00099554315240803
2012-11-05,-0.002092210810999254
2012-11-06,0.003074112410245221
2012-11-07,0.001743572607305557
2012-11-08,-0.0017282003737889456
2012-11-09,-0.0008697478388589118
2012-11-12,-0.0013605146361502492
2012-11-13,-0.00013889839844031423
2012-11-14,0.0015251838832293027
2012-11-15,-0.003742063959334308
2012-11-16,0.0012582918339246916
2012-11-19,-0.00309651421287151
2012-11-20,-0.0024020635463542525
2012-11-21,-0.00024156001057960475
2012-11-23,-0.0023952726230399395
2012-11-26,-0.000160616233688974
2012-11-27,0.001592215994603311
2012-11-28,0.001680867526306777
2012-11-29,0.001400744332076142
2012-11-30,0.0010892987506863423
2012-12-03,-0.0017804207723202826
2012-12-04,-0.001555969056514567
2012-12-05,0.0030919430564103215
2012-12-06,-0.0006029472953779793
2012-12-07,0.0005995988666783104
2012-12-10,0.0027977974916145263
2012-12-11,7.938805659430714e-06
2012-12-12,0.00013103113801960528
2012-12-13,0.0020820629358132676
2012-12-14,0.0013816434006574542
2012-12-17,-0.0031461232108806673
2012-12-18,0.002496468284984609
2012-12-19,-0.0007136936389755252
2012-12-20,0.0014463559802031043
2012-12-21,0.0008808997959447042
2012-12-24,-0.0010699119391063038
2012-12-26,-0.0009985644140299886
2012-12-27,0.0008916276925406155
2012-12-28,0.0005885500620691252
2012-12-31,-0.0017209558149079546
2013-01-02,0.0
2013-01-03,0.0011707947484386806
2013-01-04,-0.0001156481735135828
2013-01-07,0.0007557622176398493
2013-01-08,0.001964309673516562
2013-01-09,-0.0007905688437380487
2013-01-10,0.0006692228509188991
2013-01-11,-0.0038122085149268404
2013-01-14,-0.002863919293353989
2013-01-15,-0.0005565249577385411
2013-01-16,0.0009981692328970503
2013-01-17,-0.0028319200604546846
2013-01-18,0.0005746967589842445
2013-01-22,-0.001375596335252749
2013-01-23,-0.0019335539214391962
2013-01-24,0.0002653064666045646
2013-01-25,0.0012301208751932912
2013-01-28,-0.0017017000792593716
2013-01-29,-0.001606300591433002
2013-01-30,-0.0025428052788932787
2013-01-31,-0.00012069643762149251
2013-02-01,-0.00040627281095250155
2013-02-04,0.007997961024807331
2013-02-05,-0.001127375036244571
2013-02-06,0.007383243513681886
2013-02-07,-0.0022580957632797327
2013-02-08,0.0013217590849701534
2013-02-11,-0.0020281234745322283
2013-02-12,0.001257205619386137
2013-02-13,-0.0017304118096403808
2013-02-14,-0.00038043940144913966
2013-02-15,0.009974006755612514
2013-02-19,-0.001778156708371037
2013-02-20,0.00371073376648291
2013-02-21,0.0007872379251278427
2013-02-22,-0.001982470881801174
2013-02-25,0.0019463348215736642
2013-02-26,-0.0013811259780552808
2013-02-27,-0.0007763354546982959
2013-02-28,0.001244249599993813
2013-03-01,-0.0003709914854079455
2013-03-04,0.0040805380372688545
2013-03-05,-0.0035506410680804846
2013-03-06,5.594378172352199e-06
2013-03-07,0.0007246358997208713
2013-03-08,-0.0005268744680878457
2013-03-11,-0.0029178920513273365
2013-03-12,0.0018527466402463277
2013-03-13,-0.001553811182389403
2013-03-14,0.002164661541304169
2013-03-15,-0.000466504719883426
2013-03-18,-0.0010176972560724973
2013-03-19,-0.0005904151224777332
2013-03-20,-0.0008429108183789225
2013-03-21,0.0004281513031627937
2013-03-22,0.00305593736886533
2013-03-25,-0.001928113441910534
2013-03-26,0.004238699068200946
2013-03-27,0.0016887432894634956
2013-03-28,-4.6240851131329476e-05
2013-04-01,0.002515018665638752
2013-04-02,-0.0019857611132160836
2013-04-03,0.0044400561408496075
2013-04-04,0.0004316516481684518
2013-04-05,-0.0002559489475833732
2013-04-08,-0.004699073572648505
2013-04-09,0.0007749549160299685
2013-04-10,-0.0018954395732322994
2013-04-11,0.0017051732246448792
2013-04-12,0.002380827859372914
2013-04-15,0.001336602290547506
2013-04-16,-0.005631213360978704
2013-04-17,0.005167230357070496
2013-04-18,-0.0011730453855922252
2013-04-19,-0.0030622339916964113
2013-04-22,0.0006418095289634773
2013-04-23,-0.0001917650236014312
2013-04-24,0.0012054275696197158
2013-04-25,-0.00123525557126527
2013-04-26,-0.0020889031465215146
2013-04-29,0.0011175063698180443
2013-04-30,0.0012113917580665768
2013-05-01,-0.00013648338681750415
2013-05-02,0.002933529934794754
2013-05-03,-0.002573009393795511
2013-05-06,-0.001186270142092888
2013-05-07,-0.00011908175647132313
2013-05-08,-0.0012516774147395492
2013-05-09,0.0020807670776883834
2013-05-10,-0.0019036659143368607
2013-05-13,0.0015201726927409898
2013-05-14,-0.0026393872840408507
2013-05-15,0.0002855609659830671
2013-05-16,0.0015982494850100616
2013-05-17,-0.0037883154923730954
2013-05-20,0.003102519931897424
2013-05-21,5.789702507605354e-05
2013-05-22,0.0016004316178665156
2013-05-23,0.0018160927699853945
2013-05-24,0.0015325630744348617
2013-05-28,-0.002631540014229722
2013-05-29,0.00038267697436049076
2013-05-30,-0.0030742633262212217
2013-05-31,-0.0011246676742481976
2013-06-03,0.004699582743378172
2013-06-04,0.0004856263429942165
2013-06-05,0.0006977621853895333
2013-06-06,-0.00170499288282977
2013-06-07,0.0008580171710157791
2013-06-10,0.0007451540233548561
2013-06-11,0.002082768088038472
2013-06-12,-0.0008593650493940021
2013-06-13,-0.0018821414232519373
2013-06-14,0.001134032783722125
2013-06-17,-0.0007896835151239969
2013-06-18,0.0011817462949064038
2013-06-19,0.00020211472531910738
2013-06-20,0.0028589010481681917
2013-06-21,-0.002021970188624261
2013-06-24,-0.0006219858973960441
2013-06-25,-0.001918445640922892
2013-06-26,0.0018684837527981211
2013-06-27,-0.004241735419245292
2013-06-28,0.0017189317967543454
2013-07-01,0.0
2013-07-02,0.0015903575458274422
2013-07-03,0.0006291913105989921
2013-07-05,-0.0002474501436127152
2013-07-08,0.0006879268292806495
2013-07-09,-0.00010712128015536449
2013-07-10,-0.0008566764449848774
2013-07-11,-0.00031008240774496045
2013-07-12,0.000245996762732692
2013-07-15,0.00047587909735747334
2013-07-16,-0.0019149689188036833
2013-07-17,0.0008131409189863382
2013-07-18,-0.0006357031849840433
2013-07-19,0.001048607939286622
2013-07-22,0.001176426412765258
2013-07-23,0.0011741145847713908
2013-07-24,0.0002449544966252215
2013-07-25,-0.0012276147513436198
2013-07-26,-0.0012170419158276323
2013-07-29,0.000992185896179315
2013-07-30,0.0004064899968307667
2013-07-31,-0.0024622048362729133
2013-08-01,-0.0009778764690305751
2013-08-02,-0.002674097497447936
2013-08-05,0.00036826306630150516
2013-08-06,7.912867848011151e-05
2013-08-07,4.4537131344268846e-05
2013-08-08,0.0016307075174045338
2013-08-09,-0.0013494814627437901
2013-08-12,-0.0001402792687600074
2013-08-13,-2.830771303111712e-05
2013-08-14,0.0021743710634529122
2013-08-15,0.0018079791607038044
2013-08-16,-0.0005841133751155914
2013-08-19,-0.000340992502564591
2013-08-20,-0.0018853188128044374
2013-08-21,-0.0003140580452568209
2013-08-22,0.001047835396347413
2013-08-23,-0.0005355768818729901
2013-08-26,0.0005686342553830159
2013-08-27,0.0002404860937166964
2013-08-28,0.002309492193246826
2013-08-29,-0.0003430583678903365
2013-08-30,0.0010397431622854504
2013-09-03,0.0008665911531650639
2013-09-04,-0.00025589426089381306
2013-09-05,-0.0023284011918203174
2013-09-06,0.001274425230136955
2013-09-09,-7.3146440023375e-05
2013-09-10,0.000502785129186828
2013-09-11,0.002411973677413032
2013-09-12,-0.0003747844690234536
2013-09-13,-0.001127779258419448
2013-09-16,-0.0028728576237537886
2013-09-17,-0.0032556878543337996
2013-09-18,-5.608081705847923e-05
2013-09-19,-0.003341646565431661
2013-09-20,0.0029651999418982998
2013-09-23,-0.00011723196792454705
2013-09-24,-0.001447668264992874
2013-09-25,-0.001387428300080662
2013-09-26,0.00015635745499971155
2013-09-27,-9.017155049195757e-05
2013-09-30,-0.0008332718310804788
2013-10-01,-0.00023215280076811507
2013-10-02,-0.0010967430933044697
2013-10-03,-0.0024496639785918984
2013-10-04,-0.0011434247549501398
2013-10-07,0.0021290301547810865
2013-10-08,0.00374481716980849
2013-10-09,-0.0003221626835666347
2013-10-10,-0.0008616093239140254
2013-10-11,-0.0010331349983863202
2013-10-14,-0.0003297698116708936
2013-10-15,0.0008342830533995871
2013-10-16,0.00016269544001283885
2013-10-17,0.0017167852067310585
2013-10-18,0.002042549787870096
2013-10-21,0.00012921594222861654
2013-10-22,0.004321690703771097
2013-10-23,-0.0012752254069669454
2013-10-24,-0.0025426331770493026
2013-10-25,-0.00015469217398255685
2013-10-28,0.0018495321417610123
2013-10-29,-0.00028025054305113597
2013-10-30,0.0006537163548864689
2013-10-31,-0.0002650370648114353
2013-11-01,-0.0006278298213352795
2013-11-04,0.00048244495155383427
2013-11-05,-0.00187308927076012
2013-11-06,0.0014532134899561343
2013-11-07,0.0024336114603822566
2013-11-08,-0.0012802330783161398
2013-11-11,-0.0003771720466292483
2013-11-12,-0.00015928652587389734
2013-11-13,-0.001863043227588629
2013-11-14,-0.0025933352726270507
2013-11-15,-0.0008575587772107429
2013-11-18,0.0007731010449163245
2013-11-19,0.0014227171790051785
2013-11-20,-0.0010184580594129965
2013-11-21,0.002693032017972685
2013-11-22,3.306018803975741e-05
2013-11-25,-0.0009373067072506125
2013-11-26,0.001307759072433884
2013-11-27,0.0007904459843382228
2013-11-29,0.0007161430546587244
2013-12-02,-0.000659009103033148
2013-12-03,0.000366747127775674
2013-12-04,4.267440733797256e-05
2013-12-05,0.005294167774684122
2013-12-06,0.0010190226102493594
2013-12-09,-0.0006504362935833396
2013-12-10,0.00018431806424045182
2013-12-11,-0.002849686009994257
2013-12-12,0.002486634955285727
2013-12-13,0.0035081455361939185
2013-12-16,0.0025227900879408903
2013-12-17,0.0007076766593056228
2013-12-18,0.0032527456367631435
2013-12-19,-0.0014733612824229304
2013-12-20,-0.00037033480920373174
2013-12-23,-0.0002961058329369659
2013-12-24,0.0001895611389290397
2013-12-26,-0.0014521517007599128
2013-12-27,-0.0008778754139067146
2013-12-30,-0.0009664145464028051
2013-12-31,-0.0006329144483038396
2014-01-02,0.0
2014-01-03,-0.0002740389626479156
2014-01-06,-0.0004527941246941891
2014-01-07,0.001070725458868238
2014-01-08,-0.00018119410234391232
2014-01-09,0.002873557769972346
2014-01-10,-0.0006679193756083723
2014-01-13,0.00026606874244599623
2014-01-14,-0.0004034098421847043
2014-01-15,-0.0015233988009323075
2014-01-16,-6.940458931048444e-06
2014-01-17,-0.0010563547598719525
2014-01-21,-0.0015977585653837445
2014-01-22,-0.0009238674646467715
2014-01-23,-0.001961863483993742
2014-01-24,-0.0006932433284687512
2014-01-27,-0.0023160096940764317
2014-01-28,0.0001319074727541447
2014-01-29,0.0024986251013099036
2014-01-30,0.0022664447124655985
2014-01-31,0.00023370784804610523
2014-02-03,-0.0009664617641954143
2014-02-04,0.0007809276997168102
2014-02-05,0.0007645328045817135
2014-02-06,0.008950775790523308
2014-02-07,0.0015231703315684909
2014-02-10,-0.0030548478912901357
2014-02-11,0.0003682304640871381
2014-02-12,-0.0021950182110411385
2014-02-13,-0.0007436757195744325
2014-02-14,0.0038098796740596796
2014-02-18,-0.0009537587881466136
2014-02-19,-0.0006959855308459773
2014-02-20,-0.0003056848891390407
2014-02-21,0.0022664435971076037
2014-02-24,-0.0003349818109331493
2014-02-25,0.0015561379089864325
2014-02-26,0.0004708507528847328
2014-02-27,0.001166616294573919
2014-02-28,-0.0016860472553424544
2014-03-03,0.0012325096158599558
2014-03-04,-5.934878065920746e-05
2014-03-05,-0.0006614007728483251
2014-03-06,-0.00035865383206961087
2014-03-07,-0.0005443876970489481
2014-03-10,0.0022787703954277815
2014-03-11,0.0001466658814601951
2014-03-12,0.0005777345761320829
2014-03-13,0.0022701450995327053
2014-03-14,-0.0010590358316897364
2014-03-17,-0.0005109254234040405
2014-03-18,-0.0014060971192090433
2014-03-19,0.0010084003232486982
2014-03-20,2.3138460305055507e-05
2014-03-21,0.0012343500858468747
2014-03-24,-0.00033248155285454104
2014-03-25,-0.0023813641236059445
2014-03-26,0.0002575440196670553
2014-03-27,-0.0008048924786092148
2014-03-28,-0.0032055389437916416
2014-03-31,0.002588066439185793
2014-04-01,-0.001859026672909575
2014-04-02,0.0011564965268530624
2014-04-03,-3.66563508075457e-05
2014-04-04,0.003431355167197325
2014-04-07,-0.0004528379562766416
2014-04-08,-0.0016293318263670364
2014-04-09,-0.0014778000593049345
2014-04-10,0.0017148393087273617
2014-04-11,0.001373225692165836
2014-04-14,0.0006444249203589436
2014-04-15,0.0010221004744418948
2014-04-16,-4.663384416171423e-05
2014-04-17,-0.004054678683175217
2014-04-21,0.0012098901615573865
2014-04-22,0.000428734021859023
2014-04-23,0.0021802455856026583
2014-04-24,0.004045480392807876
2014-04-25,-0.0006538973539110149
2014-04-28,0.0016494552885884361
2014-04-29,-0.0006325202111899352
2014-04-30,0.00330386598531206
2014-05-01,-0.0009444483805629567
2014-05-02,-0.0004673136850275317
2014-05-05,0.0011320304519353008
2014-05-06,0.0013301131105122432
2014-05-07,0.0006961758941695595
2014-05-08,0.0008688484925812201
2014-05-09,-0.002642355949352443
2014-05-12,-0.00338886479607054
2014-05-13,-0.001549546943764396
2014-05-14,-0.0006701127331203039
2014-05-15,-0.0027197874703035864
2014-05-16,-0.0011365225547362967
2014-05-19,0.00021315050500895217
2014-05-20,0.003226839142158033
2014-05-21,-0.0003392970972500131
2014-05-22,-2.653579345961443e-05
2014-05-23,0.00032913678334132166
2014-05-27,0.00032881162160117714
2014-05-28,0.0016686421115414685
2014-05-29,-0.0018159598325954486
2014-05-30,0.00016000923910787225
2014-06-02,-0.00155631744251582
2014-06-03,-0.0006494884073536822
2014-06-04,0.002099750099622538
2014-06-05,0.0011764518264036517
2014-06-06,0.00035145862882047797
2014-06-09,-0.0007619785304303961
2014-06-10,-0.0009860721737945
2014-06-11,0.0002962789953736278
2014-06-12,-0.0008481971166537261
2014-06-13,0.0005755485532767946
2014-06-16,0.0005970259067259287
2014-06-17,-0.0017387965687533369
2014-06-18,0.0011305036849556971
2014-06-19,0.001707823545600129
2014-06-20,-0.0003736282134282953
2014-06-23,-0.008466313004253878
2014-06-24,0.002204654090637903
2014-06-25,0.0010909437883175055
2014-06-26,0.0006463820386510722
2014-06-27,-0.00024155557989902766
2014-06-30,-0.0018669959457965069
2014-07-01,0.0
2014-07-02,0.0011370805817313868
2014-07-03,-0.00033286119510451127
2014-07-07,-0.0007901320388026655
2014-07-08,0.0008748284033747222
2014-07-09,0.001347970151229888
2014-07-10,-0.0011641174105276654
2014-07-11,-0.0008351746794749648
2014-07-14,0.0008347519193517561
2014-07-15,-0.000952832907823814
2014-07-16,0.0017132011803340896
2014-07-17,-0.0025914874688539925
2014-07-18,0.0014664109108112
2014-07-21,-0.00042483190879587517
2014-07-22,0.0015653498208246686
2014-07-23,-0.0005296246488299905
2014-07-24,-0.0006098387115060389
2014-07-25,0.00048101615262169937
2014-07-28,0.0008633152282027323
2014-07-29,-0.0017890101294042004
2014-07-30,0.0014453945504102838
2014-07-31,-0.0009090995922385436
2014-08-01,0.002089584506636888
2014-08-04,-0.0016984849141861158
2014-08-05,-0.001362501967675228
2014-08-06,0.0015684136044411545
2014-08-07,0.00036543432556934154
2014-08-08,0.0017343583050268118
2014-08-11,-0.003265922301690449
2014-08-12,-0.0011486959941458986
2014-08-13,0.0005165188950617295
2014-08-14,-0.0016248868058830134
2014-08-15,-0.0006032593278113285
2014-08-18,0.00010459982973035076
2014-08-19,-0.000565348027226048
2014-08-20,1.0536233649949268e-05
2014-08-21,0.0006129581982560917
2014-08-22,-0.0005131812416694914
2014-08-25,0.002209256951146654
2014-08-26,0.0011779686485103135
2014-08-27,-0.000495595222011036
2014-08-28,-0.0005815451780087855
2014-08-29,-0.0008697068408801522
2014-09-02,-0.003194145919521524
2014-09-03,0.001789781305631416
2014-09-04,-0.0007680081618841427
2014-09-05,0.0016110472310039703
2014-09-08,-0.001687378653499494
2014-09-09,-0.0001546590591271768
2014-09-10,-0.00012925834422702898
2014-09-11,0.00013055736027475228
2014-09-12,0.0013720880541507607
2014-09-15,-0.00011838894499593966
2014-09-16,0.0022120653472653905
2014-09-17,-0.0010301342694276129
2014-09-18,-0.00024911238713340444
2014-09-19,0.0018570747380741936
2014-09-22,-0.0015035100642442234
2014-09-23,0.0009028662852244518
2014-09-24,0.0010384402207311682
2014-09-25,0.0018445450689623722
2014-09-26,0.00012998964023767102
2014-09-29,-0.0011258892919068842
2014-09-30,-0.0026159163717352496
2014-10-01,0.0038679000140097565
2014-10-02,0.0021975444298515277
2014-10-03,0.0012979702865646369
2014-10-06,-0.0010782136968676525
2014-10-07,-0.002709926790454503
2014-10-08,0.0013742278028629263
2014-10-09,-0.00039927456582415367
2014-10-10,0.00040249267782069276
2014-10-13,0.002071150494989682
2014-10-14,0.002091848714574446
2014-10-15,-0.0029561771584187104
2014-10-16,0.001760975736431486
2014-10-17,0.0014033262596229168
2014-10-20,-0.0004905662484179729
2014-10-21,-0.0017501674220716025
2014-10-22,0.0009049210793771079
2014-10-23,-0.003376543133153509
2014-10-24,0.0008728355714908043
2014-10-27,-0.00048585792003046915
2014-10-28,-0.0014184595526655964
2014-10-29,0.0033589579723020957
2014-10-30,-0.0012187406778671251
2014-10-31,0.0012586519143141018
2014-11-03,0.003741282048138073
2014-11-04,0.002121410433042764
2014-11-05,0.002042263074119832
2014-11-06,-0.0009486420411008
2014-11-07,0.002696112892372948
2014-11-10,-0.003772515458638298
2014-11-11,-2.0256223677850294e-06
2014-11-12,-3.459250999760521e-05
2014-11-13,0.0023936842818790827
2014-11-14,-0.00206281186578674
2014-11-17,-0.00024639200132907103
2014-11-18,4.091903052016455e-05
2014-11-19,0.005745057520164254
2014-11-20,0.0026443054701479896
2014-11-21,-0.001109638136462149
2014-11-24,0.0002661614085745223
2014-11-25,-0.003315975521433939
2014-11-26,-0.0003435491917847866
2014-11-28,0.005162969460623923
2014-12-01,-0.0005398542939665685
2014-12-02,-0.0003190978426935054
2014-12-03,-0.00028124687348569656
2014-12-04,0.003557176404625745
2014-12-05,-0.00015275714516797546
2014-12-08,-0.0017869213246753779
2014-12-09,-0.003126601454904121
2014-12-10,0.005442000147891118
2014-12-11,-0.0013903394054751161
2014-12-12,0.0003131621197010992
2014-12-15,-0.0032441295148400327
2014-12-16,2.29357982037659e-05
2014-12-17,0.0010361013498899618
2014-12-18,0.0029658828569575136
2014-12-19,0.0017793005859505161
2014-12-22,0.0011748006260572318
2014-12-23,0.0015285950860981223
2014-12-24,-0.0017716584266286028
2014-12-26,0.00012048381972805667
2014-12-29,0.0018429534341498966
2014-12-30,0.0016741802152343166
2014-12-31,-0.0008202452254244652
2015-01-02,0.0
2015-01-05,0.00038968841644440035
2015-01-06,0.0006733491703780847
2015-01-07,0.00010748068456073456
2015-01-08,-0.00046383378962833177
2015-01-09,-0.0011361217909931164
2015-01-12,0.0006580472431054307
2015-01-13,-0.0012399556023020176
2015-01-14,0.0031276334288988907
2015-01-15,0.00026281918803413017
2015-01-16,-0.0005746549175016713
2015-01-20,0.0017370266754703546
2015-01-21,-0.0002467780083711679
2015-01-22,0.0014972471180317414
2015-01-23,-0.0005445088412605881
2015-01-26,-0.0004888689254857581
2015-01-27,-2.5141913725457156e-05
2015-01-28,-0.0025633497890054312
2015-01-29,0.0009569856690363254
2015-01-30,0.001210008602566076
2015-02-02,0.0013163168996565499
2015-02-03,-0.001013724378855807
2015-02-04,0.0020640407156345074
2015-02-05,2.7429554760594055e-05
2015-02-06,-0.0007147157184995923
2015-02-09,0.0014987538698890857
2015-02-10,-0.0014122907970657238
2015-02-11,0.0016856802862767971
2015-02-12,-0.001282930091031098
2015-02-13,0.003849929274967967
2015-02-17,-0.002390359394276842
2015-02-18,0.00018769763617884072
2015-02-19,0.00033751043869924556
2015-02-20,0.00010711365032704534
2015-02-23,-0.0007208941719071049
2015-02-24,0.00039630952688075595
2015-02-25,-0.000639585322001135
2015-02-26,-0.0013863637261180618
2015-02-27,0.0014989511474676586
2015-03-02,-0.0011255751802151492
2015-03-03,0.002399108403172906
2015-03-04,-0.000672123483056869
2015-03-05,-0.0005185579716132149
2015-03-06,0.0015004566158753729
2015-03-09,3.6246493557717806e-05
2015-03-10,0.003482088462989791
2015-03-11,0.0002715710147651373
2015-03-12,9.648539519089838e-05
2015-03-13,0.0017218017445306544
2015-03-16,-0.001526642917180232
2015-03-17,0.0007096058934958127
2015-03-18,0.00032198815445256824
2015-03-19,-0.0006587196283914298
2015-03-20,0.0011184290087674965
2015-03-23,0.00044254131922812914
2015-03-24,0.0012009780806491622
2015-03-25,0.0008851879926964513
2015-03-26,-0.00011964953964512803
2015-03-27,0.00021838014996368725
2015-03-30,0.00016555826125677075
2015-03-31,8.136536058881428e-05
2015-04-01,0.0015822443626463067
2015-04-02,-0.00045204752289196846
2015-04-06,-0.0002062200141972892
2015-04-07,-0.0001574563312928212
2015-04-08,-0.000815565921591932
2015-04-09,-0.00012214331082853745
2015-04-10,-0.00040094145557290626
2015-04-13,0.0008313353877425044
2015-04-14,-0.00026161960586683076
2015-04-15,-0.0008784140034081289
2015-04-16,-0.0011170601018402227
2015-04-17,0.001904271737513319
2015-04-20,-0.0006229139015266006
2015-04-21,-0.0013653763283899944
2015-04-22,-0.0006833418249375834
2015-04-23,0.0022970422743029016
2015-04-24,0.0009355815304039561
2015-04-27,0.0009719394072191412
2015-04-28,-0.000700085829528313
2015-04-29,0.0008225795922808977
2015-04-30,0.002300601321911211
2015-05-01,0.0006437833209376909
2015-05-04,0.000611140988797898
2015-05-05,0.0004202329323667986
2015-05-06,0.0015804848202630839
2015-05-07,0.0005821850513057392
2015-05-08,-0.0012045975426431099
2015-05-11,-0.001437470201208807
2015-05-12,-0.0018349063552707489
2015-05-13,-2.445135468530091e-05
2015-05-14,-0.000702252863409869
2015-05-15,-0.0001246797861806759
2015-05-18,0.00016284766823331797
2015-05-19,-0.00021253082193403716
2015-05-20,0.0012803913222560804
2015-05-21,-0.0018751698699052577
2015-05-22,0.0001682728519554144
2015-05-26,-0.0012333712507597238
2015-05-27,-0.00015516027397771692
2015-05-28,-0.0014561085033839294
2015-05-29,-9.605457595671663e-05
2015-06-01,3.909185080394617e-05
2015-06-02,0.000677034112634306
2015-06-03,0.002448672723285078
2015-06-04,0.001904377915820482
2015-06-05,0.00035775408892924077
2015-06-08,0.0017888464961330786
2015-06-09,0.002068206521007998
2015-06-10,-0.0001291674968607104
2015-06-11,-0.0005657452058228596
2015-06-12,0.0010213311360673881
2015-06-15,0.0018305423318795866
2015-06-16,-0.0006873245436246234
2015-06-17,0.0005430160772928016
2015-06-18,-0.00047359024443817676
2015-06-19,0.0012091115795909101
2015-06-22,-0.0028444364076789077
2015-06-23,-0.0004510785257222927
2015-06-24,2.1776141683238492e-05
2015-06-25,0.0010100697205003006
2015-06-26,-0.00211293345269255
2015-06-29,0.0006403529969193023
2015-06-30,0.00122524578098826
2015-07-01,0.0
2015-07-02,0.0006563649600049126
2015-07-06,-0.000490434001947282
2015-07-07,0.0017002293809402324
2015-07-08,-0.0017718169164697539
2015-07-09,0.00024320425340500494
2015-07-10,-0.0005046362671213278
2015-07-13,0.0005472991827344565
2015-07-14,0.00048677417696728066
2015-07-15,0.0004945895017945234
2015-07-16,-0.0007624711151104857
2015-07-17,-0.000671666083180944
2015-07-20,-0.00034534551479789566
2015-07-21,0.0015513769473899431
2015-07-22,-0.0006333565664310814
2015-07-23,-0.00165651407506629
2015-07-24,-0.0033758289338689795
2015-07-27,-0.0008466935033960232
2015-07-28,0.0028647840278809068
2015-07-29,0.002024420422546469
2015-07-30,-0.0008388756317602053
2015-07-31,0.0020971817928525536
2015-08-03,-0.0006354862257435922
2015-08-04,-0.0021070025317266594
2015-08-05,0.0009590292246320353
2015-08-06,0.003185240058933808
2015-08-07,0.0005821060333141947
2015-08-10,0.0026067634742459713
2015-08-11,0.0008689735552077027
2015-08-12,0.0005246859469642207
2015-08-13,0.001023508931475614
2015-08-14,0.00022960929699138987
2015-08-17,0.0006155260876590906
2015-08-18,-0.00047626236752799645
2015-08-19,-0.0009614980298162879
2015-08-20,0.0009831544364662047
2015-08-21,-0.0009936495338176698
2015-08-24,-0.00039236008979793847
2015-08-25,0.0008504545266477981
2015-08-26,0.0027622467978525413
2015-08-27,0.002813146899325214
2015-08-28,0.0020630451944947835
2015-08-31,-0.0010803948990742052
2015-09-01,-0.0010386439886197307
2015-09-02,0.002947463791342214
2015-09-03,-0.00034197031419054834
2015-09-04,-0.0002750797675245942
2015-09-08,-0.02246927732027838
2015-09-09,0.0006445369114659483
2015-09-10,-0.00035964366135872726
2015-09-11,0.0007424339671490921
2015-09-14,-0.0004692300429180507
2015-09-15,0.0013709629697386428
2015-09-16,-0.0009382918017528552
2015-09-17,0.0026703804289866795
2015-09-18,-0.0019716151161561168
2015-09-21,0.00012480702560135892
2015-09-22,0.0015301275733952068
2015-09-23,0.001659317184695136
2015-09-24,-0.0001995707188323259
2015-09-25,0.001978717428270926
2015-09-28,0.0007567149361439651
2015-09-29,0.00254928573568311
2015-09-30,0.005469227027333212
2015-10-01,-0.0009395026155705477
2015-10-02,0.0021793558429686944
2015-10-05,0.002394323878939253
2015-10-06,0.0006406921354415063
2015-10-07,0.0004786907014141084
2015-10-08,0.0023643543163796355
2015-10-09,-0.0008356597576176239
2015-10-12,-3.126483213427567e-05
2015-10-13,-0.0012144038309477745
2015-10-14,0.0012706973048927316
2015-10-15,0.0026919427811405326
2015-10-16,-0.0023786519168064123
2015-10-19,0.0008781250146380704
2015-10-20,0.0016888221420974237
2015-10-21,0.0007672571013248253
2015-10-22,0.0010314434038682595
2015-10-23,-0.0018535193140612916
2015-10-26,0.0013683109362052192
2015-10-27,0.0011382870502221476
2015-10-28,-0.0025938138547048793
2015-10-29,-0.00031770598749678025
2015-10-30,0.0006553467985731309
2015-11-02,0.00032641488936972703
2015-11-03,-0.0004413568451332976
2015-11-04,0.0026496409633699424
2015-11-05,-0.002627262547470956
2015-11-06,-0.0009376422617450338
2015-11-09,0.0013960218980110064
2015-11-10,0.0015182335443451687
2015-11-11,0.0013670879087282104
2015-11-12,-0.00035179185255770174
2015-11-13,-0.0006788530371550799
2015-11-16,0.0025489282888409483
2015-11-17,-0.004228989145167894
2015-11-18,0.0014221624414712793
2015-11-19,0.002998004622925368
2015-11-20,0.0012962988558635174
2015-11-23,-0.0018714533231915316
2015-11-24,-0.0011499792469916257
2015-11-25,-0.0011928518652690792
2015-11-27,0.00153748145972407
2015-11-30,0.002281665880722971
2015-12-01,-0.0006531510553677727
2015-12-02,-0.0014030374998689375
2015-12-03,0.0009574192941551362
2015-12-04,0.004240881416233396
2015-12-07,0.001322390855804206
2015-12-08,-0.00016252925901559157
2015-12-09,0.0006021529715592356
2015-12-10,-0.0021994798709338292
2015-12-11,-0.00033071459719361717
2015-12-14,0.006130025120090696
2015-12-15,0.0009229977265183118
2015-12-16,0.00546431986869032
2015-12-17,0.0002758952670301608
2015-12-18,-0.0006535705040650567
2015-12-21,3.951212232047424e-05
2015-12-22,0.0005159675728182842
2015-12-23,0.0006628108821526745
2015-12-24,0.0006136969190434669
2015-12-28,-0.0005361662727773521
2015-12-29,0.0012418262858896994
2015-12-30,0.0010416722502141031
2016-01-04,0.0
2016-01-05,-0.0008617944059002708
2016-01-06,-0.0015498433799156566
2016-01-07,-0.0009414034030912691
2016-01-08,0.001125397924964383
2016-01-11,0.00011456342130694575
2016-01-12,0.007844225284806335
2016-01-13,0.0016072874257330033
2016-01-14,0.0005870686079911536
2016-01-15,-0.0015686140651014271
2016-01-19,0.0013562639518246017
2016-01-20,0.00013884820814566434
2016-01-21,0.0015857488625414043
2016-01-22,0.0042814215698440405
2016-01-25,-0.00045917578466952297
2016-01-26,0.0016133242469720532
2016-01-27,-0.00029980815683842976
2016-01-28,-0.0010492608089019348
2016-01-29,0.004681033541442878
2016-02-01,-0.006169764217476802
2016-02-02,0.0015986614636493007
2016-02-03,0.007277818735331891
2016-02-04,0.0024437053025502253
2016-02-05,-0.0017238213378659648
2016-02-08,-0.00029688951980874623
2016-02-09,0.0012701002153600247
2016-02-10,0.0007010090286581824
2016-02-11,0.0019394002644697594
2016-02-12,0.0035359133592748476
2016-02-16,0.000998270953607966
2016-02-17,-0.0004935431981861055
2016-02-18,0.0010133594927123554
2016-02-19,0.0001008790476366983
2016-02-22,-0.00022620459104261137
2016-02-23,0.0002793647298080862
2016-02-24,0.0002684930818803652
2016-02-25,-0.000691100477386436
2016-02-26,0.003934217419262004
2016-02-29,-0.0024880013172967966
2016-03-01,0.0003128371953378187
2016-03-02,0.0018137922322148392
2016-03-03,0.0011832651545978165
2016-03-04,0.0008953838722922589
2016-03-07,-0.0009276984569220326
2016-03-08,0.0007147387976626229
2016-03-09,-9.716759645714279e-05
2016-03-10,0.0017791887456355404
2016-03-11,-0.00185546113343691
2016-03-14,-0.0002062782862904608
2016-03-15,-0.0007889945263534273
2016-03-16,-0.0009191487418069091
2016-03-17,-0.0009244775887834317
2016-03-18,0.001965847988186914
2016-03-21,-0.00015345598284309536
2016-03-22,-0.0011342620105650528
2016-03-23,0.000591011375520839
2016-03-24,0.0023608609364967267
2016-03-28,-0.002813575898754965
2016-03-29,-0.0009337941925001703
2016-03-30,-0.0011550772282529764
2016-03-31,0.0003830014938781337
2016-04-01,-0.0021240661211714626
2016-04-04,9.651817026072596e-05
2016-04-05,-0.001688532187976266
2016-04-06,0.0010149655691407272
2016-04-07,0.0008578320790944352
2016-04-08,-0.0007862292880670835
2016-04-11,-0.000616581148894256
2016-04-12,-0.0001365960281440176
2016-04-13,0.0001611870171506838
2016-04-14,0.0007029763043142276
2016-04-15,0.0018794831127828676
2016-04-18,1.56169616964269e-05
2016-04-19,0.0033927957105054224
2016-04-20,0.002093666277503882
2016-04-21,0.0031553069713299645
2016-04-22,-0.0004053165133800357
2016-04-25,0.0017185814844016822
2016-04-26,0.0008980410488680923
2016-04-27,0.0003950248520044955
2016-04-28,0.0030717214024306577
2016-04-29,-0.0016224871373163863
2016-05-02,0.0011966189349459505
2016-05-03,0.0007273405316635187
2016-05-04,0.0016898678031622288
2016-05-05,-0.0007606919640598606
2016-05-06,-0.003929948797784258
2016-05-09,-0.0007177511500961395
2016-05-10,0.0012342139363225313
2016-05-11,-7.475559123917841e-05
2016-05-12,-5.4081816056615606e-05
2016-05-13,-0.0006967932648762332
2016-05-16,-0.001847644692715214
2016-05-17,0.00043987059225766845
2016-05-18,0.0014711324343764307
2016-05-19,0.0003129939269841467
2016-05-20,2.53236775269311e-05
2016-05-23,-0.0015536586381332124
2016-05-24,-0.0012769165708880897
2016-05-25,0.0013316231843525927
2016-05-26,0.0004476729034345178
2016-05-27,-0.0013302390161139127
2016-05-31,0.00021117396853221476
2016-06-01,-0.0019841714235844868
2016-06-02,-0.001661089207503151
2016-06-03,-0.0020568850360037014
2016-06-06,0.0005164092813518331
2016-06-07,-0.001655497941442742
2016-06-08,-0.0012653630974211391
2016-06-09,-0.0022025733201530354
2016-06-10,-0.00028168746634835845
2016-06-13,0.0010794634057583602
2016-06-14,-0.0008227371220708365
2016-06-15,-0.000457427679222952
2016-06-16,-0.0017165901739241776
2016-06-17,-0.002526517180329986
2016-06-20,0.0028927473109214147
2016-06-21,-0.00035725810485429804
2016-06-22,0.0007282263150603444
2016-06-23,-0.0004744036445851682
2016-06-24,-0.0005359978863748449
2016-06-27,0.004235181874154302
2016-06-28,-1.8038313971520392e-05
2016-06-29,-0.0003053144805397756
2016-06-30,0.0004033519843973099
2016-07-01,0.0
2016-07-05,0.001229665539093
2016-07-06,0.0002293933907558332
2016-07-07,0.0008033208889250909
2016-07-08,0.00037910797489605353
2016-07-11,0.00017600564099241046
2016-07-12,0.0015285192534996994
2016-07-13,-4.0169119984850846e-05
2016-07-14,-0.0003752179619527729
2016-07-15,0.0011014192843242844
2016-07-18,-0.0012007746870108637
2016-07-19,0.000856541033469127
2016-07-20,0.000464002310476902
2016-07-21,-0.0004254615050277522
2016-07-22,0.002047885284527129
2016-07-25,-0.0002730331914021389
2016-07-26,0.00039694761160439796
2016-07-27,0.0006314212246415652
2016-07-28,0.0020048076384960533
2016-07-29,0.0009512297779551259
2016-08-01,-0.0009877755653139142
2016-08-02,-0.0019283922631201712
2016-08-03,0.00036276136445346217
2016-08-04,0.005256481538858665
2016-08-05,0.0008784970936947134
2016-08-08,-0.0003214599641359728
2016-08-09,-4.45866075454715e-05
2016-08-10,-0.0005583139205186938
2016-08-11,-0.0009306695206331816
2016-08-12,-0.0012728654362062553
2016-08-15,0.000624063989046858
2016-08-16,-0.0028423492587090816
2016-08-17,0.0001490273262421793
2016-08-18,-0.0002775763305332246
2016-08-19,-0.0002104967146789538
2016-08-22,-0.00034835514651816447
2016-08-23,0.0011759684672230986
2016-08-24,0.0003822634411895287
2016-08-25,0.0015551507128345131
2016-08-26,0.0007399338359838969
2016-08-29,0.0006367114085791492
2016-08-30,-0.00029692752910963073
2016-08-31,0.0014403487546305106
2016-09-01,-0.0010268829867455254
2016-09-02,-0.0010891856723225014
2016-09-06,-0.0022403624755111817
2016-09-07,0.0011614482520349578
2016-09-08,0.0013365344012775781
2016-09-09,0.0020471396499760373
2016-09-12,-0.0004981191014097108
2016-09-13,-0.00012183263034206692
2016-09-14,-0.0011732095257026176
2016-09-15,-0.0017300101457100926
2016-09-16,0.0004693075752411291
2016-09-19,0.0024953299978795252
2016-09-20,-0.0014568878626433912
2016-09-21,-0.0006879711602190919
2016-09-22,0.0013163437325514615
2016-09-23,-0.00015129847803095896
2016-09-26,-0.00112929630499502
2016-09-27,0.000505689345339938
2016-09-28,-0.001094962571157626
2016-09-29,-0.00044465478575493323
2016-09-30,-0.0010457990307203402
2016-10-03,-0.0007619153291912762
2016-10-04,0.00044731221991661796
2016-10-05,0.0015676196681456312
2016-10-06,0.0008986558746866602
2016-10-07,-0.0009428224200949631
2016-10-10,-0.0010455125424287115
2016-10-11,-0.0003505642660232511
2016-10-12,0.002071366450796597
2016-10-13,6.921229232504933e-05
2016-10-14,0.0009823006467631567
2016-10-17,0.0004283940845522749
2016-10-18,-2.9701738182652536e-05
2016-10-19,0.0010381634253981253
2016-10-20,0.004514707522440398
2016-10-21,0.0014264524638079646
2016-10-24,-0.0003399562871673256
2016-10-25,-0.0016108884471410733
2016-10-26,0.0014894586074052807
2016-10-27,-0.0049004609434319946
2016-10-28,0.0012335140234383645
2016-10-31,-0.000340864331888896
2016-11-01,-0.0005687877385455508
2016-11-02,-0.0025926182415454855
2016-11-03,5.7153788838176786e-05
2016-11-04,-0.0011933395204911268
2016-11-07,0.0005019872218304244
2016-11-08,-0.0008806295502385153
2016-11-09,-0.0010041360693155144
2016-11-10,0.00037505864767601314
2016-11-11,0.00011196647833774386
2016-11-14,-0.004936269703506374
2016-11-15,0.0006210238933331835
2016-11-16,2.2489487963134323e-05
2016-11-17,-0.00035916130559277557
2016-11-18,0.001331752592937857
2016-11-21,0.00221891412471662
2016-11-22,-0.0021536458681751026
2016-11-23,-0.0007886748340337757
2016-11-25,-0.00046639346989537647
2016-11-28,0.0007594148836462866
2016-11-29,0.0007595599444452428
2016-11-30,-0.0021872505035996246
2016-12-01,-0.002095175234427887
2016-12-02,-0.0002948088489051259
2016-12-05,0.0012837034744790532
2016-12-06,0.0006014315991076602
2016-12-07,0.004381685591167373
2016-12-08,-0.0004481531183930909
2016-12-09,-0.00020103148851546293
2016-12-12,0.00011435101799440184
2016-12-13,0.0012533196191656048
2016-12-14,-0.00074880397243553
2016-12-15,-0.0011096680579894102
2016-12-16,0.001746453598134523
2016-12-19,-0.0007896362494789033
2016-12-20,0.0023874659681498767
2016-12-21,-0.0005187599591529813
2016-12-22,-0.002110793444021891
2016-12-23,-0.00030817138812381796
2016-12-27,0.00030817764541754
2016-12-28,-0.0006560624650313984
2016-12-29,-0.00047192857986356194
2016-12-30,-0.001991206053953526
2017-01-03,0.0
2017-01-04,-0.00038650059146252416
2017-01-05,-0.0011216402582253926
2017-01-06,-0.0014698187910722805
2017-01-09,0.0006751860849561198
2017-01-10,0.0006349333588223204
2017-01-11,-0.00031642535756176704
2017-01-12,0.0023390411509051023
2017-01-13,-0.0009463115637444064
2017-01-17,0.0003807957884810531
2017-01-18,0.0013509506279385463
2017-01-19,-0.0009584687032717587
2017-01-20,-0.0013246734264197647
2017-01-23,-0.0004036085788447552
2017-01-24,0.0004075199734492052
2017-01-25,0.00017318594988889325
2017-01-26,-0.005669732441272607
2017-01-27,0.002358726975213765
2017-01-30,-0.0009535092597430627
2017-01-31,-0.0001382192416969963
2017-02-01,-0.001956930892792469
2017-02-02,-0.002323308209944741
2017-02-03,0.0016301916873033783
2017-02-06,0.00032550963582260727
2017-02-07,-1.9689697964109242e-05
2017-02-08,-0.000376599050526405
2017-02-09,0.0002635594079730852
2017-02-10,-0.0014071624923051973
2017-02-13,0.0014226024768844824
2017-02-14,-0.005575355847397811
2017-02-15,-0.0008155651722257185
2017-02-16,0.0010915887030718552
2017-02-17,-0.0007592515891783558
2017-02-21,-0.0006625544820323959
2017-02-22,0.0017520535156019146
2017-02-23,0.0027842765874721955
2017-02-24,0.0003151064162966344
2017-02-27,0.0010372812116530127
2017-02-28,-0.0013648939446908813
2017-03-01,0.0006084168804444568
2017-03-02,-0.001961422146017522
2017-03-03,-0.001590198443573787
2017-03-06,-7.030713292666135e-07
2017-03-07,-0.001782573743374627
2017-03-08,-0.00026505019856671306
2017-03-09,-0.0024317619265382395
2017-03-10,0.0008880657585918605
2017-03-13,0.000336704488693923
2017-03-14,-3.601400770155694e-05
2017-03-15,0.00015197653171735714
2017-03-16,-2.9290115894947677e-05
2017-03-17,-0.0011535792393362275
2017-03-20,0.0013534834144482866
2017-03-21,-0.0009512139563817801
2017-03-22,0.00013381138946992334
2017-03-23,-0.002224472096565555
2017-03-24,0.00011682191243611028
2017-03-27,-0.0003238909467275841
2017-03-28,0.0004109452808944758
2017-03-29,-0.0005136103815372994
2017-03-30,-0.0010329147881464108
2017-03-31,-0.00012386528821999864
2017-04-03,5.361428194546325e-05
2017-04-04,-3.1081641461205844e-05
2017-04-05,0.0009870716219746334
2017-04-06,-0.00017463336407141372
2017-04-07,-0.0005078025009120635
2017-04-10,-0.0007587690982835904
2017-04-11,0.001355176453570872
2017-04-12,-0.0008300419959700822
2017-04-13,-0.0002373140943210228
2017-04-17,-0.0005959098981657251
2017-04-18,-0.00026871370109102233
2017-04-19,0.002374372232747868
2017-04-20,-0.0012953084206342891
2017-04-21,-0.0013464961696494694
2017-04-24,5.6643115467264195e-05
2017-04-25,-0.00020269394278934482
2017-04-26,-0.0018816897668957056
2017-04-27,-0.00014376299078869837
2017-04-28,-0.00012078588777397203
2017-05-01,0.0005581721379140092
2017-05-02,-0.002478457172674814
2017-05-03,-0.002514466456344261
2017-05-04,0.0011020904737650994
2017-05-05,8.144455900812031e-05
2017-05-08,5.841079235363589e-06
2017-05-09,-0.0013007214447948944
2017-05-10,-0.0003481025459447784
2017-05-11,0.0009356156508532832
2017-05-12,-0.002002950991614694
2017-05-15,0.00020963209777883352
2017-05-16,-0.00046188628815609366
2017-05-17,-0.0017551341154595722
2017-05-18,-0.00045769254325859766
2017-05-19,0.00021751612806980014
2017-05-22,-0.000612445702350145
2017-05-23,0.00128267408306329
2017-05-24,0.003132742101927266
2017-05-25,-0.0006178661186702628
2017-05-26,-0.00044137603604843534
2017-05-30,0.0011802015217509843
2017-05-31,0.0009651558181464793
2017-06-01,0.0018056564363320426
2017-06-02,-0.0007221647625228755
2017-06-05,0.001314528403229942
2017-06-06,8.349075638847681e-05
2017-06-07,0.00038065512771616184
2017-06-08,0.0012935718156611375
2017-06-09,0.001320556197604017
2017-06-12,0.004438500770320336
2017-06-13,-0.0020329894790780123
2017-06-14,-0.0007940580693481414
2017-06-15,0.002287895814034263
2017-06-16,0.0003668555976572119
2017-06-19,-0.003837601708623839
2017-06-20,0.0005575468158706242
2017-06-21,-0.0008679993908583483
2017-06-22,-0.0007142914174272763
2017-06-23,0.0018192555386067344
2017-06-26,0.00016257024173387257
2017-06-27,-0.0019048673010577054
2017-06-28,0.0005442844988830297
2017-06-29,-0.0013576004493538573
2017-06-30,0.00014819897752216816
2017-07-03,0.0
2017-07-05,-0.00010088956734224385
2017-07-06,-6.346506990142497e-05
2017-07-07,-3.666670098475544e-05
2017-07-10,-8.951709113919626e-05
2017-07-11,1.301362139770612e-05
2017-07-12,6.241122358696671e-05
2017-07-13,0.00016325275877862033
2017-07-14,-1.8116306857551834e-06
2017-07-17,9.641296298544822e-05
2017-07-18,-0.000546835619106234
2017-07-19,2.1664909954743904e-05
2017-07-20,-0.0008013230185695442
2017-07-21,0.0006752885419346155
2017-07-24,0.0002458824137123616
2017-07-25,-0.0002772178566917916
2017-07-26,-0.0007765873190542117
2017-07-27,-0.000182424052189456
2017-07-28,0.0007188350140235666
2017-07-31,-0.0005965593530438407
2017-08-01,0.0008869410766568775
2017-08-02,0.0014969117326319448
2017-08-03,-0.00010329457941657961
2017-08-04,0.0003157431266145594
2017-08-07,-0.0010896536031588689
2017-08-08,0.0005644424959336369
2017-08-09,2.9075037115289248e-05
2017-08-10,-0.0012916421051754612
2017-08-11,0.0009126143946300014
2017-08-14,0.0005446929225546571
2017-08-15,0.00019183589384982324
2017-08-16,0.00029056013961650253
2017-08-17,1.9706881969577816e-05
2017-08-18,0.00015124266993155056
2017-08-21,-0.0007470418581713434
2017-08-22,0.0006627392416707845
2017-08-23,0.0002495810180804803
2017-08-24,-0.00040965385379084787
2017-08-25,0.0013522604630872514
2017-08-28,-0.0009795354693405034
2017-08-29,0.00046726511794091264
2017-08-30,-0.0004784459370238914
2017-08-31,-9.646336576737968e-05
2017-09-01,-0.00014484572371858406
2017-09-05,-0.0011500416322245855
2017-09-06,-4.571064854233531e-05
2017-09-07,0.000164938056744679
2017-09-08,-0.0001592413746651089
2017-09-11,0.0006474667999683548
2017-09-12,0.0012704761126959008
2017-09-13,0.00039751841580579206
2017-09-14,0.0011060376108561476
2017-09-15,-0.0007598418051921963
2017-09-18,-0.00034832693152422325
2017-09-19,0.0011421091492984036
2017-09-20,-0.0007520815761140442
2017-09-21,0.0011788767482800056
2017-09-22,0.0007181914580467353
2017-09-25,0.0011578958028235832
2017-09-26,-0.0011487252522975277
2017-09-27,0.0002548056007811883
2017-09-28,-0.0010137636740731426
2017-09-29,-1.5170850012208303e-05
2017-10-02,-0.0002811192884289271
2017-10-03,-0.001047173681804986
2017-10-04,-0.0007902252568816271
2017-10-05,0.0004671499208236951
2017-10-06,0.0002697623190735077
2017-10-09,-0.0002891331272553421
2017-10-10,0.0012108486802317354
2017-10-11,0.0006790996939679883
2017-10-12,-0.00010328998659698829
2017-10-13,-0.000980780229410383
2017-10-16,0.00027115534385758756
2017-10-17,-0.0003087843715313066
2017-10-18,-0.00043752605797487966
2017-10-19,-0.0002110311627873007
2017-10-20,-0.00036014248076025044
2017-10-23,0.0021838276634647048
2017-10-24,0.0007005802435043063
2017-10-25,-0.00011207657554245797
2017-10-26,0.0015457978706034103
2017-10-27,0.000200870201364034
2017-10-30,0.0006847806270833812
2017-10-31,-0.00022369358460951337
2017-11-01,-0.0014754015311916114
2017-11-02,0.00169996382202508
2017-11-03,-0.0011570934605197093
2017-11-06,0.00018169012385118588
2017-11-07,0.000849948845582027
2017-11-08,-0.0019919844340637815
2017-11-09,-0.0006386705934158243
2017-11-10,0.0003296389359957963
2017-11-13,-0.0018899670864921502
2017-11-14,-0.0019083443135808897
2017-11-15,0.0009516124009840033
2017-11-16,-0.0015121314442780199
2017-11-17,-0.001039297945166362
2017-11-20,0.0002030346630344404
2017-11-21,0.0003741995092447825
2017-11-22,0.0004690939259263616
2017-11-24,0.0007794618884151949
2017-11-27,-0.00042490913195962764
2017-11-28,-0.0014289618482489607
2017-11-29,0.0008588961624383662
2017-11-30,-0.001154114996701605
2017-12-01,-0.0002158993394085762
2017-12-04,3.160361527387301e-05
2017-12-05,-0.0022468853523204047
2017-12-06,-0.0008457581051382057
2017-12-07,0.0006253584741059859
2017-12-08,-0.0018450312451379959
2017-12-11,0.0009817856179758944
2017-12-12,-0.0011001972858569076
2017-12-13,-0.0003902602650662446
2017-12-14,0.0022771659553698976
2017-12-15,-0.0008116445520608528
2017-12-18,0.0009527871659548604
2017-12-19,-0.00417884593037719
2017-12-20,0.00012778159350395056
2017-12-21,-0.004856613117870117
2017-12-22,0.0005075859767261659
2017-12-26,0.00023795283182398986
2017-12-27,-0.000572362880735644
2017-12-28,-0.0013960783023562518
2017-12-29,-3.7949833445544146e-05
2018-01-02,0.0
2018-01-03,0.0020630663556030714
2018-01-04,0.0012420193686851987
2018-01-05,0.000385090125701959
2018-01-08,-0.0002961898991073075
2018-01-09,-0.0020458447025610894
2018-01-10,-0.001282767538567048
2018-01-11,-0.0024516431417271447
2018-01-12,-0.0017002094074087038
2018-01-16,0.0010681946772691854
2018-01-17,-0.0008571132428356776
2018-01-18,-0.0009565378819870352
2018-01-19,0.0018594392218392708
2018-01-22,0.0010190941660848274
2018-01-23,0.001709340914977775
2018-01-24,-0.0004588761450926626
2018-01-25,-0.003502383620877192
2018-01-26,-0.0005355527102041846
2018-01-29,-0.0003433119709614796
2018-01-30,0.00011881247260412952
2018-01-31,5.607512953438309e-05
2018-02-01,0.0010121395124847777
2018-02-02,0.0008510445911891873
2018-02-05,0.0002080524558392416
2018-02-06,0.0005554081229256824
2018-02-07,0.0003855747753490235
2018-02-08,0.0004537298948820767
2018-02-09,0.00447327949919134
2018-02-12,0.0005421114673193228
2018-02-13,-0.0007861892677171855
2018-02-14,-0.0020884983094022315
2018-02-15,0.0021180196583986954
2018-02-16,0.0003628729694202026
2018-02-20,0.0007083665678818518
2018-02-21,0.0002536241683941787
2018-02-22,0.0004836051867749547
2018-02-23,0.0009183816722731386
2018-02-26,0.004925441956926213
2018-02-27,-0.0029115290875377175
2018-02-28,-0.00010573844159587065
2018-03-01,0.003052872490463254
2018-03-02,-0.0037160881713739825
2018-03-05,-0.00042150974592568556
2018-03-06,-0.0009121337509079674
2018-03-07,8.244584774957375e-05
2018-03-08,-0.0009525423514311904
2018-03-09,0.00103938060089932
2018-03-12,0.0012638582570168866
2018-03-13,0.0008362590377707201
2018-03-14,-2.7962431621952886e-06
2018-03-15,-0.0014939731762503793
2018-03-16,0.0015282732086481232
2018-03-19,0.0001903145324238742
2018-03-20,0.0004680137591055067
2018-03-21,0.00046986865101109607
2018-03-22,-0.001563746728528742
2018-03-23,0.001444660564709499
2018-03-26,-0.00032619501969403106
2018-03-27,-0.0004589051903547692
2018-03-28,0.0022909177758201225
2018-03-29,-0.0005350177363758646
2018-04-02,-2.3865943916340228e-05
2018-04-03,0.0005758569139900638
2018-04-04,0.0008336552413602871
2018-04-05,0.0007647329715695372
2018-04-06,8.225024711439044e-05
2018-04-09,-4.106067056180995e-05
2018-04-10,-0.0035621886503156785
2018-04-11,-0.001737933489486404
2018-04-12,-0.0012416278933848
2018-04-13,0.0005257169023102747
2018-04-16,0.0024725380236402584
2018-04-17,0.0008827876056604178
2018-04-18,-0.0005855419293492147
2018-04-19,-5.9045435390497894e-05
2018-04-20,-0.0010348385106990544
2018-04-23,0.002577634981504218
2018-04-24,0.002033244764218656
2018-04-25,0.0034488778273716546
2018-04-26,-0.0005107515298371446
2018-04-27,-0.0011191317463589145
2018-04-30,-0.00013623413517144245
2018-05-01,0.0017137495063452135
2018-05-02,0.001638443308888099
2018-05-03,-0.001354048641989597
2018-05-04,0.0010710942341739082
2018-05-07,0.0017398297156396348
2018-05-08,0.0019975738756630224
2018-05-09,0.0004457524493721998
2018-05-10,-0.0015737752708685382
2018-05-11,0.00014736919823565842
2018-05-14,0.0015268943060698092
2018-05-15,-0.0006902269848096775
2018-05-16,-0.00030622923624422095
2018-05-17,-0.0007755581927559541
2018-05-18,0.0009294941178687122
2018-05-21,0.0001802505271640442
2018-05-22,0.0013825620187641386
2018-05-23,0.0030017587491564467
2018-05-24,0.0012680364078851204
2018-05-25,-0.00023780839217176218
2018-05-29,0.00018380562136381396
2018-05-30,0.0004693700735905693
2018-05-31,0.001090649397939758
2018-06-01,0.0018361109455912682
2018-06-04,-0.0015527481613125615
2018-06-05,-0.0005353522805166766
2018-06-06,-0.0005622641409041118
2018-06-07,0.0012684636976366848
2018-06-08,-0.0020723359338983005
2018-06-11,-0.007429421451726459
2018-06-12,-0.0017193659500092772
2018-06-13,0.0021115631647809774
2018-06-14,0.0020847935788758875
2018-06-15,-7.471308946276345e-05
2018-06-18,-0.003523906222304579
2018-06-19,0.00027928277083890676
2018-06-20,0.00046733863581552293
2018-06-21,0.0006955315966091002
2018-06-22,0.00016111641912063823
2018-06-25,-9.504709520793408e-05
2018-06-26,8.58889623065795e-05
2018-06-27,-0.00018308403812673514
2018-06-28,-0.003984754041338812
2018-06-29,-0.002661660024883683
2018-07-02,0.0
2018-07-03,-1.7549995054466637e-05
2018-07-05,0.0006112006516415414
2018-07-06,-3.9015611097126256e-05
2018-07-09,0.0008301721951489649
2018-07-10,0.00038872000249305373
2018-07-11,-0.0001982396076273374
2018-07-12,0.0004396539731039373
2018-07-13,0.0004888107267977226
2018-07-16,9.540093542854677e-05
2018-07-17,0.0001766551117043047
2018-07-18,0.0010345544442084797
2018-07-19,-0.0010995152789884833
2018-07-20,-0.0004067494802120153
2018-07-23,-0.0004949337170340129
2018-07-24,0.0009149973713291626
2018-07-25,-0.0024761576601676607
2018-07-26,0.00484375974890851
2018-07-27,-0.0005352115026765247
2018-07-30,0.001076832323189858
2018-07-31,-0.00016677641980690218
2018-08-01,-0.001686973800758307
2018-08-02,-0.0022923043784447037
2018-08-03,0.0013329894114315899
2018-08-06,-0.0002927865851827638
2018-08-07,8.877754995036957e-05
2018-08-08,0.0018276467368355976
2018-08-09,0.0007954760800655658
2018-08-10,-0.00036019193347839874
2018-08-13,-0.0015863992258905667
2018-08-14,9.640636103128153e-05
2018-08-15,0.00064899384977814
2018-08-16,-0.0009235585464289931
2018-08-17,0.0006008401785643214
2018-08-20,-0.0016872143448080855
2018-08-21,-0.0009509924572037809
2018-08-22,0.0003905524401052685
2018-08-23,0.000980207368081465
2018-08-24,-0.0004038680279281892
2018-08-27,0.001645371361099901
2018-08-28,-0.0004949190616904576
2018-08-29,0.0015511773955005192
2018-08-30,-0.0027465704000192827
2018-08-31,-0.0007868017268060801
2018-09-04,0.0005709236951315477
2018-09-05,-0.0005650690953377779
2018-09-06,0.0004175103576778416
2018-09-07,-0.002001421939526754
2018-09-10,0.0009756386609594825
2018-09-11,0.0001916791676573215
2018-09-12,0.0004799643006190457
2018-09-13,-0.0002802631000198452
2018-09-14,0.0006011832890505164
2018-09-17,0.0027183332364453918
2018-09-18,0.00026004371521966
2018-09-19,0.003875295590944572
2018-09-20,-0.002130964939795016
2018-09-21,0.00044409409697033776
2018-09-24,-0.002874193071537129
2018-09-25,-0.0024576085140595727
2018-09-26,-0.0012239175894326383
2018-09-27,0.00033073539352693746
2018-09-28,-0.0013821897717470888
2018-10-01,0.0006448000610428328
2018-10-02,6.094858605724118e-05
2018-10-03,-1.7390894355123754e-05
2018-10-04,0.00013084929508696552
2018-10-05,-0.00227377315262669
2018-10-08,-0.0007872290061626708
2018-10-09,-0.003931692682428578
2018-10-10,-0.0005328114076968815
2018-10-11,0.0014342555098677324
2018-10-12,0.0021583859595850742
2018-10-15,0.0010135930120390602
2018-10-16,0.0026445835998045618
2018-10-17,-0.001658450122035876
2018-10-18,0.0016521248098531893
2018-10-19,-0.0005011150946580667
2018-10-22,-0.00192496888414041
2018-10-23,1.7044181212155783e-05
2018-10-24,-0.003166545541019289
2018-10-25,-0.00019606041934019935
2018-10-26,0.005566093567497893
2018-10-29,0.002221862071532843
2018-10-30,-0.002821532132733362
2018-10-31,-0.00020001281045533003
2018-11-01,-0.00010272118032269018
2018-11-02,-0.0015607797925273614
2018-11-05,-0.00032627723505971316
2018-11-06,0.00011746926871712971
2018-11-07,0.0020501752140486716
2018-11-08,0.0005211993532335923
2018-11-09,-0.0006230991976811873
2018-11-12,-0.002021893383845036
2018-11-13,-0.00041642203545843025
2018-11-14,0.0006611989698637188
2018-11-15,-0.005328212144542643
2018-11-16,0.002097361188848451
2018-11-19,0.0002756250252481496
2018-11-20,-0.0006321784485102289
2018-11-21,0.0028775210646616424
2018-11-23,-0.0015336309670384795
2018-11-26,0.0022364596117488366
2018-11-27,0.00038421583445046313
2018-11-28,0.0011612310363872612
2018-11-29,-0.00018216564340381992
2018-11-30,-0.002212016296577557
2018-12-03,0.0019902802720173306
2018-12-04,0.0012030463574741967
2018-12-06,-0.003729913044811456
2018-12-07,0.0017473172745505084
2018-12-10,0.0002681535079006758
2018-12-11,0.0015441753243945144
2018-12-12,0.0005746498980443105
2018-12-13,0.0002057521119298744
2018-12-14,-0.00024189801940126542
2018-12-17,-0.0016460615074414375
2018-12-18,-0.0011676341585654172
2018-12-19,9.133525536439424e-05
2018-12-20,-0.0015422530150349667
2018-12-21,-0.0010072490231559095
2018-12-24,0.0002821614982712772
2018-12-26,-0.000803142383860922
2018-12-27,-0.0008892455922374753
2018-12-28,0.0004529048582891493
2018-12-31,-0.0017083701840971022
2019-01-02,0.0
2019-01-03,0.0021237068154794534
2019-01-04,0.0008724281573037063
2019-01-07,0.00045760054648897875
2019-01-08,-0.00012885188159884599
2019-01-09,0.0011353887375943228
2019-01-10,0.002068492726835103
2019-01-11,0.0005644922717509381
2019-01-14,-0.0005397282898128297
2019-01-15,-0.0010282431923840595
2019-01-16,0.0010048110523614095
2019-01-17,0.0014361146921701151
2019-01-18,0.0001793047427584682
2019-01-22,-0.00015230410935948013
2019-01-23,0.0010147089363468198
2019-01-24,0.0006878325357113413
2019-01-25,0.0006985541290655539
2019-01-28,3.721020695496291e-05
2019-01-29,0.0007552222725207225
2019-01-30,0.0005287940192813201
2019-01-31,-0.0008185936308208741
2019-02-01,0.00012190620175136501
2019-02-04,-0.0005169578813961184
2019-02-05,0.0015764364995718815
2019-02-06,-0.0007521798422627735
2019-02-07,0.0003968179805912353
2019-02-08,-0.00042211336448524375
2019-02-11,0.0001749922521429803
2019-02-12,0.00016382289726648013
2019-02-13,0.0016413982240651493
2019-02-14,-0.001235265460931645
2019-02-15,0.0004753949857051798
2019-02-19,-0.0004574563048786173
2019-02-20,0.0018485763450027948
2019-02-21,0.0004725463919634798
2019-02-22,-0.00055484593673929
2019-02-25,0.0025142975013662306
2019-02-26,-0.000678520565047569
2019-02-27,0.0006875824480191805
2019-02-28,-3.716171660717027e-05
2019-03-01,-0.0020364861071037353
2019-03-04,0.0009141758678561762
2019-03-05,-0.00010065342996492532
2019-03-06,-0.001403705466937044
2019-03-07,-0.0013358949714157796
2019-03-08,0.0006028986228269473
2019-03-11,-0.0008472472319695834
2019-03-12,-0.0014975668651123542
2019-03-13,-0.001066700953556854
2019-03-14,-0.0005842691839257231
2019-03-15,-0.0021238260143418065
2019-03-18,-0.00013135987589178998
2019-03-19,-0.0004368725173881427
2019-03-20,0.0005011302170633003
2019-03-21,-0.0022973530246301666
2019-03-22,0.0010424118153248396
2019-03-25,0.0003385908855723152
2019-03-26,0.0005140528261823763
2019-03-27,-0.000983808810361031
2019-03-28,0.0009918941404262805
2019-03-29,0.0013976356912254572
2019-04-01,0.0013919046143573144
2019-04-02,-0.0007113435980753812
2019-04-03,-7.91884245939789e-06
2019-04-04,0.0021185632662655994
2019-04-05,0.0007165106272784217
2019-04-08,-0.000369358518536711
2019-04-09,-0.0007056510044402941
2019-04-10,0.001269444561101174
2019-04-11,0.00034767477372786294
2019-04-12,0.00011813487698785208
2019-04-15,4.5285151536933464e-05
2019-04-16,0.00045980947880821523
2019-04-17,0.0003516057413046614
2019-04-18,0.0009955968222501777
2019-04-22,-0.0023049174395347984
2019-04-23,-0.0015718587629145408
2019-04-24,0.0010413315746636066
2019-04-25,-0.001307933602692679
2019-04-26,0.0008625521410690118
2019-04-29,-0.0002843503447277684
2019-04-30,-0.00032562265763531607
2019-05-01,-7.940047301316922e-05
2019-05-02,9.617154890133039e-05
2019-05-03,-0.00010708557526607487
2019-05-06,0.00012244680804768815
2019-05-07,-0.00016492992164093834
2019-05-08,-0.0005073111608795477
2019-05-09,-0.002057500182158151
2019-05-10,-0.001142949559430173
2019-05-13,-0.0038440774599098615
2019-05-14,-0.001001377102842843
2019-05-15,-0.00039903159756146667
2019-05-16,7.422485799064571e-05
2019-05-17,0.0001477530984878461
2019-05-20,-0.001079138522827966
2019-05-21,0.000704912784878664
2019-05-22,-0.0006504909015299764
2019-05-23,0.001192469444147859
2019-05-24,-0.001036216710061305
2019-05-28,-0.002912999701386548
2019-05-29,0.0006878929730872341
2019-05-30,-0.0013208773862790624
2019-05-31,0.0010897021554566954
2019-06-03,-0.0014290957767921554
2019-06-04,-0.0005701985440635215
2019-06-05,-0.0024772221455352404
2019-06-06,-0.0004089212518138541
2019-06-07,-0.00031145433700245916
2019-06-10,0.0001914970542438721
2019-06-11,0.00033947703285882035
2019-06-12,-0.002889147718900198
2019-06-13,-0.00023962080396068287
2019-06-14,0.0008304738924996724
2019-06-17,0.002240095217843907
2019-06-18,-0.0017534985500300415
2019-06-19,-0.0017901678190782367
2019-06-20,0.0016605747841143882
2019-06-21,0.0007796235422487085
2019-06-24,0.001533792121765082
2019-06-25,0.0010768324715264676
2019-06-26,0.00010802315287177788
2019-06-27,0.003087075248152832
2019-06-28,-0.00046485023555478677
2019-07-01,0.0
2019-07-02,4.909207255031511e-07
2019-07-03,0.0012535153714820933
2019-07-05,-0.0005468898443017962
2019-07-08,0.0002015838927174175
2019-07-09,0.0012426860100567569
2019-07-10,9.250676118599532e-05
2019-07-11,-0.0007624158028085088
2019-07-12,0.0001691598260806473
2019-07-15,-0.0017835873655800169
2019-07-16,-0.0008851833266273355
2019-07-17,-0.0010922449115176468
2019-07-18,-0.0012670392067546696
2019-07-19,-0.0012066836347709626
2019-07-22,-0.00018446077695710098
2019-07-23,3.5953232181603255e-05
2019-07-24,-0.0017164015748505777
2019-07-25,-0.0011938465095238844
2019-07-26,-0.0035405171941967784
2019-07-29,-0.0013600229905840879
2019-07-30,-2.31807302213147e-05
2019-07-31,-0.0012680856474306574
2019-08-01,-0.003234210584151921
2019-08-02,0.0032242526754173778
2019-08-05,-0.0018389217356374456
2019-08-06,0.0014447360545096395
2019-08-07,-0.0002998672057762386
2019-08-08,-0.0021577585302719037
2019-08-09,-0.0022054395553763873
2019-08-12,-0.0011717001140895936
2019-08-13,-0.001916629124101775
2019-08-14,-0.003247052871995294
2019-08-15,0.001899607656776017
2019-08-16,0.0020975082344971883
2019-08-19,-0.0008852163556777315
2019-08-20,-0.00218173317807574
2019-08-21,-0.0013542045152731398
2019-08-22,-0.0004751648662333969
2019-08-23,-0.0002460982524081408
2019-08-26,-0.0012684596494672018
2019-08-27,-0.0013473931581082603
2019-08-28,0.00015139057329864746
2019-08-29,0.0013174666319228862
2019-08-30,0.0012591025851556642
2019-09-03,-0.0015402480436151765
2019-09-04,0.0015589918407168267
2019-09-05,0.0020760671456013114
2019-09-06,0.00682622412199284
2019-09-09,0.004502172254004134
2019-09-10,-0.0015249348418754484
2019-09-11,-0.0022293125085836893
2019-09-12,0.0008966628822353205
2019-09-13,-0.0007519318314281999
2019-09-16,0.002299350424804367
2019-09-17,-0.0011627138406337051
2019-09-18,0.0005988192449369137
2019-09-19,-0.0006648427228841403
2019-09-20,-7.317358858395363e-05
2019-09-23,-0.0015241502687070277
2019-09-24,0.00030458364057683873
2019-09-25,-0.0011620236007650485
2019-09-26,0.0005315663173943904
2019-09-27,-0.0006773090029767571
2019-09-30,-0.00020293508113227658
2019-10-01,0.0005993238181762833
2019-10-02,0.000727846881592399
2019-10-03,0.0009795584078647582
2019-10-04,0.0004462817710032664
2019-10-07,0.0022197132749951004
2019-10-08,-0.0008959034999775103
2019-10-09,-0.0011142451388282527
2019-10-10,-0.0005502558176062292
2019-10-11,0.0016005637583215839
2019-10-14,0.0017142507201940561
2019-10-15,0.0012678875154611042
2019-10-16,-0.00037624921613101564
2019-10-17,-0.0018449202794385308
2019-10-18,0.0014833624071747635
2019-10-21,-0.0003653670087284739
2019-10-22,-0.0008545288548929059
2019-10-23,0.00012013013623719044
2019-10-24,0.0006949479852833562
2019-10-25,-0.0029365134539082677
2019-10-28,0.0003236617007447151
2019-10-29,0.0011912898063238869
2019-10-30,9.431466607619694e-05
2019-10-31,-0.0027769297224247208
2019-11-01,0.0014870084825598065
2019-11-04,2.8901098064588242e-05
2019-11-05,-0.0001156345798838264
2019-11-06,0.0009788566877207356
2019-11-07,0.0014194515362024257
2019-11-08,0.0017699273470150384
2019-11-11,0.0028798726024770924
2019-11-12,-0.001512540962224307
2019-11-13,0.0007022589419557715
2019-11-14,0.0010004051003138688
2019-11-15,-0.0007546944378210882
2019-11-18,0.0027684563121153885
2019-11-19,0.0022859203282395314
2019-11-20,0.000531795134157409
2019-11-21,-0.0014800702455084653
2019-11-22,-0.001471877501328378
2019-11-25,0.00029742346566899756
2019-11-26,-0.0006744845813658689
2019-11-27,0.00025197772623968765
2019-11-29,0.0015946728359611652
2019-12-02,-0.00037435819026233733
2019-12-03,0.0010621114774337975
2019-12-04,-0.0010623542032127304
2019-12-05,0.00013167520926547926
2019-12-06,0.00027291483697935683
2019-12-09,0.00028858729605603833
2019-12-10,-0.0011582270128251292
2019-12-11,-0.0011126492984764437
2019-12-12,-0.0013905953016290187
2019-12-13,0.0014369380008481289
2019-12-16,6.671325687911277e-05
2019-12-17,-0.00011632569519703928
2019-12-18,0.00023880556400886056
2019-12-19,-0.001114885364066139
2019-12-20,0.0003222614177591078
2019-12-23,0.00033062332683810497
2019-12-24,-0.000665947676128098
2019-12-26,-0.0007196110459842068
2019-12-27,0.0006818707992714618
2019-12-30,0.001010238292070235
2019-12-31,0.0012447003977299105
2020-01-02,0.0
2020-01-03,0.0005073499530534875
2020-01-06,0.0002101946350071382
2020-01-07,0.00015355991159523018
2020-01-08,3.116090481668499e-05
2020-01-09,2.7211978809410508e-05
2020-01-10,-0.0002096300919168348
2020-01-13,-0.0004491749135412393
2020-01-14,0.0005358860554447176
2020-01-15,-0.0009420107455919812
2020-01-16,-0.00024686565295077844
2020-01-17,-0.0007388440490256054
2020-01-21,0.00023405813462268332
2020-01-22,0.0019604567441729726
2020-01-23,-0.00036005955566233426
2020-01-24,0.00045761150636620116
2020-01-27,-0.0006879380139539981
2020-01-28,-0.00033125915503546264
2020-01-29,0.0007213383725993949
2020-01-30,-0.001107196483130335
2020-01-31,0.0015046058205449575
2020-02-03,0.0003504699985241111
2020-02-04,0.0042350807705623435
2020-02-05,0.00148342894939969
2020-02-06,-0.0032299350244806404
2020-02-07,0.0031565415101206416
2020-02-10,0.000521482911083826
2020-02-11,0.0004313996011868715
2020-02-12,-0.0014388108343795169
2020-02-13,-0.0019975443266890157
2020-02-14,0.00021749758634333481
2020-02-18,0.00012367498278164079
2020-02-19,0.0008398846218955258
2020-02-20,-0.0014172037563858265
2020-02-21,-0.004912661977898252
2020-02-24,-0.0015729786596443752
2020-02-25,-0.002198365050444423
2020-02-26,-0.005850152462434738
2020-02-27,-0.00196722836167017
2020-02-28,0.0030226988764157914
2020-03-02,-0.002918894392430138
2020-03-03,-0.0004241761762240226
2020-03-04,-0.0021543110210323403
2020-03-05,-0.0047353515624384
2020-03-06,0.0033671840669877717
2020-03-09,0.004137596862806436
2020-03-10,0.0018956239709752355
2020-03-11,-0.003478530993787382
2020-03-12,0.0004853817335713606
2020-03-13,-0.00997650813698514
2020-03-16,-0.004333803024981564
2020-03-17,-0.0008587696432077907
2020-03-18,-0.013595888464783195
2020-03-19,0.02843819412166467
2020-03-20,0.01099835391355804
2020-03-23,0.009820921718391806
2020-03-24,-0.0006825717200710125
2020-03-25,0.005838568296101387
2020-03-26,0.005448580529491221
2020-03-27,-0.00044592971116352853
2020-03-30,-0.007286842313697917
2020-03-31,0.007630471864585725
2020-04-01,0.002824330741303893
2020-04-02,-0.0002875209763771924
2020-04-03,-0.004748414546276125
2020-04-06,0.011082427886925528
2020-04-07,0.002487651270900354
2020-04-08,-0.004132374458839183
2020-04-09,-0.006552926128300102
2020-04-13,0.004949571507326778
2020-04-14,0.0008380640580212706
2020-04-15,0.0007723973536110206
2020-04-16,-0.006838828322771817
2020-04-17,0.009858936526182782
2020-04-20,0.008509404353895222
2020-04-21,0.0001321754263384156
2020-04-22,-0.0010208991542599798
2020-04-23,-0.004538364663980043
2020-04-24,-0.00035781870218852817
2020-04-27,0.005773483560719867
2020-04-28,0.0026125519105185567
2020-04-29,0.0034239081920443446
2020-04-30,0.0022729210110497555
2020-05-01,-0.002848002235466951
2020-05-04,-0.0012256324868892333
2020-05-05,0.00016542469802007797
2020-05-06,0.005592048964602914
2020-05-07,-0.0032854182097245333
2020-05-08,0.00043352517243119284
2020-05-11,3.8556031550379674e-05
2020-05-12,0.004553210693562038
2020-05-13,-0.0038076835379816042
2020-05-14,-0.0018254180242813834
2020-05-15,-0.0033050844299555406
2020-05-18,0.001683774921121528
2020-05-19,-0.006514340267674218
2020-05-20,-0.0003267815788238704
2020-05-21,0.002319530777419898
2020-05-22,0.004448994068251433
2020-05-26,0.0007539129480488183
2020-05-27,0.005123663228676173
2020-05-28,-0.0011500922274670978
2020-05-29,-0.002476716129419865
2020-06-01,0.0001231229707666759
2020-06-02,-0.0008929919858698676
2020-06-03,0.0038065148431549955
2020-06-04,-0.0004369294715799221
2020-06-05,-8.33259996102842e-05
2020-06-08,0.008345114329763504
2020-06-09,0.0008426321734648079
2020-06-10,-0.005662764146143473
2020-06-11,-0.0006597174781260928
2020-06-12,0.0012217520354988686
2020-06-15,-0.0011213352931706833
2020-06-16,0.0017474747077241503
2020-06-17,-0.0012614846424025272
2020-06-18,6.135256683860724e-05
2020-06-19,-0.00387659876973927
2020-06-22,0.0008374104344947342
2020-06-23,0.00016980502357034634
2020-06-24,-0.0013093754299466742
2020-06-25,-0.00038637322618685356
2020-06-26,-0.005404860563717734
2020-06-29,0.0020658059453957265
2020-06-30,-0.0015513748422647077
2020-07-01,0.0
2020-07-02,0.0005653117376312911
2020-07-06,-0.0007588603010828865
2020-07-07,-0.0009006754430706421
2020-07-08,0.0004715189805081843
2020-07-09,-0.002435565829876918
2020-07-10,-0.0022871724477750545
2020-07-13,0.0019823144411796056
2020-07-14,0.0008878415291452945
2020-07-15,0.002843935118854868
2020-07-16,-0.0015786520574212425
2020-07-17,-0.0006133274363118668
2020-07-20,-0.0011324180526529836
2020-07-21,0.0037165695914769146
2020-07-22,0.0009202245213919657
2020-07-23,0.002787161078885392
2020-07-24,0.0014519702800496526
2020-07-27,0.0028178095297222484
2020-07-28,-0.0002454230102501342
2020-07-29,0.0022177260208743
2020-07-30,-9.559189158875325e-05
2020-07-31,-0.003686262184387973
2020-08-03,0.0010808278486717394
2020-08-04,-0.0001395149740431867
2020-08-05,-0.0015220526248227062
2020-08-06,0.0009332366775213541
2020-08-07,0.0012514412891958203
2020-08-10,0.001341681783112958
2020-08-11,0.0019154294798133299
2020-08-12,-0.0012757213923943467
2020-08-13,9.345694089346046e-05
2020-08-14,0.0036910903982819987
2020-08-17,-0.0023346397106291826
2020-08-18,0.00038918610370147213
2020-08-19,-0.000700042883523716
2020-08-20,-6.699178194132238e-05
2020-08-21,-0.0010909268809877136
2020-08-24,0.0017634534131438007
2020-08-25,-0.001627725416130893
2020-08-26,-0.00032566146226712945
2020-08-27,0.005662529564991326
2020-08-28,0.0010578782589266255
2020-08-31,-0.0009139652044843849
2020-09-01,0.00013175474500729534
2020-09-02,-0.0005310760662199709
2020-09-03,0.0031494100455481287
2020-09-04,0.0013777028157335668
2020-09-08,-0.0013405106472090867
2020-09-09,-0.0037506229900095165
2020-09-10,-0.0012150066089053947
2020-09-11,0.0017704160529105118
2020-09-14,0.005254033459544827
2020-09-15,-0.0049474156576297165
2020-09-16,-0.001008782793619678
2020-09-17,-0.00029331658941386674
2020-09-18,-0.0021125400143094273
2020-09-21,0.002739669329581501
2020-09-22,0.004240040889006624
2020-09-23,-0.0006940281633410761
2020-09-24,0.0020027611796242075
2020-09-25,-0.004517639034104626
2020-09-28,-0.0012268188750466148
2020-09-29,-0.001104260785386496
2020-09-30,-0.0011287419667532273
2020-10-01,-0.002824802117811348
2020-10-02,-0.0026962913088647788
2020-10-05,-0.00418127243187576
2020-10-06,0.004800198690067497
2020-10-07,-0.004431246024322699
2020-10-08,-0.004540641177754679
2020-10-09,0.0004092057595946219
2020-10-12,0.0006950605410443788
2020-10-13,-0.0034765156817744168
2020-10-14,-0.0019140490820664768
2020-10-15,-0.00024400978293243059
2020-10-16,0.0017141361251205745
2020-10-19,0.001402317553279442
2020-10-20,0.0031737840849613785
2020-10-21,0.0023357598943197387
2020-10-22,-0.0018786432515026708
2020-10-23,0.0005892607283969342
2020-10-26,0.0011935561509788695
2020-10-27,0.0011108954369554113
2020-10-28,0.004098057268918964
2020-10-29,-0.0013595318750894037
2020-10-30,0.0006174105799957475
2020-11-02,0.001996256958234843
2020-11-03,0.0016069233977629494
2020-11-04,0.001675554356142661
2020-11-05,-0.006884257320801629
2020-11-06,0.00011884910364842182
2020-11-09,-0.0010138383813923292
2020-11-10,0.010590718180910142
2020-11-11,0.006366993213569672
2020-11-12,-0.0046982817841636935
2020-11-13,-0.0016798809490127576
2020-11-16,0.0024044090298962427
2020-11-17,0.00244804011802493
2020-11-18,-0.0033538451570732375
2020-11-19,0.004472152609357999
2020-11-20,0.001685013650135464
2020-11-23,-0.002275420366714881
2020-11-24,0.004738394937207008
2020-11-25,0.0004277870874259793
2020-11-27,0.001928600308996553
2020-11-30,0.0008258679943856761
2020-12-01,-0.004336378195472906
2020-12-02,-0.002441616906711808
2020-12-03,-0.0027492908457907696
2020-12-04,0.0036423773561414683
2020-12-07,-0.0005438112975471754
2020-12-08,0.0023138549165341803
2020-12-09,0.0005229410254951217
2020-12-10,0.0045072856566142185
2020-12-11,0.0009350293677666876
2020-12-14,0.0007612224603987527
2020-12-15,-0.0030704687426608814
2020-12-16,-0.0008915609248562495
2020-12-17,0.0019809851807437327
2020-12-18,0.00018543001547629556
2020-12-21,0.0012735137048062283
2020-12-22,-0.00232071267827495
2020-12-23,0.0035669085296386295
2020-12-24,-0.0015005100253172976
2020-12-28,0.002506574504425557
2020-12-29,0.0008984835301899918
2020-12-30,-0.002186705980248238
2020-12-31,0.0015197525857739147
2021-01-04,0.0
2021-01-05,0.00034586518564721504
2021-01-06,-0.000816490374935408
2021-01-07,-0.003256635061510166
2021-01-08,-0.0006728583923026277
2021-01-11,-0.0015791487540326554
2021-01-12,0.001652195802569517
2021-01-13,0.0015129900462257594
2021-01-14,-0.0010767023308147715
2021-01-15,0.004850574028770838
2021-01-19,0.0013568169642911132
2021-01-20,0.0012009824290118987
2021-01-21,0.002615261272151598
2021-01-22,0.0043289302945644205
2021-01-25,0.0011885038633210054
2021-01-26,0.0030563328455822437
2021-01-27,0.0023058676664660773
2021-01-28,0.0014409545664769373
2021-01-29,0.0008976303439597655
2021-02-01,0.0010758060986386987
2021-02-02,-0.0006344889479546256
2021-02-03,-0.0005958418080220685
2021-02-04,-0.003448401682237273
2021-02-05,0.0005508467058241262
2021-02-08,-0.0005254008627023465
2021-02-09,-0.0007072350262598392
2021-02-10,-0.00143395427161232
2021-02-11,0.0005804149832437988
2021-02-12,-0.0026822865897275115
2021-02-16,-0.0061942487041361126
2021-02-17,0.0065928528757305425
2021-02-18,0.004564966923815606
2021-02-19,-0.0002125832641405423
2021-02-22,-0.0020275946798249843
2021-02-23,-0.0012478878318519682
2021-02-24,-0.0037381520479180808
2021-02-25,-0.0012284901169776874
2021-02-26,0.002209858015886107
2021-03-01,0.0002782684032713922
2021-03-02,0.0006579029277700987
2021-03-03,0.00013253267684236735
2021-03-04,-0.0007494681792115376
2021-03-05,-0.00015447044874643544
2021-03-08,0.003237796419826422
2021-03-09,0.0037834223304140657
2021-03-10,-0.004145958227845381
2021-03-11,0.0023484684142931036
2021-03-12,-0.0015119486290400054
2021-03-15,0.0029655844299581293
2021-03-16,-0.0008255518451938226
2021-03-17,7.316090697278011e-05
2021-03-18,-1.6065045659796605e-05
2021-03-19,0.0023076943039739063
2021-03-22,0.00368362621101348
2021-03-23,0.0028112829563968545
2021-03-24,-0.0014255946653748519
2021-03-25,-0.0006786533662086258
2021-03-26,-0.0023396112611921704
2021-03-29,0.0029757812685408227
2021-03-30,-0.0008781109043426438
2021-03-31,0.0003160022997271139
2021-04-01,-0.002706666323969392
2021-04-05,0.00030567565437968346
2021-04-06,0.000674540160265652
2021-04-07,-0.001931340385283492
2021-04-08,-0.0006565016099226273
2021-04-09,0.0014389542930596743
2021-04-12,0.0018217322661551905
2021-04-13,0.0038168561311855585
2021-04-14,0.0003616885873695297
2021-04-15,0.00466524965337462
2021-04-16,-0.0018375335097871371
2021-04-19,0.0005283345534082106
2021-04-20,0.0017221621996647563
2021-04-21,-0.000590900661710192
2021-04-22,0.0014714410451132475
2021-04-23,-0.002052901298360804
2021-04-26,-0.0006989853717485839
2021-04-27,-0.0015814263581447607
2021-04-28,-0.004310510336758583
2021-04-29,-0.001307983217879033
2021-04-30,-0.0003621609058887143
2021-05-03,0.0009150784936892365
2021-05-04,-0.006338044044089825
2021-05-05,-0.0003844842630361778
2021-05-06,0.0007861642318419515
2021-05-07,-0.0005795119483691935
2021-05-10,-0.0020703471610203695
2021-05-11,-0.000623011842193516
2021-05-12,0.00039886356128565614
2021-05-13,-0.0020568917417417678
2021-05-14,0.0010307902155325178
2021-05-17,-0.0014332981542099998
2021-05-18,0.002415544170517875
2021-05-19,0.003066933741133543
2021-05-20,0.0014512225757566388
2021-05-21,-0.0017364784632239783
2021-05-24,0.0005298108068963414
2021-05-25,-0.00020057474951462595
2021-05-26,0.0006636146589830306
2021-05-27,-0.0006765025371534394
2021-05-28,-0.0006089863863006639
2021-06-01,0.0012299118408661048
2021-06-02,0.0004639568084673862
2021-06-03,-0.0012993933634592614
2021-06-04,0.002251502686853951
2021-06-07,0.00034062657811362307
2021-06-08,-0.004350495831120132
2021-06-09,0.0017764596244848664
2021-06-10,0.0009056230581640845
2021-06-11,0.00025804978655968316
2021-06-14,0.0018833551172245332
2021-06-15,-0.0014229756050326003
2021-06-16,0.001990112775381214
2021-06-17,0.0006648084368446716
2021-06-18,0.000932974377612622
2021-06-21,-0.003516158093697652
2021-06-22,-0.0006071445702954647
2021-06-23,-6.296834317218725e-05
2021-06-24,0.000829939435633642
2021-06-25,-0.0006823029018017512
2021-06-28,0.0003679439034145637
2021-06-29,0.002687742672682736
2021-06-30,-0.0008533864679166725
2021-07-01,0.0
2021-07-02,-0.00011165461231600337
2021-07-06,-0.000125612297934502
2021-07-07,0.00021130024044143658
2021-07-08,-0.00030874655261011743
2021-07-09,0.0004376932398710232
2021-07-12,0.00040038577028475575
2021-07-13,-0.00012784989070097064
2021-07-14,-0.0007237066732076359
2021-07-15,0.0005234263476998346
2021-07-16,-0.0007122281017170994
2021-07-19,-0.00019566244063162208
2021-07-20,0.0009766293512009582
2021-07-21,0.0011982541768353506
2021-07-22,-0.0019509755985876564
2021-07-23,-0.0013151814537073093
2021-07-26,-0.008618007373966386
2021-07-27,0.0003112386102476439
2021-07-28,-0.0014941346269851275
2021-07-29,-0.0013531450732100602
2021-07-30,0.0022859931176093806
2021-08-02,-0.0003535512243143746
2021-08-03,0.0012103095955683595
2021-08-04,-0.0011908349830092257
2021-08-05,0.00036621959420574113
2021-08-06,0.004338655311290363
2021-08-09,-0.00022425506774555458
2021-08-10,-0.0011782057644595446
2021-08-11,-0.00014647324663370488
2021-08-12,0.0006081566758351309
2021-08-13,-0.00013878603351497043
2021-08-16,-0.0021746819682445075
2021-08-17,-0.000721221224793378
2021-08-18,-0.002138467165571106
2021-08-19,-0.001715952432190071
2021-08-20,-5.3597634010327246e-05
2021-08-23,-0.00032411133022419714
2021-08-24,0.00021097161959822696
2021-08-25,0.00028820855750941177
2021-08-26,0.0009731771308393144
2021-08-27,0.0002976292744201636
2021-08-30,-0.0018873018980181734
2021-08-31,0.0008026892134909647
2021-09-01,-0.0011148994804243862
2021-09-02,0.000891045556318304
2021-09-03,-0.0015069826384001006
2021-09-07,0.004083265943096598
2021-09-08,-0.00044501107049188526
2021-09-09,0.0005653242786607226
2021-09-10,-0.0010479624999758298
2021-09-13,-0.0003303109893149581
2021-09-14,-0.0005772302889639758
2021-09-15,0.0003137667472792649
2021-09-16,0.00020687807903110866
2021-09-17,-0.00019840359002345486
2021-09-20,-0.0006490437093342793
2021-09-21,-0.0004995038118464412
2021-09-22,-0.0009699060825738848
2021-09-23,0.0009419034513100999
2021-09-24,-0.00016252399062878232
2021-09-27,0.002910648423901796
2021-09-28,-0.0006380656961767095
2021-09-29,-0.00013255644761226982
2021-09-30,0.0010822210212554472
2021-10-01,0.002157518536478825
2021-10-04,0.002279869815835689
2021-10-05,-0.0004915058493541347
2021-10-06,-0.003054330658947851
2021-10-07,-0.0006535146168831607
2021-10-08,-0.0004289059572960219
2021-10-11,-0.0013385714299242956
2021-10-12,-0.004040670026781179
2021-10-13,0.002293772922090903
2021-10-14,0.000996868307840737
2021-10-15,0.0014941600423269807
2021-10-18,-0.0037035848981651297
2021-10-19,-0.0005095880920196805
2021-10-20,0.0004294510119060346
2021-10-21,-0.006313334111847829
2021-10-22,-0.004720059651383823
2021-10-25,0.00037096781217529353
2021-10-26,-0.0007665012100329493
2021-10-27,-0.0019994088661453857
2021-10-28,-0.001384569645233269
2021-10-29,-0.0020506323199437847
2021-11-01,-0.0005158656615746992
2021-11-02,-0.0008337955257760044
2021-11-03,-0.0015568422594732013
2021-11-04,0.0018074058109873669
2021-11-05,-1.75159321484486e-05
2021-11-08,-0.0025723360357421234
2021-11-09,-0.0022286945707228334
2021-11-10,4.0979983007433105e-05
2021-11-11,-0.00236428405058578
2021-11-12,0.00038135694439736523
2021-11-15,-0.0035517256145268907
2021-11-16,-0.0002933288646747412
2021-11-17,0.0013344062545766256
2021-11-18,-0.001917263816696191
2021-11-19,0.0015615260127929908
2021-11-22,0.0011959393465003632
2021-11-23,-0.0017947377047255243
2021-11-24,-0.0002866785873092803
2021-11-26,-0.0016245866172424905
2021-11-29,-0.0026652099772490833
2021-11-30,0.00031159769272230963
2021-12-01,0.0012170331284771408
2021-12-02,-0.00019943663851130778
2021-12-03,-0.0017412203115322433
2021-12-06,0.002852211676040317
2021-12-07,-0.005177462172038893
2021-12-08,0.002401661563097124
2021-12-09,0.0020639904647713316
2021-12-10,-0.003584589583279507
2021-12-13,0.0009152667521052149
2021-12-14,0.000499112352050618
2021-12-15,0.00114467989903575
2021-12-16,0.0033401342746401663
2021-12-17,0.008930437842718608
2021-12-20,-0.0006120149000476138
2021-12-21,0.003108272302478876
2021-12-22,-0.0013791269018021747
2021-12-23,0.00029089217686948944
2021-12-27,0.0004302489210407545
2021-12-28,0.0024698509568642168
2021-12-29,-0.0017914622074329313
2021-12-30,-3.310903883779748e-05
2021-12-31,-0.00025853979782961
2022-01-03,0.0
2022-01-04,0.0010257225529248968
2022-01-05,0.00035571906616538307
2022-01-06,-0.00031425266789237617
2022-01-07,-0.0004214191260624284
2022-01-10,0.0006614542044053142
2022-01-11,-0.0002026084077014358
2022-01-12,8.886544360969513e-05
2022-01-13,-0.0016624853073055291
2022-01-14,-0.0014702710591260049
2022-01-18,-0.002076728923079208
2022-01-19,0.0014056076366265019
2022-01-20,0.0015710055721118955
2022-01-21,0.0023942874963910343
2022-01-24,0.0027951024240621476
2022-01-25,-0.002674576057340263
2022-01-26,-0.0027345573301602003
2022-01-27,-0.0020512673867404524
2022-01-28,0.0014647967146760837
2022-01-31,0.000709508456713143
2022-02-01,0.0023111090170778023
2022-02-02,-0.008723403596189453
2022-02-03,-0.003876269306388303
2022-02-04,-6.268812698489708e-05
2022-02-07,0.0012367523913904804
2022-02-08,-0.0008358460173966365
2022-02-09,9.150005288258594e-05
2022-02-10,0.0026806806815122936
2022-02-11,-0.003427231058970751
2022-02-14,0.0023827919959546443
2022-02-15,0.0011407532386937113
2022-02-16,-0.001474293339994241
2022-02-17,-0.0010833432957329905
2022-02-18,0.0023165848234453865
2022-02-22,0.0033657611042831924
2022-02-23,-0.003298597097517885
2022-02-24,0.0017748495670751522
2022-02-25,-0.003339418693967057
2022-02-28,-0.0016864712141560227
2022-03-01,0.0002640315503591684
2022-03-02,0.0011536259081709364
2022-03-03,0.001756848257467072
2022-03-04,0.0014884233441241873
2022-03-07,0.00451265438485694
2022-03-08,-0.0014530259220185927
2022-03-09,0.003121831640462308
2022-03-10,-0.004621970298649758
2022-03-11,2.7716887436068344e-07
2022-03-14,0.0017234240507017992
2022-03-15,0.0020780738466378464
2022-03-16,0.0032585503999409053
2022-03-17,-0.0014976934967717102
2022-03-18,0.0009964728022785825
2022-03-21,-7.901346599326065e-05
2022-03-22,-0.0005855798182288616
2022-03-23,-0.0002747895503714009
2022-03-24,0.0006950593141268335
2022-03-25,-0.0006899585124546803
2022-03-28,0.00033980396705699407
2022-03-29,0.000958538347730064
2022-03-30,-0.0023186351075099878
2022-03-31,0.0011898502319035208
2022-04-01,-0.0018586827915384756
2022-04-04,0.002239636865610105
2022-04-05,0.0004949562088130074
2022-04-06,0.0009725254320836982
2022-04-07,0.003955230718270104
2022-04-08,0.00011306070472691241
2022-04-11,0.0010771606824424807
2022-04-12,0.0011756877714089965
2022-04-13,0.0011924681401473316
2022-04-14,-0.001766210977944622
2022-04-18,0.00022717148846033327
2022-04-19,0.0017904381953575133
2022-04-20,0.0010352164902191223
2022-04-21,0.004124163771736885
2022-04-22,0.0006212755556227233
2022-04-25,0.0003822626224421667
2022-04-26,-0.0006657018043759967
2022-04-27,0.004921721499708861
2022-04-28,0.0028423072028674655
2022-04-29,-0.00049582059241212
2022-05-02,0.00286808728717007
2022-05-03,0.001452241481454327
2022-05-04,0.0008153995442073782
2022-05-05,0.0027038305305896286
2022-05-06,-0.0011638755888467155
2022-05-09,0.002052418836741238
2022-05-10,-0.0005417880999451771
2022-05-11,0.0003732471052069197
2022-05-12,0.0006490511752041844
2022-05-13,0.0011320961961762688
2022-05-16,-6.541936189345603e-05
2022-05-17,0.0003407569216297029
2022-05-18,0.0019462149058911853
2022-05-19,0.002357892283018625
2022-05-20,0.0003906447317190727
2022-05-23,-0.0021863227996314787
2022-05-24,-0.002078249272112952
2022-05-25,0.0006787813885639965
2022-05-26,0.001755070393697775
2022-05-27,0.0017246197715909144
2022-05-31,0.0011025531390266355
2022-06-01,-0.001705603263291412
2022-06-02,0.0010580332931272526
2022-06-03,0.0003699647760357916
2022-06-06,-0.001977223583969836
2022-06-07,0.0019943353367297863
2022-06-08,-0.00036948788244460734
2022-06-09,-0.0011381407714636453
2022-06-10,-0.002476633805344709
2022-06-13,7.363317189418002e-06
2022-06-14,0.0009437304395674081
2022-06-15,0.0004514164753955356
2022-06-16,0.00010779039930374154
2022-06-17,-0.0024158258597439283
2022-06-21,-0.0012125525735263768
2022-06-22,0.003664316569107689
2022-06-23,0.00148142294742866
2022-06-24,-0.0012533034287086865
2022-06-27,-0.0024075894663572886
2022-06-28,-5.201531917282442e-05
2022-06-29,-0.0009065660528821202
2022-06-30,0.0009784667938809166
2022-07-01,0.0
2022-07-05,0.001172441864955792
2022-07-06,-9.880038559930692e-05
2022-07-07,-0.0005024499777669056
2022-07-08,-0.00013896065176725593
2022-07-11,-0.00014528504664824138
2022-07-12,-0.000844879440727031
2022-07-13,-0.0005331954731989219
2022-07-14,-0.0013304466396423021
2022-07-15,-0.000344180322641674
2022-07-18,0.0006369619751154909
2022-07-19,0.0009675594344213279
2022-07-20,0.0006671852172458525
2022-07-21,-0.00044220277999455494
2022-07-22,-0.0011334625572782474
2022-07-25,-1.5139853186230123e-05
2022-07-26,0.00013294307325310563
2022-07-27,0.0009859443796239986
2022-07-28,0.004017984904532845
2022-07-29,-3.077562646878196e-05
2022-08-01,0.00017476319391100946
2022-08-02,-0.0010915926273703635
2022-08-03,0.0003993049220710365
2022-08-04,-0.0019238158058886234
2022-08-05,0.0011098394514523434
2022-08-08,0.0012390509388407022
2022-08-09,-0.0021056613295145745
2022-08-10,0.001387352213647286
2022-08-11,-0.0012254004794899132
2022-08-12,-0.001194406832445799
2022-08-15,9.034188685606015e-05
2022-08-16,0.0006277245171455003
2022-08-17,0.00010484498971225498
2022-08-18,0.0002683040087844868
2022-08-19,0.0011028640193111393
2022-08-22,-0.0007003524505621861
2022-08-23,-0.0007020069430192122
2022-08-24,-0.0013061059472448567
2022-08-25,-0.0001196373888864899
2022-08-26,-0.00018022475106813652
2022-08-29,-0.002174921319951417
2022-08-30,-8.344444686514408e-06
2022-08-31,-0.00017769485029265898
2022-09-01,-0.0020183637446796075
2022-09-02,-0.00035361886567403245
2022-09-06,-0.0010004402780009526
2022-09-07,0.0019648682977706057
2022-09-08,0.002339380832015003
2022-09-09,-0.00031167053965289735
2022-09-12,0.0002957446803781516
2022-09-13,-0.001314099381097078
2022-09-14,0.0015029212797351976
2022-09-15,0.003000811073787968
2022-09-16,1.50278120917835e-06
2022-09-19,-0.0021893229717274533
2022-09-20,0.0005727902994408507
2022-09-21,8.445188418172433e-05
2022-09-22,0.0001465570351411205
2022-09-23,0.001142881462791151
2022-09-26,-0.001363955217410584
2022-09-27,0.0008877590400137248
2022-09-28,0.00015083349248333765
2022-09-29,0.0013838170797358163
2022-09-30,0.0014853539010911243
2022-10-03,-0.0005621265797650765
2022-10-04,0.0011873882630446865
2022-10-05,-0.0007681155424638486
2022-10-06,0.0004946472352678588
2022-10-07,-0.0023153188142352567
2022-10-10,-0.0008925622777320674
2022-10-11,-0.001158812262942549
2022-10-12,-0.00030936892890455757
2022-10-13,-0.0026105865237114555
2022-10-14,-0.0008575541223251714
2022-10-17,0.003963500616944671
2022-10-18,0.00039517319659124195
2022-10-19,-0.002117760614403691
2022-10-20,-0.003571648419983442
2022-10-21,-0.0037654607755237103
2022-10-24,0.0017968365596378877
2022-10-25,0.0022618701652304006
2022-10-26,-0.00023030904282674846
2022-10-27,0.0019371612687912765
2022-10-28,0.0024824283250807545
2022-10-31,-0.0014043115684775342
2022-11-01,-0.0009423021809081555
2022-11-02,0.0012427988135776725
2022-11-03,-0.0008654251081721742
2022-11-04,-0.001784755276577632
2022-11-07,0.0019959665583710482
2022-11-08,-0.0024955926636572425
2022-11-09,-0.002883231267303582
2022-11-10,0.0034928711447309246
2022-11-11,0.0011466593593316642
2022-11-14,-0.006022091718172367
2022-11-15,0.0015644735853255708
2022-11-16,0.0028245170931859077
2022-11-17,-0.004182812492423244
2022-11-18,-0.0023771895771069252
2022-11-21,-0.004025596861000835
2022-11-22,2.6963128720780548e-05
2022-11-23,-0.00016954814679933093
2022-11-25,0.0008950892307173164
2022-11-28,0.0010308425198640003
2022-11-29,-0.0015923770664417081
2022-11-30,-0.0022331934037403524
2022-12-01,0.0016158216007047476
2022-12-02,-0.000579087315483906
2022-12-05,-0.0006670949039603747
2022-12-06,0.0019272793982509973
2022-12-07,0.002167916348431381
2022-12-08,0.0037980594434155633
2022-12-09,0.0010174150390690972
2022-12-12,0.0016058273703300264
2022-12-13,-0.00011777124708066689
2022-12-14,0.000900943391918696
2022-12-15,0.003948298923136334
2022-12-16,-0.0024859710914029443
2022-12-19,0.0017551630762660197
2022-12-20,0.0015846741305097945
2022-12-21,0.0001683805155567042
2022-12-22,0.0011848261636605074
2022-12-23,0.0012362237009673094
2022-12-27,0.0008324127395655856
2022-12-28,0.0009679032055669945
2022-12-29,0.0011130630469585623
2022-12-30,0.0007055677994847409
2023-01-03,0.0
2023-01-04,-2.3344978473127665e-05
2023-01-05,-0.0015320775270835862
2023-01-06,0.002880601121354881
2023-01-09,0.0011426129540451913
2023-01-10,0.0005105744094490938
2023-01-11,0.001253828016280767
2023-01-12,0.00034811726095468896
2023-01-13,0.0018118551420102547
2023-01-17,-0.0004128180250400293
2023-01-18,-0.0008352734174344511
2023-01-19,-0.00017565552336814004
2023-01-20,0.003257613498723444
2023-01-23,0.0016441926772830296
2023-01-24,0.0024270832303106117
2023-01-25,0.0011258726741901592
2023-01-26,0.000263006666959803
2023-01-27,0.0027149434432579443
2023-01-30,-0.0010225271103492194
2023-01-31,-0.0032288854251503406
2023-02-01,0.0007832931937001908
2023-02-02,0.0009613625863549357
2023-02-03,-0.00023839227812386677
2023-02-06,8.335353748404329e-05
2023-02-07,-0.0023940945069725996
2023-02-08,7.123585233194118e-05
2023-02-09,0.0005917065364087926
2023-02-10,0.0005942863638324913
2023-02-13,-0.0008804882782724843
2023-02-14,-0.0006289081051795542
2023-02-15,-0.0006139532205552967
2023-02-16,4.251652080533574e-06
2023-02-17,0.0026614717121416164
2023-02-21,0.001485190428547667
2023-02-22,-0.0014466233320505895
2023-02-23,0.0014911241399038044
2023-02-24,0.0001920252335337491
2023-02-27,0.00014007660597067372
2023-02-28,-0.0006332304238254538
2023-03-01,0.0010678779022632256
2023-03-02,0.0017183876680660626
2023-03-03,-0.0019478078373540374
2023-03-06,0.00035137015935362
2023-03-07,-0.0009178270736126426
2023-03-08,-0.00015770649621064115
2023-03-09,-0.0017537210543304815
2023-03-10,1.616889049584902e-05
2023-03-13,0.0010957791774701964
2023-03-14,0.002256652933497527
2023-03-15,0.001997183631451199
2023-03-16,-0.00010886108940409978
2023-03-17,0.0014658097958207994
2023-03-20,-0.0015081828564074528
2023-03-21,0.001121414749311067
2023-03-22,-7.210466873735499e-05
2023-03-23,-0.0026736729259802584
2023-03-24,0.002893570896203629
2023-03-27,0.0009414460738177921
2023-03-28,0.0010737399003424076
2023-03-29,0.0005993031757795641
2023-03-30,0.0010017750517883894
2023-03-31,-0.0011716153704351528
2023-04-03,-0.0016806897785259622
2023-04-04,-0.001838956722742291
2023-04-05,-0.0011145611142467982
2023-04-06,0.0006514558587402686
2023-04-10,-0.0007125638671279411
2023-04-11,-0.0008103052986938364
2023-04-12,7.305628711671286e-05
2023-04-13,0.001336178909393404
2023-04-14,-0.0012477693457765282
2023-04-17,0.0008375423452099462
2023-04-18,-0.0007715515182765475
2023-04-19,-0.00024806838428347857
2023-04-20,-0.002187656578780678
2023-04-21,-0.0025977259181232783
2023-04-24,-0.0004928780294650936
2023-04-25,-0.005936359232075111
2023-04-26,0.0017225328171415755
2023-04-27,0.0014561823748213242
2023-04-28,0.004730600168847748
2023-05-01,0.0008899125886085657
2023-05-02,-0.0016823928090584418
2023-05-03,-0.000707011539636404
2023-05-04,-0.0019435069298832431
2023-05-05,0.0008460860777217194
2023-05-08,0.0006408119429383519
2023-05-09,-0.0006705845229877494
2023-05-10,-0.001151049480376931
2023-05-11,-2.8544135464098065e-05
2023-05-12,0.002070867411702526
2023-05-15,0.0019932634453810605
2023-05-16,-0.0010347722230114598
2023-05-17,0.0005334499835092821
2023-05-18,-9.273843428532769e-05
2023-05-19,-0.0019477591540030315
2023-05-22,0.001358453639182755
2023-05-23,-9.986745983950885e-05
2023-05-24,0.0019652158648237883
2023-05-25,-0.002589124731177661
2023-05-26,-0.004902350238117808
2023-05-30,-0.001188643930430383
2023-05-31,0.001829996708690751
2023-06-01,-0.002711144314946601
2023-06-02,0.0019845386522583165
2023-06-05,-0.00206593511671625
2023-06-06,-0.0021219960800639647
2023-06-07,0.0024398105703058335
2023-06-08,-0.001843513796080848
2023-06-09,-0.00230926495831163
2023-06-12,-0.002353375366427024
2023-06-13,-0.0007431482151709467
2023-06-14,-0.0005851586778564954
2023-06-15,0.0011092009427348282
2023-06-16,0.0027250698186357556
2023-06-20,-0.003755922448301102
2023-06-21,-8.692519499369777e-05
2023-06-22,0.0022325075571318796
2023-06-23,0.0019715754647746274
2023-06-26,-0.0019018365187271958
2023-06-27,-0.0012521636202636743
2023-06-28,-0.0018671800523148152
2023-06-29,0.0015517093022742567
2023-06-30,0.00036402816371351455
2023-07-03,0.0
2023-07-05,0.0002452944009792346
2023-07-06,-0.00016418985811362808
2023-07-07,0.00013336069899452796
2023-07-10,-5.2124796600200304e-05
2023-07-11,-0.00022918327540694117
2023-07-12,-0.00027378010547657317
2023-07-13,0.000527297733195753
2023-07-14,-0.0004350442245195263
2023-07-17,0.0003840833718479486
2023-07-18,-0.0008749129729282434
2023-07-19,-0.0005600625850413655
2023-07-20,-0.0006194179708229553
2023-07-21,-0.0001845884889805971
2023-07-24,0.0019083543292005012
2023-07-25,-0.001004786383046735
2023-07-26,0.0010477403087789273
2023-07-27,0.00015638317332995478
2023-07-28,0.00044232259253795814
2023-07-31,-0.0006697793411050868
2023-08-01,0.0011848414643024607
2023-08-02,0.0001607629895690299
2023-08-03,-0.0008076897326251109
2023-08-04,0.0008572646614491309
2023-08-07,-0.0008197713993600586
2023-08-08,-0.0016337507976724897
2023-08-09,0.0013972329788281002
2023-08-10,-0.0003800672758382695
2023-08-11,-0.0008355892765198825
2023-08-14,0.0004295837800493585
2023-08-15,-0.0010860695776940654
2023-08-16,-0.0006639965581962115
2023-08-17,-7.382688387675973e-05
2023-08-18,-0.0012414550696392078
2023-08-21,0.00030399252936342825
2023-08-22,-0.0005266490077578956
2023-08-23,-0.0018238682162585395
2023-08-24,0.00015754592435254788
2023-08-25,0.00042972813329510416
2023-08-28,0.0008879853862837905
2023-08-29,-0.00056181622302518
2023-08-30,0.0005827283379146065
2023-08-31,0.00012141184541125116
2023-09-01,-0.0002818757166965169
2023-09-05,-0.0003247157444753013
2023-09-06,-0.0007546441750325538
2023-09-07,-0.0031286631961871814
2023-09-08,-0.0002397131537136443
2023-09-11,0.0009065099235061713
2023-09-12,0.0009636250922800515
2023-09-13,0.0009581516386237554
2023-09-14,-1.3178148093173636e-05
2023-09-15,-0.0009246659102360166
2023-09-18,0.0003838445884844055
2023-09-19,0.004266650806641953
2023-09-20,0.004155793448578177
2023-09-21,0.0013746928316123175
2023-09-22,3.5618315635199683e-06
2023-09-25,-0.0013383525961129517
2023-09-26,-0.0005741694429999388
2023-09-27,0.0010189225743139462
2023-09-28,0.0024669996961971252
2023-09-29,0.0015844191489630566
2023-10-02,-0.0009730687076105304
2023-10-03,0.0008062052864954927
2023-10-04,-0.0010921579608086317
2023-10-05,-0.009313970521925058
2023-10-06,-0.0010244807464890537
2023-10-09,-0.00023897700788840236
2023-10-10,-0.002460220408205316
2023-10-11,-0.0010266607645196158
2023-10-12,-0.005367720473541055
2023-10-13,0.0013780326728672465
2023-10-16,0.002457584219925135
2023-10-17,-0.001030673402550486
2023-10-18,-0.004045634338468313
2023-10-19,-0.0008371419119113099
2023-10-20,0.0030434555536397513
2023-10-23,0.006157652131602143
2023-10-24,3.3967013864810716e-05
2023-10-25,0.005258226018600437
2023-10-26,-3.433060256768927e-05
2023-10-27,0.004695606225367943
2023-10-30,-0.0010204552431279101
2023-10-31,-0.0009803056854897907
2023-11-01,-0.0035175079121280315
2023-11-02,0.006666718906939639
2023-11-03,0.0023020700281264463
2023-11-06,0.0010134407026612725
2023-11-07,0.001715876470510197
2023-11-08,-0.0005351723538655762
2023-11-09,0.0034982325852040475
2023-11-10,0.001310817873222353
2023-11-13,-0.0036827962561954363
2023-11-14,0.000967569200894669
2023-11-15,0.00040530065476559465
2023-11-16,0.0036065313891610606
2023-11-17,0.0016597794939754496
2023-11-20,0.0011704899008161795
2023-11-21,0.003328887614738396
2023-11-22,0.0017541609159626437
2023-11-24,-0.0016162572144878483
2023-11-27,-0.001112968129409947
2023-11-28,0.004323907075042382
2023-11-29,0.0012213361474168072
2023-11-30,-0.0023557432001371894
2023-12-01,0.0022816431338288255
2023-12-04,-0.004298603771598008
2023-12-05,0.0033873185463593747
2023-12-06,-0.0014948882664700459
2023-12-07,0.0007580985677695495
2023-12-08,0.000895253286445491
2023-12-11,0.0018010217110049687
2023-12-12,-0.003335377699564207
2023-12-13,0.002462136346596533
2023-12-14,0.01182974323282585
2023-12-15,-0.0032936047587871055
2023-12-18,-0.00684478862789818
2023-12-19,0.005339839164031102
2023-12-20,0.001587866486700945
2023-12-21,-0.0014217105956663423
2023-12-22,-0.002252323215258789
2023-12-26,-0.0002371721551857775
2023-12-27,0.0014747700383324958
2023-12-28,0.0004534412936814669
2023-12-29,-0.0003492284428153858
2024-01-02,0.0
2024-01-03,0.0014765425954373745
2024-01-04,0.0004915891091105795
2024-01-05,0.0010491823154239078
2024-01-08,0.0005069134801354847
2024-01-09,0.00024521900206923576
2024-01-10,0.0008334185222131141
2024-01-11,0.003149001254812439
2024-01-12,-0.0008534778933144028
2024-01-16,3.6900552139101925e-05
2024-01-17,-0.0010981566946252242
2024-01-18,-0.0007204048711064393
2024-01-19,0.00029528160908562915
2024-01-22,0.0003826786789498049
2024-01-23,-0.00023748280239435648
2024-01-24,0.0002682032497110853
2024-01-25,0.001890643269283765
2024-01-26,-0.00023455174963604163
2024-01-29,-0.00025840862276961806
2024-01-30,-0.00014030791867130076
2024-01-31,-0.0014563372247237915
2024-02-01,0.0003662061633133096
2024-02-02,-0.000945683103363909
2024-02-05,-0.0019981603726474673
2024-02-06,0.0008527726767567523
2024-02-07,0.0011894959056846011
2024-02-08,-0.0003449545457493708
2024-02-09,0.0025482377245571565
2024-02-12,-0.0018719610712668478
2024-02-13,0.0015642742241001872
2024-02-14,0.0011568188639322573
2024-02-15,0.0026504854941522714
2024-02-16,0.0016154269917195985
2024-02-20,-0.0005306088641454764
2024-02-21,0.00041491092354769556
2024-02-22,-0.0006367487083407175
2024-02-23,-0.001265066001901477
2024-02-26,-0.0009910913495776164
2024-02-27,-0.0010999228139717376
2024-02-28,0.0001090678246043253
2024-02-29,-0.005316548731434839
2024-03-01,-0.0004630442697014403
2024-03-04,0.003077414648281418
2024-03-05,-0.0009866785839440506
2024-03-06,5.209009143509746e-05
2024-03-07,0.0020399292110188814
2024-03-08,0.0011096414593020688
2024-03-11,0.0031215567590309524
2024-03-12,-0.0007716297419238793
2024-03-13,0.0007795611781696354
2024-03-14,-0.00018226290019138225
2024-03-15,-7.982041832100273e-05
2024-03-18,0.0003480213768279561
2024-03-19,0.0004495919969659812
2024-03-20,0.0006857117146735481
2024-03-21,-0.0006045942037292751
2024-03-22,-0.0023219781944094076
2024-03-25,-0.0008625625291582728
2024-03-26,-0.0007761494614489494
2024-03-27,-0.001440304705924611
2024-03-28,-0.0001885100985526633
2024-04-01,-0.0010015595149189926
2024-04-02,0.0016847897222787734
2024-04-03,-0.0002640223710063172
2024-04-04,-0.0001414064890933875
2024-04-05,-0.0012130530727896215
2024-04-08,0.0010601271767630704
2024-04-09,0.0018503197094148938
2024-04-10,-0.0021218406427414736
2024-04-11,0.0007731549236540625
2024-04-12,0.0011950987001430103
2024-04-15,0.0007015862493594205
2024-04-16,-0.0010677886270637205
2024-04-17,0.0010561580917421488
2024-04-18,0.001369057445143451
2024-04-19,0.0007775116313586905
2024-04-22,-0.0008749858088476725
2024-04-23,-0.0002612079014044866
2024-04-24,0.0002361781578192501
2024-04-25,0.0023671229446624365
2024-04-26,-0.0016652138127563499
2024-04-29,-0.00022099215089106395
2024-04-30,-0.0003745545316622967
2024-05-01,0.0057043700948728624
2024-05-02,-0.0006019365502384133
2024-05-03,-0.0027557590760524608
2024-05-06,4.4520953662252616e-05
2024-05-07,-0.00066729808501802
2024-05-08,-0.0007626820024355163
2024-05-09,-0.0005949406659486401
2024-05-10,-0.0001722517943213542
2024-05-13,3.7955954070700845e-05
2024-05-14,0.0014442347714893
2024-05-15,-3.6163299778191324e-05
2024-05-16,8.532592797309557e-05
2024-05-17,0.0006072621248101706
2024-05-20,0.0005806972554522505
2024-05-21,-3.3956514379540614e-06
2024-05-22,-2.715432763626402e-05
2024-05-23,0.00025714301081057324
2024-05-24,0.0012051436011203565
2024-05-28,-0.0007427819363556576
2024-05-29,8.239106087373215e-05
2024-05-30,-0.00011644263570186885
2024-05-31,-0.0005704835806386033
2024-06-03,0.0009957645884389299
2024-06-04,0.0011570321108152481
2024-06-05,-0.0014692897880304646
2024-06-06,-5.520019529067777e-05
2024-06-07,-0.00042490271870967435
2024-06-10,0.0003768763354274951
2024-06-11,-0.0009483624296646453
2024-06-12,-0.0022936786757786153
2024-06-13,-0.0014448080286951826
2024-06-14,0.001034810537280273
2024-06-17,0.0009213990275912353
2024-06-18,0.00030181887007186826
2024-06-20,0.0017648976099785996
2024-06-21,0.0007220019221739982
2024-06-24,-4.393487313700817e-05
2024-06-25,5.922158512674525e-05
2024-06-26,-0.0012648013743255192
2024-06-27,-0.0011818904196147562
2024-06-28,0.0007401494940321551
2024-07-01,0.0
2024-07-02,0.0006721538661579429
2024-07-03,-0.0001227260585271339
2024-07-05,-0.0014505886977222437
2024-07-08,0.000264955392883337
2024-07-09,-0.0005150764102744843
2024-07-10,0.0014692421379287391
2024-07-11,0.005776397584389459
2024-07-12,0.0015616381011859027
2024-07-15,-0.005563981567342497
2024-07-16,0.0005113435145467027
2024-07-17,-0.0013989573023916236
2024-07-18,-7.682669419584176e-07
2024-07-19,0.0009423449918392945
2024-07-22,-0.0025491741403177335
2024-07-23,-0.0010866968861265203
2024-07-24,0.0008883894419048743
2024-07-25,-0.001252724785822812
2024-07-26,0.0013120140087308553
2024-07-29,0.0006948079683271435
2024-07-30,0.0006974697889478354
2024-07-31,-0.003815340220656949
2024-08-01,0.0023377260602149286
2024-08-02,-0.0011045017732456085
2024-08-05,0.00446857651809116
2024-08-06,-0.00029802773401903514
2024-08-07,-0.002232932965722051
2024-08-08,0.004796746163663679
2024-08-09,-0.00022512881498403247
2024-08-12,-0.0016709365435405078
2024-08-13,-0.002382121507102164
2024-08-14,0.003043443486248437
2024-08-15,0.0030277884356236682
2024-08-16,0.0004226652251294261
2024-08-19,-0.00012963035168440663
2024-08-20,0.00038472513494839375
2024-08-21,0.0002976331514590702
2024-08-22,0.0007259479476905195
2024-08-23,0.0016304616813443528
2024-08-26,-0.0012333416461514702
2024-08-27,0.001822745412132404
2024-08-28,0.0007400529791839972
2024-08-29,-0.0016046649380579924
2024-08-30,0.00035157835604395784
2024-09-03,-0.0011714097110467393
2024-09-04,-0.0007515387741590607
2024-09-05,-0.00335759470737102
2024-09-06,-0.0027963487353570514
2024-09-09,-0.002715587738727343
2024-09-10,0.003148692454338542
2024-09-11,0.00088891456493565
2024-09-12,0.0018763074246157141
2024-09-13,0.0014812422183269503
2024-09-16,-0.001475583063127639
2024-09-17,0.00037032956932250285
2024-09-18,0.0020527790926701205
2024-09-19,0.002314537700566216
2024-09-20,0.0005437809291323536
2024-09-23,0.0034757709189500163
2024-09-24,-0.0050960138968494054
2024-09-25,-0.0005650264752573686
2024-09-26,-0.0006990532788148151
2024-09-27,0.000575173005775309
2024-09-30,-0.0012559351798475116
2024-10-01,0.0012589428407125624
2024-10-02,0.0009156511486089036
2024-10-03,-0.003735871800084112
2024-10-04,-0.00014489966081073223
2024-10-07,-0.0011077940197417812
2024-10-08,-0.0018297240736486696
2024-10-09,0.0017060171946586434
2024-10-10,0.0024456987356722805
2024-10-11,0.0005376895518763636
2024-10-14,0.0010183607365579772
2024-10-15,0.00048771935820636215
2024-10-16,0.00031211666427722885
2024-10-17,0.0014616051746295545
2024-10-18,0.0010715173588897453
2024-10-21,-0.0023763013072699846
2024-10-22,-0.01315395624665187
2024-10-23,-0.005483254643862618
2024-10-24,-0.0021460303197293083
2024-10-25,1.677474333390272e-05
2024-10-28,-0.00017489824717020208
2024-10-29,-0.00022049374596859738
2024-10-30,-0.0027111126887830518
2024-10-31,-0.010534056024049481
2024-11-01,0.00022391312586381162
2024-11-04,6.320084062488851e-05
2024-11-05,-6.356950414495576e-05
2024-11-06,0.008061415159930769
2024-11-07,0.001293394571364259
2024-11-08,-0.00450941146253282
2024-11-11,-0.0012007852316132217
2024-11-12,0.004202045140183902
2024-11-13,-0.0016634962879450322
2024-11-14,-0.003514441761468312
2024-11-15,-0.0003471338202198027
2024-11-18,-0.0014794995735847361
2024-11-19,0.0029843747917084164
2024-11-20,-0.0007900232094053217
2024-11-21,-0.0006499839737356794
2024-11-22,0.0009888456207274576
2024-11-25,0.0014909642201160922
2024-11-26,-0.003116869499001318
2024-11-27,0.0019408218842635438
2024-11-29,0.0007736363754480225
2024-12-02,0.0005902284438823568
2024-12-03,0.0017902087865750594
2024-12-04,0.001202391142989434
2024-12-05,-0.0011015964896493257
2024-12-06,0.001972717377369254
2024-12-09,-0.00024713169749218666
2024-12-10,-0.0013525117384363904
2024-12-11,-0.00014928105692300632
2024-12-12,0.0031785579901177975
2024-12-13,-0.0012381881877432054
2024-12-16,0.0034231304003078055
2024-12-17,0.00027361421827342135
2024-12-18,-0.00020481765742780823
2024-12-19,-5.16290471424985e-05
2024-12-20,0.0010185409320450534
2024-12-23,-0.0021555163309517067
2024-12-24,0.0026248677751352866
2024-12-26,-0.0009659325250650274
2024-12-27,-0.001929165716617831
2024-12-30,0.0009370289532030729
2024-12-31,0.0002384537443775203
2025-01-02,0.0
2025-01-03,0.00025943817328503147
2025-01-06,0.0002928460110116271
2025-01-07,-0.000583412315134857
2025-01-08,0.00011202446039051405
2025-01-10,-0.00023958172625275774
2025-01-13,0.0014852386740774048
2025-01-14,9.083563752146918e-05
2025-01-15,-0.0013374169696721838
2025-01-16,0.0011957636913701552
2025-01-17,-0.0022639967637112955
2025-01-21,-0.0014019951044994595
2025-01-22,0.0013905213402776561
2025-01-23,-0.002000562348838375
2025-01-24,-0.0011328407777703108
2025-01-27,0.0020515336415954377
2025-01-28,-0.001181765303399046
2025-01-29,0.002003827028391636
2025-01-30,-0.0014280190185553543
2025-01-31,0.0028273087728836075
2025-02-03,0.000269356524807951
2025-02-04,0.0007402728703360395
2025-02-05,-0.0007083444179536546
2025-02-06,0.0011663584688214712
2025-02-07,0.0013163019717295943
2025-02-10,6.193283746736e-05
2025-02-11,0.0006460470090036308
2025-02-12,0.0002208548796659604
2025-02-13,0.0001417674589508422
2025-02-14,-0.0015858854897629782
2025-02-18,0.0022512538662396832
2025-02-19,0.00019734515423972532
2025-02-20,-0.0002462662332316512
2025-02-21,0.0024340759114769572
2025-02-24,0.0008440142071647561
2025-02-25,0.0011820062390738074
2025-02-26,-0.00031649443106634425
2025-02-27,0.0018142196638809617
2025-02-28,0.0015030785100725974
2025-03-03,0.0012534136579039012
2025-03-04,-1.0851304436254594e-05
2025-03-05,0.00030957540763492666
2025-03-06,0.0005653811331414405
2025-03-07,0.0017493898059031288
2025-03-10,0.0003777065744547281
2025-03-11,-0.003094221440370126
2025-03-12,-0.004097832759353948
2025-03-13,0.0006562679175937059
2025-03-14,-0.001053152609519481
2025-03-17,-0.00040847320089765216
2025-03-18,-0.0002885191715384816
2025-03-19,0.0008159674085931268
2025-03-20,-0.001869363696396692
2025-03-21,0.0001508629309208809
2025-03-24,0.0004368103233855003
2025-03-25,-0.0017754836829851073
2025-03-26,0.0002693449256654823
2025-03-27,0.0009198351863865583
2025-03-28,0.0003279149819990057
2025-03-31,0.0013737440875554064
2025-04-01,0.0005198557523446501
2025-04-02,-0.0010278027242420107
2025-04-03,-0.001998230803245504
2025-04-04,-0.000935465716116135
2025-04-07,0.001032216357043475
2025-04-08,0.0021311219406252246
2025-04-09,0.0035882239777405567
2025-04-10,-0.0026382190349647783
2025-04-11,-0.0006643854130721882
2025-04-14,0.0032492890215944812
2025-04-15,-0.00022316196831257407
2025-04-16,-3.5391848152543924e-06
2025-04-17,0.0030419230209218053
2025-04-21,0.0020308250640160065
2025-04-22,0.002262306371596767
2025-04-23,-0.0006430444557949389
2025-04-24,0.0009358874963981467
2025-04-25,-0.0020912251062156217
2025-04-28,-0.00028328999498290487
2025-04-29,0.0018058871876482085
2025-04-30,-0.0037336080239164793
2025-05-01,-0.00329680925562027
2025-05-02,-0.005170765520825437
2025-05-05,-0.00022840221284033956
2025-05-06,-0.001928086682516933
2025-05-07,0.0018386948056807295
2025-05-08,0.0023753794791803785
2025-05-09,0.00038746734853765675
2025-05-12,0.005238194100738841
2025-05-13,1.5804681927228393e-05
2025-05-14,0.0016922175884718227
2025-05-15,7.951290234106123e-05
2025-05-16,-0.001180058316349819
2025-05-19,0.001364569876819055
2025-05-20,0.0007329489577579063
2025-05-21,-0.0007462255970918541
2025-05-22,0.0001320337516086567
2025-05-23,-0.00016510958920091246
2025-05-27,0.0013998130891951844
2025-05-28,-0.0011384573783717877
2025-05-29,0.0033166810437875727
2025-05-30,-7.060935257031664e-05
2025-06-02,4.379706784658488e-05
2025-06-03,-0.0017676786166689717
2025-06-04,0.0008030472037923008
2025-06-05,0.000271514040976123
2025-06-06,-0.0001903453844083136
2025-06-09,-0.0012678655249339144
2025-06-10,-8.938977429391315e-05
2025-06-11,0.0012305030257373784
2025-06-12,0.0016252784846128188
2025-06-13,0.0008559513291913845
2025-06-16,0.00043071509146955234
2025-06-17,-0.002297218353960262
2025-06-18,0.0003351477461067065
2025-06-20,0.00027716922148887104
2025-06-23,-0.001180358812023763
2025-06-24,-0.0025267974568838115
2025-06-25,-0.002858671007173247
2025-06-26,0.001502206937492201
2025-06-27,0.002371305372295562
2025-06-30,0.0005490617399390885
2025-07-01,0.0
2025-07-02,0.0006019213330099915
2025-07-03,0.00012476246280067603
2025-07-07,0.0002173374185609256
2025-07-08,0.0006246810756130261
2025-07-09,-0.00051309511680247
2025-07-10,0.0011022293732456223
2025-07-11,0.00047515030756973273
2025-07-14,0.0013657992810316045
2025-07-15,0.001842463795857574
2025-07-16,-0.0009073398525529464
2025-07-17,-0.0015542629260708706
2025-07-18,-0.0053143635900353035
2025-07-21,0.0005035108851853875
2025-07-22,-0.0009042821547676771
2025-07-23,-0.0005099731286420883
2025-07-24,0.0010425364573557806
2025-07-25,-0.0015000582032322352
2025-07-28,-0.001200679720966874
2025-07-29,7.240700062732252e-05
2025-07-30,0.0020799683891449482
2025-07-31,0.003056914796724053
2025-08-01,-0.0005662262283160857
2025-08-04,-0.00029734749835759743
2025-08-05,0.0017453548552024245
2025-08-06,0.003052390699501667
2025-08-07,0.0013854246032764417
2025-08-08,-0.0002061084889675824
2025-08-11,0.0013258455781865685
2025-08-12,-0.0018423453601301098
2025-08-13,7.238237891195043e-05
2025-08-14,0.0007063673922342917
2025-08-15,-0.00039273136094938323
2025-08-18,-0.0009991820095945569
2025-08-19,0.0005451240294509663
2025-08-20,-0.0009003139635174074
2025-08-21,-0.0002969452938313577
2025-08-22,-0.0009664905709943939
2025-08-25,-0.0015410410927156725
2025-08-26,0.0007908840079446256
2025-08-27,0.0009728343350238478
2025-08-28,0.0004551597481321168
2025-08-29,0.00038015679469340926
2025-09-02,-0.0006641118453155181
2025-09-03,0.0015098920598283605
2025-09-04,0.0038616727738624455
2025-09-05,0.0007140100865843324
2025-09-08,-0.0007300707265765705
2025-09-09,-0.002336802466576693
2025-09-10,-0.00013143148067488176
2025-09-11,-6.735624503951266e-05
2025-09-12,-0.0008156267830236041
2025-09-15,-0.0009527899104429638
2025-09-16,0.0003355732153355495
2025-09-17,0.0005846045046646708
2025-09-18,-0.003412491016327629
2025-09-19,8.716735692661515e-05
2025-09-22,-0.00023011538585145374
2025-09-23,-0.00017925471223224633
2025-09-24,-0.0029485211392815793
2025-09-25,0.00014612999297510809
2025-09-26,-0.0002565896742800611
2025-09-29,-0.00044377669154262444
2025-09-30,-0.0009890326195207799
2025-10-01,-0.004004486665401913
2025-10-02,-0.0008603189799962441
2025-10-03,0.0004222690134463525
2025-10-06,-0.0018394824208097572
2025-10-07,0.0007120115198264443
2025-10-08,-0.0013198281577826321
2025-10-09,0.0027761592487155484
2025-10-10,0.0026116368269086974
2025-10-13,0.0018062484630172126
2025-10-14,0.00035759245729685143
2025-10-15,-0.001027684591831135
2025-10-16,0.0007389565704727264
2025-10-17,-0.0014279316820195343
2025-10-20,-0.0005514166140524413
2025-10-21,-0.0005498950044191875
2025-10-22,-0.000963583112772054
2025-10-23,0.0003942093160993421
2025-10-24,-0.001373051504990641
2025-10-27,0.0007005472656080147
2025-10-28,3.449663878946074e-05
2025-10-29,-0.009074644124028124
2025-10-30,-0.0007831022012047383
2025-10-31,-0.00012741765056136777
2025-11-03,0.002924357495571889
2025-11-04,0.0018395244675925904
2025-11-05,-0.0017405458848707921
2025-11-06,-0.0007287216688893206
2025-11-07,-0.001218368608157383
2025-11-10,0.0005769103195382818
2025-11-11,-4.9367229175861783e-05
2025-11-12,0.0033530852434166757
2025-11-13,0.0020261817073530253
2025-11-14,-0.0006964570147739602
2025-11-17,-0.0021537108225272218
2025-11-18,0.00040974008064468826
2025-11-19,-1.1396631099047649e-05
2025-11-20,-0.0005169923948819044
2025-11-21,-0.0020409625820753063
2025-11-24,0.000155743342998077
2025-11-25,0.0015584735462529143
2025-11-26,-0.0016803419696471422
2025-11-28,-0.0009520060307736666
2025-12-01,0.0016256953208594383
2025-12-02,0.0008764706016204715
2025-12-03,0.00024472632799151797
2025-12-04,-0.0031816465052363742
2025-12-05,-0.0004740585328901703
2025-12-08,0.002806491360041802
2025-12-09,-0.002195863360309569
2025-12-10,0.000748631003046013
2025-12-11,-0.0007981995482946591
2025-12-12,0.00271199518284449
2025-12-15,0.0009285013539355403
2025-12-16,-0.0007483695134130719
2025-12-17,0.0020511122637944246
2025-12-18,-0.0018206098200602538
2025-12-19,0.0005520581074237307
2025-12-22,0.0023563935756808485
2025-12-23,-0.0006707577130878273
2025-12-24,0.000690921483785012
2025-12-26,0.0010436520010550787
2025-12-29,0.00043027621813767627
2025-12-30,0.0017709634391363971
2025-12-31,-0.0006652622720940582
