janela,formacao_inicio,formacao_fim,negociacao,rank,ativo1,ativo2,ssd,spread_media,spread_desvio
1990/S2_a_1991/S1,1990/S2,1991/S1,1991/S2,1,TKR,1288453D,0.0,0.0,0.0
1990/S2_a_1991/S1,1990/S2,1991/S1,1991/S2,2,LSI,1431816D,0.0,0.0,0.0
1990/S2_a_1991/S1,1990/S2,1991/S1,1991/S2,3,RTN,RTN_B,6.321442924672738e-09,2.721927025209744e-06,4.212819129863618e-06
1990/S2_a_1991/S1,1990/S2,1991/S1,1991/S2,4,JCI,1436513D,2.1846602749064914e-07,-1.2498969407988743e-06,2.9475651751224396e-05
1990/S2_a_1991/S1,1990/S2,1991/S1,1991/S2,5,MHFI,SPGI,0.00012465016044416188,7.742842886951197e-05,0.0007004249701608052
1990/S2_a_1991/S1,1990/S2,1991/S1,1991/S2,6,GPUI,FPC,0.081122894780151,0.0029943560240820078,0.01772559996732685
1990/S2_a_1991/S1,1990/S2,1991/S1,1991/S2,7,FPC,ES,0.09804698678613022,0.006864402670529417,0.01852883407450608
1990/S2_a_1991/S1,1990/S2,1991/S1,1991/S2,8,45200Q,CNP,0.10264142869277748,-0.0005137664099991217,0.02021546406219403
1990/S2_a_1991/S1,1990/S2,1991/S1,1991/S2,9,PEG,0961514D,0.10430933190741598,-0.011163786441570497,0.0170425457438838
1990/S2_a_1991/S1,1990/S2,1991/S1,1991/S2,10,SCG,WEC,0.10697831722063711,-0.0036362033199280755,0.020320772213879575
1990/S2_a_1991/S1,1990/S2,1991/S1,1991/S2,11,PEG,PPL,0.11194621003869543,-0.0028240082146338092,0.020928307179829773
1990/S2_a_1991/S1,1990/S2,1991/S1,1991/S2,12,D,ES,0.11678150946238475,0.008970344984678951,0.019608092787961835
1990/S2_a_1991/S1,1990/S2,1991/S1,1991/S2,13,EIX,PPL,0.1336006156655003,0.004852041441828258,0.022552988027843435
1990/S2_a_1991/S1,1990/S2,1991/S1,1991/S2,14,CNP,SO,0.1389026701772309,0.009486514049485709,0.021518471179386982
1990/S2_a_1991/S1,1990/S2,1991/S1,1991/S2,15,GPUI,ES,0.14096639984393278,0.009858758694611424,0.021541512674831818
1990/S2_a_1991/S1,1990/S2,1991/S1,1991/S2,16,AEP,CEG,0.1469367050914343,-0.0048543732394631415,0.023701189332980988
1990/S2_a_1991/S1,1990/S2,1991/S1,1991/S2,17,CMCSA,CMCSK,0.15140973906369481,0.0047932138810042515,0.024086502844447237
1990/S2_a_1991/S1,1990/S2,1991/S1,1991/S2,18,45200Q,SO,0.1525805878650317,0.008972747639486587,0.022957783654654437
1990/S2_a_1991/S1,1990/S2,1991/S1,1991/S2,19,D,GPUI,0.15886782656343712,-0.000888413709932474,0.025142536160937562
1990/S2_a_1991/S1,1990/S2,1991/S1,1991/S2,20,0961514D,PPL,0.16181389657810996,0.008339778226936687,0.023975985458683083
1991/S1_a_1991/S2,1991/S1,1991/S2,1992/S1,1,291784Q,1288453D,0.0,0.0,0.0
1991/S1_a_1991/S2,1991/S1,1991/S2,1992/S1,2,TKR,1288453D,0.0,0.0,0.0
1991/S1_a_1991/S2,1991/S1,1991/S2,1992/S1,3,TKR,291784Q,0.0,0.0,0.0
1991/S1_a_1991/S2,1991/S1,1991/S2,1992/S1,4,LSI,1431816D,0.0,0.0,0.0
1991/S1_a_1991/S2,1991/S1,1991/S2,1992/S1,5,RTN,RTN_B,6.340201252896804e-09,-3.7035337521744784e-06,3.37490573036174e-06
1991/S1_a_1991/S2,1991/S1,1991/S2,1992/S1,6,JCI,1436513D,1.0208626690655365e-06,-5.4233311212036306e-05,3.3137873106241316e-05
1991/S1_a_1991/S2,1991/S1,1991/S2,1992/S1,7,MHFI,SPGI,0.00010582113043255958,0.0001112201770102812,0.0006383620492185567
1991/S1_a_1991/S2,1991/S1,1991/S2,1992/S1,8,FPC,ES,0.08412071894599649,-0.002286749668833596,0.018126290349489232
1991/S1_a_1991/S2,1991/S1,1991/S2,1992/S1,9,FPC,WEC,0.08478959409831077,-0.0028261785102201165,0.01812312508099902
1991/S1_a_1991/S2,1991/S1,1991/S2,1992/S1,10,AEP,WEC,0.0852966827317232,0.005747069000101456,0.01747338063920362
1991/S1_a_1991/S2,1991/S1,1991/S2,1992/S1,11,45200Q,FPC,0.09128508881462949,0.0006134099881007192,0.019022740364527904
1991/S1_a_1991/S2,1991/S1,1991/S2,1992/S1,12,AEP,ES,0.09291312848176858,0.006286497841487976,0.018139074123974763
1991/S1_a_1991/S2,1991/S1,1991/S2,1992/S1,13,CEG,SCG,0.09487407565154626,-0.00045085380488732484,0.019397947092719012
1991/S1_a_1991/S2,1991/S1,1991/S2,1992/S1,14,CEG,AYE,0.09520088782255698,-0.0011774390214374637,0.01940075866543985
1991/S1_a_1991/S2,1991/S1,1991/S2,1992/S1,15,AEP,FPC,0.09966641671417165,0.008573247510321572,0.01793625969411805
1991/S1_a_1991/S2,1991/S1,1991/S2,1992/S1,16,D,UEP,0.10007595632623634,-0.0028124854768953444,0.019727781098603476
1991/S1_a_1991/S2,1991/S1,1991/S2,1992/S1,17,NEE,AYE,0.1021922545128291,0.0004044028070979559,0.020133569700634946
1991/S1_a_1991/S2,1991/S1,1991/S2,1992/S1,18,EIX,NEE,0.10285198280439545,0.0008534263278452107,0.020184438614559166
1991/S1_a_1991/S2,1991/S1,1991/S2,1992/S1,19,CEG,NEE,0.10467371681272652,-0.0015818418285354196,0.020318950245671166
1991/S1_a_1991/S2,1991/S1,1991/S2,1992/S1,20,45200Q,ES,0.10856177001596734,-0.0016733396807328766,0.02068790703789293
1991/S2_a_1992/S1,1991/S2,1992/S1,1992/S2,1,LSI,1431816D,0.0,0.0,0.0
1991/S2_a_1992/S1,1991/S2,1992/S1,1992/S2,2,TKR,1288453D,0.0,0.0,0.0
1991/S2_a_1992/S1,1991/S2,1992/S1,1992/S2,3,TKR,291784Q,0.0,0.0,0.0
1991/S2_a_1992/S1,1991/S2,1992/S1,1992/S2,4,291784Q,1288453D,0.0,0.0,0.0
1991/S2_a_1992/S1,1991/S2,1992/S1,1992/S2,5,RTN,RTN_B,2.8866224965895526e-09,-8.555487569790082e-07,3.2671775160909578e-06
1991/S2_a_1992/S1,1991/S2,1992/S1,1992/S2,6,JCI,1436513D,5.372605755837867e-07,-3.8398846175950686e-05,2.5362563307253127e-05
1991/S2_a_1992/S1,1991/S2,1992/S1,1992/S2,7,MHFI,SPGI,3.2340746543013665e-05,3.5920050367143834e-05,0.00035571573972482305
1991/S2_a_1992/S1,1991/S2,1992/S1,1992/S2,8,NEE,FPC,0.06821419622997382,-0.00807924296241989,0.014285977791704652
1991/S2_a_1992/S1,1991/S2,1992/S1,1992/S2,9,AEP,NEE,0.06891261203986687,-0.006619155087074941,0.015112758746922651
1991/S2_a_1992/S1,1991/S2,1992/S1,1992/S2,10,NEE,PPL,0.07957252997607611,-0.0008104048948941692,0.017715997764469908
1991/S2_a_1992/S1,1991/S2,1992/S1,1992/S2,11,DUK,WEC,0.08028850440064161,0.008316089728051106,0.015745322150626406
1991/S2_a_1992/S1,1991/S2,1992/S1,1992/S2,12,FPC,AYE,0.09057016169845156,0.0039667589251583405,0.018498309601180582
1991/S2_a_1992/S1,1991/S2,1992/S1,1992/S2,13,USW,BLS,0.10119028917313244,-0.004528580194305768,0.019477487498832328
1991/S2_a_1992/S1,1991/S2,1992/S1,1992/S2,14,PPL,FPC,0.1085805330533276,-0.0072688380675257225,0.019393999654032504
1991/S2_a_1992/S1,1991/S2,1992/S1,1992/S2,15,BLS,3054Q,0.11051780359866825,-0.008995915843194431,0.018856905731902886
1991/S2_a_1992/S1,1991/S2,1992/S1,1992/S2,16,AEP,PPL,0.11217926190988692,-0.007429559981969111,0.019697201711548453
1991/S2_a_1992/S1,1991/S2,1992/S1,1992/S2,17,NEE,AYE,0.11224247770587681,-0.00411248403726155,0.020655914021349746
1991/S2_a_1992/S1,1991/S2,1992/S1,1992/S2,18,TXU,FPC,0.11990800117837352,0.005714517115029475,0.02100380653347608
1991/S2_a_1992/S1,1991/S2,1992/S1,1992/S2,19,PPL,AYE,0.12012892429595468,-0.0033020791423673816,0.021537666034074063
1991/S2_a_1992/S1,1991/S2,1992/S1,1992/S2,20,AYE,TE,0.12637408198077082,0.0025020089800816075,0.022208500807237932
1992/S1_a_1992/S2,1992/S1,1992/S2,1993/S1,1,TKR,291784Q,0.0,0.0,0.0
1992/S1_a_1992/S2,1992/S1,1992/S2,1993/S1,2,TKR,1288453D,0.0,0.0,0.0
1992/S1_a_1992/S2,1992/S1,1992/S2,1993/S1,3,LSI,1431816D,0.0,0.0,0.0
1992/S1_a_1992/S2,1992/S1,1992/S2,1993/S1,4,291784Q,1288453D,0.0,0.0,0.0
1992/S1_a_1992/S2,1992/S1,1992/S2,1993/S1,5,RTN,RTN_B,2.217120709246956e-09,-4.5352604661440156e-07,2.9250636854909365e-06
1992/S1_a_1992/S2,1992/S1,1992/S2,1993/S1,6,JCI,1436513D,7.445971732522594e-07,-4.8650796554806846e-05,2.3807913502967898e-05
1992/S1_a_1992/S2,1992/S1,1992/S2,1993/S1,7,MHFI,SPGI,5.5281064078371855e-05,3.268246793664217e-05,0.00046629375251916753
1992/S1_a_1992/S2,1992/S1,1992/S2,1993/S1,8,XEL,TXU,0.061099895348775135,0.00016965862925884048,0.015539390748112607
1992/S1_a_1992/S2,1992/S1,1992/S2,1993/S1,9,DUK,PPL,0.06575231212855215,-0.0017316853196617885,0.01602747562849358
1992/S1_a_1992/S2,1992/S1,1992/S2,1993/S1,10,XEL,NEE,0.07168778656199493,-4.789564213719021e-05,0.016832962661667204
1992/S1_a_1992/S2,1992/S1,1992/S2,1993/S1,11,PPL,FPC,0.07403529377961604,-0.0018049056363193237,0.017010557283729945
1992/S1_a_1992/S2,1992/S1,1992/S2,1993/S1,12,DUK,FPC,0.076337872458339,-0.0035365909559811125,0.0170051112588369
1992/S1_a_1992/S2,1992/S1,1992/S2,1993/S1,13,D,DUK,0.07671117723089083,0.00914844347326842,0.014804776585145368
1992/S1_a_1992/S2,1992/S1,1992/S2,1993/S1,14,CEG,NEE,0.08850274135022573,0.00023348853289127658,0.018701830780441717
1992/S1_a_1992/S2,1992/S1,1992/S2,1993/S1,15,D,FPC,0.09925517129067885,0.005611852517287306,0.018991986823550314
1992/S1_a_1992/S2,1992/S1,1992/S2,1993/S1,16,D,PPL,0.09966835559225729,0.00741675815360663,0.018404356655673252
1992/S1_a_1992/S2,1992/S1,1992/S2,1993/S1,17,DUK,CNP,0.10453549470310008,-0.006021408740858319,0.019410901590846956
1992/S1_a_1992/S2,1992/S1,1992/S2,1993/S1,18,45200Q,AYE,0.11338867870290414,0.000135103425139789,0.021169748949409033
1992/S1_a_1992/S2,1992/S1,1992/S2,1993/S1,19,USW,BLS,0.11621916726920745,0.004169310651256546,0.02102171349085004
1992/S1_a_1992/S2,1992/S1,1992/S2,1993/S1,20,XEL,GPUI,0.11627235262653812,-0.013756348842223917,0.016419178115337288
1992/S2_a_1993/S1,1992/S2,1993/S1,1993/S2,1,TKR,291784Q,0.0,0.0,0.0
1992/S2_a_1993/S1,1992/S2,1993/S1,1993/S2,2,TKR,1288453D,0.0,0.0,0.0
1992/S2_a_1993/S1,1992/S2,1993/S1,1993/S2,3,291784Q,1288453D,0.0,0.0,0.0
1992/S2_a_1993/S1,1992/S2,1993/S1,1993/S2,4,LSI,1431816D,0.0,0.0,0.0
1992/S2_a_1993/S1,1992/S2,1993/S1,1993/S2,5,RTN,RTN_B,1.3837961887475103e-08,-6.932244631582686e-06,2.6237482217398467e-06
1992/S2_a_1993/S1,1992/S2,1993/S1,1993/S2,6,JCI,1436513D,2.656017841218272e-07,-2.4273065149250774e-05,2.1601956005988188e-05
1992/S2_a_1993/S1,1992/S2,1993/S1,1993/S2,7,MHFI,SPGI,0.0076186485819107475,0.00014499587996680716,0.005507456221906174
1992/S2_a_1993/S1,1992/S2,1993/S1,1993/S2,8,D,DUK,0.07025163909406729,-0.010005760203097222,0.013393017046711775
1992/S2_a_1993/S1,1992/S2,1993/S1,1993/S2,9,45200Q,AEP,0.07672050674364073,-0.001998983907933953,0.017368003128924604
1992/S2_a_1993/S1,1992/S2,1993/S1,1993/S2,10,DUK,PPL,0.07816713947056542,0.007692035585355986,0.01587512923506275
1992/S2_a_1993/S1,1992/S2,1993/S1,1993/S2,11,D,PPL,0.07887250686860625,-0.0023137246177412367,0.017574368993299772
1992/S2_a_1993/S1,1992/S2,1993/S1,1993/S2,12,45200Q,CEG,0.0826425604434462,-0.0018957328177941414,0.0180456395841787
1992/S2_a_1993/S1,1992/S2,1993/S1,1993/S2,13,DTE,PPL,0.08773379881290566,-0.0028081721528746125,0.018482959681038257
1992/S2_a_1993/S1,1992/S2,1993/S1,1993/S2,14,45200Q,PPL,0.08825255934425513,0.0023054192244064335,0.01860826937565036
1992/S2_a_1993/S1,1992/S2,1993/S1,1993/S2,15,FPC,TEG,0.08939332308125358,-0.011288413136008688,0.01510671188740917
1992/S2_a_1993/S1,1992/S2,1993/S1,1993/S2,16,CEG,PPL,0.09375450351387826,0.004201152042200575,0.018862765503919056
1992/S2_a_1993/S1,1992/S2,1993/S1,1993/S2,17,45200Q,D,0.09389298822759429,0.00461914384214767,0.018779088224381728
1992/S2_a_1993/S1,1992/S2,1993/S1,1993/S2,18,XEL,FPC,0.09825357204510965,-0.010432193195147703,0.016798340723925324
1992/S2_a_1993/S1,1992/S2,1993/S1,1993/S2,19,XEL,571300Q,0.10466140157325299,-0.004766887851162597,0.01985356252590892
1992/S2_a_1993/S1,1992/S2,1993/S1,1993/S2,20,CEG,DTE,0.10671109904819787,0.007009324195075188,0.019386011856337874
1993/S1_a_1993/S2,1993/S1,1993/S2,1994/S1,1,LSI,1431816D,0.0,0.0,0.0
1993/S1_a_1993/S2,1993/S1,1993/S2,1994/S1,2,TKR,1288453D,0.0,0.0,0.0
1993/S1_a_1993/S2,1993/S1,1993/S2,1994/S1,3,291784Q,1288453D,0.0,0.0,0.0
1993/S1_a_1993/S2,1993/S1,1993/S2,1994/S1,4,TKR,291784Q,0.0,0.0,0.0
1993/S1_a_1993/S2,1993/S1,1993/S2,1994/S1,5,RTN,RTN_B,1.915054781420622e-09,-1.4979843931095702e-06,2.3191186568989534e-06
1993/S1_a_1993/S2,1993/S1,1993/S2,1994/S1,6,JCI,1436513D,4.150009544900968e-07,-3.6186861897973404e-05,1.8403394932815546e-05
1993/S1_a_1993/S2,1993/S1,1993/S2,1994/S1,7,MHFI,SPGI,0.024757449013463884,0.0008047276018618604,0.009898741763164414
1993/S1_a_1993/S2,1993/S1,1993/S2,1994/S1,8,ED,PPL,0.08055441103624617,-0.010138888966085656,0.014755585009282599
1993/S1_a_1993/S2,1993/S1,1993/S2,1994/S1,9,NEE,WEC,0.08127523006703541,-0.001248981939575817,0.01795103135281643
1993/S1_a_1993/S2,1993/S1,1993/S2,1994/S1,10,FPC,WEC,0.09714657890799572,0.0007088886446864455,0.019660458737920106
1993/S1_a_1993/S2,1993/S1,1993/S2,1994/S1,11,1005945D,XEL,0.11130369117961436,0.009269174856117867,0.01889923535485217
1993/S1_a_1993/S2,1993/S1,1993/S2,1994/S1,12,CIN,AYE,0.12067046686024696,-0.00690087911365846,0.020807377777131254
1993/S1_a_1993/S2,1993/S1,1993/S2,1994/S1,13,45200Q,PEG,0.12359054332409869,-0.006252329656066938,0.021287208206502792
1993/S1_a_1993/S2,1993/S1,1993/S2,1994/S1,14,NI,SCG,0.12785948552811988,0.005048868141338776,0.021995629411220297
1993/S1_a_1993/S2,1993/S1,1993/S2,1994/S1,15,AEP,SO,0.13733517329694678,0.0037365196727584507,0.023089713765236382
1993/S1_a_1993/S2,1993/S1,1993/S2,1994/S1,16,CEG,PEG,0.140605188137215,0.0010619877783158461,0.023644190006841405
1993/S1_a_1993/S2,1993/S1,1993/S2,1994/S1,17,AEP,AYE,0.14242602410593008,0.012522658572515395,0.020248274307403356
1993/S1_a_1993/S2,1993/S1,1993/S2,1994/S1,18,UEP,PNW,0.14425541267439712,-0.0035052832823095326,0.023714695792554925
1993/S1_a_1993/S2,1993/S1,1993/S2,1994/S1,19,45200Q,PPL,0.1466478380477838,0.016872452949375057,0.017275430077922715
1993/S1_a_1993/S2,1993/S1,1993/S2,1994/S1,20,DUK,SO,0.15524787623473912,-0.005970178863213308,0.02413985077444977
1993/S2_a_1994/S1,1993/S2,1994/S1,1994/S2,1,LSI,1431816D,0.0,0.0,0.0
1993/S2_a_1994/S1,1993/S2,1994/S1,1994/S2,2,TKR,291784Q,0.0,0.0,0.0
1993/S2_a_1994/S1,1993/S2,1994/S1,1994/S2,3,291784Q,1288453D,0.0,0.0,0.0
1993/S2_a_1994/S1,1993/S2,1994/S1,1994/S2,4,TKR,1288453D,0.0,0.0,0.0
1993/S2_a_1994/S1,1993/S2,1994/S1,1994/S2,5,RTN,RTN_B,1.0574012776487507e-09,4.0899200202932007e-07,2.006699579725907e-06
1993/S2_a_1994/S1,1993/S2,1994/S1,1994/S2,6,JCI,1436513D,7.03778368915664e-08,4.3010676443318685e-06,1.6146403821240215e-05
1993/S2_a_1994/S1,1993/S2,1994/S1,1994/S2,7,MHFI,SPGI,0.03969789280154146,0.0031295681034220913,0.012153117224366869
1993/S2_a_1994/S1,1993/S2,1994/S1,1994/S2,8,AEP,AYE,0.0808869633121958,-0.001101722025728383,0.017881873645907025
1993/S2_a_1994/S1,1993/S2,1994/S1,1994/S2,9,PPW,SCG,0.09417602781559253,-0.009670719644737698,0.016727834747846563
1993/S2_a_1994/S1,1993/S2,1994/S1,1994/S2,10,AEP,CIN,0.09718755585174677,-0.0076722717277203385,0.01807118049233955
1993/S2_a_1994/S1,1993/S2,1994/S1,1994/S2,11,PEG,FPC,0.10011712849126297,-0.0030010612925656702,0.019704011875364934
1993/S2_a_1994/S1,1993/S2,1994/S1,1994/S2,12,CIN,AYE,0.10108715094389709,0.006570549701991954,0.018915497522819926
1993/S2_a_1994/S1,1993/S2,1994/S1,1994/S2,13,CEG,WEC,0.10798955674783883,-0.0007575182894288988,0.020687046092111933
1993/S2_a_1994/S1,1993/S2,1994/S1,1994/S2,14,EXC,GPUI,0.11411146813503592,0.006475132847132128,0.02026646398628702
1993/S2_a_1994/S1,1993/S2,1994/S1,1994/S2,15,NEE,AYE,0.11630637807633093,0.014118384732718014,0.016168285982804956
1993/S2_a_1994/S1,1993/S2,1994/S1,1994/S2,16,UEP,FPC,0.12075285862903229,0.010019685044489786,0.019452134402219025
1993/S2_a_1994/S1,1993/S2,1994/S1,1994/S2,17,PEG,UEP,0.12350092263909573,-0.013020746337055454,0.017884921415767814
1993/S2_a_1994/S1,1993/S2,1994/S1,1994/S2,18,0961514D,PPL,0.14146581744165587,-0.0019985065402597637,0.023608524175075325
1993/S2_a_1994/S1,1993/S2,1994/S1,1994/S2,19,FPC,AYE,0.14217875035666339,-0.016807431948273683,0.0167508396942189
1993/S2_a_1994/S1,1993/S2,1994/S1,1994/S2,20,XOM,L,0.1428857542211972,0.006371883776975158,0.022940029285807895
1994/S1_a_1994/S2,1994/S1,1994/S2,1995/S1,1,TKR,291784Q,0.0,0.0,0.0
1994/S1_a_1994/S2,1994/S1,1994/S2,1995/S1,2,LSI,1431816D,0.0,0.0,0.0
1994/S1_a_1994/S2,1994/S1,1994/S2,1995/S1,3,291784Q,1288453D,0.0,0.0,0.0
1994/S1_a_1994/S2,1994/S1,1994/S2,1995/S1,4,TKR,1288453D,0.0,0.0,0.0
1994/S1_a_1994/S2,1994/S1,1994/S2,1995/S1,5,RTN,RTN_B,1.237935975950677e-09,1.274136421501923e-06,1.8172948027910478e-06
1994/S1_a_1994/S2,1994/S1,1994/S2,1995/S1,6,JCI,1436513D,8.229841341744759e-08,-1.1543712213432511e-05,1.3931832520386563e-05
1994/S1_a_1994/S2,1994/S1,1994/S2,1995/S1,7,MHFI,SPGI,0.03409334536013375,0.0019905807814371863,0.011482676641254642
1994/S1_a_1994/S2,1994/S1,1994/S2,1995/S1,8,CMCSA,CMCSK,0.04709079417676776,0.00897698500025166,0.010329830846313108
1994/S1_a_1994/S2,1994/S1,1994/S2,1995/S1,9,0961514D,UEP,0.06788551434976853,-0.0020862910864770045,0.016312273445413937
1994/S1_a_1994/S2,1994/S1,1994/S2,1995/S1,10,CMS,TE,0.11140827337351311,0.0005088065600521537,0.021061760309084743
1994/S1_a_1994/S2,1994/S1,1994/S2,1995/S1,11,AEP,NEE,0.11804483290620738,-0.0015461026080269566,0.021630954258997432
1994/S1_a_1994/S2,1994/S1,1994/S2,1995/S1,12,DTE,CMS,0.1219918431721112,0.0023386695664179735,0.02192104271902559
1994/S1_a_1994/S2,1994/S1,1994/S2,1995/S1,13,UEP,FPC,0.12278136692430053,0.013897898419529806,0.017182772879780726
1994/S1_a_1994/S2,1994/S1,1994/S2,1995/S1,14,DTE,UEP,0.13859907162475338,-0.0034613133133808067,0.02324132342764133
1994/S1_a_1994/S2,1994/S1,1994/S2,1995/S1,15,0961514D,FPC,0.14378762024909975,0.011811607333052799,0.02080358488546822
1994/S1_a_1994/S2,1994/S1,1994/S2,1995/S1,16,DTE,0961514D,0.15287031026423392,-0.001375022226903801,0.024640349877284234
1994/S1_a_1994/S2,1994/S1,1994/S2,1995/S1,17,CIN,AYE,0.1555547452448991,0.003160198688419284,0.024692374873137194
1994/S1_a_1994/S2,1994/S1,1994/S2,1995/S1,18,SO,DTE,0.1560246211284948,0.00799181653301,0.02361119323922741
1994/S1_a_1994/S2,1994/S1,1994/S2,1995/S1,19,DUK,UEP,0.15703842315423344,0.0019722460511510565,0.024934831797051773
1994/S1_a_1994/S2,1994/S1,1994/S2,1995/S1,20,RHDCQ,L,0.1610475143825738,-0.008322156753543648,0.023918389176361115
1994/S2_a_1995/S1,1994/S2,1995/S1,1995/S2,1,LSI,1431816D,0.0,0.0,0.0
1994/S2_a_1995/S1,1994/S2,1995/S1,1995/S2,2,TKR,291784Q,0.0,0.0,0.0
1994/S2_a_1995/S1,1994/S2,1995/S1,1995/S2,3,TKR,1288453D,0.0,0.0,0.0
1994/S2_a_1995/S1,1994/S2,1995/S1,1995/S2,4,291784Q,1288453D,0.0,0.0,0.0
1994/S2_a_1995/S1,1994/S2,1995/S1,1995/S2,5,RTN,RTN_B,7.102016752469353e-10,-1.5353167072555296e-07,1.6717146923167615e-06
1994/S2_a_1995/S1,1994/S2,1995/S1,1995/S2,6,JCI,1436513D,6.063191904104315e-08,2.831862374792809e-06,1.5249645778139082e-05
1994/S2_a_1995/S1,1994/S2,1995/S1,1995/S2,7,MHFI,SPGI,0.03313246999675812,-0.0033196829792231427,0.01097333263549817
1994/S2_a_1995/S1,1994/S2,1995/S1,1995/S2,8,CMCSA,CMCSK,0.09074685822963602,-0.015437107400095846,0.010993481862884066
1994/S2_a_1995/S1,1994/S2,1995/S1,1995/S2,9,677004Q,300583Q,0.10354293658247116,-0.003930647789398523,0.01988399777308311
1994/S2_a_1995/S1,1994/S2,1995/S1,1995/S2,10,2196Q,2638Q,0.12487240100642794,-0.005285340416723399,0.021621279449279912
1994/S2_a_1995/S1,1994/S2,1995/S1,1995/S2,11,D,SCG,0.1280476287261081,0.0016547033399844121,0.022480582786578215
1994/S2_a_1995/S1,1994/S2,1995/S1,1995/S2,12,8375930Q,COP,0.1331704247587595,0.019835163735725702,0.01155245000673686
1994/S2_a_1995/S1,1994/S2,1995/S1,1995/S2,13,PEG,TE,0.1358596290846208,-0.010074354369803305,0.02091004896685695
1994/S2_a_1995/S1,1994/S2,1995/S1,1995/S2,14,XEL,DUK,0.13694640385529055,-0.004742278567072553,0.022822350046580158
1994/S2_a_1995/S1,1994/S2,1995/S1,1995/S2,15,210967Q,GHC,0.1560173572182748,0.0002046493114071009,0.024881206750496727
1994/S2_a_1995/S1,1994/S2,1995/S1,1995/S2,16,DTE,WEC,0.15756674932652004,0.0035618855043290814,0.024749293011795556
1994/S2_a_1995/S1,1994/S2,1995/S1,1995/S2,17,BMY,69895Q,0.160729398719468,-0.006831109319476268,0.02430978907618987
1994/S2_a_1995/S1,1994/S2,1995/S1,1995/S2,18,AYE,TE,0.16102269491420884,-0.004185708690042966,0.024927680726499007
1994/S2_a_1995/S1,1994/S2,1995/S1,1995/S2,19,AIG,CIN,0.17127330609764613,0.0038229640235364227,0.02578726287157098
1994/S2_a_1995/S1,1994/S2,1995/S1,1995/S2,20,2196Q,2676187Q,0.17419441209176512,0.007637219227728508,0.025153311763750356
1995/S1_a_1995/S2,1995/S1,1995/S2,1996/S1,1,LSI,1431816D,0.0,0.0,0.0
1995/S1_a_1995/S2,1995/S1,1995/S2,1996/S1,2,TKR,291784Q,0.0,0.0,0.0
1995/S1_a_1995/S2,1995/S1,1995/S2,1996/S1,3,TKR,1288453D,0.0,0.0,0.0
1995/S1_a_1995/S2,1995/S1,1995/S2,1996/S1,4,291784Q,1288453D,0.0,0.0,0.0
1995/S1_a_1995/S2,1995/S1,1995/S2,1996/S1,5,RTN,RTN_B,1.307512320636306e-09,1.5770073369577216e-06,1.6469929930347465e-06
1995/S1_a_1995/S2,1995/S1,1995/S2,1996/S1,6,JCI,1436513D,6.631375981669407e-08,5.373680438840068e-06,1.533647053459011e-05
1995/S1_a_1995/S2,1995/S1,1995/S2,1996/S1,7,MHFI,SPGI,0.026606085938283286,0.0014051212472961931,0.010198926936932036
1995/S1_a_1995/S2,1995/S1,1995/S2,1996/S1,8,RRC,SWKS,0.052682775340713306,0.012495244935923631,0.007289605803736334
1995/S1_a_1995/S2,1995/S1,1995/S2,1996/S1,9,UEP,FPC,0.055617044056475606,-0.008230913979438613,0.012392093921613142
1995/S1_a_1995/S2,1995/S1,1995/S2,1996/S1,10,PEG,WEC,0.11068192023344636,-0.0008053732277721917,0.02098362731817239
1995/S1_a_1995/S2,1995/S1,1995/S2,1996/S1,11,TE,TEG,0.11215174757739987,0.001837805346724346,0.021057747426616855
1995/S1_a_1995/S2,1995/S1,1995/S2,1996/S1,12,CIN,AYE,0.1168274809159584,-0.005101887077568621,0.020959846783528024
1995/S1_a_1995/S2,1995/S1,1995/S2,1996/S1,13,RTN_B,RRC,0.12843256892824684,0.010601027522054838,0.019971329971461352
1995/S1_a_1995/S2,1995/S1,1995/S2,1996/S1,14,RTN,RRC,0.12843807787237438,0.010602604529391794,0.01997103896418536
1995/S1_a_1995/S2,1995/S1,1995/S2,1996/S1,15,8375930Q,COP,0.12963489180174292,0.019899744946895264,0.01090395042743269
1995/S1_a_1995/S2,1995/S1,1995/S2,1996/S1,16,CMCSA,CMCSK,0.12982901106261124,-0.017296823615585166,0.014726676346637749
1995/S1_a_1995/S2,1995/S1,1995/S2,1996/S1,17,AEP,CMS,0.13699269564313,-0.012380309996693786,0.01979658836039928
1995/S1_a_1995/S2,1995/S1,1995/S2,1996/S1,18,AEP,DUK,0.1447969051663449,-0.010305952172471924,0.021685116834212117
1995/S1_a_1995/S2,1995/S1,1995/S2,1996/S1,19,DUK,TXU,0.14880811227612867,0.002186826081650962,0.02424994317826431
1995/S1_a_1995/S2,1995/S1,1995/S2,1996/S1,20,D,UEP,0.1524266768255984,-0.019269457839933758,0.01531294422279002
1995/S2_a_1996/S1,1995/S2,1996/S1,1996/S2,1,291784Q,1288453D,0.0,0.0,0.0
1995/S2_a_1996/S1,1995/S2,1996/S1,1996/S2,2,TKR,291784Q,0.0,0.0,0.0
1995/S2_a_1996/S1,1995/S2,1996/S1,1996/S2,3,LSI,1431816D,0.0,0.0,0.0
1995/S2_a_1996/S1,1995/S2,1996/S1,1996/S2,4,TKR,1288453D,0.0,0.0,0.0
1995/S2_a_1996/S1,1995/S2,1996/S1,1996/S2,5,RTN,RTN_B,1.3860699255019426e-09,1.8811035961315465e-06,1.4033441133014442e-06
1995/S2_a_1996/S1,1995/S2,1996/S1,1996/S2,6,JCI,1436513D,8.014569630176993e-08,-1.2277527349984801e-05,1.2960202154749057e-05
1995/S2_a_1996/S1,1995/S2,1996/S1,1996/S2,7,RRC,SWKS,0.023750827732783364,0.008389636650814783,0.004894730455090465
1995/S2_a_1996/S1,1995/S2,1996/S1,1996/S2,8,MHFI,SPGI,0.02984961301092426,0.000964827721211717,0.010862235485036323
1995/S2_a_1996/S1,1995/S2,1996/S1,1996/S2,9,D,TE,0.05032400700793005,-0.0018887220276096112,0.014032553890555568
1995/S2_a_1996/S1,1995/S2,1996/S1,1996/S2,10,CMCSA,CMCSK,0.05860187448865872,-0.007752807110542602,0.013157815899315101
1995/S2_a_1996/S1,1995/S2,1996/S1,1996/S2,11,D,FPC,0.08211663089298327,0.009314310800487563,0.01549373626163601
1995/S2_a_1996/S1,1995/S2,1996/S1,1996/S2,12,FPC,TEG,0.09010735396987002,-0.004638374711258649,0.01836826630172794
1995/S2_a_1996/S1,1995/S2,1996/S1,1996/S2,13,FPC,NI,0.1052126557721067,-0.0064233961329296565,0.019435779556184113
1995/S2_a_1996/S1,1995/S2,1996/S1,1996/S2,14,D,TEG,0.10584525951321666,0.004675936089228912,0.01999356830637473
1995/S2_a_1996/S1,1995/S2,1996/S1,1996/S2,15,FPC,TE,0.10695377517322413,-0.011203032828097174,0.017323471992145626
1995/S2_a_1996/S1,1995/S2,1996/S1,1996/S2,16,UEP,FPC,0.11233243115964342,-0.012669083548612679,0.016923191884483324
1995/S2_a_1996/S1,1995/S2,1996/S1,1996/S2,17,GPUI,NI,0.12232258307972188,0.00576264839457084,0.021307288627893946
1995/S2_a_1996/S1,1995/S2,1996/S1,1996/S2,18,XOM,3891289Q,0.1272755683739888,-0.0002526134102723658,0.022516880552461895
1995/S2_a_1996/S1,1995/S2,1996/S1,1996/S2,19,TE,TEG,0.13303199726772164,0.006564658116838524,0.022062219491136095
1995/S2_a_1996/S1,1995/S2,1996/S1,1996/S2,20,NEE,CIN,0.14217416764211066,-0.005216554265601618,0.02321874441669631
1996/S1_a_1996/S2,1996/S1,1996/S2,1997/S1,1,TKR,1288453D,0.0,0.0,0.0
1996/S1_a_1996/S2,1996/S1,1996/S2,1997/S1,2,LSI,1431816D,0.0,0.0,0.0
1996/S1_a_1996/S2,1996/S1,1996/S2,1997/S1,3,291784Q,1288453D,0.0,0.0,0.0
1996/S1_a_1996/S2,1996/S1,1996/S2,1997/S1,4,TKR,291784Q,0.0,0.0,0.0
1996/S1_a_1996/S2,1996/S1,1996/S2,1997/S1,5,RTN,RTN_B,1.2254304238012992e-09,1.852429536367017e-06,1.1830841594050045e-06
1996/S1_a_1996/S2,1996/S1,1996/S2,1997/S1,6,JCI,1436513D,4.009302756458055e-08,-6.869995183884018e-06,1.0539766572469624e-05
1996/S1_a_1996/S2,1996/S1,1996/S2,1997/S1,7,MHFI,SPGI,0.03311357978475371,-0.0011063411822013758,0.011386609936402113
1996/S1_a_1996/S2,1996/S1,1996/S2,1997/S1,8,D,PPL,0.06149109473136605,-0.003313978882299371,0.015232266420759304
1996/S1_a_1996/S2,1996/S1,1996/S2,1997/S1,9,XEL,TE,0.07610452423364222,0.004907374431997086,0.016632224304452183
1996/S1_a_1996/S2,1996/S1,1996/S2,1997/S1,10,UEP,PPL,0.09073711215711455,0.00035405667115524927,0.01893459427815517
1996/S1_a_1996/S2,1996/S1,1996/S2,1997/S1,11,D,UEP,0.09100833399463681,-0.00366803555345462,0.018606694240339568
1996/S1_a_1996/S2,1996/S1,1996/S2,1997/S1,12,CEG,UEP,0.09625648899418593,-0.00538108870513902,0.01874539581079284
1996/S1_a_1996/S2,1996/S1,1996/S2,1997/S1,13,CMCSA,CMCSK,0.09770316693868608,0.01604694931026557,0.011298501609085033
1996/S1_a_1996/S2,1996/S1,1996/S2,1997/S1,14,D,SO,0.09810891894943552,-0.003221486480015947,0.01942584087065844
1996/S1_a_1996/S2,1996/S1,1996/S2,1997/S1,15,CEG,PPL,0.10295498493070454,-0.005027032033983772,0.019533708369967644
1996/S1_a_1996/S2,1996/S1,1996/S2,1997/S1,16,CEG,D,0.10670584437127673,-0.0017130531516844011,0.02046499647200871
1996/S1_a_1996/S2,1996/S1,1996/S2,1997/S1,17,PPL,TE,0.10891816527021092,-0.01317883144490456,0.016004327393299916
1996/S1_a_1996/S2,1996/S1,1996/S2,1997/S1,18,GPUI,NI,0.1152139725353436,-0.007369888519394986,0.020021519777338723
1996/S1_a_1996/S2,1996/S1,1996/S2,1997/S1,19,ETR,PPL,0.1189547926043133,0.005752443022361051,0.02090348421323034
1996/S1_a_1996/S2,1996/S1,1996/S2,1997/S1,20,D,TE,0.11918213673862965,-0.01649281032720393,0.014070810119453415
1996/S2_a_1997/S1,1996/S2,1997/S1,1997/S2,1,LSI,1431816D,0.0,0.0,0.0
1996/S2_a_1997/S1,1996/S2,1997/S1,1997/S2,2,TKR,291784Q,0.0,0.0,0.0
1996/S2_a_1997/S1,1996/S2,1997/S1,1997/S2,3,TKR,1288453D,0.0,0.0,0.0
1996/S2_a_1997/S1,1996/S2,1997/S1,1997/S2,4,291784Q,1288453D,0.0,0.0,0.0
1996/S2_a_1997/S1,1996/S2,1997/S1,1997/S2,5,RTN,RTN_B,3.4134473025915213e-10,6.378003160482536e-08,1.1618253960595562e-06
1996/S2_a_1997/S1,1996/S2,1997/S1,1997/S2,6,JCI,1436513D,2.6166844691033475e-08,-7.288161008490798e-07,1.0163701406251808e-05
1996/S2_a_1997/S1,1996/S2,1997/S1,1997/S2,7,MHFI,SPGI,0.05129184662962416,-0.0015642520455797153,0.014180355411819353
1996/S2_a_1997/S1,1996/S2,1997/S1,1997/S2,8,CMCSA,CMCSK,0.053749678213534935,-0.005223337421465781,0.013634546313125271
1996/S2_a_1997/S1,1996/S2,1997/S1,1997/S2,9,VZ,210967Q,0.05819382593199407,0.004489134248185217,0.014515356862154077
1996/S2_a_1997/S1,1996/S2,1997/S1,1997/S2,10,MCAI,SWKS,0.08041669953126984,0.015404778371357867,0.00899249660179311
1996/S2_a_1997/S1,1996/S2,1997/S1,1997/S2,11,AEP,NEE,0.08868847444887251,0.0031334428200854316,0.018495430911593315
1996/S2_a_1997/S1,1996/S2,1997/S1,1997/S2,12,8375930Q,COP,0.09904017170072166,0.017247371750657343,0.009714127767502327
1996/S2_a_1997/S1,1996/S2,1997/S1,1997/S2,13,CEG,UEP,0.11088417357672142,-0.010719143493544877,0.018018339880491566
1996/S2_a_1997/S1,1996/S2,1997/S1,1997/S2,14,0961514D,UEP,0.12253253598703395,0.0005235093173770139,0.022044615501714052
1996/S2_a_1997/S1,1996/S2,1997/S1,1997/S2,15,DUK,SO,0.1297997323743516,-0.007434447798391953,0.021438002695808978
1996/S2_a_1997/S1,1996/S2,1997/S1,1997/S2,16,AEP,PSX,0.13968107712548772,-0.015995790855045634,0.017245559571209386
1996/S2_a_1997/S1,1996/S2,1997/S1,1997/S2,17,NEE,TE,0.14225691281075115,-0.013224693461957197,0.019721182106678427
1996/S2_a_1997/S1,1996/S2,1997/S1,1997/S2,18,TE,PSX,0.14310880718642238,-0.005904540213173867,0.023084413557231023
1996/S2_a_1997/S1,1996/S2,1997/S1,1997/S2,19,AEP,TE,0.14326544624282178,-0.010091250641871767,0.021593430378167456
1996/S2_a_1997/S1,1996/S2,1997/S1,1997/S2,20,NI,TE,0.15214939654890713,-0.005422053298683213,0.023963558235211336
1997/S1_a_1997/S2,1997/S1,1997/S2,1998/S1,1,291784Q,1288453D,0.0,0.0,0.0
1997/S1_a_1997/S2,1997/S1,1997/S2,1998/S1,2,TKR,1288453D,0.0,0.0,0.0
1997/S1_a_1997/S2,1997/S1,1997/S2,1998/S1,3,LSI,1431816D,0.0,0.0,0.0
1997/S1_a_1997/S2,1997/S1,1997/S2,1998/S1,4,TKR,291784Q,0.0,0.0,0.0
1997/S1_a_1997/S2,1997/S1,1997/S2,1998/S1,5,RTN,RTN_B,9.855511962086894e-10,-1.5343947068129131e-06,1.2439373638249616e-06
1997/S1_a_1997/S2,1997/S1,1997/S2,1998/S1,6,JCI,1436513D,1.7471165847382508e-08,-1.3798293947637508e-06,8.210735728925384e-06
1997/S1_a_1997/S2,1997/S1,1997/S2,1998/S1,7,MCAI,SWKS,0.047034265304773726,0.011799877343557419,0.0068450183652142135
1997/S1_a_1997/S2,1997/S1,1997/S2,1998/S1,8,CMCSA,CMCSK,0.08996031302763186,-0.011120331986009225,0.015258861829068713
1997/S1_a_1997/S2,1997/S1,1997/S2,1998/S1,9,8375930Q,COP,0.11481382466809009,0.018225312098504164,0.01105125834838161
1997/S1_a_1997/S2,1997/S1,1997/S2,1998/S1,10,CIN,TE,0.1265399007183987,0.0012722239727851786,0.022372248132408415
1997/S1_a_1997/S2,1997/S1,1997/S2,1998/S1,11,XEL,NI,0.1380431697801896,0.007352622183965869,0.022215192443508752
1997/S1_a_1997/S2,1997/S1,1997/S2,1998/S1,12,SO,UEP,0.14820016331771058,0.009284095537253734,0.02239552220529906
1997/S1_a_1997/S2,1997/S1,1997/S2,1998/S1,13,DUK,CMS,0.16304230678247222,-0.011265698777868226,0.02279415883801426
1997/S1_a_1997/S2,1997/S1,1997/S2,1998/S1,14,375573Q,DDR,0.1772006352139215,0.008372949903927038,0.025155369888104014
1997/S1_a_1997/S2,1997/S1,1997/S2,1998/S1,15,0961514D,UEP,0.17836391912010185,0.006531107515346029,0.025786986972928323
1997/S1_a_1997/S2,1997/S1,1997/S2,1998/S1,16,2269312Q,0111145D,0.18738430859377786,0.008761722556679945,0.025816973291781217
1997/S1_a_1997/S2,1997/S1,1997/S2,1998/S1,17,D,0961514D,0.20527661766743677,-0.004567028722473439,0.0281717807822258
1997/S1_a_1997/S2,1997/S1,1997/S2,1998/S1,18,AEP,NEE,0.22195109408357894,0.016812370557059204,0.024433191688615637
1997/S1_a_1997/S2,1997/S1,1997/S2,1998/S1,19,GPUI,NI,0.22318348004091604,0.005007443779858631,0.029333849647710887
1997/S1_a_1997/S2,1997/S1,1997/S2,1998/S1,20,UEP,SCG,0.23295603129326992,0.018386062370491407,0.02418759906683237
1997/S2_a_1998/S1,1997/S2,1998/S1,1998/S2,1,TKR,291784Q,0.0,0.0,0.0
1997/S2_a_1998/S1,1997/S2,1998/S1,1998/S2,2,TKR,1288453D,0.0,0.0,0.0
1997/S2_a_1998/S1,1997/S2,1998/S1,1998/S2,3,291784Q,1288453D,0.0,0.0,0.0
1997/S2_a_1998/S1,1997/S2,1998/S1,1998/S2,4,LSI,1431816D,0.0,0.0,0.0
1997/S2_a_1998/S1,1997/S2,1998/S1,1998/S2,5,RTN,RTN_B,1.1183374226675369e-09,-1.8175272611334205e-06,1.0670728741454106e-06
1997/S2_a_1998/S1,1997/S2,1998/S1,1998/S2,6,JCI,1436513D,1.5926730156934354e-08,6.858481538120024e-07,7.93608715872972e-06
1997/S2_a_1998/S1,1997/S2,1998/S1,1998/S2,7,CMCSA,CMCSK,0.09246290664191292,0.010565101896867064,0.01600974794720152
1997/S2_a_1998/S1,1997/S2,1998/S1,1998/S2,8,8375930Q,COP,0.1057801103172551,0.01777048252295458,0.010216972431938191
1997/S2_a_1998/S1,1997/S2,1998/S1,1998/S2,9,MHFI,SPGI,0.10823830833055581,-0.009953257604385419,0.018214452847087465
1997/S2_a_1998/S1,1997/S2,1998/S1,1998/S2,10,JNJ,ABT,0.1834718324222422,-0.0035352443392428,0.026803278355615662
1997/S2_a_1998/S1,1997/S2,1998/S1,1998/S2,11,PSX,O,0.18984893990500495,-0.015561722268041247,0.022654762611793045
1997/S2_a_1998/S1,1997/S2,1998/S1,1998/S2,12,DDR,O,0.19322302342197872,-0.00953374378591764,0.02604915451878854
1997/S2_a_1998/S1,1997/S2,1998/S1,1998/S2,13,FPC,NI,0.20292136714374465,0.009799246239486076,0.02668415006028803
1997/S2_a_1998/S1,1997/S2,1998/S1,1998/S2,14,CEG,SCG,0.20689897946829205,-0.004603778349784148,0.028337598814149663
1997/S2_a_1998/S1,1997/S2,1998/S1,1998/S2,15,DDR,PSX,0.20857454939095987,0.006027978482123607,0.028186752362636625
1997/S2_a_1998/S1,1997/S2,1998/S1,1998/S2,16,CEG,TXU,0.20931891382258527,-0.0060381615596230035,0.02823712528095933
1997/S2_a_1998/S1,1997/S2,1998/S1,1998/S2,17,D,0111145D,0.21025961402074245,-0.0035868099907441944,0.028718830817964884
1997/S2_a_1998/S1,1997/S2,1998/S1,1998/S2,18,BF_B,1958Q,0.22131930344710327,-0.0244726310805977,0.016746774215346327
1997/S2_a_1998/S1,1997/S2,1998/S1,1998/S2,19,8214761Q,RLM,0.2253762312343497,0.007653406275972932,0.028967313979287167
1997/S2_a_1998/S1,1997/S2,1998/S1,1998/S2,20,DUK,SCG,0.2277982778933847,0.010126182107003404,0.028365732352767667
1998/S1_a_1998/S2,1998/S1,1998/S2,1999/S1,1,TKR,1288453D,0.0,0.0,0.0
1998/S1_a_1998/S2,1998/S1,1998/S2,1999/S1,2,LSI,1431816D,0.0,0.0,0.0
1998/S1_a_1998/S2,1998/S1,1998/S2,1999/S1,3,291784Q,1288453D,0.0,0.0,0.0
1998/S1_a_1998/S2,1998/S1,1998/S2,1999/S1,4,TKR,291784Q,0.0,0.0,0.0
1998/S1_a_1998/S2,1998/S1,1998/S2,1999/S1,5,RTN,RTN_B,1.5400019037770107e-09,2.229510445117368e-06,1.070213729663216e-06
1998/S1_a_1998/S2,1998/S1,1998/S2,1999/S1,6,JCI,1436513D,2.9905322662671097e-08,8.319242673521507e-06,7.046817878610646e-06
1998/S1_a_1998/S2,1998/S1,1998/S2,1999/S1,7,MCAI,GIDL,0.029608143539121556,0.009399957892633842,0.005408280145318017
1998/S1_a_1998/S2,1998/S1,1998/S2,1999/S1,8,8375930Q,COP,0.08051401749031584,0.01594441857128702,0.008095409064700519
1998/S1_a_1998/S2,1998/S1,1998/S2,1999/S1,9,CMCSA,CMCSK,0.10320252249721307,-0.016479136094593266,0.011769519184171963
1998/S1_a_1998/S2,1998/S1,1998/S2,1999/S1,10,BF_B,1958Q,0.11502891085160627,0.009269070471407145,0.019287938004191776
1998/S1_a_1998/S2,1998/S1,1998/S2,1999/S1,11,0574018D,AVB,0.13731748120096654,-0.00040568786241975975,0.02338624296593477
1998/S1_a_1998/S2,1998/S1,1998/S2,1999/S1,12,NCE,TE,0.15509855476807388,0.008608667977360833,0.023313474837014878
1998/S1_a_1998/S2,1998/S1,1998/S2,1999/S1,13,TE,TEG,0.1554178722388997,-0.007882692243966259,0.023596828515310142
1998/S1_a_1998/S2,1998/S1,1998/S2,1999/S1,14,SO,FPC,0.1939727496157957,-0.011921677944805423,0.025101935255868173
1998/S1_a_1998/S2,1998/S1,1998/S2,1999/S1,15,GIDL,FPC,0.24469326533517233,0.0002780779432916798,0.031221722112224057
1998/S1_a_1998/S2,1998/S1,1998/S2,1999/S1,16,CMS,GAS,0.2479371690752714,0.005677216919600406,0.030910164750023963
1998/S1_a_1998/S2,1998/S1,1998/S2,1999/S1,17,SO,WEC,0.252634603709339,0.006994785610675527,0.03094172605475556
1998/S1_a_1998/S2,1998/S1,1998/S2,1999/S1,18,231330Q,ESS,0.2526358999772924,0.0021917908698824724,0.03164955676374562
1998/S1_a_1998/S2,1998/S1,1998/S2,1999/S1,19,D,PPL,0.25448650093096603,-0.013535061367817082,0.028809072940122204
1998/S1_a_1998/S2,1998/S1,1998/S2,1999/S1,20,D,TXU,0.2556611118031924,-0.006061776736701607,0.03133175121778922
1998/S2_a_1999/S1,1998/S2,1999/S1,1999/S2,1,LSI,1431816D,0.0,0.0,0.0
1998/S2_a_1999/S1,1998/S2,1999/S1,1999/S2,2,TKR,1288453D,0.0,0.0,0.0
1998/S2_a_1999/S1,1998/S2,1999/S1,1999/S2,3,TKR,291784Q,0.0,0.0,0.0
1998/S2_a_1999/S1,1998/S2,1999/S1,1999/S2,4,291784Q,1288453D,0.0,0.0,0.0
1998/S2_a_1999/S1,1998/S2,1999/S1,1999/S2,5,RTN,RTN_B,5.494484867085703e-10,1.1450066752837976e-06,9.34745338115013e-07
1998/S2_a_1999/S1,1998/S2,1999/S1,1999/S2,6,JCI,1436513D,8.90975115908077e-09,-1.0462651814545344e-07,5.956910529232171e-06
1998/S2_a_1999/S1,1998/S2,1999/S1,1999/S2,7,MCAI,GIDL,0.02058296225095546,0.007813282193285963,0.004551179889926743
1998/S2_a_1999/S1,1998/S2,1999/S1,1999/S2,8,8375930Q,COP,0.09099778053098362,0.016043469276010112,0.010204047340823141
1998/S2_a_1999/S1,1998/S2,1999/S1,1999/S2,9,MHFI,SPGI,0.14987575492375527,-0.002663566499910432,0.02428974494853783
1998/S2_a_1999/S1,1998/S2,1999/S1,1999/S2,10,45200Q,TEG,0.15947301152471027,0.0075754825953736225,0.02403609930447934
1998/S2_a_1999/S1,1998/S2,1999/S1,1999/S2,11,AEE,FPC,0.16529984690191668,-0.005023394606615715,0.025164063620467657
1998/S2_a_1999/S1,1998/S2,1999/S1,1999/S2,12,45200Q,AEP,0.17104502080314887,0.00847381045297988,0.024685273444112955
1998/S2_a_1999/S1,1998/S2,1999/S1,1999/S2,13,SO,0961514D,0.17944534326818484,-0.0005113250341041079,0.026733110394954115
1998/S2_a_1999/S1,1998/S2,1999/S1,1999/S2,14,SO,AEE,0.19081946706410235,0.0026898417528381804,0.02744035069429083
1998/S2_a_1999/S1,1998/S2,1999/S1,1999/S2,15,BF_B,1958Q,0.2009713704611613,0.020141752463647116,0.019833715308714986
1998/S2_a_1999/S1,1998/S2,1999/S1,1999/S2,16,45200Q,0961514D,0.20400335409362924,-0.003074975611281149,0.0283420045282752
1998/S2_a_1999/S1,1998/S2,1999/S1,1999/S2,17,EQR,0574018D,0.21043066184012105,-0.016505668714614508,0.02376650298611185
1998/S2_a_1999/S1,1998/S2,1999/S1,1999/S2,18,FE,AEE,0.21906295807013976,-0.0032895359348103794,0.029358076073175667
1998/S2_a_1999/S1,1998/S2,1999/S1,1999/S2,19,ED,TXU,0.21942364046003604,0.00930866083960686,0.02805710926590082
1998/S2_a_1999/S1,1998/S2,1999/S1,1999/S2,20,AEP,0111145D,0.22718667462896747,0.013850824471122737,0.02669300528515469
1999/S1_a_1999/S2,1999/S1,1999/S2,2000/S1,1,291784Q,1288453D,0.0,0.0,0.0
1999/S1_a_1999/S2,1999/S1,1999/S2,2000/S1,2,TKR,1288453D,0.0,0.0,0.0
1999/S1_a_1999/S2,1999/S1,1999/S2,2000/S1,3,TKR,291784Q,0.0,0.0,0.0
1999/S1_a_1999/S2,1999/S1,1999/S2,2000/S1,4,LSI,1431816D,0.0,0.0,0.0
1999/S1_a_1999/S2,1999/S1,1999/S2,2000/S1,5,RTN,RTN_B,3.26281224261038e-10,5.16838051659162e-07,1.0151323459962225e-06
1999/S1_a_1999/S2,1999/S1,1999/S2,2000/S1,6,JCI,1436513D,4.190576419205172e-08,1.1510933845311335e-05,5.824593310954543e-06
1999/S1_a_1999/S2,1999/S1,1999/S2,2000/S1,7,MCAI,GIDL,0.014264583508634132,0.0065109154728263344,0.003777578217567353
1999/S1_a_1999/S2,1999/S1,1999/S2,2000/S1,8,8375930Q,COP,0.12019134433921863,0.019183046212410525,0.010459188438086622
1999/S1_a_1999/S2,1999/S1,1999/S2,2000/S1,9,SO,AEE,0.12305070622107905,-0.003802128434904045,0.02181119167935317
1999/S1_a_1999/S2,1999/S1,1999/S2,2000/S1,10,MHFI,SPGI,0.18215589228611861,-0.01630730833080117,0.021418050940382925
1999/S1_a_1999/S2,1999/S1,1999/S2,2000/S1,11,BF_B,1958Q,0.20864048689469428,-0.024298816512637843,0.015441897390309444
1999/S1_a_1999/S2,1999/S1,1999/S2,2000/S1,12,DUK,CNP,0.21594467758802693,0.0012309872169944083,0.029305562513110308
1999/S1_a_1999/S2,1999/S1,1999/S2,2000/S1,13,EQR,0574018D,0.22200358854559,0.01605138757247702,0.025016053308698234
1999/S1_a_1999/S2,1999/S1,1999/S2,2000/S1,14,SKY,FE,0.2292205660505715,-0.001821921738212035,0.030164494414757242
1999/S1_a_1999/S2,1999/S1,1999/S2,2000/S1,15,0111145D,AEE,0.24303182574846005,-0.01702789333208282,0.026022105191914915
1999/S1_a_1999/S2,1999/S1,1999/S2,2000/S1,16,DUK,TEG,0.2506728602762678,0.023433551827419415,0.02115130088033632
1999/S1_a_1999/S2,1999/S1,1999/S2,2000/S1,17,AEP,CMS,0.25316740558770334,-0.00593206048058221,0.031197845180361186
1999/S1_a_1999/S2,1999/S1,1999/S2,2000/S1,18,PEG,PLD,0.263117201675243,0.0038548619893248003,0.03214586349591063
1999/S1_a_1999/S2,1999/S1,1999/S2,2000/S1,19,CIN,PNW,0.2668995194807735,-0.011391419458295778,0.03054608439819288
1999/S1_a_1999/S2,1999/S1,1999/S2,2000/S1,20,PSA,KIM,0.27133453372539407,-0.009723474081355038,0.031402093135502726
1999/S2_a_2000/S1,1999/S2,2000/S1,2000/S2,1,LSI,1431816D,0.0,0.0,0.0
1999/S2_a_2000/S1,1999/S2,2000/S1,2000/S2,2,TKR,1288453D,0.0,0.0,0.0
1999/S2_a_2000/S1,1999/S2,2000/S1,2000/S2,3,291784Q,1288453D,0.0,0.0,0.0
1999/S2_a_2000/S1,1999/S2,2000/S1,2000/S2,4,TKR,291784Q,0.0,0.0,0.0
1999/S2_a_2000/S1,1999/S2,2000/S1,2000/S2,5,RTN,RTN_B,2.190745362895541e-10,-4.97651203576302e-07,7.857062474394949e-07
1999/S2_a_2000/S1,1999/S2,2000/S1,2000/S2,6,JCI,1436513D,2.3566087747894926e-08,-8.46471897058803e-06,4.605663889387226e-06
1999/S2_a_2000/S1,1999/S2,2000/S1,2000/S2,7,MCAI,GIDL,0.010868522897567345,0.0056616961833296005,0.0032828472438622813
1999/S2_a_2000/S1,1999/S2,2000/S1,2000/S2,8,BF_B,1958Q,0.07490381659022205,-0.0062690158200045904,0.01601894561562275
1999/S2_a_2000/S1,1999/S2,2000/S1,2000/S2,9,8375930Q,COP,0.08178116010049052,0.015109704821355308,0.009697428947800688
1999/S2_a_2000/S1,1999/S2,2000/S1,2000/S2,10,571300Q,VZ,0.10619249364037842,-0.005358970652147102,0.01977121892736747
1999/S2_a_2000/S1,1999/S2,2000/S1,2000/S2,11,MHFI,SPGI,0.15508894278258367,0.001205605413530222,0.024729345814904272
1999/S2_a_2000/S1,1999/S2,2000/S1,2000/S2,12,8394653Q,0574018D,0.16310863419215593,0.016665731360591386,0.019127303637021843
1999/S2_a_2000/S1,1999/S2,2000/S1,2000/S2,13,AIV,PLD,0.18417036061526915,0.012109834275184346,0.024098098815298414
1999/S2_a_2000/S1,1999/S2,2000/S1,2000/S2,14,EQR,0574018D,0.19748370576991192,-0.005522414801987286,0.027385222292142436
1999/S2_a_2000/S1,1999/S2,2000/S1,2000/S2,15,CMCSA,CMCSK,0.21209701381053492,0.007851183804803647,0.027864733805143052
1999/S2_a_2000/S1,1999/S2,2000/S1,2000/S2,16,AEE,AYE,0.21235529627836058,0.011847591368604186,0.026427803008833618
1999/S2_a_2000/S1,1999/S2,2000/S1,2000/S2,17,AIV,VNO,0.2187853236264914,0.0038694462228894325,0.029150168621142617
1999/S2_a_2000/S1,1999/S2,2000/S1,2000/S2,18,XEL,NCE,0.22190660341658486,0.024646184795987867,0.01634826742186327
1999/S2_a_2000/S1,1999/S2,2000/S1,2000/S2,19,AIV,0574018D,0.250142745579069,-0.01707859306371127,0.026379448144542263
1999/S2_a_2000/S1,1999/S2,2000/S1,2000/S2,20,VNO,PLD,0.2616973053308129,0.008240388052294913,0.03108382715209935
2000/S1_a_2000/S2,2000/S1,2000/S2,2001/S1,1,TKR,291784Q,0.0,0.0,0.0
2000/S1_a_2000/S2,2000/S1,2000/S2,2001/S1,2,TKR,1288453D,0.0,0.0,0.0
2000/S1_a_2000/S2,2000/S1,2000/S2,2001/S1,3,LSI,1431816D,0.0,0.0,0.0
2000/S1_a_2000/S2,2000/S1,2000/S2,2001/S1,4,291784Q,1288453D,0.0,0.0,0.0
2000/S1_a_2000/S2,2000/S1,2000/S2,2001/S1,5,RTN,RTN_B,1.5760974747536238e-09,-1.5018211588489033e-06,2.0036574910360358e-06
2000/S1_a_2000/S2,2000/S1,2000/S2,2001/S1,6,JCI,1436513D,1.8229172837891383e-08,6.0683731137054425e-06,5.9711900442598e-06
2000/S1_a_2000/S2,2000/S1,2000/S2,2001/S1,7,MCAI,GIDL,0.007798676225206691,0.00481239669173604,0.002796246361033646
2000/S1_a_2000/S2,2000/S1,2000/S2,2001/S1,8,8375930Q,COP,0.14922067425061414,0.020765737489643613,0.012711051622577074
2000/S1_a_2000/S2,2000/S1,2000/S2,2001/S1,9,BF_B,1958Q,0.17192823300649707,0.01911063290406305,0.017841011879732638
2000/S1_a_2000/S2,2000/S1,2000/S2,2001/S1,10,BXP,AVB,0.20223197555401384,-0.01787879953851151,0.02201772234144536
2000/S1_a_2000/S2,2000/S1,2000/S2,2001/S1,11,CMCSA,CMCSK,0.24785169709087995,0.025738638385715412,0.017953832514457996
2000/S1_a_2000/S2,2000/S1,2000/S2,2001/S1,12,DOW,1255177D,0.2495304455166547,-0.00321690851777204,0.0313648764028302
2000/S1_a_2000/S2,2000/S1,2000/S2,2001/S1,13,EOP,PLD,0.318544283467304,0.005321520424158437,0.035223136264340454
2000/S1_a_2000/S2,2000/S1,2000/S2,2001/S1,14,AIV,PLD,0.3404690729652202,-0.017748845282045275,0.03225172732247723
2000/S1_a_2000/S2,2000/S1,2000/S2,2001/S1,15,AIV,0574018D,0.3454865370154039,0.01866282650053292,0.03204296552707156
2000/S1_a_2000/S2,2000/S1,2000/S2,2001/S1,16,WY,544791Q,0.35752376496657234,0.0016956428507416974,0.03770292840496939
2000/S1_a_2000/S2,2000/S1,2000/S2,2001/S1,17,FNMA,FMCC,0.35771178880816024,-0.020419787855088994,0.03172566164590881
2000/S1_a_2000/S2,2000/S1,2000/S2,2001/S1,18,KIM,PLD,0.3639431363026233,0.01496080768384345,0.03500364483760293
2000/S1_a_2000/S2,2000/S1,2000/S2,2001/S1,19,EQR,0574018D,0.40600856240291705,-0.016733151843000473,0.036557490226748625
2000/S1_a_2000/S2,2000/S1,2000/S2,2001/S1,20,D,TE,0.4081571248580076,-0.0082849088916932,0.03946151065370586
2000/S2_a_2001/S1,2000/S2,2001/S1,2001/S2,1,291784Q,1288453D,0.0,0.0,0.0
2000/S2_a_2001/S1,2000/S2,2001/S1,2001/S2,2,TKR,1288453D,0.0,0.0,0.0
2000/S2_a_2001/S1,2000/S2,2001/S1,2001/S2,3,LSI,1431816D,0.0,0.0,0.0
2000/S2_a_2001/S1,2000/S2,2001/S1,2001/S2,4,TKR,291784Q,0.0,0.0,0.0
2000/S2_a_2001/S1,2000/S2,2001/S1,2001/S2,5,JCI,1436513D,1.1879365047207102e-08,-3.0226011844680125e-06,6.1923055452089225e-06
2000/S2_a_2001/S1,2000/S2,2001/S1,2001/S2,6,MCAI,GIDL,0.055828381058745435,0.009297343960392427,0.011684483604239293
2000/S2_a_2001/S1,2000/S2,2001/S1,2001/S2,7,BF_B,1958Q,0.0678358416193987,-0.0015757900101502564,0.016396655752468094
2000/S2_a_2001/S1,2000/S2,2001/S1,2001/S2,8,8375930Q,COP,0.08084180981813915,0.01583295727285897,0.008466520721302731
2000/S2_a_2001/S1,2000/S2,2001/S1,2001/S2,9,MHFI,SPGI,0.12939895436875304,-0.009489707177725628,0.020668358836279144
2000/S2_a_2001/S1,2000/S2,2001/S1,2001/S2,10,EOP,BXP,0.22395557731908866,0.020582414640182938,0.021690826947947942
2000/S2_a_2001/S1,2000/S2,2001/S1,2001/S2,11,MCAI,PLD,0.242781893256506,-0.014026136767031398,0.027813811863307072
2000/S2_a_2001/S1,2000/S2,2001/S1,2001/S2,12,0574018D,PLD,0.24966622762372026,0.009853977812415385,0.03001958740974979
2000/S2_a_2001/S1,2000/S2,2001/S1,2001/S2,13,SNV,MTB,0.2825880687987592,-0.00200609426229787,0.033560568579067036
2000/S2_a_2001/S1,2000/S2,2001/S1,2001/S2,14,CMCSA,CMCSK,0.31827519798457615,0.03462691515968271,0.008323547647985655
2000/S2_a_2001/S1,2000/S2,2001/S1,2001/S2,15,GIDL,PLD,0.31947794782502115,-0.023323480727423823,0.027050898303831963
2000/S2_a_2001/S1,2000/S2,2001/S1,2001/S2,16,SPG,PSA,0.32597878129274704,-0.024513827049163973,0.02646854166191922
2000/S2_a_2001/S1,2000/S2,2001/S1,2001/S2,17,AIV,BXP,0.3425417315138475,-0.0025981855929139573,0.03692410263508411
2000/S2_a_2001/S1,2000/S2,2001/S1,2001/S2,18,NYT,KRI,0.3454497692636096,-0.007131359794961621,0.036479300423108034
2000/S2_a_2001/S1,2000/S2,2001/S1,2001/S2,19,GIDL,KIM,0.35008049200155256,0.014057719262136996,0.03466860278795148
2000/S2_a_2001/S1,2000/S2,2001/S1,2001/S2,20,MCAI,KIM,0.3507639410106549,0.02335506322252942,0.0292474776690184
2001/S1_a_2001/S2,2001/S1,2001/S2,2002/S1,1,LSI,1431816D,0.0,0.0,0.0
2001/S1_a_2001/S2,2001/S1,2001/S2,2002/S1,2,TKR,291784Q,0.0,0.0,0.0
2001/S1_a_2001/S2,2001/S1,2001/S2,2002/S1,3,291784Q,1288453D,0.0,0.0,0.0
2001/S1_a_2001/S2,2001/S1,2001/S2,2002/S1,4,TKR,1288453D,0.0,0.0,0.0
2001/S1_a_2001/S2,2001/S1,2001/S2,2002/S1,5,JCI,1436513D,5.2855966714560054e-08,1.3198701750312985e-05,6.251518398144902e-06
2001/S1_a_2001/S2,2001/S1,2001/S2,2002/S1,6,CMCSA,CMCSK,0.00982643768293201,0.0014397199121196497,0.00614019244091282
2001/S1_a_2001/S2,2001/S1,2001/S2,2002/S1,7,GIDL,PSX,0.02447769681793943,0.00757827165834469,0.006437179106775072
2001/S1_a_2001/S2,2001/S1,2001/S2,2002/S1,8,8375930Q,COP,0.05827232078360112,0.01316647997690893,0.007865258109861056
2001/S1_a_2001/S2,2001/S1,2001/S2,2002/S1,9,BF_B,1958Q,0.10302072053548272,0.015196269568052033,0.013609790706111678
2001/S1_a_2001/S2,2001/S1,2001/S2,2002/S1,10,AEE,SCG,0.10716543508931409,-0.01008159499166845,0.01821587517919449
2001/S1_a_2001/S2,2001/S1,2001/S2,2002/S1,11,NMK,GIDL,0.14550974869177935,0.010657328493025042,0.02179609623527422
2001/S1_a_2001/S2,2001/S1,2001/S2,2002/S1,12,NMK,PSX,0.17496286140010398,0.018235600151369734,0.01935118209841087
2001/S1_a_2001/S2,2001/S1,2001/S2,2002/S1,13,8394653Q,PLD,0.19066921261895686,-0.005739740874546496,0.02718201846264813
2001/S1_a_2001/S2,2001/S1,2001/S2,2002/S1,14,EQR,0574018D,0.21302083727789523,0.016368579430532375,0.02436016027412945
2001/S1_a_2001/S2,2001/S1,2001/S2,2002/S1,15,ETR,AEE,0.24898626496354836,0.003972421742563572,0.03149916724092846
2001/S1_a_2001/S2,2001/S1,2001/S2,2002/S1,16,VNO,SLG,0.2619468026131244,-0.014549856766384222,0.02911971773065013
2001/S1_a_2001/S2,2001/S1,2001/S2,2002/S1,17,ETR,SCG,0.2685642119448062,-0.006109173249104878,0.032401101876443204
2001/S1_a_2001/S2,2001/S1,2001/S2,2002/S1,18,1288652D,SCG,0.27817183732730655,0.015665333328427712,0.029661516636779225
2001/S1_a_2001/S2,2001/S1,2001/S2,2002/S1,19,EOP,AIV,0.27981829913051115,0.005932749518676779,0.033128953966230563
2001/S1_a_2001/S2,2001/S1,2001/S2,2002/S1,20,D,CIN,0.28016299104967857,-0.007650215128681811,0.032794822512389694
2001/S2_a_2002/S1,2001/S2,2002/S1,2002/S2,1,TKR,291784Q,0.0,0.0,0.0
2001/S2_a_2002/S1,2001/S2,2002/S1,2002/S2,2,291784Q,1288453D,0.0,0.0,0.0
2001/S2_a_2002/S1,2001/S2,2002/S1,2002/S2,3,LSI,1431816D,0.0,0.0,0.0
2001/S2_a_2002/S1,2001/S2,2002/S1,2002/S2,4,TKR,1288453D,0.0,0.0,0.0
2001/S2_a_2002/S1,2001/S2,2002/S1,2002/S2,5,JCI,1436513D,1.1491465556900948e-08,4.922494769070839e-06,4.731263316687147e-06
2001/S2_a_2002/S1,2001/S2,2002/S1,2002/S2,6,MHFI,SPGI,0.05585308390885757,-0.0031429438005839408,0.014735223308300958
2001/S2_a_2002/S1,2001/S2,2002/S1,2002/S2,7,8375930Q,COP,0.06585346065480735,0.014277370307328653,0.007938832428479285
2001/S2_a_2002/S1,2001/S2,2002/S1,2002/S2,8,GIDL,PSX,0.06700704319928263,-0.014260892422653583,0.008257516700028722
2001/S2_a_2002/S1,2001/S2,2002/S1,2002/S2,9,BF_B,1958Q,0.07968232910729967,0.011979660341527377,0.013409558600616668
2001/S2_a_2002/S1,2001/S2,2002/S1,2002/S2,10,WFC,MTB,0.1773507169198183,-0.0032582083126196327,0.026651056228551653
2001/S2_a_2002/S1,2001/S2,2002/S1,2002/S2,11,WFC,355488Q,0.1847516949628698,-0.001119712112765703,0.027381824235702644
2001/S2_a_2002/S1,2001/S2,2002/S1,2002/S2,12,KEY,MTB,0.18688443164950286,-0.01369110841608971,0.023905739572016447
2001/S2_a_2002/S1,2001/S2,2002/S1,2002/S2,13,CMCSA,CMCSK,0.1907365263980978,0.02220041173488415,0.016747834581778902
2001/S2_a_2002/S1,2001/S2,2002/S1,2002/S2,14,355488Q,MTB,0.19312546683886467,-0.002138496199853931,0.027936913165680463
2001/S2_a_2002/S1,2001/S2,2002/S1,2002/S2,15,2676187Q,GAS,0.20315304951276403,-0.001699783480431539,0.02868665884462859
2001/S2_a_2002/S1,2001/S2,2002/S1,2002/S2,16,1255173D,KEY,0.20890404709854238,-0.008813951776103328,0.027770522174844364
2001/S2_a_2002/S1,2001/S2,2002/S1,2002/S2,17,EQR,AVB,0.21178681283868173,-0.006249648841683064,0.028665399351093742
2001/S2_a_2002/S1,2001/S2,2002/S1,2002/S2,18,DDR,GGP,0.21427103799192082,0.01088505549728532,0.027423610309843836
2001/S2_a_2002/S1,2001/S2,2002/S1,2002/S2,19,SPG,PLD,0.2220514363473285,0.01064239421800329,0.028087847047841435
2001/S2_a_2002/S1,2001/S2,2002/S1,2002/S2,20,PEG,ES,0.22393913715541203,-0.021613031091590323,0.021007134700963048
2002/S1_a_2002/S2,2002/S1,2002/S2,2003/S1,1,TKR,1288453D,0.0,0.0,0.0
2002/S1_a_2002/S2,2002/S1,2002/S2,2003/S1,2,291784Q,1288453D,0.0,0.0,0.0
2002/S1_a_2002/S2,2002/S1,2002/S2,2003/S1,3,LSI,1431816D,0.0,0.0,0.0
2002/S1_a_2002/S2,2002/S1,2002/S2,2003/S1,4,TKR,291784Q,0.0,0.0,0.0
2002/S1_a_2002/S2,2002/S1,2002/S2,2003/S1,5,JCI,1436513D,5.199694896873552e-09,2.034088107705399e-06,4.069583908660927e-06
2002/S1_a_2002/S2,2002/S1,2002/S2,2003/S1,6,GIDL,PSX,0.06550751447474568,-0.013966972817402525,0.008070476270429736
2002/S1_a_2002/S2,2002/S1,2002/S2,2003/S1,7,BF_B,1958Q,0.10452285462827149,-0.011961852542599858,0.016515742065921508
2002/S1_a_2002/S2,2002/S1,2002/S2,2003/S1,8,BBT,2676187Q,0.12410405538003033,-0.014253100671382574,0.017043421688422333
2002/S1_a_2002/S2,2002/S1,2002/S2,2003/S1,9,KRI,TMK,0.12652074538146962,-0.004699503631720192,0.021952070310181294
2002/S1_a_2002/S2,2002/S1,2002/S2,2003/S1,10,SPG,DDR,0.17232621702498818,0.00267501876635302,0.0260648115147343
2002/S1_a_2002/S2,2002/S1,2002/S2,2003/S1,11,HBAN,MTB,0.17619536783763579,0.001548238475229416,0.026449328624702458
2002/S1_a_2002/S2,2002/S1,2002/S2,2003/S1,12,EOP,EQR,0.19743939876724426,-0.012505648784543565,0.025091768096918217
2002/S1_a_2002/S2,2002/S1,2002/S2,2003/S1,13,HBAN,355488Q,0.21008154111120803,-0.016159332464300267,0.023975276661222865
2002/S1_a_2002/S2,2002/S1,2002/S2,2003/S1,14,STI,NCC,0.21620261046905398,-0.004268576394143268,0.029035696046568214
2002/S1_a_2002/S2,2002/S1,2002/S2,2003/S1,15,PG,3393199Q,0.2173667075164758,-0.0038428183510118737,0.02917493328586354
2002/S1_a_2002/S2,2002/S1,2002/S2,2003/S1,16,CMCSA,CMCSK,0.217903048834728,0.025889118488069345,0.013972218009197027
2002/S1_a_2002/S2,2002/S1,2002/S2,2003/S1,17,GPC,EOP,0.2268615069202724,-0.006367320383505873,0.029379013104927562
2002/S1_a_2002/S2,2002/S1,2002/S2,2003/S1,18,AEE,PSX,0.23237197550054134,-0.0073098580972602864,0.029531980173796286
2002/S1_a_2002/S2,2002/S1,2002/S2,2003/S1,19,WFC,MTB,0.23572329881642418,0.013298616614459404,0.027596718108772112
2002/S1_a_2002/S2,2002/S1,2002/S2,2003/S1,20,355488Q,MTB,0.238344830650135,0.017707570939529686,0.025194715610527448
2002/S2_a_2003/S1,2002/S2,2003/S1,2003/S2,1,LSI,1431816D,0.0,0.0,0.0
2002/S2_a_2003/S1,2002/S2,2003/S1,2003/S2,2,TKR,1288453D,0.0,0.0,0.0
2002/S2_a_2003/S1,2002/S2,2003/S1,2003/S2,3,291784Q,1288453D,0.0,0.0,0.0
2002/S2_a_2003/S1,2002/S2,2003/S1,2003/S2,4,TKR,291784Q,0.0,0.0,0.0
2002/S2_a_2003/S1,2002/S2,2003/S1,2003/S2,5,JCI,1436513D,7.663061296625528e-09,-3.6925559917839427e-06,4.103707392122592e-06
2002/S2_a_2003/S1,2002/S2,2003/S1,2003/S2,6,CMCSA,CMCSK,0.04805902883595081,0.0058848493366234845,0.012518019363319657
2002/S2_a_2003/S1,2002/S2,2003/S1,2003/S2,7,GIDL,PSX,0.06373631114655609,-0.01373425911744212,0.008034185679631795
2002/S2_a_2003/S1,2002/S2,2003/S1,2003/S2,8,355488Q,RF,0.07987611240213255,0.014328203056855419,0.010588493884241174
2002/S2_a_2003/S1,2002/S2,2003/S1,2003/S2,9,BF_B,1958Q,0.08413633409577415,0.010225779041787331,0.01517304720448588
2002/S2_a_2003/S1,2002/S2,2003/S1,2003/S2,10,SPG,8394653Q,0.12327641562478675,-0.0017966968169257306,0.022088461187243776
2002/S2_a_2003/S1,2002/S2,2003/S1,2003/S2,11,355488Q,MTB,0.16005563054199,0.008404754936349653,0.02380652211899857
2002/S2_a_2003/S1,2002/S2,2003/S1,2003/S2,12,UNH,502466Q,0.16196432626321666,-0.002477818195185362,0.0252806676484815
2002/S2_a_2003/S1,2002/S2,2003/S1,2003/S2,13,NEE,EXC,0.16337898126408845,0.0006485636582622324,0.025504704767916154
2002/S2_a_2003/S1,2002/S2,2003/S1,2003/S2,14,MHFI,SPGI,0.165424632008353,0.01692369869289914,0.019274584807141237
2002/S2_a_2003/S1,2002/S2,2003/S1,2003/S2,15,BXP,ESS,0.16892272586738954,0.004994406140637715,0.02545496879364691
2002/S2_a_2003/S1,2002/S2,2003/S1,2003/S2,16,EQR,SLG,0.1738158025118537,0.003449557039017759,0.026087283974969178
2002/S2_a_2003/S1,2002/S2,2003/S1,2003/S2,17,SOV,8206908Q,0.181075353378219,0.0033327609309727773,0.026650782407181786
2002/S2_a_2003/S1,2002/S2,2003/S1,2003/S2,18,SCG,PBCT,0.18515517176967933,0.005870923207374234,0.026515371882596398
2002/S2_a_2003/S1,2002/S2,2003/S1,2003/S2,19,KEY,RF,0.19041245463222367,-0.012979613060471485,0.024279081639682867
2002/S2_a_2003/S1,2002/S2,2003/S1,2003/S2,20,8394653Q,O,0.19279792091248282,0.012020007837228676,0.024961229908418932
2003/S1_a_2003/S2,2003/S1,2003/S2,2004/S1,1,TKR,1288453D,0.0,0.0,0.0
2003/S1_a_2003/S2,2003/S1,2003/S2,2004/S1,2,TKR,291784Q,0.0,0.0,0.0
2003/S1_a_2003/S2,2003/S1,2003/S2,2004/S1,3,291784Q,1288453D,0.0,0.0,0.0
2003/S1_a_2003/S2,2003/S1,2003/S2,2004/S1,4,LSI,1431816D,0.0,0.0,0.0
2003/S1_a_2003/S2,2003/S1,2003/S2,2004/S1,5,JCI,1436513D,5.12704900756944e-09,2.4722876153070678e-06,3.7802217664598968e-06
2003/S1_a_2003/S2,2003/S1,2003/S2,2004/S1,6,PNAA,GIDL,0.00022720370611750695,-0.0008228360688292091,0.0004748024916930916
2003/S1_a_2003/S2,2003/S1,2003/S2,2004/S1,7,CMCSA,CMCSK,0.02169306109124136,0.005678222741830775,0.007352269695365638
2003/S1_a_2003/S2,2003/S1,2003/S2,2004/S1,8,GIDL,PSX,0.06177088198126057,-0.013567427700642348,0.007828835806018272
2003/S1_a_2003/S2,2003/S1,2003/S2,2004/S1,9,PNAA,PSX,0.06949063487530793,-0.014390263769471558,0.008303638297711363
2003/S1_a_2003/S2,2003/S1,2003/S2,2004/S1,10,NEE,AEE,0.09020333557737104,-0.0023818788783449185,0.01880637894405942
2003/S1_a_2003/S2,2003/S1,2003/S2,2004/S1,11,HBAN,MTB,0.09340169920733388,-0.01075210984005294,0.016001558312072253
2003/S1_a_2003/S2,2003/S1,2003/S2,2004/S1,12,355488Q,RF,0.10281823987975258,0.016674927100453374,0.011422497379188889
2003/S1_a_2003/S2,2003/S1,2003/S2,2004/S1,13,TGNA,HBAN,0.1055926567237293,0.004640303753318546,0.01997672820909849
2003/S1_a_2003/S2,2003/S1,2003/S2,2004/S1,14,WFC,STI,0.13350311319140928,0.005864195761628466,0.022301549588372507
2003/S1_a_2003/S2,2003/S1,2003/S2,2004/S1,15,WWY,PNAA,0.14232008756488312,-0.005347344747370395,0.023201385400583408
2003/S1_a_2003/S2,2003/S1,2003/S2,2004/S1,16,EOP,O,0.14294048765088974,-0.009247206993526843,0.021991646067051212
2003/S1_a_2003/S2,2003/S1,2003/S2,2004/S1,17,WWY,GIDL,0.14380654709162854,-0.0061701808161996035,0.023123832758561835
2003/S1_a_2003/S2,2003/S1,2003/S2,2004/S1,18,TGNA,MTB,0.14741797144324664,-0.006111806086734394,0.02344823235000694
2003/S1_a_2003/S2,2003/S1,2003/S2,2004/S1,19,0961514D,KSE,0.15147026927201068,0.0050913425490505225,0.02403002632798323
2003/S1_a_2003/S2,2003/S1,2003/S2,2004/S1,20,WFC,3621240Q,0.1535333616502612,0.011050576480372793,0.022115264962250726
2003/S2_a_2004/S1,2003/S2,2004/S1,2004/S2,1,TKR,291784Q,0.0,0.0,0.0
2003/S2_a_2004/S1,2003/S2,2004/S1,2004/S2,2,TKR,1288453D,0.0,0.0,0.0
2003/S2_a_2004/S1,2003/S2,2004/S1,2004/S2,3,291784Q,1288453D,0.0,0.0,0.0
2003/S2_a_2004/S1,2003/S2,2004/S1,2004/S2,4,LSI,1431816D,0.0,0.0,0.0
2003/S2_a_2004/S1,2003/S2,2004/S1,2004/S2,5,JCI,1436513D,3.0794353733654134e-09,5.957178016664898e-08,3.5019914142565384e-06
2003/S2_a_2004/S1,2003/S2,2004/S1,2004/S2,6,PNAA,GIDL,0.00022796257275103926,-0.0008217176943223038,0.00047990346212904456
2003/S2_a_2004/S1,2003/S2,2004/S1,2004/S2,7,MHFI,SPGI,0.03258201220489809,0.0026683862874329095,0.011075204761851008
2003/S2_a_2004/S1,2003/S2,2004/S1,2004/S2,8,355488Q,RF,0.05775626001070577,0.013046399763532926,0.007695320205565139
2003/S2_a_2004/S1,2003/S2,2004/S1,2004/S2,9,GIDL,PSX,0.06024828781062297,-0.013358669908469024,0.007801793709470036
2003/S2_a_2004/S1,2003/S2,2004/S1,2004/S2,10,PNAA,PSX,0.06788822844504239,-0.014180387602791326,0.00828169717159908
2003/S2_a_2004/S1,2003/S2,2004/S1,2004/S2,11,NEE,SO,0.07504800226053021,-0.012027336522446306,0.012400116092643411
2003/S2_a_2004/S1,2003/S2,2004/S1,2004/S2,12,HLS,PSX,0.08456500327349659,0.015826547990114386,0.0092430955625025
2003/S2_a_2004/S1,2003/S2,2004/S1,2004/S2,13,BF_B,1958Q,0.10496244282126099,-0.017926221249574874,0.009774833922694962
2003/S2_a_2004/S1,2003/S2,2004/S1,2004/S2,14,XEL,TEG,0.10800813655953334,-0.00271869154489375,0.020564303294118624
2003/S2_a_2004/S1,2003/S2,2004/S1,2004/S2,15,MCAI,HLS,0.10885138531352823,0.01795592754311528,0.010486705900620445
2003/S2_a_2004/S1,2003/S2,2004/S1,2004/S2,16,0961514D,KSE,0.11178285803441668,-0.0025427953100651732,0.020948948991039395
2003/S2_a_2004/S1,2003/S2,2004/S1,2004/S2,17,CMCSA,CMCSK,0.11186017741283649,-0.018934079533704132,0.009259072589626065
2003/S2_a_2004/S1,2003/S2,2004/S1,2004/S2,18,D,SO,0.11287242768588612,0.006853191161961597,0.02006333973702086
2003/S2_a_2004/S1,2003/S2,2004/S1,2004/S2,19,3393199Q,PSX,0.1360231936139371,0.002851220556402521,0.023103316368352892
2003/S2_a_2004/S1,2003/S2,2004/S1,2004/S2,20,D,PGL,0.14756629512567088,0.00030138837890902306,0.02424504752624473
2004/S1_a_2004/S2,2004/S1,2004/S2,2005/S1,1,TKR,1288453D,0.0,0.0,0.0
2004/S1_a_2004/S2,2004/S1,2004/S2,2005/S1,2,LSI,1431816D,0.0,0.0,0.0
2004/S1_a_2004/S2,2004/S1,2004/S2,2005/S1,3,TKR,291784Q,0.0,0.0,0.0
2004/S1_a_2004/S2,2004/S1,2004/S2,2005/S1,4,291784Q,1288453D,0.0,0.0,0.0
2004/S1_a_2004/S2,2004/S1,2004/S2,2005/S1,5,JCI,1436513D,2.86672729998827e-09,2.1147046819936838e-06,2.6327962276460464e-06
2004/S1_a_2004/S2,2004/S1,2004/S2,2005/S1,6,PNAA,GIDL,0.00022933531010949082,-0.0008269296681078451,0.0004766019983616304
2004/S1_a_2004/S2,2004/S1,2004/S2,2005/S1,7,BF_B,1958Q,0.03418197912071719,-0.006347462642025769,0.009784292652209307
2004/S1_a_2004/S2,2004/S1,2004/S2,2005/S1,8,MHFI,SPGI,0.04661238737264739,0.00815177682323944,0.010908277148567342
2004/S1_a_2004/S2,2004/S1,2004/S2,2005/S1,9,GIDL,PSX,0.05889821059986389,-0.013252083402364168,0.0076378556431127235
2004/S1_a_2004/S2,2004/S1,2004/S2,2005/S1,10,PNAA,PSX,0.06647803960419196,-0.014079013070472012,0.008114457641474355
2004/S1_a_2004/S2,2004/S1,2004/S2,2005/S1,11,XEL,CIN,0.07532803044125558,-0.0015660114825942154,0.017252521920463004
2004/S1_a_2004/S2,2004/S1,2004/S2,2005/S1,12,HLS,PSX,0.07797164064936624,0.015247598460040769,0.008787973362828935
2004/S1_a_2004/S2,2004/S1,2004/S2,2005/S1,13,CEG,SO,0.08869792229756968,-0.0019422992080243015,0.01869734259959418
2004/S1_a_2004/S2,2004/S1,2004/S2,2005/S1,14,XEL,TEG,0.09412699986467032,0.006165044991737135,0.018353440070489384
2004/S1_a_2004/S2,2004/S1,2004/S2,2005/S1,15,8394653Q,KIM,0.09700997472759809,0.0029003894857298064,0.019443460316309107
2004/S1_a_2004/S2,2004/S1,2004/S2,2005/S1,16,D,WFC,0.0988806722790514,-0.0019514557263433194,0.01975154550989154
2004/S1_a_2004/S2,2004/S1,2004/S2,2005/S1,17,CEG,AEE,0.10944648085353492,0.003974312581254152,0.02049838205733407
2004/S1_a_2004/S2,2004/S1,2004/S2,2005/S1,18,SO,AEE,0.1139371808657188,0.005916611789278455,0.020464291561672298
2004/S1_a_2004/S2,2004/S1,2004/S2,2005/S1,19,CEG,CIN,0.11842494514132795,-0.009133697591509561,0.01969913019644976
2004/S1_a_2004/S2,2004/S1,2004/S2,2005/S1,20,CMCSA,CMCSK,0.12340443690158054,-0.02006144796860479,0.009358740053607213
2004/S2_a_2005/S1,2004/S2,2005/S1,2005/S2,1,TKR,1288453D,0.0,0.0,0.0
2004/S2_a_2005/S1,2004/S2,2005/S1,2005/S2,2,291784Q,1288453D,0.0,0.0,0.0
2004/S2_a_2005/S1,2004/S2,2005/S1,2005/S2,3,LSI,1431816D,0.0,0.0,0.0
2004/S2_a_2005/S1,2004/S2,2005/S1,2005/S2,4,TKR,291784Q,0.0,0.0,0.0
2004/S2_a_2005/S1,2004/S2,2005/S1,2005/S2,5,JCI,1436513D,2.546016730775591e-09,-1.0786353656241756e-06,2.9889592036331275e-06
2004/S2_a_2005/S1,2004/S2,2005/S1,2005/S2,6,CMCSA,CMCSK,0.008946859941374896,-0.0003667622882292052,0.005947130745256403
2004/S2_a_2005/S1,2004/S2,2005/S1,2005/S2,7,MHFI,SPGI,0.04773050682717894,0.0051568882958778345,0.012755694668574916
2004/S2_a_2005/S1,2004/S2,2005/S1,2005/S2,8,PNAA,PSX,0.06477450270142526,-0.013847583244044741,0.00803275674455203
2004/S2_a_2005/S1,2004/S2,2005/S1,2005/S2,9,BF_B,1958Q,0.06594030443784504,0.011527503463963147,0.011325070587674074
2004/S2_a_2005/S1,2004/S2,2005/S1,2005/S2,10,HLS,PSX,0.07175122334172102,0.014574262784344517,0.008454291670581458
2004/S2_a_2005/S1,2004/S2,2005/S1,2005/S2,11,TMK,MSFT,0.08694721362712698,-0.0027299996273441283,0.0183724291411561
2004/S2_a_2005/S1,2004/S2,2005/S1,2005/S2,12,STI,KEY,0.09568348892673839,0.002812539358272854,0.019280939204317914
2004/S2_a_2005/S1,2004/S2,2005/S1,2005/S2,13,XEL,CIN,0.09984913855385003,-0.007867212816942698,0.01827807690908878
2004/S2_a_2005/S1,2004/S2,2005/S1,2005/S2,14,GE,STI,0.10243536930749997,-0.008651398683657633,0.01820290775810028
2004/S2_a_2005/S1,2004/S2,2005/S1,2005/S2,15,BAC,KSE,0.1123320390815934,-0.0048748067059998625,0.02054030230712645
2004/S2_a_2005/S1,2004/S2,2005/S1,2005/S2,16,BAC,WFC,0.11838348086121186,0.013362233420893271,0.01704458585039161
2004/S2_a_2005/S1,2004/S2,2005/S1,2005/S2,17,T,NCC,0.11841845235744586,-0.005253126785697667,0.021028781399159528
2004/S2_a_2005/S1,2004/S2,2005/S1,2005/S2,18,WFC,PNW,0.1199411957193206,-0.008289487075089927,0.020173468937343283
2004/S2_a_2005/S1,2004/S2,2005/S1,2005/S2,19,SNV,MI,0.12034308892100398,-0.0033068884941963974,0.02160030170534405
2004/S2_a_2005/S1,2004/S2,2005/S1,2005/S2,20,K,WWY,0.12206603120091586,0.001691001878659634,0.021943522465068074
2005/S1_a_2005/S2,2005/S1,2005/S2,2006/S1,1,LSI,1431816D,0.0,0.0,0.0
2005/S1_a_2005/S2,2005/S1,2005/S2,2006/S1,2,TKR,1288453D,0.0,0.0,0.0
2005/S1_a_2005/S2,2005/S1,2005/S2,2006/S1,3,TKR,291784Q,0.0,0.0,0.0
2005/S1_a_2005/S2,2005/S1,2005/S2,2006/S1,4,291784Q,1288453D,0.0,0.0,0.0
2005/S1_a_2005/S2,2005/S1,2005/S2,2006/S1,5,JCI,1436513D,1.7579395716893487e-09,7.245677075899395e-07,2.544825565552482e-06
2005/S1_a_2005/S2,2005/S1,2005/S2,2006/S1,6,CMCSA,CMCSK,0.008601364930768796,0.0020160499244187688,0.005494336704636949
2005/S1_a_2005/S2,2005/S1,2005/S2,2006/S1,7,PNAA,PSX,0.06147939943514302,-0.013516992538971814,0.00784224677027305
2005/S1_a_2005/S2,2005/S1,2005/S2,2006/S1,8,HLS,PSX,0.06432123787544697,0.013825869801934284,0.008021450221845933
2005/S1_a_2005/S2,2005/S1,2005/S2,2006/S1,9,BF_B,1958Q,0.07013226205833689,0.00941102165813215,0.013801855530668653
2005/S1_a_2005/S2,2005/S1,2005/S2,2006/S1,10,T,USB,0.07583691858633301,0.0031030429158063685,0.01710180927513214
2005/S1_a_2005/S2,2005/S1,2005/S2,2006/S1,11,EQR,0574018D,0.07674982841717792,0.006837380060183845,0.01608851107772367
2005/S1_a_2005/S2,2005/S1,2005/S2,2006/S1,12,K,WWY,0.0978434295303714,-0.002474728231973753,0.019587388313343647
2005/S1_a_2005/S2,2005/S1,2005/S2,2006/S1,13,EXC,PEG,0.09945531982339162,-0.012993356504338267,0.015057768823163363
2005/S1_a_2005/S2,2005/S1,2005/S2,2006/S1,14,STI,KEY,0.10243648831828978,0.002211581286667124,0.020079913372996794
2005/S1_a_2005/S2,2005/S1,2005/S2,2006/S1,15,3393199Q,MDLZ,0.10329021139506267,0.004539497383574594,0.01976931081731634
2005/S1_a_2005/S2,2005/S1,2005/S2,2006/S1,16,WFC,STI,0.10392589352881032,-0.009722303684656538,0.01786470288669316
2005/S1_a_2005/S2,2005/S1,2005/S2,2006/S1,17,SNV,MI,0.10661300289871178,-0.0035278753924468885,0.020304125431380833
2005/S1_a_2005/S2,2005/S1,2005/S2,2006/S1,18,K,PSX,0.10705890205781543,0.004403880699667195,0.020175679851338665
2005/S1_a_2005/S2,2005/S1,2005/S2,2006/S1,19,BAC,C,0.11018946609613067,-0.0008648653120595183,0.02093444255051697
2005/S1_a_2005/S2,2005/S1,2005/S2,2006/S1,20,WFC,BLS,0.11403427398420263,0.014676992259187189,0.015428787748260809
2005/S2_a_2006/S1,2005/S2,2006/S1,2006/S2,1,LSI,1431816D,0.0,0.0,0.0
2005/S2_a_2006/S1,2005/S2,2006/S1,2006/S2,2,TKR,1288453D,0.0,0.0,0.0
2005/S2_a_2006/S1,2005/S2,2006/S1,2006/S2,3,TKR,291784Q,0.0,0.0,0.0
2005/S2_a_2006/S1,2005/S2,2006/S1,2006/S2,4,291784Q,1288453D,0.0,0.0,0.0
2005/S2_a_2006/S1,2005/S2,2006/S1,2006/S2,5,JCI,1436513D,8.100414561340585e-09,4.9158756064977585e-06,2.83057484277039e-06
2005/S2_a_2006/S1,2005/S2,2006/S1,2006/S2,6,USB,MTB,0.03916050674069993,-0.0008573066692400029,0.01246114169049687
2005/S2_a_2006/S1,2005/S2,2006/S1,2006/S2,7,MHFI,SPGI,0.050255533054041734,0.002169325622144093,0.013982007176091934
2005/S2_a_2006/S1,2005/S2,2006/S1,2006/S2,8,BF_B,1958Q,0.052310575811134186,0.004277180775950412,0.013785554309523036
2005/S2_a_2006/S1,2005/S2,2006/S1,2006/S2,9,HLS,PSX,0.060790392672174676,0.01344378862794447,0.007793412939976851
2005/S2_a_2006/S1,2005/S2,2006/S1,2006/S2,10,PNAA,PSX,0.06129523189963493,-0.013499495780543784,0.007825706578025468
2005/S2_a_2006/S1,2005/S2,2006/S1,2006/S2,11,ED,SO,0.061639927452176835,0.0038837169143889545,0.015180054363497803
2005/S2_a_2006/S1,2005/S2,2006/S1,2006/S2,12,CMCSA,CMCSK,0.08716893991373809,-0.016736815482736703,0.008127090550034185
2005/S2_a_2006/S1,2005/S2,2006/S1,2006/S2,13,AEE,SCG,0.09313712746268266,-0.002671317330089141,0.019076160162259517
2005/S2_a_2006/S1,2005/S2,2006/S1,2006/S2,14,ETR,AEE,0.09650398278142802,0.006103683573499833,0.018629939339019828
2005/S2_a_2006/S1,2005/S2,2006/S1,2006/S2,15,DUK,POM,0.09924534258863105,0.00872176485842177,0.01786134162241833
2005/S2_a_2006/S1,2005/S2,2006/S1,2006/S2,16,PBG,MTB,0.10167178656342912,-0.005114674115953226,0.01946285602758264
2005/S2_a_2006/S1,2005/S2,2006/S1,2006/S2,17,AEE,PNW,0.1081072116075461,-0.006576213531040986,0.019679612312892333
2005/S2_a_2006/S1,2005/S2,2006/S1,2006/S2,18,BAC,WFC,0.11289385881298131,-0.015259863614880204,0.014696433227438974
2005/S2_a_2006/S1,2005/S2,2006/S1,2006/S2,19,WFC,MTB,0.11451493616391417,-0.009825850142880807,0.01895528484834531
2005/S2_a_2006/S1,2005/S2,2006/S1,2006/S2,20,WFC,TMK,0.12194462250818106,-0.010897517666490778,0.019146961302008395
2006/S1_a_2006/S2,2006/S1,2006/S2,2007/S1,1,TKR,291784Q,0.0,0.0,0.0
2006/S1_a_2006/S2,2006/S1,2006/S2,2007/S1,2,LSI,1431816D,0.0,0.0,0.0
2006/S1_a_2006/S2,2006/S1,2006/S2,2007/S1,3,TKR,1288453D,0.0,0.0,0.0
2006/S1_a_2006/S2,2006/S1,2006/S2,2007/S1,4,291784Q,1288453D,0.0,0.0,0.0
2006/S1_a_2006/S2,2006/S1,2006/S2,2007/S1,5,JCI,1436513D,1.4274519344326109e-09,1.2039552469382979e-06,2.0628740304668107e-06
2006/S1_a_2006/S2,2006/S1,2006/S2,2007/S1,6,CMCSA,CMCSK,0.027710393543429745,-0.00982146855171066,0.003740920298999706
2006/S1_a_2006/S2,2006/S1,2006/S2,2007/S1,7,BF_B,1958Q,0.032207495476541226,0.0002118582514101569,0.011348344304466147
2006/S1_a_2006/S2,2006/S1,2006/S2,2007/S1,8,MHFI,SPGI,0.05073611187094684,-0.002735430185856593,0.013979697381174399
2006/S1_a_2006/S2,2006/S1,2006/S2,2007/S1,9,PNAA,PSX,0.057750746439808154,-0.01313090649797238,0.007608718517540808
2006/S1_a_2006/S2,2006/S1,2006/S2,2007/S1,10,MI,MTB,0.08929776887396201,-0.007267820373034398,0.01744014270783877
2006/S1_a_2006/S2,2006/S1,2006/S2,2007/S1,11,ED,SO,0.09144360405207408,0.011161614683729846,0.01551433038486718
2006/S1_a_2006/S2,2006/S1,2006/S2,2007/S1,12,SRE,WEC,0.0988233117004711,-0.0025962343578794294,0.01971105913514712
2006/S1_a_2006/S2,2006/S1,2006/S2,2007/S1,13,GIS,USB,0.11196371632490809,-0.000174157654893553,0.021161862231098272
2006/S1_a_2006/S2,2006/S1,2006/S2,2007/S1,14,0111145D,WEC,0.11951866043875725,-0.001289948411491743,0.021826681355259298
2006/S1_a_2006/S2,2006/S1,2006/S2,2007/S1,15,AEE,SCG,0.12489578763086229,0.003378610938987846,0.022093494033287617
2006/S1_a_2006/S2,2006/S1,2006/S2,2007/S1,16,KMB,MET,0.1302218629125491,0.002520707678024519,0.02268277030222694
2006/S1_a_2006/S2,2006/S1,2006/S2,2007/S1,17,CL,PFG,0.13101739413662017,-0.005180648668915926,0.02229625752080893
2006/S1_a_2006/S2,2006/S1,2006/S2,2007/S1,18,KO,DUK,0.13952245346354175,-0.00472407009330516,0.023144841936270012
2006/S1_a_2006/S2,2006/S1,2006/S2,2007/S1,19,HLS,PSX,0.14308861128370154,0.005264581346942489,0.023335118707844126
2006/S1_a_2006/S2,2006/S1,2006/S2,2007/S1,20,XL,CB,0.14573908143933068,-0.01090596866438659,0.021529988681811597
2006/S2_a_2007/S1,2006/S2,2007/S1,2007/S2,1,TKR,1288453D,0.0,0.0,0.0
2006/S2_a_2007/S1,2006/S2,2007/S1,2007/S2,2,291784Q,1288453D,0.0,0.0,0.0
2006/S2_a_2007/S1,2006/S2,2007/S1,2007/S2,3,AVATQ,PNAA,0.0,0.0,0.0
2006/S2_a_2007/S1,2006/S2,2007/S1,2007/S2,4,LSI,1431816D,0.0,0.0,0.0
2006/S2_a_2007/S1,2006/S2,2007/S1,2007/S2,5,TKR,291784Q,0.0,0.0,0.0
2006/S2_a_2007/S1,2006/S2,2007/S1,2007/S2,6,JCI,1436513D,1.5584191714879125e-09,-1.7288234568728633e-06,1.8046095140246947e-06
2006/S2_a_2007/S1,2006/S2,2007/S1,2007/S2,7,SCHW,KSE,0.026888309906780705,0.006375463251394345,0.008196060614443723
2006/S2_a_2007/S1,2006/S2,2007/S1,2007/S2,8,CMCSA,CMCSK,0.034588876940574664,0.009037476079727325,0.007543683617582393
2006/S2_a_2007/S1,2006/S2,2007/S1,2007/S2,9,BF_B,1958Q,0.03606029512286568,0.007456812427057793,0.00943361549586076
2006/S2_a_2007/S1,2006/S2,2007/S1,2007/S2,10,AVATQ,PSX,0.05653456710587079,-0.012981151237595497,0.007606537888178309
2006/S2_a_2007/S1,2006/S2,2007/S1,2007/S2,11,PNAA,PSX,0.05653456710587079,-0.012981151237595497,0.007606537888178309
2006/S2_a_2007/S1,2006/S2,2007/S1,2007/S2,12,LNC,MET,0.06141773921467575,0.0017153419280123501,0.015611001646896378
2006/S2_a_2007/S1,2006/S2,2007/S1,2007/S2,13,MHFI,SPGI,0.062417691574182754,-0.0007909111802091604,0.015812824144693583
2006/S2_a_2007/S1,2006/S2,2007/S1,2007/S2,14,KSE,MI,0.08246055070765124,-0.005598335260293712,0.017311835365381018
2006/S2_a_2007/S1,2006/S2,2007/S1,2007/S2,15,K,SCHW,0.08926918762301739,0.000742618172915058,0.01891975415091025
2006/S2_a_2007/S1,2006/S2,2007/S1,2007/S2,16,FE,POM,0.08991985391048729,0.008356444839747975,0.017059111890038482
2006/S2_a_2007/S1,2006/S2,2007/S1,2007/S2,17,SCHW,MI,0.10607225742182891,0.0007771279911006328,0.020624903596522613
2006/S2_a_2007/S1,2006/S2,2007/S1,2007/S2,18,PG,MKC,0.10653154188639746,0.00010278905909387115,0.020683977122217288
2006/S2_a_2007/S1,2006/S2,2007/S1,2007/S2,19,K,KSE,0.11033168754579492,0.007118081424309404,0.019804761582617444
2006/S2_a_2007/S1,2006/S2,2007/S1,2007/S2,20,K,TMK,0.11666589678986838,-0.004931703451387436,0.021074115916763135
2007/S1_a_2007/S2,2007/S1,2007/S2,2008/S1,1,TKR,1288453D,0.0,0.0,0.0
2007/S1_a_2007/S2,2007/S1,2007/S2,2008/S1,2,TKR,291784Q,0.0,0.0,0.0
2007/S1_a_2007/S2,2007/S1,2007/S2,2008/S1,3,291784Q,1288453D,0.0,0.0,0.0
2007/S1_a_2007/S2,2007/S1,2007/S2,2008/S1,4,LSI,1431816D,0.0,0.0,0.0
2007/S1_a_2007/S2,2007/S1,2007/S2,2008/S1,5,JCI,1436513D,1.1117435860796832e-09,-1.2141817676376184e-06,1.7224878967687397e-06
2007/S1_a_2007/S2,2007/S1,2007/S2,2008/S1,6,CMCSA,CMCSK,0.004946865537931444,0.0005615714494673016,0.0044125772751747025
2007/S1_a_2007/S2,2007/S1,2007/S2,2008/S1,7,HET,SCHW,0.03630805050784147,0.00016599072101072048,0.012050084601318648
2007/S1_a_2007/S2,2007/S1,2007/S2,2008/S1,8,ED,0961514D,0.07934982492554354,0.013515491619642302,0.01157584173725683
2007/S1_a_2007/S2,2007/S1,2007/S2,2008/S1,9,MHFI,SPGI,0.08809870039965517,0.01075850012430762,0.015368360204481426
2007/S1_a_2007/S2,2007/S1,2007/S2,2008/S1,10,9876566D,CB,0.10017283663648868,0.007472956931639647,0.01856402114043234
2007/S1_a_2007/S2,2007/S1,2007/S2,2008/S1,11,9876566D,TRV,0.10755838243630933,0.006626486789107108,0.019650637681006482
2007/S1_a_2007/S2,2007/S1,2007/S2,2008/S1,12,GIS,HNZ,0.11060752094545023,0.0012958997946733233,0.020993904117125005
2007/S1_a_2007/S2,2007/S1,2007/S2,2008/S1,13,SCHW,GHC,0.11452338079766378,-0.0005830474979435431,0.02139514475359642
2007/S1_a_2007/S2,2007/S1,2007/S2,2008/S1,14,BF_B,1958Q,0.12060547967496404,0.015623764677204935,0.015405956248211358
2007/S1_a_2007/S2,2007/S1,2007/S2,2008/S1,15,KMB,GIS,0.12373491562129857,0.0011631574352677033,0.022216690021792555
2007/S1_a_2007/S2,2007/S1,2007/S2,2008/S1,16,ED,SCG,0.13084916538832658,0.008133369415595029,0.021377098884346676
2007/S1_a_2007/S2,2007/S1,2007/S2,2008/S1,17,0961514D,SCG,0.13540609077705312,-0.005382122204047276,0.022639373991601243
2007/S1_a_2007/S2,2007/S1,2007/S2,2008/S1,18,KMB,PSX,0.13838667724087372,0.013531376744357507,0.019228004569876576
2007/S1_a_2007/S2,2007/S1,2007/S2,2008/S1,19,HET,GHC,0.1474058585054081,-0.0004170567769328226,0.024278566718855563
2007/S1_a_2007/S2,2007/S1,2007/S2,2008/S1,20,0961514D,TEG,0.15448173612793425,0.008655534817407474,0.023296115307170184
2007/S2_a_2008/S1,2007/S2,2008/S1,2008/S2,1,LSI,1431816D,0.0,0.0,0.0
2007/S2_a_2008/S1,2007/S2,2008/S1,2008/S2,2,TKR,291784Q,0.0,0.0,0.0
2007/S2_a_2008/S1,2007/S2,2008/S1,2008/S2,3,TKR,1288453D,0.0,0.0,0.0
2007/S2_a_2008/S1,2007/S2,2008/S1,2008/S2,4,291784Q,1288453D,0.0,0.0,0.0
2007/S2_a_2008/S1,2007/S2,2008/S1,2008/S2,5,JCI,1436513D,5.899210009374656e-10,7.256355686606728e-07,1.3499638868824369e-06
2007/S2_a_2008/S1,2007/S2,2008/S1,2008/S2,6,CMCSA,CMCSK,0.005367642376995718,0.002538072423419229,0.0038623248408340646
2007/S2_a_2008/S1,2007/S2,2008/S1,2008/S2,7,MHFI,SPGI,0.06315403592071789,-0.0006709554683371107,0.0158479566529075
2007/S2_a_2008/S1,2007/S2,2008/S1,2008/S2,8,BF_B,1958Q,0.08112887207158792,0.003917882884101915,0.017544561464865254
2007/S2_a_2008/S1,2007/S2,2008/S1,2008/S2,9,XEL,DUK,0.08657311926390321,0.001758975568496083,0.018488009736806414
2007/S2_a_2008/S1,2007/S2,2008/S1,2008/S2,10,ED,0961514D,0.09567909919479689,-0.0020047532789707946,0.01942051962370874
2007/S2_a_2008/S1,2007/S2,2008/S1,2008/S2,11,FNMA,FMCC,0.14124460674895545,0.0021348152066307494,0.023625239127825944
2007/S2_a_2008/S1,2007/S2,2008/S1,2008/S2,12,D,PPL,0.1502069201346785,0.004585288257659779,0.02402759480133929
2007/S2_a_2008/S1,2007/S2,2008/S1,2008/S2,13,AEP,0961514D,0.15084603470938873,-0.005668617951346465,0.023847829411764346
2007/S2_a_2008/S1,2007/S2,2008/S1,2008/S2,14,XEL,SCG,0.16439937917107272,0.013389134193551594,0.02179436791980772
2007/S2_a_2008/S1,2007/S2,2008/S1,2008/S2,15,VZ,AEE,0.17164440943122372,0.0030846880134766767,0.02596707644206491
2007/S2_a_2008/S1,2007/S2,2008/S1,2008/S2,16,SWY,CMS,0.1820885693712171,0.0015102686037327792,0.026891680294536775
2007/S2_a_2008/S1,2007/S2,2008/S1,2008/S2,17,CPB,ADP,0.1886469266594304,-0.00033569748144410494,0.02741292102895127
2007/S2_a_2008/S1,2007/S2,2008/S1,2008/S2,18,XEL,WEC,0.19503006279944657,-0.008066140443033028,0.02667752550573792
2007/S2_a_2008/S1,2007/S2,2008/S1,2008/S2,19,AEP,ED,0.1959466790264628,-0.003663864672375671,0.027698134844042533
2007/S2_a_2008/S1,2007/S2,2008/S1,2008/S2,20,CMCSK,TWC,0.1971869885068145,0.01017363276347241,0.026109200802131142
2008/S1_a_2008/S2,2008/S1,2008/S2,2009/S1,1,TKR,291784Q,0.0,0.0,0.0
2008/S1_a_2008/S2,2008/S1,2008/S2,2009/S1,2,DTV,1448062D,0.0,0.0,0.0
2008/S1_a_2008/S2,2008/S1,2008/S2,2009/S1,3,291784Q,1288453D,0.0,0.0,0.0
2008/S1_a_2008/S2,2008/S1,2008/S2,2009/S1,4,TKR,1288453D,0.0,0.0,0.0
2008/S1_a_2008/S2,2008/S1,2008/S2,2009/S1,5,LSI,1431816D,0.0,0.0,0.0
2008/S1_a_2008/S2,2008/S1,2008/S2,2009/S1,6,JCI,1436513D,1.4089778233028483e-09,-1.7359270684339516e-06,1.6018721174136867e-06
2008/S1_a_2008/S2,2008/S1,2008/S2,2009/S1,7,CMCSA,CMCSK,0.06406639322574392,0.010238248870224231,0.012206310660326356
2008/S1_a_2008/S2,2008/S1,2008/S2,2009/S1,8,XEL,SCG,0.14858217162492338,-0.003043919805156646,0.024089615537237916
2008/S1_a_2008/S2,2008/S1,2008/S2,2009/S1,9,XEL,DUK,0.20488144088324134,0.011243612736512698,0.026193531671460615
2008/S1_a_2008/S2,2008/S1,2008/S2,2009/S1,10,BF_B,1958Q,0.21528885651798646,-0.019833416093843766,0.021433513371096904
2008/S1_a_2008/S2,2008/S1,2008/S2,2009/S1,11,PCG,0961514D,0.23753103756007476,-0.003374322539790458,0.030514787350231942
2008/S1_a_2008/S2,2008/S1,2008/S2,2009/S1,12,EIX,PPL,0.2542922388113311,0.004579106901213891,0.031433179262109395
2008/S1_a_2008/S2,2008/S1,2008/S2,2009/S1,13,XEL,0961514D,0.2580073004265273,0.0021501928605343417,0.03192486206505509
2008/S1_a_2008/S2,2008/S1,2008/S2,2009/S1,14,KMB,DUK,0.2661492805379453,0.0038815858054340926,0.03226486388864984
2008/S1_a_2008/S2,2008/S1,2008/S2,2009/S1,15,PX,AME,0.26966389914224465,0.00406812252295913,0.03245734961307042
2008/S1_a_2008/S2,2008/S1,2008/S2,2009/S1,16,XEL,GPC,0.2775980807721794,8.99881347340794e-06,0.03319005279152054
2008/S1_a_2008/S2,2008/S1,2008/S2,2009/S1,17,XEL,PCG,0.2896378201025982,0.005524515400324797,0.03344719788539637
2008/S1_a_2008/S2,2008/S1,2008/S2,2009/S1,18,SCHW,PSX,0.2938869455367694,0.02952768502190623,0.01705502850256946
2008/S1_a_2008/S2,2008/S1,2008/S2,2009/S1,19,UTX,AEP,0.2995351952947658,-0.0019354657076144136,0.03442195280146844
2008/S1_a_2008/S2,2008/S1,2008/S2,2009/S1,20,XEL,GAS,0.3053564601995049,0.0033734123805438817,0.034645445811132436
2008/S2_a_2009/S1,2008/S2,2009/S1,2009/S2,1,TKR,1288453D,0.0,0.0,0.0
2008/S2_a_2009/S1,2008/S2,2009/S1,2009/S2,2,LSI,1431816D,0.0,0.0,0.0
2008/S2_a_2009/S1,2008/S2,2009/S1,2009/S2,3,291784Q,1288453D,0.0,0.0,0.0
2008/S2_a_2009/S1,2008/S2,2009/S1,2009/S2,4,TKR,291784Q,0.0,0.0,0.0
2008/S2_a_2009/S1,2008/S2,2009/S1,2009/S2,5,DTV,1448062D,0.0,0.0,0.0
2008/S2_a_2009/S1,2008/S2,2009/S1,2009/S2,6,JCI,1436513D,9.700897862785496e-10,1.0685005407078801e-06,1.6489354205453687e-06
2008/S2_a_2009/S1,2008/S2,2009/S1,2009/S2,7,L,SE,0.17817636659052027,-0.0017299356824683895,0.026586865213279322
2008/S2_a_2009/S1,2008/S2,2009/S1,2009/S2,8,CMCSA,CMCSK,0.1799375930372662,0.018818279377915567,0.01900905928638959
2008/S2_a_2009/S1,2008/S2,2009/S1,2009/S2,9,SCHW,PSX,0.22236299277608396,0.02540069408814274,0.015431868926001199
2008/S2_a_2009/S1,2008/S2,2009/S1,2009/S2,10,SLB,RIG,0.24679500620314343,0.005459322878997883,0.03087594676299094
2008/S2_a_2009/S1,2008/S2,2009/S1,2009/S2,11,MDT,SYK,0.24957974910404346,-0.00700244052266609,0.030742675572412035
2008/S2_a_2009/S1,2008/S2,2009/S1,2009/S2,12,MHFI,SPGI,0.2633743558006927,-0.007936199321371826,0.031401688383335236
2008/S2_a_2009/S1,2008/S2,2009/S1,2009/S2,13,NBR,CHK,0.278572905984376,-0.005020909789556155,0.032932388974495824
2008/S2_a_2009/S1,2008/S2,2009/S1,2009/S2,14,SWK,EFX,0.2884985822839212,-0.0002176966268241486,0.03390205246785183
2008/S2_a_2009/S1,2008/S2,2009/S1,2009/S2,15,XEL,WEC,0.30981370055462776,-0.011355682969658247,0.033239317761414915
2008/S2_a_2009/S1,2008/S2,2009/S1,2009/S2,16,HAL,EP,0.31114518349463083,-0.007062120908425066,0.034489853491481544
2008/S2_a_2009/S1,2008/S2,2009/S1,2009/S2,17,NE,CAM,0.3290601143600327,-0.007895499827721853,0.03533283447167844
2008/S2_a_2009/S1,2008/S2,2009/S1,2009/S2,18,JNJ,DUK,0.331356918202232,0.017977690738715996,0.03155411353963889
2008/S2_a_2009/S1,2008/S2,2009/S1,2009/S2,19,HON,DOV,0.33265431746985996,-0.02035782973081348,0.03015333504313893
2008/S2_a_2009/S1,2008/S2,2009/S1,2009/S2,20,0961514D,WEC,0.3330037881773933,0.01783335222386377,0.031739767205626865
2009/S1_a_2009/S2,2009/S1,2009/S2,2010/S1,1,291784Q,1288453D,0.0,0.0,0.0
2009/S1_a_2009/S2,2009/S1,2009/S2,2010/S1,2,TKR,1288453D,0.0,0.0,0.0
2009/S1_a_2009/S2,2009/S1,2009/S2,2010/S1,3,DTV,1448062D,0.0,0.0,0.0
2009/S1_a_2009/S2,2009/S1,2009/S2,2010/S1,4,LSI,1431816D,0.0,0.0,0.0
2009/S1_a_2009/S2,2009/S1,2009/S2,2010/S1,5,TKR,291784Q,0.0,0.0,0.0
2009/S1_a_2009/S2,2009/S1,2009/S2,2010/S1,6,JCI,1436513D,2.4214159566327e-09,-1.7000910560383526e-06,2.5972630068088457e-06
2009/S1_a_2009/S2,2009/S1,2009/S2,2010/S1,7,CMCSA,CMCSK,0.043202445555493796,0.008687780692091068,0.009815449881470355
2009/S1_a_2009/S2,2009/S1,2009/S2,2010/S1,8,BF_B,1958Q,0.06465997999907813,-0.002322359593449569,0.015880637283190717
2009/S1_a_2009/S2,2009/S1,2009/S2,2010/S1,9,DGX,LH,0.13746625261887857,9.411513218000635e-05,0.023402252461580335
2009/S1_a_2009/S2,2009/S1,2009/S2,2010/S1,10,0961514D,ES,0.15053609453389072,0.0048998376032333155,0.023992526690216974
2009/S1_a_2009/S2,2009/S1,2009/S2,2010/S1,11,JNJ,0961514D,0.16190378598730604,0.0041981970542130384,0.025046754817085886
2009/S1_a_2009/S2,2009/S1,2009/S2,2010/S1,12,XEL,PCG,0.1662365911387269,-0.00850014588154057,0.024284909663367858
2009/S1_a_2009/S2,2009/S1,2009/S2,2010/S1,13,EIX,JNJ,0.20257596978558468,0.000808600156589218,0.02839751992171755
2009/S1_a_2009/S2,2009/S1,2009/S2,2010/S1,14,ED,PCG,0.21097418105318866,0.0027711887830105487,0.02885869891438495
2009/S1_a_2009/S2,2009/S1,2009/S2,2010/S1,15,PG,WM,0.21407449668873824,-0.00143670460113799,0.029168717786255686
2009/S1_a_2009/S2,2009/S1,2009/S2,2010/S1,16,ED,WEC,0.21727384871223876,0.013102125335857622,0.026330272464114193
2009/S1_a_2009/S2,2009/S1,2009/S2,2010/S1,17,T,VZ,0.2200651264133171,-0.007070693744814402,0.028749949557224614
2009/S1_a_2009/S2,2009/S1,2009/S2,2010/S1,18,CPB,1281683D,0.23170395065506,0.008297145509210608,0.02922338810577279
2009/S1_a_2009/S2,2009/S1,2009/S2,2010/S1,19,K,CL,0.2322389484154428,0.0031527055983097455,0.030253522475270862
2009/S1_a_2009/S2,2009/S1,2009/S2,2010/S1,20,CLX,LH,0.23585527886234559,0.0031913090329376064,0.03048667638054323
2009/S2_a_2010/S1,2009/S2,2010/S1,2010/S2,1,TKR,1288453D,0.0,0.0,0.0
2009/S2_a_2010/S1,2009/S2,2010/S1,2010/S2,2,DTV,1448062D,0.0,0.0,0.0
2009/S2_a_2010/S1,2009/S2,2010/S1,2010/S2,3,TKR,291784Q,0.0,0.0,0.0
2009/S2_a_2010/S1,2009/S2,2010/S1,2010/S2,4,291784Q,1288453D,0.0,0.0,0.0
2009/S2_a_2010/S1,2009/S2,2010/S1,2010/S2,5,LSI,1431816D,0.0,0.0,0.0
2009/S2_a_2010/S1,2009/S2,2010/S1,2010/S2,6,JCI,1436513D,8.397478268307168e-09,-5.33699060315106e-06,2.204221788895371e-06
2009/S2_a_2010/S1,2009/S2,2010/S1,2010/S2,7,CMCSA,CMCSK,0.07126479973271671,0.014225013167063027,0.008987008736357188
2009/S2_a_2010/S1,2009/S2,2010/S1,2010/S2,8,BF_B,1958Q,0.09213832068053307,0.009820941973879536,0.01643927538419821
2009/S2_a_2010/S1,2009/S2,2010/S1,2010/S2,9,XEL,SCG,0.1006857056647732,-0.0094148449304183,0.01766764896286881
2009/S2_a_2010/S1,2009/S2,2010/S1,2010/S2,10,T,EIX,0.15548230837066512,0.01001918785415676,0.022774269818406162
2009/S2_a_2010/S1,2009/S2,2010/S1,2010/S2,11,ETR,AEE,0.1599144318352046,-0.01121781774660114,0.022600188115452665
2009/S2_a_2010/S1,2009/S2,2010/S1,2010/S2,12,JNJ,WMT,0.16236060639448624,0.014202426636298225,0.021079432202778043
2009/S2_a_2010/S1,2009/S2,2010/S1,2010/S2,13,SO,0961514D,0.16375045399013288,0.003155245662001344,0.02534555203855277
2009/S2_a_2010/S1,2009/S2,2010/S1,2010/S2,14,EIX,0961514D,0.17871577369066927,0.0022117386215141878,0.026591422634025287
2009/S2_a_2010/S1,2009/S2,2010/S1,2010/S2,15,MCD,MKC,0.17930971980331378,-0.005628130464792662,0.026126218682670364
2009/S2_a_2010/S1,2009/S2,2010/S1,2010/S2,16,ED,WM,0.19552642753637883,-0.0014982088582049216,0.027869987057935648
2009/S2_a_2010/S1,2009/S2,2010/S1,2010/S2,17,MHFI,SPGI,0.19942767419649954,-0.01818028207398425,0.021510301878353746
2009/S2_a_2010/S1,2009/S2,2010/S1,2010/S2,18,CMS,POM,0.20240153038525932,0.005889879590758086,0.02777681961031003
2009/S2_a_2010/S1,2009/S2,2010/S1,2010/S2,19,AEP,ED,0.2034601116936301,-0.006740065911018787,0.02765842685470026
2009/S2_a_2010/S1,2009/S2,2010/S1,2010/S2,20,0111145D,WM,0.21084473007795168,-0.012512618659321717,0.026131005563996737
2010/S1_a_2010/S2,2010/S1,2010/S2,2011/S1,1,TKR,291784Q,0.0,0.0,0.0
2010/S1_a_2010/S2,2010/S1,2010/S2,2011/S1,2,LSI,1431816D,0.0,0.0,0.0
2010/S1_a_2010/S2,2010/S1,2010/S2,2011/S1,3,TKR,1288453D,0.0,0.0,0.0
2010/S1_a_2010/S2,2010/S1,2010/S2,2011/S1,4,DTV,1448062D,0.0,0.0,0.0
2010/S1_a_2010/S2,2010/S1,2010/S2,2011/S1,5,291784Q,1288453D,0.0,0.0,0.0
2010/S1_a_2010/S2,2010/S1,2010/S2,2011/S1,6,JCI,1436513D,2.8671820473391563e-09,-2.9240216447074593e-06,1.6849619913976492e-06
2010/S1_a_2010/S2,2010/S1,2010/S2,2011/S1,7,CMCSA,CMCSK,0.0124417555942955,-0.0010163862651386844,0.0069664618456618385
2010/S1_a_2010/S2,2010/S1,2010/S2,2011/S1,8,TE,SCG,0.06066656114046509,0.0020380387137526788,0.015411985490552591
2010/S1_a_2010/S2,2010/S1,2010/S2,2011/S1,9,MHFI,SPGI,0.06147430323238723,-0.0024907092476793465,0.015449569396416583
2010/S1_a_2010/S2,2010/S1,2010/S2,2011/S1,10,ED,SCG,0.09000589755055444,-0.004225131069354959,0.018457149787427497
2010/S1_a_2010/S2,2010/S1,2010/S2,2011/S1,11,ED,0961514D,0.09376890624184853,-0.003852183894926612,0.01893892442057858
2010/S1_a_2010/S2,2010/S1,2010/S2,2011/S1,12,BF_B,1958Q,0.09439747154283396,0.013124643328182996,0.014252824336710601
2010/S1_a_2010/S2,2010/S1,2010/S2,2011/S1,13,EIX,IBM,0.10323407545297414,0.002634557998089923,0.02010777432850708
2010/S1_a_2010/S2,2010/S1,2010/S2,2011/S1,14,SO,WEC,0.10330053866687194,-0.011298298903005016,0.016834363691487664
2010/S1_a_2010/S2,2010/S1,2010/S2,2011/S1,15,AEP,DUK,0.10651138496052681,-0.006736688212337363,0.019462383475420134
2010/S1_a_2010/S2,2010/S1,2010/S2,2011/S1,16,ED,TE,0.10836732144321104,-0.006263169783107639,0.019808047271950232
2010/S1_a_2010/S2,2010/S1,2010/S2,2011/S1,17,XEL,SCG,0.12088065827390437,0.01624170558692655,0.014722509283479058
2010/S1_a_2010/S2,2010/S1,2010/S2,2011/S1,18,UTX,ADP,0.12387517879699317,-0.0008054194549831353,0.022200795566609463
2010/S1_a_2010/S2,2010/S1,2010/S2,2011/S1,19,JNJ,WMT,0.12388860182028338,-0.011466127595550707,0.01901536777819304
2010/S1_a_2010/S2,2010/S1,2010/S2,2011/S1,20,ED,DUK,0.1332025988707528,0.01379651984111171,0.01842784150975253
2010/S2_a_2011/S1,2010/S2,2011/S1,2011/S2,1,TKR,291784Q,0.0,0.0,0.0
2010/S2_a_2011/S1,2010/S2,2011/S1,2011/S2,2,DTV,1448062D,0.0,0.0,0.0
2010/S2_a_2011/S1,2010/S2,2011/S1,2011/S2,3,TKR,1288453D,0.0,0.0,0.0
2010/S2_a_2011/S1,2010/S2,2011/S1,2011/S2,4,291784Q,1288453D,0.0,0.0,0.0
2010/S2_a_2011/S1,2010/S2,2011/S1,2011/S2,5,LSI,1431816D,0.0,0.0,0.0
2010/S2_a_2011/S1,2010/S2,2011/S1,2011/S2,6,JCI,1436513D,2.463139026076533e-09,2.542950215808297e-06,1.8117162519368184e-06
2010/S2_a_2011/S1,2010/S2,2011/S1,2011/S2,7,CMCSA,CMCSK,0.008808737756908158,-0.0029397716450693927,0.005126280968043931
2010/S2_a_2011/S1,2010/S2,2011/S1,2011/S2,8,ED,PNW,0.043157747903023846,-0.0014458628956631366,0.013006232704020296
2010/S2_a_2011/S1,2010/S2,2011/S1,2011/S2,9,XEL,SO,0.06023765940858539,-0.00475931653570782,0.014707051091449045
2010/S2_a_2011/S1,2010/S2,2011/S1,2011/S2,10,0961514D,PNW,0.06898106564960926,-0.0031454070085090405,0.01624196853807928
2010/S2_a_2011/S1,2010/S2,2011/S1,2011/S2,11,XEL,DUK,0.07226836394772818,0.007191471051931892,0.015325036343142846
2010/S2_a_2011/S1,2010/S2,2011/S1,2011/S2,12,ED,0961514D,0.07883692678865373,0.001699544112845904,0.017605255899237268
2010/S2_a_2011/S1,2010/S2,2011/S1,2011/S2,13,BF_B,1958Q,0.08145281362862988,-0.012583579074962152,0.012816030180775222
2010/S2_a_2011/S1,2010/S2,2011/S1,2011/S2,14,MHFI,SPGI,0.08354792035606806,0.002561534471892786,0.018026421444838493
2010/S2_a_2011/S1,2010/S2,2011/S1,2011/S2,15,DUK,SO,0.08679521429201031,-0.01195078758763971,0.014178765048108362
2010/S2_a_2011/S1,2010/S2,2011/S1,2011/S2,16,HNZ,MDLZ,0.0957386621518026,0.005036857831155792,0.01882670217632174
2010/S2_a_2011/S1,2010/S2,2011/S1,2011/S2,17,DISCA,DISCK,0.09582702723639613,-0.014177901846492542,0.013358720376094667
2010/S2_a_2011/S1,2010/S2,2011/S1,2011/S2,18,ED,WEC,0.1285208486170859,-0.015466254323184199,0.016427084904455404
2010/S2_a_2011/S1,2010/S2,2011/S1,2011/S2,19,PNW,WEC,0.13999347006790686,-0.014020391427521062,0.01892559701048765
2010/S2_a_2011/S1,2010/S2,2011/S1,2011/S2,20,MCD,SO,0.14126399119538746,-0.005279260231731855,0.023077916012169283
2011/S1_a_2011/S2,2011/S1,2011/S2,2012/S1,1,291784Q,1288453D,0.0,0.0,0.0
2011/S1_a_2011/S2,2011/S1,2011/S2,2012/S1,2,TKR,291784Q,0.0,0.0,0.0
2011/S1_a_2011/S2,2011/S1,2011/S2,2012/S1,3,DTV,1448062D,0.0,0.0,0.0
2011/S1_a_2011/S2,2011/S1,2011/S2,2012/S1,4,LSI,1431816D,0.0,0.0,0.0
2011/S1_a_2011/S2,2011/S1,2011/S2,2012/S1,5,TKR,1288453D,0.0,0.0,0.0
2011/S1_a_2011/S2,2011/S1,2011/S2,2012/S1,6,JCI,1436513D,3.9472070056945086e-10,-1.8784146255289269e-07,1.2395531633570381e-06
2011/S1_a_2011/S2,2011/S1,2011/S2,2012/S1,7,CMS,WEC,0.06608408560759926,0.0013732893112145706,0.01616755307462436
2011/S1_a_2011/S2,2011/S1,2011/S2,2012/S1,8,PNW,WEC,0.06921245071816884,0.005995564300264442,0.01548085301344468
2011/S1_a_2011/S2,2011/S1,2011/S2,2012/S1,9,BF_B,1958Q,0.07756928711501132,0.0052630316634945705,0.01676994709735909
2011/S1_a_2011/S2,2011/S1,2011/S2,2012/S1,10,CMS,PNW,0.0841556413967055,-0.0046222749890498715,0.017715272860845212
2011/S1_a_2011/S2,2011/S1,2011/S2,2012/S1,11,WMT,SCG,0.09803767225776028,-0.00839177477375665,0.01788535396801388
2011/S1_a_2011/S2,2011/S1,2011/S2,2012/S1,12,DUK,SO,0.09885803157703776,0.012828662892867887,0.015120397885890804
2011/S1_a_2011/S2,2011/S1,2011/S2,2012/S1,13,NEE,ES,0.1092763633823779,0.0019778466853680532,0.0207710504033526
2011/S1_a_2011/S2,2011/S1,2011/S2,2012/S1,14,TEG,POM,0.11013040907312188,-0.010505326560321692,0.018109803838907135
2011/S1_a_2011/S2,2011/S1,2011/S2,2012/S1,15,9876566D,CB,0.1194480003331364,-0.00567900704901532,0.021059649473751402
2011/S1_a_2011/S2,2011/S1,2011/S2,2012/S1,16,XEL,WEC,0.12661556404566454,-0.017323994356967694,0.014252297971505406
2011/S1_a_2011/S2,2011/S1,2011/S2,2012/S1,17,XEL,CMS,0.12706698568945285,-0.018697283668182265,0.012460408170269171
2011/S1_a_2011/S2,2011/S1,2011/S2,2012/S1,18,MHFI,SPGI,0.13368097565205517,-0.003912215742911826,0.022742627787016717
2011/S1_a_2011/S2,2011/S1,2011/S2,2012/S1,19,ABT,MDLZ,0.1386780048842411,0.00977971493821997,0.021365349051894203
2011/S1_a_2011/S2,2011/S1,2011/S2,2012/S1,20,XEL,AEP,0.1410521188495295,0.0017986792111329335,0.02363710000259981
2011/S2_a_2012/S1,2011/S2,2012/S1,2012/S2,1,DTV,1448062D,0.0,0.0,0.0
2011/S2_a_2012/S1,2011/S2,2012/S1,2012/S2,2,291784Q,1288453D,0.0,0.0,0.0
2011/S2_a_2012/S1,2011/S2,2012/S1,2012/S2,3,LSI,1431816D,0.0,0.0,0.0
2011/S2_a_2012/S1,2011/S2,2012/S1,2012/S2,4,TKR,1288453D,0.0,0.0,0.0
2011/S2_a_2012/S1,2011/S2,2012/S1,2012/S2,5,TKR,291784Q,0.0,0.0,0.0
2011/S2_a_2012/S1,2011/S2,2012/S1,2012/S2,6,JCI,1436513D,3.61524143954739e-10,-4.4278726136012757e-07,1.1149825931592786e-06
2011/S2_a_2012/S1,2011/S2,2012/S1,2012/S2,7,DUK,0961514D,0.05531986562743896,-0.004762175865627733,0.014058065307181324
2011/S2_a_2012/S1,2011/S2,2012/S1,2012/S2,8,BF_B,1958Q,0.0655564518895062,-0.0001955839318234465,0.01615990958352723
2011/S2_a_2012/S1,2011/S2,2012/S1,2012/S2,9,CMS,WEC,0.08011087541444795,-0.004107228905355494,0.017384771973051803
2011/S2_a_2012/S1,2011/S2,2012/S1,2012/S2,10,DTE,PNW,0.10137863804550307,0.00875499834605135,0.018081581287209176
2011/S2_a_2012/S1,2011/S2,2012/S1,2012/S2,11,VTR,HCN,0.1026717202596501,0.009474768566157598,0.017858381354510386
2011/S2_a_2012/S1,2011/S2,2012/S1,2012/S2,12,ED,SO,0.10291277409385202,-0.005837567106367628,0.019385512548002685
2011/S2_a_2012/S1,2011/S2,2012/S1,2012/S2,13,XEL,CMS,0.11318719633777619,-0.005873649611779143,0.020403622137392618
2011/S2_a_2012/S1,2011/S2,2012/S1,2012/S2,14,EIX,DTE,0.11536411671193036,-0.0047722268821112,0.020898638993733485
2011/S2_a_2012/S1,2011/S2,2012/S1,2012/S2,15,NEE,MKC,0.11689693604841978,0.0009332511315079624,0.021560390005502653
2011/S2_a_2012/S1,2011/S2,2012/S1,2012/S2,16,DUK,SCG,0.11856081416817688,0.003328363934002689,0.021476305532979762
2011/S2_a_2012/S1,2011/S2,2012/S1,2012/S2,17,SO,AEE,0.12367754801061892,0.005021813011289445,0.021619901864904492
2011/S2_a_2012/S1,2011/S2,2012/S1,2012/S2,18,XEL,DTE,0.1261202745861283,0.009099810096482365,0.020477664982824856
2011/S2_a_2012/S1,2011/S2,2012/S1,2012/S2,19,DTE,CMS,0.1268098860388136,-0.014973459708261505,0.01673681358084731
2011/S2_a_2012/S1,2011/S2,2012/S1,2012/S2,20,LLY,DTE,0.12701170917773652,0.0016851232515007445,0.02243149107943512
2012/S1_a_2012/S2,2012/S1,2012/S2,2013/S1,1,TKR,1288453D,0.0,0.0,0.0
2012/S1_a_2012/S2,2012/S1,2012/S2,2013/S1,2,TKR,291784Q,0.0,0.0,0.0
2012/S1_a_2012/S2,2012/S1,2012/S2,2013/S1,3,291784Q,1288453D,0.0,0.0,0.0
2012/S1_a_2012/S2,2012/S1,2012/S2,2013/S1,4,DTV,1448062D,0.0,0.0,0.0
2012/S1_a_2012/S2,2012/S1,2012/S2,2013/S1,5,JCI,1436513D,8.8499518824392e-10,1.2789990791746143e-06,1.3829018583540033e-06
2012/S1_a_2012/S2,2012/S1,2012/S2,2013/S1,6,AVB,ESS,0.03267373063636114,0.00012997318574545114,0.01145438085977881
2012/S1_a_2012/S2,2012/S1,2012/S2,2013/S1,7,DISCA,DISCK,0.0603479147963526,-0.004173058987989548,0.014995890932150455
2012/S1_a_2012/S2,2012/S1,2012/S2,2013/S1,8,ED,AEE,0.06863346849132768,-0.003712776918000823,0.016180121968341503
2012/S1_a_2012/S2,2012/S1,2012/S2,2013/S1,9,XEL,D,0.07065906929233279,0.009426337726821768,0.013948428904489992
2012/S1_a_2012/S2,2012/S1,2012/S2,2013/S1,10,D,PEG,0.0757639986201184,0.007666807587141772,0.01566068594407789
2012/S1_a_2012/S2,2012/S1,2012/S2,2013/S1,11,CMCSA,CMCSK,0.07773751427725983,0.013031265238134918,0.011903906727775094
2012/S1_a_2012/S2,2012/S1,2012/S2,2013/S1,12,XEL,DUK,0.08143411130049572,-0.0025216384542705206,0.0179069937849225
2012/S1_a_2012/S2,2012/S1,2012/S2,2013/S1,13,XEL,STR,0.08399639995161579,-0.0014479429818241981,0.018309286737898445
2012/S1_a_2012/S2,2012/S1,2012/S2,2013/S1,14,D,STR,0.09404591167367471,-0.010874280708645965,0.016092530687882824
2012/S1_a_2012/S2,2012/S1,2012/S2,2013/S1,15,DUK,STR,0.09757576100298593,0.001073695472446323,0.019766463374643828
2012/S1_a_2012/S2,2012/S1,2012/S2,2013/S1,16,DTE,CMS,0.1037972191558083,0.010937464563652327,0.017226367478048683
2012/S1_a_2012/S2,2012/S1,2012/S2,2013/S1,17,XEL,SO,0.10399064797627489,-0.010703764036786296,0.017395471741156087
2012/S1_a_2012/S2,2012/S1,2012/S2,2013/S1,18,NI,SCG,0.10738535770144608,0.001934949836665897,0.020676252795271733
2012/S1_a_2012/S2,2012/S1,2012/S2,2013/S1,19,JNJ,HNZ,0.11050255654606644,-0.008428360036513287,0.019299295960676605
2012/S1_a_2012/S2,2012/S1,2012/S2,2013/S1,20,ED,PEG,0.11531848423192059,-0.0013079867992486917,0.021480426961089514
2012/S2_a_2013/S1,2012/S2,2013/S1,2013/S2,1,TKR,291784Q,0.0,0.0,0.0
2012/S2_a_2013/S1,2012/S2,2013/S1,2013/S2,2,DTV,1448062D,0.0,0.0,0.0
2012/S2_a_2013/S1,2012/S2,2013/S1,2013/S2,3,TKR,1288453D,0.0,0.0,0.0
2012/S2_a_2013/S1,2012/S2,2013/S1,2013/S2,4,291784Q,1288453D,0.0,0.0,0.0
2012/S2_a_2013/S1,2012/S2,2013/S1,2013/S2,5,JCI,1436513D,1.963940121640917e-09,2.266362600467042e-06,1.6620018254375887e-06
2012/S2_a_2013/S1,2012/S2,2013/S1,2013/S2,6,BF_B,1958Q,0.0414370240507651,0.005935727692610466,0.011476490890548852
2012/S2_a_2013/S1,2012/S2,2013/S1,2013/S2,7,XEL,PEG,0.06850658341562621,-0.005932657753966715,0.015520885101798483
2012/S2_a_2013/S1,2012/S2,2013/S1,2013/S2,8,POM,ES,0.07226199579815784,-0.0023241440360233126,0.016910221435177404
2012/S2_a_2013/S1,2012/S2,2013/S1,2013/S2,9,MO,RAI,0.08835388825690416,-0.001860747857651062,0.018782687098636976
2012/S2_a_2013/S1,2012/S2,2013/S1,2013/S2,10,XEL,WEC,0.09450402542211123,-0.0008983921708550311,0.01950010911957772
2012/S2_a_2013/S1,2012/S2,2013/S1,2013/S2,11,SO,TE,0.09575343234934053,0.00306436583877717,0.019408100049600075
2012/S2_a_2013/S1,2012/S2,2013/S1,2013/S2,12,XEL,TEG,0.09712389847692293,0.006847407883405135,0.018562127240866116
2012/S2_a_2013/S1,2012/S2,2013/S1,2013/S2,13,PEG,SCG,0.10179131027427957,-0.013590202940527502,0.015000349444748692
2012/S2_a_2013/S1,2012/S2,2013/S1,2013/S2,14,PNW,ES,0.10733058894675196,0.009106092603083649,0.01869570409999802
2012/S2_a_2013/S1,2012/S2,2013/S1,2013/S2,15,XEL,KO,0.11649457620580961,0.006148474855259308,0.02077931704566702
2012/S2_a_2013/S1,2012/S2,2013/S1,2013/S2,16,PEG,AEE,0.11658706449759393,0.0035921503665220598,0.021381149556611297
2012/S2_a_2013/S1,2012/S2,2013/S1,2013/S2,17,XEL,AEE,0.1200553027084652,-0.0023405073874446557,0.021876789049023612
2012/S2_a_2013/S1,2012/S2,2013/S1,2013/S2,18,TEG,WEC,0.1209526187860206,-0.0077458000542601655,0.020675416053098777
2012/S2_a_2013/S1,2012/S2,2013/S1,2013/S2,19,DTE,CMS,0.1250245536867851,-0.01383701396052081,0.017660585536055935
2012/S2_a_2013/S1,2012/S2,2013/S1,2013/S2,20,D,SCG,0.1254773503042088,0.0001765301906818044,0.022492793715188465
2013/S1_a_2013/S2,2013/S1,2013/S2,2014/S1,1,TKR,1288453D,0.0,0.0,0.0
2013/S1_a_2013/S2,2013/S1,2013/S2,2014/S1,2,291784Q,1288453D,0.0,0.0,0.0
2013/S1_a_2013/S2,2013/S1,2013/S2,2014/S1,3,DTV,1448062D,0.0,0.0,0.0
2013/S1_a_2013/S2,2013/S1,2013/S2,2014/S1,4,TKR,291784Q,0.0,0.0,0.0
2013/S1_a_2013/S2,2013/S1,2013/S2,2014/S1,5,JCI,1436513D,1.0231815394945443e-09,1.3519333587575308e-06,1.4969548329559826e-06
2013/S1_a_2013/S2,2013/S1,2013/S2,2014/S1,6,CMCSA,CMCSK,0.02814457787030733,-0.0036559927960096708,0.009935303561732176
2013/S1_a_2013/S2,2013/S1,2013/S2,2014/S1,7,DTE,CMS,0.044067762624536044,1.9727827281124805e-06,0.013250236657861212
2013/S1_a_2013/S2,2013/S1,2013/S2,2014/S1,8,DTE,WEC,0.04454184281723883,-0.00498884480170597,0.012347866657458888
2013/S1_a_2013/S2,2013/S1,2013/S2,2014/S1,9,CMS,WEC,0.04563299311121227,-0.0049908175844340825,0.012521871153012606
2013/S1_a_2013/S2,2013/S1,2013/S2,2014/S1,10,9876566D,TRV,0.0647877503052996,-0.008551239835412148,0.013590566393559423
2013/S1_a_2013/S2,2013/S1,2013/S2,2014/S1,11,XEL,ES,0.076164536516103,-0.010648462818827871,0.013769635294840137
2013/S1_a_2013/S2,2013/S1,2013/S2,2014/S1,12,MTB,HCBK,0.09037920140815459,0.009460164442516175,0.016438529001061103
2013/S1_a_2013/S2,2013/S1,2013/S2,2014/S1,13,ITW,SNA,0.09057953126603024,-0.0020345120760723767,0.018887003366796468
2013/S1_a_2013/S2,2013/S1,2013/S2,2014/S1,14,T,ED,0.09435652351100998,-0.000918310032634235,0.01936687252438027
2013/S1_a_2013/S2,2013/S1,2013/S2,2014/S1,15,WMT,1958Q,0.10479164071796276,-0.0018671847175699516,0.020346899219325292
2013/S1_a_2013/S2,2013/S1,2013/S2,2014/S1,16,UN,TE,0.10491172699119033,0.0010700929324111452,0.02041630100928873
2013/S1_a_2013/S2,2013/S1,2013/S2,2014/S1,17,ED,TE,0.11662016392745045,-0.004906344390765867,0.02098699708199727
2013/S1_a_2013/S2,2013/S1,2013/S2,2014/S1,18,PPL,ES,0.11717808581829559,-0.002846687887566017,0.02141749392683554
2013/S1_a_2013/S2,2013/S1,2013/S2,2014/S1,19,T,TE,0.11808745626262862,-0.0058246544234001,0.020890337200534587
2013/S1_a_2013/S2,2013/S1,2013/S2,2014/S1,20,T,PM,0.12104005452511046,-0.0027461844504747474,0.02178668671368564
2013/S2_a_2014/S1,2013/S2,2014/S1,2014/S2,1,TKR,1288453D,0.0,0.0,0.0
2013/S2_a_2014/S1,2013/S2,2014/S1,2014/S2,2,291784Q,1288453D,0.0,0.0,0.0
2013/S2_a_2014/S1,2013/S2,2014/S1,2014/S2,3,TKR,291784Q,0.0,0.0,0.0
2013/S2_a_2014/S1,2013/S2,2014/S1,2014/S2,4,DTV,1448062D,0.0,0.0,0.0
2013/S2_a_2014/S1,2013/S2,2014/S1,2014/S2,5,JCI,1436513D,3.9119640860008076e-10,-9.84517307083583e-08,1.2451408778484595e-06
2013/S2_a_2014/S1,2013/S2,2014/S1,2014/S2,6,BF_B,1958Q,0.03740724194994982,-0.0033768590397322,0.01172963036486115
2013/S2_a_2014/S1,2013/S2,2014/S1,2014/S2,7,XEL,CMS,0.049726341203154334,-0.008712005862835217,0.011041353194627956
2013/S2_a_2014/S1,2013/S2,2014/S1,2014/S2,8,CMS,ES,0.05395844152531026,-0.0019449064025354108,0.014531900747772388
2013/S2_a_2014/S1,2013/S2,2014/S1,2014/S2,9,XEL,ES,0.057448172801287,-0.010656912265370624,0.010717039432781834
2013/S2_a_2014/S1,2013/S2,2014/S1,2014/S2,10,PG,WMT,0.061924232198634854,0.009050470749777923,0.012824692156940796
2013/S2_a_2014/S1,2013/S2,2014/S1,2014/S2,11,DTE,WEC,0.07886355773894138,-0.0062760765813244974,0.016572609182126722
2013/S2_a_2014/S1,2013/S2,2014/S1,2014/S2,12,SPG,MAC,0.09124599074971229,0.006276452768914057,0.017999417674376066
2013/S2_a_2014/S1,2013/S2,2014/S1,2014/S2,13,MTB,BRK_B,0.09901113748082935,-0.004157046231775589,0.01941949538680402
2013/S2_a_2014/S1,2013/S2,2014/S1,2014/S2,14,MTB,HCBK,0.10285894254570849,0.018071135595172715,0.00905149615367368
2013/S2_a_2014/S1,2013/S2,2014/S1,2014/S2,15,DTE,PPL,0.1083842229596712,0.0077338608964330575,0.019281046435128457
2013/S2_a_2014/S1,2013/S2,2014/S1,2014/S2,16,PPL,CMS,0.112661176096708,0.00891314382388898,0.019211680401362317
2013/S2_a_2014/S1,2013/S2,2014/S1,2014/S2,17,KO,MCD,0.11737964568669668,-0.0025496529680085326,0.02147373654497432
2013/S2_a_2014/S1,2013/S2,2014/S1,2014/S2,18,LEG,KRFT,0.11927704876723055,-0.0015235082725326469,0.02174573615283711
2013/S2_a_2014/S1,2013/S2,2014/S1,2014/S2,19,CL,CB,0.12191152256184523,0.008162951246026484,0.020464702071983837
2013/S2_a_2014/S1,2013/S2,2014/S1,2014/S2,20,ITW,TMK,0.1239163816665041,-0.0008274161074583135,0.02220368029491223
2014/S1_a_2014/S2,2014/S1,2014/S2,2015/S1,1,DTV,1448062D,0.0,0.0,0.0
2014/S1_a_2014/S2,2014/S1,2014/S2,2015/S1,2,291784Q,1288453D,0.0,0.0,0.0
2014/S1_a_2014/S2,2014/S1,2014/S2,2015/S1,3,TKR,1288453D,0.0,0.0,0.0
2014/S1_a_2014/S2,2014/S1,2014/S2,2015/S1,4,TKR,291784Q,0.0,0.0,0.0
2014/S1_a_2014/S2,2014/S1,2014/S2,2015/S1,5,JCI,1436513D,9.884502105705906e-10,1.7931252169725266e-06,8.425858000973432e-07
2014/S1_a_2014/S2,2014/S1,2014/S2,2015/S1,6,BF_B,1958Q,0.04317274304901275,-0.0036993464094862085,0.012580273205753825
2014/S1_a_2014/S2,2014/S1,2014/S2,2015/S1,7,MHFI,SPGI,0.04912342463705954,0.006715711132000452,0.012265006920218502
2014/S1_a_2014/S2,2014/S1,2014/S2,2015/S1,8,AEP,CMS,0.06616074134262817,0.006557704256745156,0.014846339521300926
2014/S1_a_2014/S2,2014/S1,2014/S2,2015/S1,9,XEL,CMS,0.07562956134700016,-0.009514692454424585,0.014505962433515597
2014/S1_a_2014/S2,2014/S1,2014/S2,2015/S1,10,EQR,AVB,0.07949078577541968,0.0031138152060144588,0.01752032772720226
2014/S1_a_2014/S2,2014/S1,2014/S2,2015/S1,11,K,GIS,0.07994961987094484,-0.0033658009239318624,0.01752571345678169
2014/S1_a_2014/S2,2014/S1,2014/S2,2015/S1,12,MMM,ITW,0.09519721483673038,0.002397421879659691,0.01932618021382906
2014/S1_a_2014/S2,2014/S1,2014/S2,2015/S1,13,CVS,ALL,0.10452842423785569,0.00454165284399381,0.019893192731281588
2014/S1_a_2014/S2,2014/S1,2014/S2,2015/S1,14,STI,USB,0.10470760317889471,0.006258055342362922,0.01943817069772033
2014/S1_a_2014/S2,2014/S1,2014/S2,2015/S1,15,HIG,BLK,0.10800150198861047,0.006395480191343244,0.019728652887671463
2014/S1_a_2014/S2,2014/S1,2014/S2,2015/S1,16,VNO,BXP,0.10986128722277044,-0.006049511239791322,0.020023785407163763
2014/S1_a_2014/S2,2014/S1,2014/S2,2015/S1,17,SO,ES,0.11330586704411871,-0.003979741184771033,0.020869028634206855
2014/S1_a_2014/S2,2014/S1,2014/S2,2015/S1,18,MTB,HCBK,0.11666825336772035,0.013116261129289918,0.01709070065314316
2014/S1_a_2014/S2,2014/S1,2014/S2,2015/S1,19,ABT,MMC,0.1174397398091287,-0.0006555861971182348,0.021620728572668772
2014/S1_a_2014/S2,2014/S1,2014/S2,2015/S1,20,ITW,CB,0.11901066109726344,0.00821706449843347,0.02015829622264233
2014/S2_a_2015/S1,2014/S2,2015/S1,2015/S2,1,TKR,1288453D,0.0,0.0,0.0
2014/S2_a_2015/S1,2014/S2,2015/S1,2015/S2,2,TKR,291784Q,0.0,0.0,0.0
2014/S2_a_2015/S1,2014/S2,2015/S1,2015/S2,3,DTV,1448062D,0.0,0.0,0.0
2014/S2_a_2015/S1,2014/S2,2015/S1,2015/S2,4,291784Q,1288453D,0.0,0.0,0.0
2014/S2_a_2015/S1,2014/S2,2015/S1,2015/S2,5,JCI,1436513D,4.2382453102618456e-10,9.644518598842893e-07,8.690406866001884e-07
2014/S2_a_2015/S1,2014/S2,2015/S1,2015/S2,6,CMCSA,CMCSK,0.001263225543311819,0.0006531915533386197,0.002145789375981014
2014/S2_a_2015/S1,2014/S2,2015/S1,2015/S2,7,GOOGL,GOOG,0.010525744879942067,0.0004541363183459537,0.006459735063952278
2014/S2_a_2015/S1,2014/S2,2015/S1,2015/S2,8,BF_B,1958Q,0.032587376034143745,0.005185578467479063,0.010140652197626224
2014/S2_a_2015/S1,2014/S2,2015/S1,2015/S2,9,PNC,STI,0.04025487261753824,-0.0010169165135691903,0.012622984566389257
2014/S2_a_2015/S1,2014/S2,2015/S1,2015/S2,10,WEC,ES,0.04605492416874313,-0.004790533065076945,0.012666693156028967
2014/S2_a_2015/S1,2014/S2,2015/S1,2015/S2,11,FITB,RF,0.05238801545431215,0.0010406788801834693,0.014409367290832352
2014/S2_a_2015/S1,2014/S2,2015/S1,2015/S2,12,MHFI,SPGI,0.06706262115199024,-0.009477388876431639,0.013304247647691798
2014/S2_a_2015/S1,2014/S2,2015/S1,2015/S2,13,MTB,HCBK,0.06964373782392386,0.0009117767171567995,0.01663221097904451
2014/S2_a_2015/S1,2014/S2,2015/S1,2015/S2,14,AIV,AVB,0.07478086447474652,0.005168063477718965,0.016465613896349138
2014/S2_a_2015/S1,2014/S2,2015/S1,2015/S2,15,TE,ES,0.07525259717601784,-0.005760466738544332,0.01632470410104714
2014/S2_a_2015/S1,2014/S2,2015/S1,2015/S2,16,XEL,TE,0.07757143022843138,0.004510468060514093,0.01698894192174909
2014/S2_a_2015/S1,2014/S2,2015/S1,2015/S2,17,TE,WEC,0.08300023130618683,-0.0009699336734673872,0.018158570784934786
2014/S2_a_2015/S1,2014/S2,2015/S1,2015/S2,18,DISCA,DISCK,0.08356233740710195,0.0031495390537929595,0.017971047892595224
2014/S2_a_2015/S1,2014/S2,2015/S1,2015/S2,19,XEL,ES,0.0845455060535869,-0.0012499986780302396,0.018310269350569962
2014/S2_a_2015/S1,2014/S2,2015/S1,2015/S2,20,AEP,AEE,0.0902766209399033,0.006600912306309744,0.017774199712965535
2015/S1_a_2015/S2,2015/S1,2015/S2,2016/S1,1,291784Q,1288453D,0.0,0.0,0.0
2015/S1_a_2015/S2,2015/S1,2015/S2,2016/S1,2,TKR,1288453D,0.0,0.0,0.0
2015/S1_a_2015/S2,2015/S1,2015/S2,2016/S1,3,TKR,291784Q,0.0,0.0,0.0
2015/S1_a_2015/S2,2015/S1,2015/S2,2016/S1,4,JCI,1436513D,9.566747394273989e-10,1.7214196438943477e-06,9.225273522166668e-07
2015/S1_a_2015/S2,2015/S1,2015/S2,2016/S1,5,AEP,DTE,0.0462913029491574,0.00451860125479448,0.012832216623352925
2015/S1_a_2015/S2,2015/S1,2015/S2,2016/S1,6,DTE,ES,0.05042556391919106,-0.004511659182377468,0.013463497570271378
2015/S1_a_2015/S2,2015/S1,2015/S2,2016/S1,7,BF_B,1958Q,0.05167999841228266,0.006663790621496317,0.012733273883040937
2015/S1_a_2015/S2,2015/S1,2015/S2,2016/S1,8,DTE,PNW,0.05546867087628016,0.005457942145028634,0.013855193774026798
2015/S1_a_2015/S2,2015/S1,2015/S2,2016/S1,9,VTR,HCN,0.06258565176977982,0.002818700497235898,0.015568100535904754
2015/S1_a_2015/S2,2015/S1,2015/S2,2016/S1,10,PNW,ES,0.06736238097289515,-0.009969601327406104,0.01302532154926235
2015/S1_a_2015/S2,2015/S1,2015/S2,2016/S1,11,MHFI,SPGI,0.0695133041211875,0.0045853739669640915,0.016029455993587644
2015/S1_a_2015/S2,2015/S1,2015/S2,2016/S1,12,AEP,SO,0.07066498192062909,0.01062711356226746,0.013010482037450855
2015/S1_a_2015/S2,2015/S1,2015/S2,2016/S1,13,AEP,ES,0.07232139175738439,6.9420724170128895e-06,0.017008395534114557
2015/S1_a_2015/S2,2015/S1,2015/S2,2016/S1,14,SO,PNW,0.07458142373434384,-0.0006505701624443455,0.017259801865450394
2015/S1_a_2015/S2,2015/S1,2015/S2,2016/S1,15,SO,DTE,0.0793547472269438,-0.00610851230747298,0.016731880067914602
2015/S1_a_2015/S2,2015/S1,2015/S2,2016/S1,16,PRU,RF,0.07989239840674145,-0.0018654864334635521,0.01777851607515304
2015/S1_a_2015/S2,2015/S1,2015/S2,2016/S1,17,WFC,BBT,0.0848406312387624,0.009332211289700378,0.015872113807807064
2015/S1_a_2015/S2,2015/S1,2015/S2,2016/S1,18,WFC,STI,0.08708647316609586,0.004870682881251707,0.018014645340032803
2015/S1_a_2015/S2,2015/S1,2015/S2,2016/S1,19,WEC,ES,0.09860528076995934,0.011862431366963546,0.01591040464701985
2015/S1_a_2015/S2,2015/S1,2015/S2,2016/S1,20,VNO,DDR,0.10028696194200393,0.006543114871642456,0.018925227769714763
2015/S2_a_2016/S1,2015/S2,2016/S1,2016/S2,1,GOOGL,GOOG,0.02767273336036169,-0.0017962130903427132,0.010344597533535073
2015/S2_a_2016/S1,2015/S2,2016/S1,2016/S2,2,CMS,WEC,0.0542255297976908,-0.0020851285693719627,0.014548982246625163
2015/S2_a_2016/S1,2015/S2,2016/S1,2016/S2,3,CMS,PNW,0.07036686844378437,-0.0021845841201687745,0.01659983939874288
2015/S2_a_2016/S1,2015/S2,2016/S1,2016/S2,4,PNW,WEC,0.07596430244097974,9.945555079681166e-05,0.017396456318935962
2015/S2_a_2016/S1,2015/S2,2016/S1,2016/S2,5,JPM,MTB,0.0946737055001563,-0.0027377240625136127,0.019226572329967724
2015/S2_a_2016/S1,2015/S2,2016/S1,2016/S2,6,XEL,CMS,0.09954190444705091,-0.015480073388026651,0.012489752146430626
2015/S2_a_2016/S1,2015/S2,2016/S1,2016/S2,7,PEP,ADP,0.12429104828527215,0.006113428936227435,0.021393002255288625
2015/S2_a_2016/S1,2015/S2,2016/S1,2016/S2,8,WFC,PNC,0.1302983229121537,-0.014640688848802328,0.01743310274267827
2015/S2_a_2016/S1,2015/S2,2016/S1,2016/S2,9,AEP,SO,0.13301054350074537,0.00449891918478144,0.02257435650676072
2015/S2_a_2016/S1,2015/S2,2016/S1,2016/S2,10,ED,WEC,0.13788959611406426,0.005161904204744732,0.022860654611806232
2015/S2_a_2016/S1,2015/S2,2016/S1,2016/S2,11,AIG,PNC,0.13937004756621718,9.104380727289368e-05,0.023563760982735774
2015/S2_a_2016/S1,2015/S2,2016/S1,2016/S2,12,XEL,WEC,0.14166875685339164,-0.017565201957398614,0.015957813440820694
2015/S2_a_2016/S1,2015/S2,2016/S1,2016/S2,13,AEE,PNW,0.14196961397465202,0.008415781796358792,0.02223754563447579
2015/S2_a_2016/S1,2015/S2,2016/S1,2016/S2,14,JPM,PNC,0.14210900274588312,-0.0016385134122161573,0.023737647384677815
2015/S2_a_2016/S1,2015/S2,2016/S1,2016/S2,15,AEE,CMS,0.14269670238877552,0.010600365916527568,0.021347068197958986
2015/S2_a_2016/S1,2015/S2,2016/S1,2016/S2,16,UTX,PPG,0.14671167004695462,-0.001683190258991323,0.024117716077387694
2015/S2_a_2016/S1,2015/S2,2016/S1,2016/S2,17,ED,PNW,0.1542422774125498,0.00506244865394792,0.024264801130242215
2015/S2_a_2016/S1,2015/S2,2016/S1,2016/S2,18,EMR,FLR,0.15625871170050232,-0.010817135152567275,0.02247371972497915
2015/S2_a_2016/S1,2015/S2,2016/S1,2016/S2,19,XEL,PNW,0.15706602123600533,-0.017664657508195424,0.017677039575422954
2015/S2_a_2016/S1,2015/S2,2016/S1,2016/S2,20,FITB,PRU,0.1584051594549578,0.00305888392507539,0.02493395684543967
2016/S1_a_2016/S2,2016/S1,2016/S2,2017/S1,1,KORS,CPRI,4.547473508864641e-13,-2.9613075893117832e-08,2.720300021028878e-08
2016/S1_a_2016/S2,2016/S1,2016/S2,2017/S1,2,GOOGL,GOOG,0.010127446384785799,0.002748626378453602,0.005723927464009601
2016/S1_a_2016/S2,2016/S1,2016/S2,2017/S1,3,NWSA,NWS,0.022413469220964544,0.0002720364193279077,0.009445760502653474
2016/S1_a_2016/S2,2016/S1,2016/S2,2017/S1,4,PNW,SCG,0.04708294761962861,0.0037107502893079214,0.01318168948487533
2016/S1_a_2016/S2,2016/S1,2016/S2,2017/S1,5,XEL,WEC,0.054144970946254034,-0.007134211060194863,0.01283032624321886
2016/S1_a_2016/S2,2016/S1,2016/S2,2017/S1,6,DTE,SCG,0.061510881510344007,0.005738714776720745,0.014560192962227025
2016/S1_a_2016/S2,2016/S1,2016/S2,2017/S1,7,AEP,DUK,0.06169854639620098,-0.008150358447716973,0.013383495217574978
2016/S1_a_2016/S2,2016/S1,2016/S2,2017/S1,8,XEL,ED,0.0648423033491099,-0.007153250705216599,0.014386209150604935
2016/S1_a_2016/S2,2016/S1,2016/S2,2017/S1,9,ED,WEC,0.07109756228192055,1.9039645021736437e-05,0.016830236370679045
2016/S1_a_2016/S2,2016/S1,2016/S2,2017/S1,10,BAC,CFG,0.08738368755700776,0.0019377211003286023,0.01855727510233773
2016/S1_a_2016/S2,2016/S1,2016/S2,2017/S1,11,AEP,ETR,0.09348713539350229,0.0022479393399904893,0.01916729879440974
2016/S1_a_2016/S2,2016/S1,2016/S2,2017/S1,12,CMS,WEC,0.09380733662885632,0.01416489679123277,0.013125956273241094
2016/S1_a_2016/S2,2016/S1,2016/S2,2017/S1,13,DTE,PNW,0.09788400057402669,0.002027964487412824,0.019642990427191028
2016/S1_a_2016/S2,2016/S1,2016/S2,2017/S1,14,AVB,UDR,0.1045139088470819,0.013336410055009792,0.015421466759662642
2016/S1_a_2016/S2,2016/S1,2016/S2,2017/S1,15,UPS,EXPD,0.10475977412693283,0.001486742996544672,0.02037524004528159
2016/S1_a_2016/S2,2016/S1,2016/S2,2017/S1,16,AEE,SCG,0.11992224540426832,-0.012240247718272748,0.018093017960040217
2016/S1_a_2016/S2,2016/S1,2016/S2,2017/S1,17,ED,CMS,0.13390316853417517,-0.014145857146211032,0.018236673285745318
2016/S1_a_2016/S2,2016/S1,2016/S2,2017/S1,18,AEE,PNW,0.13949281168743255,-0.015950998007580673,0.01732917290806306
2016/S1_a_2016/S2,2016/S1,2016/S2,2017/S1,19,CMCSA,INTU,0.1434729478042982,0.01045658880976846,0.021490218744290388
2016/S1_a_2016/S2,2016/S1,2016/S2,2017/S1,20,XEL,CMS,0.14584587992692377,-0.02129910785142763,0.011207136514001076
2016/S2_a_2017/S1,2016/S2,2017/S1,2017/S2,1,KORS,CPRI,4.547473508864641e-13,3.2282061287363955e-08,2.331114979381233e-08
2016/S2_a_2017/S1,2016/S2,2017/S1,2017/S2,2,NWSA,NWS,0.015257567157959784,-0.00455682278630278,0.006319791026757316
2016/S2_a_2017/S1,2016/S2,2017/S1,2017/S2,3,CMS,ES,0.020658841426268282,0.0015028159006600394,0.008946434355493287
2016/S2_a_2017/S1,2016/S2,2017/S1,2017/S2,4,XEL,CMS,0.025373897716178817,0.0017622735785693404,0.009898143505412012
2016/S2_a_2017/S1,2016/S2,2017/S1,2017/S2,5,XEL,PPL,0.02986686404113925,-0.0016387333746763026,0.010784031905467098
2016/S2_a_2017/S1,2016/S2,2017/S1,2017/S2,6,XEL,ES,0.032604783422982564,0.00326508947922938,0.010917703645832172
2016/S2_a_2017/S1,2016/S2,2017/S1,2017/S2,7,PPL,CMS,0.03976244887496705,0.0034010069532456424,0.0121162370238835
2016/S2_a_2017/S1,2016/S2,2017/S1,2017/S2,8,AEP,DUK,0.03997293018454684,-0.004905495082892592,0.01162303522674538
2016/S2_a_2017/S1,2016/S2,2017/S1,2017/S2,9,GOOGL,GOOG,0.04036827290258316,0.01131856996909822,0.005675327996138726
2016/S2_a_2017/S1,2016/S2,2017/S1,2017/S2,10,ED,CMS,0.04121347028882383,-0.003693933893952412,0.01226774559703074
2016/S2_a_2017/S1,2016/S2,2017/S1,2017/S2,11,PPL,ES,0.04511940687569904,0.004903822853905683,0.012474586480549246
2016/S2_a_2017/S1,2016/S2,2017/S1,2017/S2,12,ED,DUK,0.049593758716810044,0.00712532803463222,0.012108349366108216
2016/S2_a_2017/S1,2016/S2,2017/S1,2017/S2,13,ED,LNT,0.05378089886335147,-0.009195648826559577,0.011374079291723264
2016/S2_a_2017/S1,2016/S2,2017/S1,2017/S2,14,AEP,ED,0.05793312893638358,-0.01203082311752481,0.009246183945335723
2016/S2_a_2017/S1,2016/S2,2017/S1,2017/S2,15,ED,SRE,0.05985218102671297,0.0031125321569362816,0.015123771058300175
2016/S2_a_2017/S1,2016/S2,2017/S1,2017/S2,16,CMS,LNT,0.06011592185262771,-0.005501714932607165,0.014460850751433966
2016/S2_a_2017/S1,2016/S2,2017/S1,2017/S2,17,DUK,SRE,0.06600693923610379,-0.004012795877695938,0.01571016133800702
2016/S2_a_2017/S1,2016/S2,2017/S1,2017/S2,18,SRE,CMS,0.07021841530610118,-0.006806466050888695,0.015272265350187435
2016/S2_a_2017/S1,2016/S2,2017/S1,2017/S2,19,ETR,WEC,0.07036704893744172,0.0007548750718942693,0.016726467106878976
2016/S2_a_2017/S1,2016/S2,2017/S1,2017/S2,20,XEL,ED,0.073358535600903,0.005456207472521753,0.016198033081761397
2017/S1_a_2017/S2,2017/S1,2017/S2,2018/S1,1,SPGI,INFO,0.0,0.0,0.0
2017/S1_a_2017/S2,2017/S1,2017/S2,2018/S1,2,KORS,CPRI,4.547473508864641e-13,4.289241940863265e-08,2.705868624179316e-08
2017/S1_a_2017/S2,2017/S1,2017/S2,2018/S1,3,NWSA,NWS,0.0216819473293981,0.004936736569170337,0.007890433187970617
2017/S1_a_2017/S2,2017/S1,2017/S2,2018/S1,4,GOOGL,GOOG,0.03254522010843175,-0.009469278829562463,0.006336794924479017
2017/S1_a_2017/S2,2017/S1,2017/S2,2018/S1,5,WEC,LNT,0.03723567096210445,-0.005634877679604586,0.010819603966841845
2017/S1_a_2017/S2,2017/S1,2017/S2,2018/S1,6,PNW,ES,0.048549536835139406,0.00513249656698702,0.012951843739278532
2017/S1_a_2017/S2,2017/S1,2017/S2,2018/S1,7,ED,ES,0.051865240918914424,0.001896454310870744,0.014277606191750567
2017/S1_a_2017/S2,2017/S1,2017/S2,2018/S1,8,DUK,DTE,0.05737665943263437,-0.0034297550921599273,0.014754537094012818
2017/S1_a_2017/S2,2017/S1,2017/S2,2018/S1,9,DTE,LNT,0.05888381379611474,0.0046424179967537345,0.014625218020527917
2017/S1_a_2017/S2,2017/S1,2017/S2,2018/S1,10,CMS,PNW,0.06434962955972878,0.008949433426855665,0.013303600645777992
2017/S1_a_2017/S2,2017/S1,2017/S2,2018/S1,11,AEP,CMS,0.06458444411600794,0.001462769096401715,0.01600592153737397
2017/S1_a_2017/S2,2017/S1,2017/S2,2018/S1,12,CMS,ES,0.06539784018661976,0.014081929993842685,0.007905530050930146
2017/S1_a_2017/S2,2017/S1,2017/S2,2018/S1,13,SRE,PNW,0.0727309192999428,0.00876177879902652,0.014623537000497231
2017/S1_a_2017/S2,2017/S1,2017/S2,2018/S1,14,ED,CMS,0.07807956092221957,-0.012185475682971942,0.012776481628315189
2017/S1_a_2017/S2,2017/S1,2017/S2,2018/S1,15,AEP,ED,0.08088781147102964,0.013648244779373655,0.01168467209568945
2017/S1_a_2017/S2,2017/S1,2017/S2,2018/S1,16,AEE,LNT,0.08117330867378314,0.008507622540497573,0.01587526613438689
2017/S1_a_2017/S2,2017/S1,2017/S2,2018/S1,17,PNC,MS,0.08389415773262954,0.008877175228589496,0.016014280312629685
2017/S1_a_2017/S2,2017/S1,2017/S2,2018/S1,18,KO,UDR,0.09082141165254143,0.00735366221710216,0.01757819652907406
2017/S1_a_2017/S2,2017/S1,2017/S2,2018/S1,19,DUK,LNT,0.09544152971113817,0.0012126629045938072,0.019501017545719406
2017/S1_a_2017/S2,2017/S1,2017/S2,2018/S1,20,DTE,ES,0.09777498574931087,-0.014933355510610613,0.01293069277970652
2017/S2_a_2018/S1,2017/S2,2018/S1,2018/S2,1,SPGI,INFO,0.0,0.0,0.0
2017/S2_a_2018/S1,2017/S2,2018/S1,2018/S2,2,DUK,PNW,0.028398860836773565,0.001557338795487365,0.010543265054358169
2017/S2_a_2018/S1,2017/S2,2018/S1,2018/S2,3,NWSA,NWS,0.034912215862505036,0.008855970098278137,0.007804290117818817
2017/S2_a_2018/S1,2017/S2,2018/S1,2018/S2,4,XEL,AEP,0.04838122590081184,0.008961289450555927,0.010625392988107463
2017/S2_a_2018/S1,2017/S2,2018/S1,2018/S2,5,VTR,WELL,0.056890479111416425,0.009432187604714742,0.011757546035775859
2017/S2_a_2018/S1,2017/S2,2018/S1,2018/S2,6,ED,DTE,0.059214407978970485,-0.005814535088034359,0.01424477372062203
2017/S2_a_2018/S1,2017/S2,2018/S1,2018/S2,7,GOOGL,GOOG,0.0657616466522768,-0.014069137971365102,0.00801961225855984
2017/S2_a_2018/S1,2017/S2,2018/S1,2018/S2,8,AEP,DTE,0.07022443367509368,0.009300078469376723,0.013930553087544281
2017/S2_a_2018/S1,2017/S2,2018/S1,2018/S2,9,ED,ES,0.07640154045674308,0.0018394937290019924,0.0173841562837926
2017/S2_a_2018/S1,2017/S2,2018/S1,2018/S2,10,DTE,ES,0.07673514378950586,0.007654028817036354,0.01575189135934938
2017/S2_a_2018/S1,2017/S2,2018/S1,2018/S2,11,DTE,CMS,0.08018796422311425,0.00367988645865036,0.017525870200539584
2017/S2_a_2018/S1,2017/S2,2018/S1,2018/S2,12,EQR,UDR,0.08560565220824401,0.011037422378938417,0.014836125413710505
2017/S2_a_2018/S1,2017/S2,2018/S1,2018/S2,13,WEC,LNT,0.08905278269355676,0.004135063229145735,0.018413147147446858
2017/S2_a_2018/S1,2017/S2,2018/S1,2018/S2,14,DUK,SO,0.09472434904000693,-0.007650932172219827,0.01789207886199823
2017/S2_a_2018/S1,2017/S2,2018/S1,2018/S2,15,UA,UAA,0.09899643607809594,-0.012474955984284884,0.015483498293176056
2017/S2_a_2018/S1,2017/S2,2018/S1,2018/S2,16,CMS,NI,0.09942618738654119,0.005858979826634168,0.019058850814207298
2017/S2_a_2018/S1,2017/S2,2018/S1,2018/S2,17,AEP,ED,0.1019492790574077,0.015114613557411083,0.013357835418506226
2017/S2_a_2018/S1,2017/S2,2018/S1,2018/S2,18,AEP,CMS,0.11043937282829575,0.012979964928027082,0.016510726326294606
2017/S2_a_2018/S1,2017/S2,2018/S1,2018/S2,19,CCL,NCLH,0.11544506509801522,0.0017162571938942502,0.02142015264841741
2017/S2_a_2018/S1,2017/S2,2018/S1,2018/S2,20,CMA,RF,0.11831447479448798,0.010646648276119584,0.018959255660079413
2018/S1_a_2018/S2,2018/S1,2018/S2,2019/S1,1,SPGI,INFO,0.0,0.0,0.0
2018/S1_a_2018/S2,2018/S1,2018/S2,2019/S1,2,MPC,HFC,0.0,0.0,0.0
2018/S1_a_2018/S2,2018/S1,2018/S2,2019/S1,3,GOOGL,GOOG,0.004404035867764833,0.0002205422366183703,0.004191337499773323
2018/S1_a_2018/S2,2018/S1,2018/S2,2019/S1,4,NWSA,NWS,0.013956725781042678,0.0015726017498844862,0.007303693213459699
2018/S1_a_2018/S2,2018/S1,2018/S2,2019/S1,5,XEL,AEP,0.031758543365640435,0.006677016061057535,0.009070463042709519
2018/S1_a_2018/S2,2018/S1,2018/S2,2019/S1,6,AEP,DUK,0.03975299682730338,0.007958838472488626,0.009768086047882471
2018/S1_a_2018/S2,2018/S1,2018/S2,2019/S1,7,AIV,AVB,0.040450580259346225,0.0004597593741189043,0.012711809345662066
2018/S1_a_2018/S2,2018/S1,2018/S2,2019/S1,8,DUK,PNW,0.05423021453503907,-0.0011163080237007752,0.014685698143494531
2018/S1_a_2018/S2,2018/S1,2018/S2,2019/S1,9,DTE,WEC,0.06023147807150053,-0.003324499070913414,0.015160125627342301
2018/S1_a_2018/S2,2018/S1,2018/S2,2019/S1,10,AEP,AWK,0.061289492581295235,0.0053939138293871945,0.014695145004388907
2018/S1_a_2018/S2,2018/S1,2018/S2,2019/S1,11,DUK,AWK,0.07486777254581511,-0.0025649246431014325,0.017113326281143378
2018/S1_a_2018/S2,2018/S1,2018/S2,2019/S1,12,CMS,WEC,0.08011768119132512,0.010492518044478228,0.014489217304995515
2018/S1_a_2018/S2,2018/S1,2018/S2,2019/S1,13,AEP,PNW,0.0811512894746329,0.006842530448787851,0.016661262078972488
2018/S1_a_2018/S2,2018/S1,2018/S2,2019/S1,14,XEL,WEC,0.09538515297185768,-0.016023060463810808,0.011125429942018566
2018/S1_a_2018/S2,2018/S1,2018/S2,2019/S1,15,XEL,DTE,0.09550001480005221,-0.012698561392897394,0.014835820971743865
2018/S1_a_2018/S2,2018/S1,2018/S2,2019/S1,16,AEP,ES,0.10037967387313529,0.007550152039956969,0.018554942211794413
2018/S1_a_2018/S2,2018/S1,2018/S2,2019/S1,17,AVB,MAA,0.1012285719006627,0.006869948380075456,0.01890844552294159
2018/S1_a_2018/S2,2018/S1,2018/S2,2019/S1,18,DUK,ES,0.10381059528020842,-0.0004086864325316584,0.02037338186023926
2018/S1_a_2018/S2,2018/S1,2018/S2,2019/S1,19,XEL,DUK,0.10397081024137833,0.01463585453354616,0.014171032781236081
2018/S1_a_2018/S2,2018/S1,2018/S2,2019/S1,20,XEL,AWK,0.10613312470616165,0.01207092989044473,0.016680597141926982
2018/S2_a_2019/S1,2018/S2,2019/S1,2019/S2,1,MPC,HFC,0.0,0.0,0.0
2018/S2_a_2019/S1,2018/S2,2019/S1,2019/S2,2,SPGI,INFO,0.0,0.0,0.0
2018/S2_a_2019/S1,2018/S2,2019/S1,2019/S2,3,GOOGL,GOOG,0.01093362844613921,-0.005449103844446032,0.0037547534903186546
2018/S2_a_2019/S1,2018/S2,2019/S1,2019/S2,4,NWSA,NWS,0.01733495930028539,0.00029620781625689,0.008338478218889379
2018/S2_a_2019/S1,2018/S2,2019/S1,2019/S2,5,AEP,WEC,0.037976119123982244,-0.004472944234426293,0.011507691088519114
2018/S2_a_2019/S1,2018/S2,2019/S1,2019/S2,6,XEL,WEC,0.041067124304731806,0.007374305217301029,0.010503782058433586
2018/S2_a_2019/S1,2018/S2,2019/S1,2019/S2,7,EQR,AVB,0.05688341123391183,0.006175110749624624,0.01378993478484967
2018/S2_a_2019/S1,2018/S2,2019/S1,2019/S2,8,DTE,AEE,0.05976293444427938,0.006144205619107826,0.014216501353371228
2018/S2_a_2019/S1,2018/S2,2019/S1,2019/S2,9,EQR,AIV,0.06259787081091872,0.00048365584171127505,0.015848097964953466
2018/S2_a_2019/S1,2018/S2,2019/S1,2019/S2,10,XEL,AEP,0.0647957350283832,0.011847249451727321,0.010922583571136651
2018/S2_a_2019/S1,2018/S2,2019/S1,2019/S2,11,FE,CMS,0.07316879457448522,-0.009588245574667788,0.014196721901541944
2018/S2_a_2019/S1,2018/S2,2019/S1,2019/S2,12,ETR,CMS,0.0845378304844644,0.00432636092794183,0.017908567508879723
2018/S2_a_2019/S1,2018/S2,2019/S1,2019/S2,13,AEE,WEC,0.08801046929693257,-0.002505369550141465,0.01863205879833508
2018/S2_a_2019/S1,2018/S2,2019/S1,2019/S2,14,NEE,FE,0.09828686284470223,-0.005565263278452971,0.019069080084820066
2018/S2_a_2019/S1,2018/S2,2019/S1,2019/S2,15,NEE,CMS,0.09906619247510662,-0.015153508853120758,0.012934649588577108
2018/S2_a_2019/S1,2018/S2,2019/S1,2019/S2,16,AIV,UDR,0.10918428676404801,-0.0171484443371733,0.011968331869596496
2018/S2_a_2019/S1,2018/S2,2019/S1,2019/S2,17,AEP,AEE,0.10962382657464786,-0.0019675746842848286,0.02088945748209066
2018/S2_a_2019/S1,2018/S2,2019/S1,2019/S2,18,AIV,ESS,0.1103623037873831,-0.006178218223725361,0.020122088073625866
2018/S2_a_2019/S1,2018/S2,2019/S1,2019/S2,19,AIV,AVB,0.11666940673467252,0.005691454907913348,0.020881309449056012
2018/S2_a_2019/S1,2018/S2,2019/S1,2019/S2,20,XEL,ES,0.12191061240855561,-0.011755791707488505,0.01873091561465279
2019/S1_a_2019/S2,2019/S1,2019/S2,2020/S1,1,MPC,HFC,0.0,0.0,0.0
2019/S1_a_2019/S2,2019/S1,2019/S2,2020/S1,2,SPGI,INFO,0.0,0.0,0.0
2019/S1_a_2019/S2,2019/S1,2019/S2,2020/S1,3,GOOGL,GOOG,0.014959646965735374,-0.006835842670319925,0.0035616389209060647
2019/S1_a_2019/S2,2019/S1,2019/S2,2020/S1,4,NWSA,NWS,0.020859263435454523,-0.0013487851935844678,0.009015440411136798
2019/S1_a_2019/S2,2019/S1,2019/S2,2020/S1,5,CMS,LNT,0.05848677036635763,0.0035472712014382,0.014845260401839668
2019/S1_a_2019/S2,2019/S1,2019/S2,2020/S1,6,DTE,AEE,0.07667805936000605,-0.0037215629748412007,0.017075862085180624
2019/S1_a_2019/S2,2019/S1,2019/S2,2020/S1,7,CMS,ES,0.09090350028600369,0.00023071253945712204,0.019029238015323763
2019/S1_a_2019/S2,2019/S1,2019/S2,2020/S1,8,AVB,UDR,0.10695366288098285,0.011900261470280598,0.016850216009300256
2019/S1_a_2019/S2,2019/S1,2019/S2,2020/S1,9,FE,LNT,0.1121122224070632,-0.006391111031219078,0.020140834297245468
2019/S1_a_2019/S2,2019/S1,2019/S2,2020/S1,10,AIV,UDR,0.11561125554578666,-0.00024155431620582088,0.021460289624928745
2019/S1_a_2019/S2,2019/S1,2019/S2,2020/S1,11,ES,LNT,0.11888681077482488,0.0033165586619810783,0.021508352988022582
2019/S1_a_2019/S2,2019/S1,2019/S2,2020/S1,12,AEP,LNT,0.1224456775382805,-0.0007025080990435029,0.022075685737464046
2019/S1_a_2019/S2,2019/S1,2019/S2,2020/S1,13,AEE,ATO,0.12271458864302076,-0.00021676671355731604,0.022110078439181873
2019/S1_a_2019/S2,2019/S1,2019/S2,2020/S1,14,FE,ES,0.1233231118715139,-0.009707669693200156,0.019917651329133514
2019/S1_a_2019/S2,2019/S1,2019/S2,2020/S1,15,AEP,CMS,0.15212091318551302,-0.004249779300481703,0.024247202648977475
2019/S1_a_2019/S2,2019/S1,2019/S2,2020/S1,16,ETR,NEE,0.15339986086416957,0.014205647079217384,0.020212630445533362
2019/S1_a_2019/S2,2019/S1,2019/S2,2020/S1,17,ICE,CBOE,0.15459501450538937,0.005644784693965518,0.024164557757587826
2019/S1_a_2019/S2,2019/S1,2019/S2,2020/S1,18,JPM,PNC,0.15596800439470826,0.004632635739672868,0.02449162417142277
2019/S1_a_2019/S2,2019/S1,2019/S2,2020/S1,19,AIV,AVB,0.16097241478951219,-0.01214181578648642,0.022210657931197295
2019/S1_a_2019/S2,2019/S1,2019/S2,2020/S1,20,FE,CMS,0.16146513596015666,-0.009938382232657278,0.023326432242048226
2019/S2_a_2020/S1,2019/S2,2020/S1,2020/S2,1,SPGI,INFO,0.0,0.0,0.0
2019/S2_a_2020/S1,2019/S2,2020/S1,2020/S2,2,MPC,HFC,0.0,0.0,0.0
2019/S2_a_2020/S1,2019/S2,2020/S1,2020/S2,3,GOOGL,GOOG,0.0030255542196755414,-0.002698525388948996,0.002166848237056607
2019/S2_a_2020/S1,2019/S2,2020/S1,2020/S2,4,NWSA,NWS,0.03165161420076856,0.006583835479559727,0.009059952680095447
2019/S2_a_2020/S1,2019/S2,2020/S1,2020/S2,5,FOXA,FOX,0.06093577532692507,0.013022620251831214,0.008458547348079142
2019/S2_a_2020/S1,2019/S2,2020/S1,2020/S2,6,UA,UAA,0.08190824368364247,0.014958301605039373,0.010019681939802237
2019/S2_a_2020/S1,2019/S2,2020/S1,2020/S2,7,CMS,LNT,0.10930021591786954,0.000992797372559192,0.020802438742320455
2019/S2_a_2020/S1,2019/S2,2020/S1,2020/S2,8,XEL,AWK,0.13330456549431347,-0.005528936353786747,0.02232254303847587
2019/S2_a_2020/S1,2019/S2,2020/S1,2020/S2,9,KEY,CFG,0.14588319788333592,0.006297668080128394,0.023218173318103354
2019/S2_a_2020/S1,2019/S2,2020/S1,2020/S2,10,C,KEY,0.14807573633788707,0.003453650903201221,0.02399222981722794
2019/S2_a_2020/S1,2019/S2,2020/S1,2020/S2,11,MA,V,0.17696127376837012,0.016932635729115252,0.020356212062885005
2019/S2_a_2020/S1,2019/S2,2020/S1,2020/S2,12,RF,TFC,0.18895170186351606,-0.010336253747846894,0.025348495780011616
2019/S2_a_2020/S1,2019/S2,2020/S1,2020/S2,13,ESS,UDR,0.19045217724072927,-0.002129424955337713,0.027408213433306686
2019/S2_a_2020/S1,2019/S2,2020/S1,2020/S2,14,APH,AME,0.19146845548260671,-0.0013422805424049286,0.027531556286173233
2019/S2_a_2020/S1,2019/S2,2020/S1,2020/S2,15,DUK,ATO,0.20167610939017777,-0.000909728390715265,0.028274920539144637
2019/S2_a_2020/S1,2019/S2,2020/S1,2020/S2,16,AEP,ATO,0.20902760222588768,-0.0014251702200160329,0.0287651775918413
2019/S2_a_2020/S1,2019/S2,2020/S1,2020/S2,17,AMT,CCI,0.2115619105454698,0.008553134005967451,0.02767824032954793
2019/S2_a_2020/S1,2019/S2,2020/S1,2020/S2,18,ARE,DRE,0.2179325326039816,0.004077922852654936,0.02912243452434583
2019/S2_a_2020/S1,2019/S2,2020/S1,2020/S2,19,C,COF,0.22379430200908246,-0.007548376986268408,0.02882479017682316
2019/S2_a_2020/S1,2019/S2,2020/S1,2020/S2,20,ADP,PAYX,0.2245778545423036,0.0060855975876784405,0.029223286984480863
2020/S1_a_2020/S2,2020/S1,2020/S2,2021/S1,1,SPGI,INFO,0.0,0.0,0.0
2020/S1_a_2020/S2,2020/S1,2020/S2,2021/S1,2,GOOGL,GOOG,0.003908708882931933,-0.0027982467115186442,0.002765771630941831
2020/S1_a_2020/S2,2020/S1,2020/S2,2021/S1,3,UA,UAA,0.017464786721461678,0.002980191097208673,0.007770966866105686
2020/S1_a_2020/S2,2020/S1,2020/S2,2021/S1,4,FOXA,FOX,0.022069415145438143,-0.00499486283723185,0.007907552520663717
2020/S1_a_2020/S2,2020/S1,2020/S2,2021/S1,5,NWSA,NWS,0.12151233576605591,0.017145636796728748,0.013676709708741751
2020/S1_a_2020/S2,2020/S1,2020/S2,2021/S1,6,APH,AME,0.19424501919877457,-0.005646615558646454,0.027180926697060383
2020/S1_a_2020/S2,2020/S1,2020/S2,2021/S1,7,JPM,BAC,0.20303208049170962,0.01677520624757981,0.022872660926070487
2020/S1_a_2020/S2,2020/S1,2020/S2,2021/S1,8,PSA,EXR,0.2071535682019885,0.0049358590794226775,0.02824143386592829
2020/S1_a_2020/S2,2020/S1,2020/S2,2021/S1,9,JPM,AFL,0.21046290304872173,0.009618095767326716,0.027245098452635595
2020/S1_a_2020/S2,2020/S1,2020/S2,2021/S1,10,ESS,UDR,0.21326664630134928,-0.018185701064789922,0.022677392098940822
2020/S1_a_2020/S2,2020/S1,2020/S2,2021/S1,11,PEP,MDLZ,0.21429678621768744,-0.0015033632644377484,0.02912241409177258
2020/S1_a_2020/S2,2020/S1,2020/S2,2021/S1,12,UNP,IEX,0.21546855251580155,0.004543693854102201,0.02888437050552996
2020/S1_a_2020/S2,2020/S1,2020/S2,2021/S1,13,JPM,PNC,0.21849979731479152,0.014914440568280425,0.02537202100241342
2020/S1_a_2020/S2,2020/S1,2020/S2,2021/S1,14,OMC,PBCT,0.22206920667565555,0.002726068981692546,0.02955953431018764
2020/S1_a_2020/S2,2020/S1,2020/S2,2021/S1,15,CMS,LNT,0.2254614289806227,0.0186750711453384,0.023335508704936798
2020/S1_a_2020/S2,2020/S1,2020/S2,2021/S1,16,VLO,PSX,0.22649674707611211,0.008426704973643397,0.028766394899378475
2020/S1_a_2020/S2,2020/S1,2020/S2,2021/S1,17,FITB,RF,0.2285419191950382,-0.019347021659185518,0.023046036198415845
2020/S1_a_2020/S2,2020/S1,2020/S2,2021/S1,18,BAC,AFL,0.24473541768463747,-0.007157110480253095,0.030327294492217542
2020/S1_a_2020/S2,2020/S1,2020/S2,2021/S1,19,AVB,ESS,0.24894418707731347,-0.007372301584181107,0.03055007773631987
2020/S1_a_2020/S2,2020/S1,2020/S2,2021/S1,20,KEY,HBAN,0.25171418015696645,-0.01890763422773928,0.02529720373515913
2020/S2_a_2021/S1,2020/S2,2021/S1,2021/S2,1,SPGI,INFO,0.0,0.0,0.0
2020/S2_a_2021/S1,2020/S2,2021/S1,2021/S2,2,AEE,LNT,0.09663728556745355,0.004805141553841376,0.019021769920571103
2020/S2_a_2021/S1,2020/S2,2021/S1,2021/S2,3,GOOGL,GOOG,0.12769481109683056,-0.014820016225915568,0.01697752499583995
2020/S2_a_2021/S1,2020/S2,2021/S1,2021/S2,4,ED,CMS,0.14336789357014368,0.006359144305258536,0.023034474169277477
2020/S2_a_2021/S1,2020/S2,2021/S1,2021/S2,5,AON,WLTW,0.1596470470250324,0.01303997939736671,0.021571404565652423
2020/S2_a_2021/S1,2020/S2,2021/S1,2021/S2,6,AEP,CMS,0.18507198935242286,0.008968497430426417,0.02562389905673871
2020/S2_a_2021/S1,2020/S2,2021/S1,2021/S2,7,ESS,UDR,0.1865899809787379,0.01877282812993093,0.019737356518584867
2020/S2_a_2021/S1,2020/S2,2021/S1,2021/S2,8,AEP,ED,0.1872529262717535,0.0026093531251678817,0.027188080928729742
2020/S2_a_2021/S1,2020/S2,2021/S1,2021/S2,9,XEL,WEC,0.18880236494157998,0.01379276637186313,0.023689709222621376
2020/S2_a_2021/S1,2020/S2,2021/S1,2021/S2,10,DUK,SO,0.1963228018485097,-0.0036331340596526935,0.027729231972247692
2020/S2_a_2021/S1,2020/S2,2021/S1,2021/S2,11,FISV,GPN,0.19868397342918342,0.004788411087848528,0.02772272324981365
2020/S2_a_2021/S1,2020/S2,2021/S1,2021/S2,12,EQR,UDR,0.2073301999020032,0.01362608650667075,0.025290448338147215
2020/S2_a_2021/S1,2020/S2,2021/S1,2021/S2,13,EQR,ESS,0.21686882767914994,-0.00514674162326018,0.028938292119305226
2020/S2_a_2021/S1,2020/S2,2021/S1,2021/S2,14,CAG,GIS,0.2343380209198358,0.01734682333098443,0.025129792674158918
2020/S2_a_2021/S1,2020/S2,2021/S1,2021/S2,15,BAX,AMGN,0.24623828212259014,-0.008210916144676552,0.030221536465551445
2020/S2_a_2021/S1,2020/S2,2021/S1,2021/S2,16,EXC,SO,0.26007782388569467,-0.013172981888701618,0.029358948086688385
2020/S2_a_2021/S1,2020/S2,2021/S1,2021/S2,17,ED,WEC,0.26836349822269767,-0.019591729376255924,0.026149803006317387
2020/S2_a_2021/S1,2020/S2,2021/S1,2021/S2,18,BMY,PEP,0.2882482822053589,-0.01217004100852333,0.0316180257649618
2020/S2_a_2021/S1,2020/S2,2021/S1,2021/S2,19,CMS,WEC,0.29713565874897085,-0.02595087368151446,0.02253167773152469
2020/S2_a_2021/S1,2020/S2,2021/S1,2021/S2,20,AZO,ORLY,0.30130444982489735,-0.010032401730577576,0.03315668948955858
2021/S1_a_2021/S2,2021/S1,2021/S2,2022/S1,1,AME,IEX,0.05456490817766735,-0.001226002051859847,0.01469288953947729
2021/S1_a_2021/S2,2021/S1,2021/S2,2022/S1,2,CMS,WEC,0.0630944399058535,0.0072286244121306025,0.014103583953155389
2021/S1_a_2021/S2,2021/S1,2021/S2,2022/S1,3,AVB,UDR,0.0772267562504112,0.0029404845009081745,0.01729148410689271
2021/S1_a_2021/S2,2021/S1,2021/S2,2022/S1,4,XEL,WEC,0.10391411967748354,-0.0028586772521360113,0.02014437597094764
2021/S1_a_2021/S2,2021/S1,2021/S2,2022/S1,5,D,WEC,0.10505521468860479,0.005413257829197325,0.01972629121973879
2021/S1_a_2021/S2,2021/S1,2021/S2,2022/S1,6,GOOGL,GOOG,0.10977210517467029,-0.01335404520034983,0.0160716539614436
2021/S1_a_2021/S2,2021/S1,2021/S2,2022/S1,7,D,CMS,0.12405653048460863,-0.0018153665829332784,0.022157175810620818
2021/S1_a_2021/S2,2021/S1,2021/S2,2022/S1,8,ITW,AME,0.14664265527960652,-0.009693733998638713,0.022133477610334962
2021/S1_a_2021/S2,2021/S1,2021/S2,2022/S1,9,AEP,CMS,0.14711756094231987,0.016272640487178126,0.017896143075192487
2021/S1_a_2021/S2,2021/S1,2021/S2,2022/S1,10,EQR,ESS,0.14889533255757215,0.015375422298538926,0.0188643324379658
2021/S1_a_2021/S2,2021/S1,2021/S2,2022/S1,11,PPL,AMCR,0.17024771035801223,0.003928610028561909,0.02574455794543801
2021/S1_a_2021/S2,2021/S1,2021/S2,2022/S1,12,AEP,D,0.1805671247918781,0.01808800707011141,0.019771480612697224
2021/S1_a_2021/S2,2021/S1,2021/S2,2022/S1,13,AEP,PPL,0.182768544651708,-0.0011505988532959806,0.026959829011741043
2021/S1_a_2021/S2,2021/S1,2021/S2,2022/S1,14,ITW,IEX,0.18638276186220537,-0.01091973605049856,0.024956864917835837
2021/S1_a_2021/S2,2021/S1,2021/S2,2022/S1,15,XEL,ATO,0.1901959268649307,-0.006553855364739958,0.026732537271263783
2021/S1_a_2021/S2,2021/S1,2021/S2,2022/S1,16,K,D,0.191979434052314,0.0015857210614421756,0.027610392495214995
2021/S1_a_2021/S2,2021/S1,2021/S2,2022/S1,17,DUK,LNT,0.19281144283559115,0.0017622096727428046,0.02765963347643033
2021/S1_a_2021/S2,2021/S1,2021/S2,2022/S1,18,XEL,D,0.19353018138986045,-0.008271935081333335,0.026501680325021693
2021/S1_a_2021/S2,2021/S1,2021/S2,2022/S1,19,D,PPL,0.19462670985160457,-0.019238605923407388,0.020094941234422087
2021/S1_a_2021/S2,2021/S1,2021/S2,2022/S1,20,DUK,DTE,0.19803657074646708,-0.010574019885140616,0.026014130149056947
2021/S2_a_2022/S1,2021/S2,2022/S1,2022/S2,1,DTE,CMS,0.06797489062034856,0.009010597005691756,0.013758705220294013
2021/S2_a_2022/S1,2021/S2,2022/S1,2022/S2,2,AVB,UDR,0.06808368830229483,0.00366111037459544,0.016055921764458754
2021/S2_a_2022/S1,2021/S2,2022/S1,2022/S2,3,DUK,WEC,0.1021242081579885,-0.004486783144259194,0.01966361940616773
2021/S2_a_2022/S1,2021/S2,2022/S1,2022/S2,4,ETR,AEE,0.11816029531632921,-0.004513902878075729,0.02122031227168536
2021/S2_a_2022/S1,2021/S2,2022/S1,2022/S2,5,LEN,DHI,0.11868030506923333,-0.005246490997244867,0.02109963433034351
2021/S2_a_2022/S1,2021/S2,2022/S1,2022/S2,6,PEG,AEE,0.12320769508937701,-0.00699404567173023,0.021017986323695174
2021/S2_a_2022/S1,2021/S2,2022/S1,2022/S2,7,DOW,LYB,0.12478200233852021,0.0011108857715807431,0.022268822774171686
2021/S2_a_2022/S1,2021/S2,2022/S1,2022/S2,8,ETR,CMS,0.1313037678286264,0.008706616817796477,0.021142738515216156
2021/S2_a_2022/S1,2021/S2,2022/S1,2022/S2,9,AEE,CMS,0.1344995862690439,0.013220519695872204,0.018983583464516424
2021/S2_a_2022/S1,2021/S2,2022/S1,2022/S2,10,ES,EVRG,0.14816777454632302,0.016323022876097944,0.01796683791621634
2021/S2_a_2022/S1,2021/S2,2022/S1,2022/S2,11,D,CMS,0.15028298835261467,-0.011929582842600353,0.021350762674225688
2021/S2_a_2022/S1,2021/S2,2022/S1,2022/S2,12,AEP,CMS,0.15593065900213787,-0.01094465257297689,0.022382471547541315
2021/S2_a_2022/S1,2021/S2,2022/S1,2022/S2,13,EQR,AVB,0.15702686036718205,-0.01976828391503489,0.015272951904968603
2021/S2_a_2022/S1,2021/S2,2022/S1,2022/S2,14,FOXA,FOX,0.16024785416834675,0.023348735809706176,0.009544749137915112
2021/S2_a_2022/S1,2021/S2,2022/S1,2022/S2,15,EQR,UDR,0.16530787136218805,-0.01610717354043945,0.0199530054868805
2021/S2_a_2022/S1,2021/S2,2022/S1,2022/S2,16,DTE,AEE,0.17282914757629442,-0.004209922690180447,0.025899194592358964
2021/S2_a_2022/S1,2021/S2,2022/S1,2022/S2,17,DUK,LNT,0.17307051866157508,0.0018102193446870426,0.02619606896655573
2021/S2_a_2022/S1,2021/S2,2022/S1,2022/S2,18,AEP,DTE,0.17846808012052406,-0.019955249578668646,0.017641703998468247
2021/S2_a_2022/S1,2021/S2,2022/S1,2022/S2,19,ETR,DTE,0.1819207701000778,-0.00030398018789528177,0.02692008864258915
2021/S2_a_2022/S1,2021/S2,2022/S1,2022/S2,20,D,DUK,0.18285508743144874,0.008745692434898701,0.025528698725870692
2022/S1_a_2022/S2,2022/S1,2022/S2,2023/S1,1,GOOGL,GOOG,0.003051945297045222,-0.0025342851836256154,0.0023998936208120304
2022/S1_a_2022/S2,2022/S1,2022/S2,2023/S1,2,NWSA,NWS,0.017729692838031497,-0.007176093287187731,0.0043836595700565825
2022/S1_a_2022/S2,2022/S1,2022/S2,2023/S1,3,FOXA,FOX,0.025828089726587677,0.004234184228125986,0.009236467374737333
2022/S1_a_2022/S2,2022/S1,2022/S2,2023/S1,4,DUK,CMS,0.04096547868846301,0.00223129692057023,0.012604099097597674
2022/S1_a_2022/S2,2022/S1,2022/S2,2023/S1,5,EQR,AVB,0.05179302217959503,0.010807872182165942,0.009481284048464354
2022/S1_a_2022/S2,2022/S1,2022/S2,2023/S1,6,WM,RSG,0.06392220883594746,-0.007231625815204147,0.014254235783267644
2022/S1_a_2022/S2,2022/S1,2022/S2,2023/S1,7,CPT,UDR,0.07866018233897876,-0.008760659240480612,0.01541377897943885
2022/S1_a_2022/S2,2022/S1,2022/S2,2023/S1,8,MCO,SPGI,0.08140657435882304,-0.005145457309586881,0.01729290789850608
2022/S1_a_2022/S2,2022/S1,2022/S2,2023/S1,9,LEN,DHI,0.09226842997878748,0.005818472632629699,0.018305290974004514
2022/S1_a_2022/S2,2022/S1,2022/S2,2023/S1,10,PHM,NVR,0.10043291393628806,0.0019535636732342554,0.019947430387788047
2022/S1_a_2022/S2,2022/S1,2022/S2,2023/S1,11,ED,CNP,0.10264433434701914,0.005637466042816426,0.01945942419266407
2022/S1_a_2022/S2,2022/S1,2022/S2,2023/S1,12,ETN,AME,0.11093867885693953,-0.010412468396220866,0.01830031527962188
2022/S1_a_2022/S2,2022/S1,2022/S2,2023/S1,13,DUK,AEE,0.11545945175618044,0.004526223599340591,0.021006407597556415
2022/S1_a_2022/S2,2022/S1,2022/S2,2023/S1,14,APH,CDW,0.1239629009910459,0.0019529439904319705,0.02218157699022904
2022/S1_a_2022/S2,2022/S1,2022/S2,2023/S1,15,ETR,AEE,0.12738301446552214,0.010036773510454722,0.020208718120459594
2022/S1_a_2022/S2,2022/S1,2022/S2,2023/S1,16,ES,LNT,0.12919230344010657,-0.000899317411678009,0.022714691432342376
2022/S1_a_2022/S2,2022/S1,2022/S2,2023/S1,17,AEP,CNP,0.13084895247925488,-0.005261153462067905,0.022262195651418546
2022/S1_a_2022/S2,2022/S1,2022/S2,2023/S1,18,ES,EVRG,0.1398821572627753,0.006302986195794806,0.022795659313267432
2022/S1_a_2022/S2,2022/S1,2022/S2,2023/S1,19,AEE,WEC,0.1421412345457611,-0.012595993266769476,0.020230453668208682
2022/S1_a_2022/S2,2022/S1,2022/S2,2023/S1,20,XEL,WEC,0.15474203816677345,0.01750262904859753,0.017646550964978955
2022/S2_a_2023/S1,2022/S2,2023/S1,2023/S2,1,GOOGL,GOOG,0.003288980158117738,-0.0025974711009725438,0.0025262773181665907
2022/S2_a_2023/S1,2022/S2,2023/S1,2023/S2,2,FOXA,FOX,0.02331952951351468,-0.004495723773367147,0.008543169182368847
2022/S2_a_2023/S1,2022/S2,2023/S1,2023/S2,3,NWSA,NWS,0.033687814799691296,0.01031091507889568,0.005292544714571895
2022/S2_a_2023/S1,2022/S2,2023/S1,2023/S2,4,XEL,AEE,0.05289690894250043,0.0019112102464982333,0.014419441745941087
2022/S2_a_2023/S1,2022/S2,2023/S1,2023/S2,5,XEL,AEP,0.06969664324969926,-0.0019981133364243516,0.016576433460375992
2022/S2_a_2023/S1,2022/S2,2023/S1,2023/S2,6,DUK,CMS,0.08816194518374232,0.005645130256231205,0.017906781261356097
2022/S2_a_2023/S1,2022/S2,2023/S1,2023/S2,7,WEC,LNT,0.08912785541184576,0.0071603857103696485,0.017465257330827693
2022/S2_a_2023/S1,2022/S2,2023/S1,2023/S2,8,AEP,ETR,0.10106683564845298,0.002308559818166276,0.019972896043546757
2022/S2_a_2023/S1,2022/S2,2023/S1,2023/S2,9,AEP,AEE,0.11979945142036286,0.003909323582922586,0.021537266854503034
2022/S2_a_2023/S1,2022/S2,2023/S1,2023/S2,10,DTE,LNT,0.12558785119995264,-0.015620087236349804,0.01604332668205815
2022/S2_a_2023/S1,2022/S2,2023/S1,2023/S2,11,EXC,CMS,0.1282755497928747,0.005880930496229822,0.021871865816510266
2022/S2_a_2023/S1,2022/S2,2023/S1,2023/S2,12,AVB,INVH,0.13456282673018904,-0.015251199419200563,0.017456283306085795
2022/S2_a_2023/S1,2022/S2,2023/S1,2023/S2,13,WEC,EVRG,0.13541667235540444,-0.0051381742700684655,0.02269714191812901
2022/S2_a_2023/S1,2022/S2,2023/S1,2023/S2,14,AEE,WEC,0.13674603942422436,0.014694393957005341,0.0181712752188025
2022/S2_a_2023/S1,2022/S2,2023/S1,2023/S2,15,EVRG,LNT,0.1401306463187666,0.012298559980438115,0.02021541464753538
2022/S2_a_2023/S1,2022/S2,2023/S1,2023/S2,16,XEL,WEC,0.1517630904893963,0.016605604203503575,0.018171496543502915
2022/S2_a_2023/S1,2022/S2,2023/S1,2023/S2,17,APH,FTV,0.1525667785188034,0.01096089258567456,0.022127932192936867
2022/S2_a_2023/S1,2022/S2,2023/S1,2023/S2,18,K,UNH,0.15792571600053407,-0.0019363222064410482,0.025058701541384447
2022/S2_a_2023/S1,2022/S2,2023/S1,2023/S2,19,ED,CNP,0.16436804603256405,-0.007363433070194582,0.024556774156343667
2022/S2_a_2023/S1,2022/S2,2023/S1,2023/S2,20,EXC,NI,0.1646897240641465,-0.017358994372377236,0.01887376146648921
2023/S1_a_2023/S2,2023/S1,2023/S2,2024/S1,1,GOOGL,GOOG,0.0038870030396083166,-0.0004907727446515518,0.003920284273721985
2023/S1_a_2023/S2,2023/S1,2023/S2,2024/S1,2,FOXA,FOX,0.039826713926913726,0.00888968111088935,0.008977908264256092
2023/S1_a_2023/S2,2023/S1,2023/S2,2024/S1,3,DTE,CMS,0.08060287842249636,-0.004484573498137721,0.01742165809889418
2023/S1_a_2023/S2,2023/S1,2023/S2,2024/S1,4,CNP,NI,0.10119514799146145,-0.006054608718047225,0.019225002160453288
2023/S1_a_2023/S2,2023/S1,2023/S2,2024/S1,5,AEE,WEC,0.10368253190040377,-0.011400640654119422,0.016908551586245834
2023/S1_a_2023/S2,2023/S1,2023/S2,2024/S1,6,NWSA,NWS,0.10785030425506648,-0.012278644111099786,0.016785802586919935
2023/S1_a_2023/S2,2023/S1,2023/S2,2024/S1,7,PPL,CMS,0.1121331816317479,-0.00700084306196575,0.02002811585364381
2023/S1_a_2023/S2,2023/S1,2023/S2,2024/S1,8,FE,CMS,0.11495787377043598,-0.013808926820520743,0.016438550389354777
2023/S1_a_2023/S2,2023/S1,2023/S2,2024/S1,9,ETR,CMS,0.11829243567228787,0.003537110067117576,0.021506013800312692
2023/S1_a_2023/S2,2023/S1,2023/S2,2024/S1,10,PPL,FE,0.1236710696624641,0.006808083758554993,0.021216380780893142
2023/S1_a_2023/S2,2023/S1,2023/S2,2024/S1,11,ED,CNP,0.12972119753919742,-0.01135149055705844,0.019788755181051377
2023/S1_a_2023/S2,2023/S1,2023/S2,2024/S1,12,CPT,MAA,0.1460317885592417,0.01674017610985873,0.017467515979834012
2023/S1_a_2023/S2,2023/S1,2023/S2,2024/S1,13,WEC,LNT,0.14937163600183112,-0.0010583460171337507,0.024469603464088465
2023/S1_a_2023/S2,2023/S1,2023/S2,2024/S1,14,ETR,PPL,0.14956696723464802,0.010537953129083325,0.022117326177837984
2023/S1_a_2023/S2,2023/S1,2023/S2,2024/S1,15,DTE,PPL,0.15074755817624919,0.0025162695638280283,0.024475596816935015
2023/S1_a_2023/S2,2023/S1,2023/S2,2024/S1,16,CMS,LNT,0.1508926266673143,-0.017388339632936314,0.01739039547850053
2023/S1_a_2023/S2,2023/S1,2023/S2,2024/S1,17,XEL,AEP,0.1516444370759018,0.014730150050498783,0.0197778939259484
2023/S1_a_2023/S2,2023/S1,2023/S2,2024/S1,18,KO,LNT,0.15515340839459668,0.009931658680108708,0.022892620595970168
2023/S1_a_2023/S2,2023/S1,2023/S2,2024/S1,19,CL,SO,0.15784151592345097,-0.010334607346900756,0.022949262062126885
2023/S1_a_2023/S2,2023/S1,2023/S2,2024/S1,20,XEL,PPL,0.1604160264063239,-0.0097164255623289,0.023440413645746862
2023/S2_a_2024/S1,2023/S2,2024/S1,2024/S2,1,GOOGL,GOOG,0.0050617889990007825,-0.0034015908396636415,0.002951470900492101
2023/S2_a_2024/S1,2023/S2,2024/S1,2024/S2,2,FOXA,FOX,0.04899293953189954,0.011928965970291163,0.007340781791860261
2023/S2_a_2024/S1,2023/S2,2024/S1,2024/S2,3,DTE,CMS,0.0643811796738305,-0.0053178460749059775,0.01517121931156935
2023/S2_a_2024/S1,2023/S2,2024/S1,2024/S2,4,FE,CMS,0.08507006006448137,-0.012513219332506867,0.01358077065264823
2023/S2_a_2024/S1,2023/S2,2024/S1,2024/S2,5,PCG,SRE,0.08643951974312358,-0.0059438322738064155,0.01765433769449162
2023/S2_a_2024/S1,2023/S2,2024/S1,2024/S2,6,CAG,GIS,0.11062201841627939,-0.010600721166355118,0.018205453539325053
2023/S2_a_2024/S1,2023/S2,2024/S1,2024/S2,7,CMS,NI,0.11438812836235002,-0.006754429821916792,0.020336777752311935
2023/S2_a_2024/S1,2023/S2,2024/S1,2024/S2,8,CNP,PM,0.11634472455250489,0.009153868377979102,0.019573401957395885
2023/S2_a_2024/S1,2023/S2,2024/S1,2024/S2,9,MA,V,0.12105817312055933,-0.0006257209378950952,0.022040515034878316
2023/S2_a_2024/S1,2023/S2,2024/S1,2024/S2,10,EXC,AEE,0.12392367100903812,0.015534124492761033,0.01598146706148814
2023/S2_a_2024/S1,2023/S2,2024/S1,2024/S2,11,ED,SRE,0.1277875514012976,6.001433778465648e-05,0.02265390477358658
2023/S2_a_2024/S1,2023/S2,2024/S1,2024/S2,12,AEP,DTE,0.12846949953183184,-0.005201312775453666,0.022108357274685474
2023/S2_a_2024/S1,2023/S2,2024/S1,2024/S2,13,CNP,NI,0.13293342944268716,-0.007885863556440319,0.021712498800372196
2023/S2_a_2024/S1,2023/S2,2024/S1,2024/S2,14,AEP,CMS,0.13383856101677338,-0.010519158850359641,0.02064962880603493
2023/S2_a_2024/S1,2023/S2,2024/S1,2024/S2,15,DTE,FE,0.13627914006553965,0.007195373257600888,0.022255886003319403
2023/S2_a_2024/S1,2023/S2,2024/S1,2024/S2,16,ATO,INVH,0.1377417161735366,0.007932598064640561,0.02213596068982744
2023/S2_a_2024/S1,2023/S2,2024/S1,2024/S2,17,DUK,ETR,0.14725240777681847,0.01029752164737072,0.022020679378957686
2023/S2_a_2024/S1,2023/S2,2024/S1,2024/S2,18,MAA,UDR,0.14941974609286035,0.011781077519005069,0.02146457801354315
2023/S2_a_2024/S1,2023/S2,2024/S1,2024/S2,19,CNP,CMS,0.15575952054325626,-0.0011314337345235258,0.024985094750990623
2023/S2_a_2024/S1,2023/S2,2024/S1,2024/S2,20,AVY,PRU,0.16722812397915732,-0.01107555659867193,0.023418759470272478
2024/S1_a_2024/S2,2024/S1,2024/S2,2025/S1,1,GOOGL,GOOG,0.001242172335878422,0.0012922161818502318,0.0018089827053124569
2024/S1_a_2024/S2,2024/S1,2024/S2,2025/S1,2,FOXA,FOX,0.046637139646804826,0.003015445868771888,0.013291959851830529
2024/S1_a_2024/S2,2024/S1,2024/S2,2025/S1,3,PNC,RF,0.09274349522115699,-0.005543177491625666,0.01840235752824475
2024/S1_a_2024/S2,2024/S1,2024/S2,2025/S1,4,AVB,ESS,0.10284610307098774,0.0019202572190100793,0.020150517412377403
2024/S1_a_2024/S2,2024/S1,2024/S2,2025/S1,5,MAA,UDR,0.10411269335759243,0.002414989585894498,0.020222170915758283
2024/S1_a_2024/S2,2024/S1,2024/S2,2025/S1,6,AEE,ATO,0.124444798900754,-0.013899144087702788,0.017373547105407613
2024/S1_a_2024/S2,2024/S1,2024/S2,2025/S1,7,EVRG,LNT,0.13350306763038589,0.006100842424594673,0.02223771942766444
2024/S1_a_2024/S2,2024/S1,2024/S2,2025/S1,8,EQR,AVB,0.13634307027223258,0.009683403973587901,0.02119097901717317
2024/S1_a_2024/S2,2024/S1,2024/S2,2025/S1,9,AVB,CPT,0.15002348788618747,-0.00834219648692876,0.022974630287187336
2024/S1_a_2024/S2,2024/S1,2024/S2,2025/S1,10,ESS,CPT,0.15266580862657975,-0.010262453705938838,0.022416350366099458
2024/S1_a_2024/S2,2024/S1,2024/S2,2025/S1,11,EQR,CPT,0.15439312048613374,0.0013412074866591427,0.02476501624477291
2024/S1_a_2024/S2,2024/S1,2024/S2,2025/S1,12,DUK,CMS,0.15936874806868673,0.0045155701319059575,0.024788377137392913
2024/S1_a_2024/S2,2024/S1,2024/S2,2025/S1,13,NWSA,NWS,0.16383565760281726,0.00020483973195210814,0.025547790063174092
2024/S1_a_2024/S2,2024/S1,2024/S2,2025/S1,14,EQR,ESS,0.17034699669284237,0.011603661192597979,0.02331291286923876
2024/S1_a_2024/S2,2024/S1,2024/S2,2025/S1,15,KO,FE,0.17957530120906995,-0.0014312199240942198,0.02670922866084218
2024/S1_a_2024/S2,2024/S1,2024/S2,2025/S1,16,D,CMS,0.1871483280792745,0.011275836249325044,0.024858797919334385
2024/S1_a_2024/S2,2024/S1,2024/S2,2025/S1,17,PCG,DGX,0.19059647767608112,0.0020906481803844,0.027476540780056305
2024/S1_a_2024/S2,2024/S1,2024/S2,2025/S1,18,D,DUK,0.19452437343989004,0.0067602661174190875,0.027002115274163428
2024/S1_a_2024/S2,2024/S1,2024/S2,2025/S1,19,EIX,DUK,0.1974980815479057,-0.015716731459928947,0.02321303884750125
2024/S1_a_2024/S2,2024/S1,2024/S2,2025/S1,20,PPL,ATO,0.19871511045835177,0.001061060853267865,0.028116958078197335
2024/S2_a_2025/S1,2024/S2,2025/S1,2025/S2,1,GOOGL,GOOG,0.0014020460185975026,-0.000982149089883184,0.0021592165487363964
2024/S2_a_2025/S1,2024/S2,2025/S1,2025/S2,2,FOXA,FOX,0.06554119679651649,0.0008335107053334516,0.016202472885283682
2024/S2_a_2025/S1,2024/S2,2025/S1,2025/S2,3,EQR,UDR,0.09541303157141101,0.0023681250970463666,0.01943075724512178
2024/S2_a_2025/S1,2024/S2,2025/S1,2025/S2,4,MCO,SPGI,0.11443559845235995,-0.008699990359005714,0.01958537488020061
2024/S2_a_2025/S1,2024/S2,2025/S1,2025/S2,5,DUK,SO,0.12522294902385056,0.01384313720755018,0.017621048599996955
2024/S2_a_2025/S1,2024/S2,2025/S1,2025/S2,6,CVX,HES,0.13119458828873576,0.011136373392957949,0.02005913798932872
2024/S2_a_2025/S1,2024/S2,2025/S1,2025/S2,7,AEP,DUK,0.141091703983534,-0.004360747713015992,0.023399590995400964
2024/S2_a_2025/S1,2024/S2,2025/S1,2025/S2,8,EQR,AVB,0.14334285835082028,-0.010543498496966392,0.021542105796246547
2024/S2_a_2025/S1,2024/S2,2025/S1,2025/S2,9,USB,RF,0.14450884361758654,0.011220154646574415,0.021306321633343683
2024/S2_a_2025/S1,2024/S2,2025/S1,2025/S2,10,FITB,RF,0.16101622658686665,-0.004240049068854485,0.025071922451662853
2024/S2_a_2025/S1,2024/S2,2025/S1,2025/S2,11,ESS,UDR,0.16201578510845138,0.017981594119261552,0.01805628786571241
2024/S2_a_2025/S1,2024/S2,2025/S1,2025/S2,12,PNC,KEY,0.16962439599046775,0.003433728705762283,0.025872468565174587
2024/S2_a_2025/S1,2024/S2,2025/S1,2025/S2,13,CMS,PNW,0.17006882792384204,-0.0006863686615953055,0.0261253583160741
2024/S2_a_2025/S1,2024/S2,2025/S1,2025/S2,14,PNC,USB,0.17026202567035398,0.01377197738970497,0.022211577118517487
2024/S2_a_2025/S1,2024/S2,2025/S1,2025/S2,15,PPL,EVRG,0.17508324687435106,0.01029151551575641,0.024429590981988325
2024/S2_a_2025/S1,2024/S2,2025/S1,2025/S2,16,AEE,NI,0.1813670747302467,0.01505099063301272,0.0223816831100796
2024/S2_a_2025/S1,2024/S2,2025/S1,2025/S2,17,ESS,CPT,0.18362193181928887,-0.016775835245111153,0.021327883005125326
2024/S2_a_2025/S1,2024/S2,2025/S1,2025/S2,18,EQR,ESS,0.19041118982852367,-0.015613469022215186,0.02280228323852025
2024/S2_a_2025/S1,2024/S2,2025/S1,2025/S2,19,CMS,LNT,0.19153264866258723,-0.00897235064969558,0.026237016648987345
2024/S2_a_2025/S1,2024/S2,2025/S1,2025/S2,20,PNW,LNT,0.1948862699135816,-0.008285981988100277,0.0267159606295007
