linha,ano,semestre,periodo,inicio_semestre,fim_semestre,dia_no_semestre,total_dias_sem,total_dias_ano
0,1990.0,2.0,1990/S2,1990-07-01,1990-12-31,1.0,125.0,253.0
1,1990.0,2.0,1990/S2,1990-07-01,1990-12-31,2.0,125.0,253.0
2,1990.0,2.0,1990/S2,1990-07-01,1990-12-31,3.0,125.0,253.0
3,1990.0,2.0,1990/S2,1990-07-01,1990-12-31,4.0,125.0,253.0
4,1990.0,2.0,1990/S2,1990-07-01,1990-12-31,5.0,125.0,253.0
5,1990.0,2.0,1990/S2,1990-07-01,1990-12-31,6.0,125.0,253.0
6,1990.0,2.0,1990/S2,1990-07-01,1990-12-31,7.0,125.0,253.0
7,1990.0,2.0,1990/S2,1990-07-01,1990-12-31,8.0,125.0,253.0
8,1990.0,2.0,1990/S2,1990-07-01,1990-12-31,9.0,125.0,253.0
9,1990.0,2.0,1990/S2,1990-07-01,1990-12-31,10.0,125.0,253.0
10,1990.0,2.0,1990/S2,1990-07-01,1990-12-31,11.0,125.0,253.0
11,1990.0,2.0,1990/S2,1990-07-01,1990-12-31,12.0,125.0,253.0
12,1990.0,2.0,1990/S2,1990-07-01,1990-12-31,13.0,125.0,253.0
13,1990.0,2.0,1990/S2,1990-07-01,1990-12-31,14.0,125.0,253.0
14,1990.0,2.0,1990/S2,1990-07-01,1990-12-31,15.0,125.0,253.0
15,1990.0,2.0,1990/S2,1990-07-01,1990-12-31,16.0,125.0,253.0
16,1990.0,2.0,1990/S2,1990-07-01,1990-12-31,17.0,125.0,253.0
17,1990.0,2.0,1990/S2,1990-07-01,1990-12-31,18.0,125.0,253.0
18,1990.0,2.0,1990/S2,1990-07-01,1990-12-31,19.0,125.0,253.0
19,1990.0,2.0,1990/S2,1990-07-01,1990-12-31,20.0,125.0,253.0
20,1990.0,2.0,1990/S2,1990-07-01,1990-12-31,21.0,125.0,253.0
21,1990.0,2.0,1990/S2,1990-07-01,1990-12-31,22.0,125.0,253.0
22,1990.0,2.0,1990/S2,1990-07-01,1990-12-31,23.0,125.0,253.0
23,1990.0,2.0,1990/S2,1990-07-01,1990-12-31,24.0,125.0,253.0
24,1990.0,2.0,1990/S2,1990-07-01,1990-12-31,25.0,125.0,253.0
25,1990.0,2.0,1990/S2,1990-07-01,1990-12-31,26.0,125.0,253.0
26,1990.0,2.0,1990/S2,1990-07-01,1990-12-31,27.0,125.0,253.0
27,1990.0,2.0,1990/S2,1990-07-01,1990-12-31,28.0,125.0,253.0
28,1990.0,2.0,1990/S2,1990-07-01,1990-12-31,29.0,125.0,253.0
29,1990.0,2.0,1990/S2,1990-07-01,1990-12-31,30.0,125.0,253.0
30,1990.0,2.0,1990/S2,1990-07-01,1990-12-31,31.0,125.0,253.0
31,1990.0,2.0,1990/S2,1990-07-01,1990-12-31,32.0,125.0,253.0
32,1990.0,2.0,1990/S2,1990-07-01,1990-12-31,33.0,125.0,253.0
33,1990.0,2.0,1990/S2,1990-07-01,1990-12-31,34.0,125.0,253.0
34,1990.0,2.0,1990/S2,1990-07-01,1990-12-31,35.0,125.0,253.0
35,1990.0,2.0,1990/S2,1990-07-01,1990-12-31,36.0,125.0,253.0
36,1990.0,2.0,1990/S2,1990-07-01,1990-12-31,37.0,125.0,253.0
37,1990.0,2.0,1990/S2,1990-07-01,1990-12-31,38.0,125.0,253.0
38,1990.0,2.0,1990/S2,1990-07-01,1990-12-31,39.0,125.0,253.0
39,1990.0,2.0,1990/S2,1990-07-01,1990-12-31,40.0,125.0,253.0
40,1990.0,2.0,1990/S2,1990-07-01,1990-12-31,41.0,125.0,253.0
41,1990.0,2.0,1990/S2,1990-07-01,1990-12-31,42.0,125.0,253.0
42,1990.0,2.0,1990/S2,1990-07-01,1990-12-31,43.0,125.0,253.0
43,1990.0,2.0,1990/S2,1990-07-01,1990-12-31,44.0,125.0,253.0
44,1990.0,2.0,1990/S2,1990-07-01,1990-12-31,45.0,125.0,253.0
45,1990.0,2.0,1990/S2,1990-07-01,1990-12-31,46.0,125.0,253.0
46,1990.0,2.0,1990/S2,1990-07-01,1990-12-31,47.0,125.0,253.0
47,1990.0,2.0,1990/S2,1990-07-01,1990-12-31,48.0,125.0,253.0
48,1990.0,2.0,1990/S2,1990-07-01,1990-12-31,49.0,125.0,253.0
49,1990.0,2.0,1990/S2,1990-07-01,1990-12-31,50.0,125.0,253.0
50,1990.0,2.0,1990/S2,1990-07-01,1990-12-31,51.0,125.0,253.0
51,1990.0,2.0,1990/S2,1990-07-01,1990-12-31,52.0,125.0,253.0
52,1990.0,2.0,1990/S2,1990-07-01,1990-12-31,53.0,125.0,253.0
53,1990.0,2.0,1990/S2,1990-07-01,1990-12-31,54.0,125.0,253.0
54,1990.0,2.0,1990/S2,1990-07-01,1990-12-31,55.0,125.0,253.0
55,1990.0,2.0,1990/S2,1990-07-01,1990-12-31,56.0,125.0,253.0
56,1990.0,2.0,1990/S2,1990-07-01,1990-12-31,57.0,125.0,253.0
57,1990.0,2.0,1990/S2,1990-07-01,1990-12-31,58.0,125.0,253.0
58,1990.0,2.0,1990/S2,1990-07-01,1990-12-31,59.0,125.0,253.0
59,1990.0,2.0,1990/S2,1990-07-01,1990-12-31,60.0,125.0,253.0
60,1990.0,2.0,1990/S2,1990-07-01,1990-12-31,61.0,125.0,253.0
61,1990.0,2.0,1990/S2,1990-07-01,1990-12-31,62.0,125.0,253.0
62,1990.0,2.0,1990/S2,1990-07-01,1990-12-31,63.0,125.0,253.0
63,1990.0,2.0,1990/S2,1990-07-01,1990-12-31,64.0,125.0,253.0
64,1990.0,2.0,1990/S2,1990-07-01,1990-12-31,65.0,125.0,253.0
65,1990.0,2.0,1990/S2,1990-07-01,1990-12-31,66.0,125.0,253.0
66,1990.0,2.0,1990/S2,1990-07-01,1990-12-31,67.0,125.0,253.0
67,1990.0,2.0,1990/S2,1990-07-01,1990-12-31,68.0,125.0,253.0
68,1990.0,2.0,1990/S2,1990-07-01,1990-12-31,69.0,125.0,253.0
69,1990.0,2.0,1990/S2,1990-07-01,1990-12-31,70.0,125.0,253.0
70,1990.0,2.0,1990/S2,1990-07-01,1990-12-31,71.0,125.0,253.0
71,1990.0,2.0,1990/S2,1990-07-01,1990-12-31,72.0,125.0,253.0
72,1990.0,2.0,1990/S2,1990-07-01,1990-12-31,73.0,125.0,253.0
73,1990.0,2.0,1990/S2,1990-07-01,1990-12-31,74.0,125.0,253.0
74,1990.0,2.0,1990/S2,1990-07-01,1990-12-31,75.0,125.0,253.0
75,1990.0,2.0,1990/S2,1990-07-01,1990-12-31,76.0,125.0,253.0
76,1990.0,2.0,1990/S2,1990-07-01,1990-12-31,77.0,125.0,253.0
77,1990.0,2.0,1990/S2,1990-07-01,1990-12-31,78.0,125.0,253.0
78,1990.0,2.0,1990/S2,1990-07-01,1990-12-31,79.0,125.0,253.0
79,1990.0,2.0,1990/S2,1990-07-01,1990-12-31,80.0,125.0,253.0
80,1990.0,2.0,1990/S2,1990-07-01,1990-12-31,81.0,125.0,253.0
81,1990.0,2.0,1990/S2,1990-07-01,1990-12-31,82.0,125.0,253.0
82,1990.0,2.0,1990/S2,1990-07-01,1990-12-31,83.0,125.0,253.0
83,1990.0,2.0,1990/S2,1990-07-01,1990-12-31,84.0,125.0,253.0
84,1990.0,2.0,1990/S2,1990-07-01,1990-12-31,85.0,125.0,253.0
85,1990.0,2.0,1990/S2,1990-07-01,1990-12-31,86.0,125.0,253.0
86,1990.0,2.0,1990/S2,1990-07-01,1990-12-31,87.0,125.0,253.0
87,1990.0,2.0,1990/S2,1990-07-01,1990-12-31,88.0,125.0,253.0
88,1990.0,2.0,1990/S2,1990-07-01,1990-12-31,89.0,125.0,253.0
89,1990.0,2.0,1990/S2,1990-07-01,1990-12-31,90.0,125.0,253.0
90,1990.0,2.0,1990/S2,1990-07-01,1990-12-31,91.0,125.0,253.0
91,1990.0,2.0,1990/S2,1990-07-01,1990-12-31,92.0,125.0,253.0
92,1990.0,2.0,1990/S2,1990-07-01,1990-12-31,93.0,125.0,253.0
93,1990.0,2.0,1990/S2,1990-07-01,1990-12-31,94.0,125.0,253.0
94,1990.0,2.0,1990/S2,1990-07-01,1990-12-31,95.0,125.0,253.0
95,1990.0,2.0,1990/S2,1990-07-01,1990-12-31,96.0,125.0,253.0
96,1990.0,2.0,1990/S2,1990-07-01,1990-12-31,97.0,125.0,253.0
97,1990.0,2.0,1990/S2,1990-07-01,1990-12-31,98.0,125.0,253.0
98,1990.0,2.0,1990/S2,1990-07-01,1990-12-31,99.0,125.0,253.0
99,1990.0,2.0,1990/S2,1990-07-01,1990-12-31,100.0,125.0,253.0
100,1990.0,2.0,1990/S2,1990-07-01,1990-12-31,101.0,125.0,253.0
101,1990.0,2.0,1990/S2,1990-07-01,1990-12-31,102.0,125.0,253.0
102,1990.0,2.0,1990/S2,1990-07-01,1990-12-31,103.0,125.0,253.0
103,1990.0,2.0,1990/S2,1990-07-01,1990-12-31,104.0,125.0,253.0
104,1990.0,2.0,1990/S2,1990-07-01,1990-12-31,105.0,125.0,253.0
105,1990.0,2.0,1990/S2,1990-07-01,1990-12-31,106.0,125.0,253.0
106,1990.0,2.0,1990/S2,1990-07-01,1990-12-31,107.0,125.0,253.0
107,1990.0,2.0,1990/S2,1990-07-01,1990-12-31,108.0,125.0,253.0
108,1990.0,2.0,1990/S2,1990-07-01,1990-12-31,109.0,125.0,253.0
109,1990.0,2.0,1990/S2,1990-07-01,1990-12-31,110.0,125.0,253.0
110,1990.0,2.0,1990/S2,1990-07-01,1990-12-31,111.0,125.0,253.0
111,1990.0,2.0,1990/S2,1990-07-01,1990-12-31,112.0,125.0,253.0
112,1990.0,2.0,1990/S2,1990-07-01,1990-12-31,113.0,125.0,253.0
113,1990.0,2.0,1990/S2,1990-07-01,1990-12-31,114.0,125.0,253.0
114,1990.0,2.0,1990/S2,1990-07-01,1990-12-31,115.0,125.0,253.0
115,1990.0,2.0,1990/S2,1990-07-01,1990-12-31,116.0,125.0,253.0
116,1990.0,2.0,1990/S2,1990-07-01,1990-12-31,117.0,125.0,253.0
117,1990.0,2.0,1990/S2,1990-07-01,1990-12-31,118.0,125.0,253.0
118,1990.0,2.0,1990/S2,1990-07-01,1990-12-31,119.0,125.0,253.0
119,1990.0,2.0,1990/S2,1990-07-01,1990-12-31,120.0,125.0,253.0
120,1990.0,2.0,1990/S2,1990-07-01,1990-12-31,121.0,125.0,253.0
121,1990.0,2.0,1990/S2,1990-07-01,1990-12-31,122.0,125.0,253.0
122,1990.0,2.0,1990/S2,1990-07-01,1990-12-31,123.0,125.0,253.0
123,1990.0,2.0,1990/S2,1990-07-01,1990-12-31,124.0,125.0,253.0
124,1990.0,2.0,1990/S2,1990-07-01,1990-12-31,125.0,125.0,253.0
125,1990.0,1.0,1990/S1,1990-01-01,1990-06-30,1.0,128.0,254.0
126,1990.0,1.0,1990/S1,1990-01-01,1990-06-30,2.0,128.0,254.0
127,1990.0,1.0,1990/S1,1990-01-01,1990-06-30,3.0,128.0,254.0
128,1990.0,1.0,1990/S1,1990-01-01,1990-06-30,4.0,128.0,254.0
129,1990.0,1.0,1990/S1,1990-01-01,1990-06-30,5.0,128.0,254.0
130,1990.0,1.0,1990/S1,1990-01-01,1990-06-30,6.0,128.0,254.0
131,1990.0,1.0,1990/S1,1990-01-01,1990-06-30,7.0,128.0,254.0
132,1990.0,1.0,1990/S1,1990-01-01,1990-06-30,8.0,128.0,254.0
133,1990.0,1.0,1990/S1,1990-01-01,1990-06-30,9.0,128.0,254.0
134,1990.0,1.0,1990/S1,1990-01-01,1990-06-30,10.0,128.0,254.0
135,1990.0,1.0,1990/S1,1990-01-01,1990-06-30,11.0,128.0,254.0
136,1990.0,1.0,1990/S1,1990-01-01,1990-06-30,12.0,128.0,254.0
137,1990.0,1.0,1990/S1,1990-01-01,1990-06-30,13.0,128.0,254.0
138,1990.0,1.0,1990/S1,1990-01-01,1990-06-30,14.0,128.0,254.0
139,1990.0,1.0,1990/S1,1990-01-01,1990-06-30,15.0,128.0,254.0
140,1990.0,1.0,1990/S1,1990-01-01,1990-06-30,16.0,128.0,254.0
141,1990.0,1.0,1990/S1,1990-01-01,1990-06-30,17.0,128.0,254.0
142,1990.0,1.0,1990/S1,1990-01-01,1990-06-30,18.0,128.0,254.0
143,1990.0,1.0,1990/S1,1990-01-01,1990-06-30,19.0,128.0,254.0
144,1990.0,1.0,1990/S1,1990-01-01,1990-06-30,20.0,128.0,254.0
145,1990.0,1.0,1990/S1,1990-01-01,1990-06-30,21.0,128.0,254.0
146,1990.0,1.0,1990/S1,1990-01-01,1990-06-30,22.0,128.0,254.0
147,1990.0,1.0,1990/S1,1990-01-01,1990-06-30,23.0,128.0,254.0
148,1990.0,1.0,1990/S1,1990-01-01,1990-06-30,24.0,128.0,254.0
149,1990.0,1.0,1990/S1,1990-01-01,1990-06-30,25.0,128.0,254.0
150,1990.0,1.0,1990/S1,1990-01-01,1990-06-30,26.0,128.0,254.0
151,1990.0,1.0,1990/S1,1990-01-01,1990-06-30,27.0,128.0,254.0
152,1990.0,1.0,1990/S1,1990-01-01,1990-06-30,28.0,128.0,254.0
153,1990.0,1.0,1990/S1,1990-01-01,1990-06-30,29.0,128.0,254.0
154,1990.0,1.0,1990/S1,1990-01-01,1990-06-30,30.0,128.0,254.0
155,1990.0,1.0,1990/S1,1990-01-01,1990-06-30,31.0,128.0,254.0
156,1990.0,1.0,1990/S1,1990-01-01,1990-06-30,32.0,128.0,254.0
157,1990.0,1.0,1990/S1,1990-01-01,1990-06-30,33.0,128.0,254.0
158,1990.0,1.0,1990/S1,1990-01-01,1990-06-30,34.0,128.0,254.0
159,1990.0,1.0,1990/S1,1990-01-01,1990-06-30,35.0,128.0,254.0
160,1990.0,1.0,1990/S1,1990-01-01,1990-06-30,36.0,128.0,254.0
161,1990.0,1.0,1990/S1,1990-01-01,1990-06-30,37.0,128.0,254.0
162,1990.0,1.0,1990/S1,1990-01-01,1990-06-30,38.0,128.0,254.0
163,1990.0,1.0,1990/S1,1990-01-01,1990-06-30,39.0,128.0,254.0
164,1990.0,1.0,1990/S1,1990-01-01,1990-06-30,40.0,128.0,254.0
165,1990.0,1.0,1990/S1,1990-01-01,1990-06-30,41.0,128.0,254.0
166,1990.0,1.0,1990/S1,1990-01-01,1990-06-30,42.0,128.0,254.0
167,1990.0,1.0,1990/S1,1990-01-01,1990-06-30,43.0,128.0,254.0
168,1990.0,1.0,1990/S1,1990-01-01,1990-06-30,44.0,128.0,254.0
169,1990.0,1.0,1990/S1,1990-01-01,1990-06-30,45.0,128.0,254.0
170,1990.0,1.0,1990/S1,1990-01-01,1990-06-30,46.0,128.0,254.0
171,1990.0,1.0,1990/S1,1990-01-01,1990-06-30,47.0,128.0,254.0
172,1990.0,1.0,1990/S1,1990-01-01,1990-06-30,48.0,128.0,254.0
173,1990.0,1.0,1990/S1,1990-01-01,1990-06-30,49.0,128.0,254.0
174,1990.0,1.0,1990/S1,1990-01-01,1990-06-30,50.0,128.0,254.0
175,1990.0,1.0,1990/S1,1990-01-01,1990-06-30,51.0,128.0,254.0
176,1990.0,1.0,1990/S1,1990-01-01,1990-06-30,52.0,128.0,254.0
177,1990.0,1.0,1990/S1,1990-01-01,1990-06-30,53.0,128.0,254.0
178,1990.0,1.0,1990/S1,1990-01-01,1990-06-30,54.0,128.0,254.0
179,1990.0,1.0,1990/S1,1990-01-01,1990-06-30,55.0,128.0,254.0
180,1990.0,1.0,1990/S1,1990-01-01,1990-06-30,56.0,128.0,254.0
181,1990.0,1.0,1990/S1,1990-01-01,1990-06-30,57.0,128.0,254.0
182,1990.0,1.0,1990/S1,1990-01-01,1990-06-30,58.0,128.0,254.0
183,1990.0,1.0,1990/S1,1990-01-01,1990-06-30,59.0,128.0,254.0
184,1990.0,1.0,1990/S1,1990-01-01,1990-06-30,60.0,128.0,254.0
185,1990.0,1.0,1990/S1,1990-01-01,1990-06-30,61.0,128.0,254.0
186,1990.0,1.0,1990/S1,1990-01-01,1990-06-30,62.0,128.0,254.0
187,1990.0,1.0,1990/S1,1990-01-01,1990-06-30,63.0,128.0,254.0
188,1990.0,1.0,1990/S1,1990-01-01,1990-06-30,64.0,128.0,254.0
189,1990.0,1.0,1990/S1,1990-01-01,1990-06-30,65.0,128.0,254.0
190,1990.0,1.0,1990/S1,1990-01-01,1990-06-30,66.0,128.0,254.0
191,1990.0,1.0,1990/S1,1990-01-01,1990-06-30,67.0,128.0,254.0
192,1990.0,1.0,1990/S1,1990-01-01,1990-06-30,68.0,128.0,254.0
193,1990.0,1.0,1990/S1,1990-01-01,1990-06-30,69.0,128.0,254.0
194,1990.0,1.0,1990/S1,1990-01-01,1990-06-30,70.0,128.0,254.0
195,1990.0,1.0,1990/S1,1990-01-01,1990-06-30,71.0,128.0,254.0
196,1990.0,1.0,1990/S1,1990-01-01,1990-06-30,72.0,128.0,254.0
197,1990.0,1.0,1990/S1,1990-01-01,1990-06-30,73.0,128.0,254.0
198,1990.0,1.0,1990/S1,1990-01-01,1990-06-30,74.0,128.0,254.0
199,1990.0,1.0,1990/S1,1990-01-01,1990-06-30,75.0,128.0,254.0
200,1990.0,1.0,1990/S1,1990-01-01,1990-06-30,76.0,128.0,254.0
201,1990.0,1.0,1990/S1,1990-01-01,1990-06-30,77.0,128.0,254.0
202,1990.0,1.0,1990/S1,1990-01-01,1990-06-30,78.0,128.0,254.0
203,1990.0,1.0,1990/S1,1990-01-01,1990-06-30,79.0,128.0,254.0
204,1990.0,1.0,1990/S1,1990-01-01,1990-06-30,80.0,128.0,254.0
205,1990.0,1.0,1990/S1,1990-01-01,1990-06-30,81.0,128.0,254.0
206,1990.0,1.0,1990/S1,1990-01-01,1990-06-30,82.0,128.0,254.0
207,1990.0,1.0,1990/S1,1990-01-01,1990-06-30,83.0,128.0,254.0
208,1990.0,1.0,1990/S1,1990-01-01,1990-06-30,84.0,128.0,254.0
209,1990.0,1.0,1990/S1,1990-01-01,1990-06-30,85.0,128.0,254.0
210,1990.0,1.0,1990/S1,1990-01-01,1990-06-30,86.0,128.0,254.0
211,1990.0,1.0,1990/S1,1990-01-01,1990-06-30,87.0,128.0,254.0
212,1990.0,1.0,1990/S1,1990-01-01,1990-06-30,88.0,128.0,254.0
213,1990.0,1.0,1990/S1,1990-01-01,1990-06-30,89.0,128.0,254.0
214,1990.0,1.0,1990/S1,1990-01-01,1990-06-30,90.0,128.0,254.0
215,1990.0,1.0,1990/S1,1990-01-01,1990-06-30,91.0,128.0,254.0
216,1990.0,1.0,1990/S1,1990-01-01,1990-06-30,92.0,128.0,254.0
217,1990.0,1.0,1990/S1,1990-01-01,1990-06-30,93.0,128.0,254.0
218,1990.0,1.0,1990/S1,1990-01-01,1990-06-30,94.0,128.0,254.0
219,1990.0,1.0,1990/S1,1990-01-01,1990-06-30,95.0,128.0,254.0
220,1990.0,1.0,1990/S1,1990-01-01,1990-06-30,96.0,128.0,254.0
221,1990.0,1.0,1990/S1,1990-01-01,1990-06-30,97.0,128.0,254.0
222,1990.0,1.0,1990/S1,1990-01-01,1990-06-30,98.0,128.0,254.0
223,1990.0,1.0,1990/S1,1990-01-01,1990-06-30,99.0,128.0,254.0
224,1990.0,1.0,1990/S1,1990-01-01,1990-06-30,100.0,128.0,254.0
225,1990.0,1.0,1990/S1,1990-01-01,1990-06-30,101.0,128.0,254.0
226,1990.0,1.0,1990/S1,1990-01-01,1990-06-30,102.0,128.0,254.0
227,1990.0,1.0,1990/S1,1990-01-01,1990-06-30,103.0,128.0,254.0
228,1990.0,1.0,1990/S1,1990-01-01,1990-06-30,104.0,128.0,254.0
229,1990.0,1.0,1990/S1,1990-01-01,1990-06-30,105.0,128.0,254.0
230,1990.0,1.0,1990/S1,1990-01-01,1990-06-30,106.0,128.0,254.0
231,1990.0,1.0,1990/S1,1990-01-01,1990-06-30,107.0,128.0,254.0
232,1990.0,1.0,1990/S1,1990-01-01,1990-06-30,108.0,128.0,254.0
233,1990.0,1.0,1990/S1,1990-01-01,1990-06-30,109.0,128.0,254.0
234,1990.0,1.0,1990/S1,1990-01-01,1990-06-30,110.0,128.0,254.0
235,1990.0,1.0,1990/S1,1990-01-01,1990-06-30,111.0,128.0,254.0
236,1990.0,1.0,1990/S1,1990-01-01,1990-06-30,112.0,128.0,254.0
237,1990.0,1.0,1990/S1,1990-01-01,1990-06-30,113.0,128.0,254.0
238,1990.0,1.0,1990/S1,1990-01-01,1990-06-30,114.0,128.0,254.0
239,1990.0,1.0,1990/S1,1990-01-01,1990-06-30,115.0,128.0,254.0
240,1990.0,1.0,1990/S1,1990-01-01,1990-06-30,116.0,128.0,254.0
241,1990.0,1.0,1990/S1,1990-01-01,1990-06-30,117.0,128.0,254.0
242,1990.0,1.0,1990/S1,1990-01-01,1990-06-30,118.0,128.0,254.0
243,1990.0,1.0,1990/S1,1990-01-01,1990-06-30,119.0,128.0,254.0
244,1990.0,1.0,1990/S1,1990-01-01,1990-06-30,120.0,128.0,254.0
245,1990.0,1.0,1990/S1,1990-01-01,1990-06-30,121.0,128.0,254.0
246,1990.0,1.0,1990/S1,1990-01-01,1990-06-30,122.0,128.0,254.0
247,1990.0,1.0,1990/S1,1990-01-01,1990-06-30,123.0,128.0,254.0
248,1990.0,1.0,1990/S1,1990-01-01,1990-06-30,124.0,128.0,254.0
249,1990.0,1.0,1990/S1,1990-01-01,1990-06-30,125.0,128.0,254.0
250,1990.0,1.0,1990/S1,1990-01-01,1990-06-30,126.0,128.0,254.0
251,1990.0,1.0,1990/S1,1990-01-01,1990-06-30,127.0,128.0,254.0
252,1990.0,1.0,1990/S1,1990-01-01,1990-06-30,128.0,128.0,254.0
253,1991.0,2.0,1991/S2,1991-07-01,1991-12-31,1.0,126.0,254.0
254,1991.0,2.0,1991/S2,1991-07-01,1991-12-31,2.0,126.0,254.0
255,1991.0,2.0,1991/S2,1991-07-01,1991-12-31,3.0,126.0,254.0
256,1991.0,2.0,1991/S2,1991-07-01,1991-12-31,4.0,126.0,254.0
257,1991.0,2.0,1991/S2,1991-07-01,1991-12-31,5.0,126.0,254.0
258,1991.0,2.0,1991/S2,1991-07-01,1991-12-31,6.0,126.0,254.0
259,1991.0,2.0,1991/S2,1991-07-01,1991-12-31,7.0,126.0,254.0
260,1991.0,2.0,1991/S2,1991-07-01,1991-12-31,8.0,126.0,254.0
261,1991.0,2.0,1991/S2,1991-07-01,1991-12-31,9.0,126.0,254.0
262,1991.0,2.0,1991/S2,1991-07-01,1991-12-31,10.0,126.0,254.0
263,1991.0,2.0,1991/S2,1991-07-01,1991-12-31,11.0,126.0,254.0
264,1991.0,2.0,1991/S2,1991-07-01,1991-12-31,12.0,126.0,254.0
265,1991.0,2.0,1991/S2,1991-07-01,1991-12-31,13.0,126.0,254.0
266,1991.0,2.0,1991/S2,1991-07-01,1991-12-31,14.0,126.0,254.0
267,1991.0,2.0,1991/S2,1991-07-01,1991-12-31,15.0,126.0,254.0
268,1991.0,2.0,1991/S2,1991-07-01,1991-12-31,16.0,126.0,254.0
269,1991.0,2.0,1991/S2,1991-07-01,1991-12-31,17.0,126.0,254.0
270,1991.0,2.0,1991/S2,1991-07-01,1991-12-31,18.0,126.0,254.0
271,1991.0,2.0,1991/S2,1991-07-01,1991-12-31,19.0,126.0,254.0
272,1991.0,2.0,1991/S2,1991-07-01,1991-12-31,20.0,126.0,254.0
273,1991.0,2.0,1991/S2,1991-07-01,1991-12-31,21.0,126.0,254.0
274,1991.0,2.0,1991/S2,1991-07-01,1991-12-31,22.0,126.0,254.0
275,1991.0,2.0,1991/S2,1991-07-01,1991-12-31,23.0,126.0,254.0
276,1991.0,2.0,1991/S2,1991-07-01,1991-12-31,24.0,126.0,254.0
277,1991.0,2.0,1991/S2,1991-07-01,1991-12-31,25.0,126.0,254.0
278,1991.0,2.0,1991/S2,1991-07-01,1991-12-31,26.0,126.0,254.0
279,1991.0,2.0,1991/S2,1991-07-01,1991-12-31,27.0,126.0,254.0
280,1991.0,2.0,1991/S2,1991-07-01,1991-12-31,28.0,126.0,254.0
281,1991.0,2.0,1991/S2,1991-07-01,1991-12-31,29.0,126.0,254.0
282,1991.0,2.0,1991/S2,1991-07-01,1991-12-31,30.0,126.0,254.0
283,1991.0,2.0,1991/S2,1991-07-01,1991-12-31,31.0,126.0,254.0
284,1991.0,2.0,1991/S2,1991-07-01,1991-12-31,32.0,126.0,254.0
285,1991.0,2.0,1991/S2,1991-07-01,1991-12-31,33.0,126.0,254.0
286,1991.0,2.0,1991/S2,1991-07-01,1991-12-31,34.0,126.0,254.0
287,1991.0,2.0,1991/S2,1991-07-01,1991-12-31,35.0,126.0,254.0
288,1991.0,2.0,1991/S2,1991-07-01,1991-12-31,36.0,126.0,254.0
289,1991.0,2.0,1991/S2,1991-07-01,1991-12-31,37.0,126.0,254.0
290,1991.0,2.0,1991/S2,1991-07-01,1991-12-31,38.0,126.0,254.0
291,1991.0,2.0,1991/S2,1991-07-01,1991-12-31,39.0,126.0,254.0
292,1991.0,2.0,1991/S2,1991-07-01,1991-12-31,40.0,126.0,254.0
293,1991.0,2.0,1991/S2,1991-07-01,1991-12-31,41.0,126.0,254.0
294,1991.0,2.0,1991/S2,1991-07-01,1991-12-31,42.0,126.0,254.0
295,1991.0,2.0,1991/S2,1991-07-01,1991-12-31,43.0,126.0,254.0
296,1991.0,2.0,1991/S2,1991-07-01,1991-12-31,44.0,126.0,254.0
297,1991.0,2.0,1991/S2,1991-07-01,1991-12-31,45.0,126.0,254.0
298,1991.0,2.0,1991/S2,1991-07-01,1991-12-31,46.0,126.0,254.0
299,1991.0,2.0,1991/S2,1991-07-01,1991-12-31,47.0,126.0,254.0
300,1991.0,2.0,1991/S2,1991-07-01,1991-12-31,48.0,126.0,254.0
301,1991.0,2.0,1991/S2,1991-07-01,1991-12-31,49.0,126.0,254.0
302,1991.0,2.0,1991/S2,1991-07-01,1991-12-31,50.0,126.0,254.0
303,1991.0,2.0,1991/S2,1991-07-01,1991-12-31,51.0,126.0,254.0
304,1991.0,2.0,1991/S2,1991-07-01,1991-12-31,52.0,126.0,254.0
305,1991.0,2.0,1991/S2,1991-07-01,1991-12-31,53.0,126.0,254.0
306,1991.0,2.0,1991/S2,1991-07-01,1991-12-31,54.0,126.0,254.0
307,1991.0,2.0,1991/S2,1991-07-01,1991-12-31,55.0,126.0,254.0
308,1991.0,2.0,1991/S2,1991-07-01,1991-12-31,56.0,126.0,254.0
309,1991.0,2.0,1991/S2,1991-07-01,1991-12-31,57.0,126.0,254.0
310,1991.0,2.0,1991/S2,1991-07-01,1991-12-31,58.0,126.0,254.0
311,1991.0,2.0,1991/S2,1991-07-01,1991-12-31,59.0,126.0,254.0
312,1991.0,2.0,1991/S2,1991-07-01,1991-12-31,60.0,126.0,254.0
313,1991.0,2.0,1991/S2,1991-07-01,1991-12-31,61.0,126.0,254.0
314,1991.0,2.0,1991/S2,1991-07-01,1991-12-31,62.0,126.0,254.0
315,1991.0,2.0,1991/S2,1991-07-01,1991-12-31,63.0,126.0,254.0
316,1991.0,2.0,1991/S2,1991-07-01,1991-12-31,64.0,126.0,254.0
317,1991.0,2.0,1991/S2,1991-07-01,1991-12-31,65.0,126.0,254.0
318,1991.0,2.0,1991/S2,1991-07-01,1991-12-31,66.0,126.0,254.0
319,1991.0,2.0,1991/S2,1991-07-01,1991-12-31,67.0,126.0,254.0
320,1991.0,2.0,1991/S2,1991-07-01,1991-12-31,68.0,126.0,254.0
321,1991.0,2.0,1991/S2,1991-07-01,1991-12-31,69.0,126.0,254.0
322,1991.0,2.0,1991/S2,1991-07-01,1991-12-31,70.0,126.0,254.0
323,1991.0,2.0,1991/S2,1991-07-01,1991-12-31,71.0,126.0,254.0
324,1991.0,2.0,1991/S2,1991-07-01,1991-12-31,72.0,126.0,254.0
325,1991.0,2.0,1991/S2,1991-07-01,1991-12-31,73.0,126.0,254.0
326,1991.0,2.0,1991/S2,1991-07-01,1991-12-31,74.0,126.0,254.0
327,1991.0,2.0,1991/S2,1991-07-01,1991-12-31,75.0,126.0,254.0
328,1991.0,2.0,1991/S2,1991-07-01,1991-12-31,76.0,126.0,254.0
329,1991.0,2.0,1991/S2,1991-07-01,1991-12-31,77.0,126.0,254.0
330,1991.0,2.0,1991/S2,1991-07-01,1991-12-31,78.0,126.0,254.0
331,1991.0,2.0,1991/S2,1991-07-01,1991-12-31,79.0,126.0,254.0
332,1991.0,2.0,1991/S2,1991-07-01,1991-12-31,80.0,126.0,254.0
333,1991.0,2.0,1991/S2,1991-07-01,1991-12-31,81.0,126.0,254.0
334,1991.0,2.0,1991/S2,1991-07-01,1991-12-31,82.0,126.0,254.0
335,1991.0,2.0,1991/S2,1991-07-01,1991-12-31,83.0,126.0,254.0
336,1991.0,2.0,1991/S2,1991-07-01,1991-12-31,84.0,126.0,254.0
337,1991.0,2.0,1991/S2,1991-07-01,1991-12-31,85.0,126.0,254.0
338,1991.0,2.0,1991/S2,1991-07-01,1991-12-31,86.0,126.0,254.0
339,1991.0,2.0,1991/S2,1991-07-01,1991-12-31,87.0,126.0,254.0
340,1991.0,2.0,1991/S2,1991-07-01,1991-12-31,88.0,126.0,254.0
341,1991.0,2.0,1991/S2,1991-07-01,1991-12-31,89.0,126.0,254.0
342,1991.0,2.0,1991/S2,1991-07-01,1991-12-31,90.0,126.0,254.0
343,1991.0,2.0,1991/S2,1991-07-01,1991-12-31,91.0,126.0,254.0
344,1991.0,2.0,1991/S2,1991-07-01,1991-12-31,92.0,126.0,254.0
345,1991.0,2.0,1991/S2,1991-07-01,1991-12-31,93.0,126.0,254.0
346,1991.0,2.0,1991/S2,1991-07-01,1991-12-31,94.0,126.0,254.0
347,1991.0,2.0,1991/S2,1991-07-01,1991-12-31,95.0,126.0,254.0
348,1991.0,2.0,1991/S2,1991-07-01,1991-12-31,96.0,126.0,254.0
349,1991.0,2.0,1991/S2,1991-07-01,1991-12-31,97.0,126.0,254.0
350,1991.0,2.0,1991/S2,1991-07-01,1991-12-31,98.0,126.0,254.0
351,1991.0,2.0,1991/S2,1991-07-01,1991-12-31,99.0,126.0,254.0
352,1991.0,2.0,1991/S2,1991-07-01,1991-12-31,100.0,126.0,254.0
353,1991.0,2.0,1991/S2,1991-07-01,1991-12-31,101.0,126.0,254.0
354,1991.0,2.0,1991/S2,1991-07-01,1991-12-31,102.0,126.0,254.0
355,1991.0,2.0,1991/S2,1991-07-01,1991-12-31,103.0,126.0,254.0
356,1991.0,2.0,1991/S2,1991-07-01,1991-12-31,104.0,126.0,254.0
357,1991.0,2.0,1991/S2,1991-07-01,1991-12-31,105.0,126.0,254.0
358,1991.0,2.0,1991/S2,1991-07-01,1991-12-31,106.0,126.0,254.0
359,1991.0,2.0,1991/S2,1991-07-01,1991-12-31,107.0,126.0,254.0
360,1991.0,2.0,1991/S2,1991-07-01,1991-12-31,108.0,126.0,254.0
361,1991.0,2.0,1991/S2,1991-07-01,1991-12-31,109.0,126.0,254.0
362,1991.0,2.0,1991/S2,1991-07-01,1991-12-31,110.0,126.0,254.0
363,1991.0,2.0,1991/S2,1991-07-01,1991-12-31,111.0,126.0,254.0
364,1991.0,2.0,1991/S2,1991-07-01,1991-12-31,112.0,126.0,254.0
365,1991.0,2.0,1991/S2,1991-07-01,1991-12-31,113.0,126.0,254.0
366,1991.0,2.0,1991/S2,1991-07-01,1991-12-31,114.0,126.0,254.0
367,1991.0,2.0,1991/S2,1991-07-01,1991-12-31,115.0,126.0,254.0
368,1991.0,2.0,1991/S2,1991-07-01,1991-12-31,116.0,126.0,254.0
369,1991.0,2.0,1991/S2,1991-07-01,1991-12-31,117.0,126.0,254.0
370,1991.0,2.0,1991/S2,1991-07-01,1991-12-31,118.0,126.0,254.0
371,1991.0,2.0,1991/S2,1991-07-01,1991-12-31,119.0,126.0,254.0
372,1991.0,2.0,1991/S2,1991-07-01,1991-12-31,120.0,126.0,254.0
373,1991.0,2.0,1991/S2,1991-07-01,1991-12-31,121.0,126.0,254.0
374,1991.0,2.0,1991/S2,1991-07-01,1991-12-31,122.0,126.0,254.0
375,1991.0,2.0,1991/S2,1991-07-01,1991-12-31,123.0,126.0,254.0
376,1991.0,2.0,1991/S2,1991-07-01,1991-12-31,124.0,126.0,254.0
377,1991.0,2.0,1991/S2,1991-07-01,1991-12-31,125.0,126.0,254.0
378,1991.0,2.0,1991/S2,1991-07-01,1991-12-31,126.0,126.0,254.0
379,1991.0,1.0,1991/S1,1991-01-01,1991-06-30,1.0,128.0,252.0
380,1991.0,1.0,1991/S1,1991-01-01,1991-06-30,2.0,128.0,252.0
381,1991.0,1.0,1991/S1,1991-01-01,1991-06-30,3.0,128.0,252.0
382,1991.0,1.0,1991/S1,1991-01-01,1991-06-30,4.0,128.0,252.0
383,1991.0,1.0,1991/S1,1991-01-01,1991-06-30,5.0,128.0,252.0
384,1991.0,1.0,1991/S1,1991-01-01,1991-06-30,6.0,128.0,252.0
385,1991.0,1.0,1991/S1,1991-01-01,1991-06-30,7.0,128.0,252.0
386,1991.0,1.0,1991/S1,1991-01-01,1991-06-30,8.0,128.0,252.0
387,1991.0,1.0,1991/S1,1991-01-01,1991-06-30,9.0,128.0,252.0
388,1991.0,1.0,1991/S1,1991-01-01,1991-06-30,10.0,128.0,252.0
389,1991.0,1.0,1991/S1,1991-01-01,1991-06-30,11.0,128.0,252.0
390,1991.0,1.0,1991/S1,1991-01-01,1991-06-30,12.0,128.0,252.0
391,1991.0,1.0,1991/S1,1991-01-01,1991-06-30,13.0,128.0,252.0
392,1991.0,1.0,1991/S1,1991-01-01,1991-06-30,14.0,128.0,252.0
393,1991.0,1.0,1991/S1,1991-01-01,1991-06-30,15.0,128.0,252.0
394,1991.0,1.0,1991/S1,1991-01-01,1991-06-30,16.0,128.0,252.0
395,1991.0,1.0,1991/S1,1991-01-01,1991-06-30,17.0,128.0,252.0
396,1991.0,1.0,1991/S1,1991-01-01,1991-06-30,18.0,128.0,252.0
397,1991.0,1.0,1991/S1,1991-01-01,1991-06-30,19.0,128.0,252.0
398,1991.0,1.0,1991/S1,1991-01-01,1991-06-30,20.0,128.0,252.0
399,1991.0,1.0,1991/S1,1991-01-01,1991-06-30,21.0,128.0,252.0
400,1991.0,1.0,1991/S1,1991-01-01,1991-06-30,22.0,128.0,252.0
401,1991.0,1.0,1991/S1,1991-01-01,1991-06-30,23.0,128.0,252.0
402,1991.0,1.0,1991/S1,1991-01-01,1991-06-30,24.0,128.0,252.0
403,1991.0,1.0,1991/S1,1991-01-01,1991-06-30,25.0,128.0,252.0
404,1991.0,1.0,1991/S1,1991-01-01,1991-06-30,26.0,128.0,252.0
405,1991.0,1.0,1991/S1,1991-01-01,1991-06-30,27.0,128.0,252.0
406,1991.0,1.0,1991/S1,1991-01-01,1991-06-30,28.0,128.0,252.0
407,1991.0,1.0,1991/S1,1991-01-01,1991-06-30,29.0,128.0,252.0
408,1991.0,1.0,1991/S1,1991-01-01,1991-06-30,30.0,128.0,252.0
409,1991.0,1.0,1991/S1,1991-01-01,1991-06-30,31.0,128.0,252.0
410,1991.0,1.0,1991/S1,1991-01-01,1991-06-30,32.0,128.0,252.0
411,1991.0,1.0,1991/S1,1991-01-01,1991-06-30,33.0,128.0,252.0
412,1991.0,1.0,1991/S1,1991-01-01,1991-06-30,34.0,128.0,252.0
413,1991.0,1.0,1991/S1,1991-01-01,1991-06-30,35.0,128.0,252.0
414,1991.0,1.0,1991/S1,1991-01-01,1991-06-30,36.0,128.0,252.0
415,1991.0,1.0,1991/S1,1991-01-01,1991-06-30,37.0,128.0,252.0
416,1991.0,1.0,1991/S1,1991-01-01,1991-06-30,38.0,128.0,252.0
417,1991.0,1.0,1991/S1,1991-01-01,1991-06-30,39.0,128.0,252.0
418,1991.0,1.0,1991/S1,1991-01-01,1991-06-30,40.0,128.0,252.0
419,1991.0,1.0,1991/S1,1991-01-01,1991-06-30,41.0,128.0,252.0
420,1991.0,1.0,1991/S1,1991-01-01,1991-06-30,42.0,128.0,252.0
421,1991.0,1.0,1991/S1,1991-01-01,1991-06-30,43.0,128.0,252.0
422,1991.0,1.0,1991/S1,1991-01-01,1991-06-30,44.0,128.0,252.0
423,1991.0,1.0,1991/S1,1991-01-01,1991-06-30,45.0,128.0,252.0
424,1991.0,1.0,1991/S1,1991-01-01,1991-06-30,46.0,128.0,252.0
425,1991.0,1.0,1991/S1,1991-01-01,1991-06-30,47.0,128.0,252.0
426,1991.0,1.0,1991/S1,1991-01-01,1991-06-30,48.0,128.0,252.0
427,1991.0,1.0,1991/S1,1991-01-01,1991-06-30,49.0,128.0,252.0
428,1991.0,1.0,1991/S1,1991-01-01,1991-06-30,50.0,128.0,252.0
429,1991.0,1.0,1991/S1,1991-01-01,1991-06-30,51.0,128.0,252.0
430,1991.0,1.0,1991/S1,1991-01-01,1991-06-30,52.0,128.0,252.0
431,1991.0,1.0,1991/S1,1991-01-01,1991-06-30,53.0,128.0,252.0
432,1991.0,1.0,1991/S1,1991-01-01,1991-06-30,54.0,128.0,252.0
433,1991.0,1.0,1991/S1,1991-01-01,1991-06-30,55.0,128.0,252.0
434,1991.0,1.0,1991/S1,1991-01-01,1991-06-30,56.0,128.0,252.0
435,1991.0,1.0,1991/S1,1991-01-01,1991-06-30,57.0,128.0,252.0
436,1991.0,1.0,1991/S1,1991-01-01,1991-06-30,58.0,128.0,252.0
437,1991.0,1.0,1991/S1,1991-01-01,1991-06-30,59.0,128.0,252.0
438,1991.0,1.0,1991/S1,1991-01-01,1991-06-30,60.0,128.0,252.0
439,1991.0,1.0,1991/S1,1991-01-01,1991-06-30,61.0,128.0,252.0
440,1991.0,1.0,1991/S1,1991-01-01,1991-06-30,62.0,128.0,252.0
441,1991.0,1.0,1991/S1,1991-01-01,1991-06-30,63.0,128.0,252.0
442,1991.0,1.0,1991/S1,1991-01-01,1991-06-30,64.0,128.0,252.0
443,1991.0,1.0,1991/S1,1991-01-01,1991-06-30,65.0,128.0,252.0
444,1991.0,1.0,1991/S1,1991-01-01,1991-06-30,66.0,128.0,252.0
445,1991.0,1.0,1991/S1,1991-01-01,1991-06-30,67.0,128.0,252.0
446,1991.0,1.0,1991/S1,1991-01-01,1991-06-30,68.0,128.0,252.0
447,1991.0,1.0,1991/S1,1991-01-01,1991-06-30,69.0,128.0,252.0
448,1991.0,1.0,1991/S1,1991-01-01,1991-06-30,70.0,128.0,252.0
449,1991.0,1.0,1991/S1,1991-01-01,1991-06-30,71.0,128.0,252.0
450,1991.0,1.0,1991/S1,1991-01-01,1991-06-30,72.0,128.0,252.0
451,1991.0,1.0,1991/S1,1991-01-01,1991-06-30,73.0,128.0,252.0
452,1991.0,1.0,1991/S1,1991-01-01,1991-06-30,74.0,128.0,252.0
453,1991.0,1.0,1991/S1,1991-01-01,1991-06-30,75.0,128.0,252.0
454,1991.0,1.0,1991/S1,1991-01-01,1991-06-30,76.0,128.0,252.0
455,1991.0,1.0,1991/S1,1991-01-01,1991-06-30,77.0,128.0,252.0
456,1991.0,1.0,1991/S1,1991-01-01,1991-06-30,78.0,128.0,252.0
457,1991.0,1.0,1991/S1,1991-01-01,1991-06-30,79.0,128.0,252.0
458,1991.0,1.0,1991/S1,1991-01-01,1991-06-30,80.0,128.0,252.0
459,1991.0,1.0,1991/S1,1991-01-01,1991-06-30,81.0,128.0,252.0
460,1991.0,1.0,1991/S1,1991-01-01,1991-06-30,82.0,128.0,252.0
461,1991.0,1.0,1991/S1,1991-01-01,1991-06-30,83.0,128.0,252.0
462,1991.0,1.0,1991/S1,1991-01-01,1991-06-30,84.0,128.0,252.0
463,1991.0,1.0,1991/S1,1991-01-01,1991-06-30,85.0,128.0,252.0
464,1991.0,1.0,1991/S1,1991-01-01,1991-06-30,86.0,128.0,252.0
465,1991.0,1.0,1991/S1,1991-01-01,1991-06-30,87.0,128.0,252.0
466,1991.0,1.0,1991/S1,1991-01-01,1991-06-30,88.0,128.0,252.0
467,1991.0,1.0,1991/S1,1991-01-01,1991-06-30,89.0,128.0,252.0
468,1991.0,1.0,1991/S1,1991-01-01,1991-06-30,90.0,128.0,252.0
469,1991.0,1.0,1991/S1,1991-01-01,1991-06-30,91.0,128.0,252.0
470,1991.0,1.0,1991/S1,1991-01-01,1991-06-30,92.0,128.0,252.0
471,1991.0,1.0,1991/S1,1991-01-01,1991-06-30,93.0,128.0,252.0
472,1991.0,1.0,1991/S1,1991-01-01,1991-06-30,94.0,128.0,252.0
473,1991.0,1.0,1991/S1,1991-01-01,1991-06-30,95.0,128.0,252.0
474,1991.0,1.0,1991/S1,1991-01-01,1991-06-30,96.0,128.0,252.0
475,1991.0,1.0,1991/S1,1991-01-01,1991-06-30,97.0,128.0,252.0
476,1991.0,1.0,1991/S1,1991-01-01,1991-06-30,98.0,128.0,252.0
477,1991.0,1.0,1991/S1,1991-01-01,1991-06-30,99.0,128.0,252.0
478,1991.0,1.0,1991/S1,1991-01-01,1991-06-30,100.0,128.0,252.0
479,1991.0,1.0,1991/S1,1991-01-01,1991-06-30,101.0,128.0,252.0
480,1991.0,1.0,1991/S1,1991-01-01,1991-06-30,102.0,128.0,252.0
481,1991.0,1.0,1991/S1,1991-01-01,1991-06-30,103.0,128.0,252.0
482,1991.0,1.0,1991/S1,1991-01-01,1991-06-30,104.0,128.0,252.0
483,1991.0,1.0,1991/S1,1991-01-01,1991-06-30,105.0,128.0,252.0
484,1991.0,1.0,1991/S1,1991-01-01,1991-06-30,106.0,128.0,252.0
485,1991.0,1.0,1991/S1,1991-01-01,1991-06-30,107.0,128.0,252.0
486,1991.0,1.0,1991/S1,1991-01-01,1991-06-30,108.0,128.0,252.0
487,1991.0,1.0,1991/S1,1991-01-01,1991-06-30,109.0,128.0,252.0
488,1991.0,1.0,1991/S1,1991-01-01,1991-06-30,110.0,128.0,252.0
489,1991.0,1.0,1991/S1,1991-01-01,1991-06-30,111.0,128.0,252.0
490,1991.0,1.0,1991/S1,1991-01-01,1991-06-30,112.0,128.0,252.0
491,1991.0,1.0,1991/S1,1991-01-01,1991-06-30,113.0,128.0,252.0
492,1991.0,1.0,1991/S1,1991-01-01,1991-06-30,114.0,128.0,252.0
493,1991.0,1.0,1991/S1,1991-01-01,1991-06-30,115.0,128.0,252.0
494,1991.0,1.0,1991/S1,1991-01-01,1991-06-30,116.0,128.0,252.0
495,1991.0,1.0,1991/S1,1991-01-01,1991-06-30,117.0,128.0,252.0
496,1991.0,1.0,1991/S1,1991-01-01,1991-06-30,118.0,128.0,252.0
497,1991.0,1.0,1991/S1,1991-01-01,1991-06-30,119.0,128.0,252.0
498,1991.0,1.0,1991/S1,1991-01-01,1991-06-30,120.0,128.0,252.0
499,1991.0,1.0,1991/S1,1991-01-01,1991-06-30,121.0,128.0,252.0
500,1991.0,1.0,1991/S1,1991-01-01,1991-06-30,122.0,128.0,252.0
501,1991.0,1.0,1991/S1,1991-01-01,1991-06-30,123.0,128.0,252.0
502,1991.0,1.0,1991/S1,1991-01-01,1991-06-30,124.0,128.0,252.0
503,1991.0,1.0,1991/S1,1991-01-01,1991-06-30,125.0,128.0,252.0
504,1991.0,1.0,1991/S1,1991-01-01,1991-06-30,126.0,128.0,252.0
505,1991.0,1.0,1991/S1,1991-01-01,1991-06-30,127.0,128.0,252.0
506,1991.0,1.0,1991/S1,1991-01-01,1991-06-30,128.0,128.0,252.0
507,1992.0,2.0,1992/S2,1992-07-01,1992-12-31,1.0,124.0,252.0
508,1992.0,2.0,1992/S2,1992-07-01,1992-12-31,2.0,124.0,252.0
509,1992.0,2.0,1992/S2,1992-07-01,1992-12-31,3.0,124.0,252.0
510,1992.0,2.0,1992/S2,1992-07-01,1992-12-31,4.0,124.0,252.0
511,1992.0,2.0,1992/S2,1992-07-01,1992-12-31,5.0,124.0,252.0
512,1992.0,2.0,1992/S2,1992-07-01,1992-12-31,6.0,124.0,252.0
513,1992.0,2.0,1992/S2,1992-07-01,1992-12-31,7.0,124.0,252.0
514,1992.0,2.0,1992/S2,1992-07-01,1992-12-31,8.0,124.0,252.0
515,1992.0,2.0,1992/S2,1992-07-01,1992-12-31,9.0,124.0,252.0
516,1992.0,2.0,1992/S2,1992-07-01,1992-12-31,10.0,124.0,252.0
517,1992.0,2.0,1992/S2,1992-07-01,1992-12-31,11.0,124.0,252.0
518,1992.0,2.0,1992/S2,1992-07-01,1992-12-31,12.0,124.0,252.0
519,1992.0,2.0,1992/S2,1992-07-01,1992-12-31,13.0,124.0,252.0
520,1992.0,2.0,1992/S2,1992-07-01,1992-12-31,14.0,124.0,252.0
521,1992.0,2.0,1992/S2,1992-07-01,1992-12-31,15.0,124.0,252.0
522,1992.0,2.0,1992/S2,1992-07-01,1992-12-31,16.0,124.0,252.0
523,1992.0,2.0,1992/S2,1992-07-01,1992-12-31,17.0,124.0,252.0
524,1992.0,2.0,1992/S2,1992-07-01,1992-12-31,18.0,124.0,252.0
525,1992.0,2.0,1992/S2,1992-07-01,1992-12-31,19.0,124.0,252.0
526,1992.0,2.0,1992/S2,1992-07-01,1992-12-31,20.0,124.0,252.0
527,1992.0,2.0,1992/S2,1992-07-01,1992-12-31,21.0,124.0,252.0
528,1992.0,2.0,1992/S2,1992-07-01,1992-12-31,22.0,124.0,252.0
529,1992.0,2.0,1992/S2,1992-07-01,1992-12-31,23.0,124.0,252.0
530,1992.0,2.0,1992/S2,1992-07-01,1992-12-31,24.0,124.0,252.0
531,1992.0,2.0,1992/S2,1992-07-01,1992-12-31,25.0,124.0,252.0
532,1992.0,2.0,1992/S2,1992-07-01,1992-12-31,26.0,124.0,252.0
533,1992.0,2.0,1992/S2,1992-07-01,1992-12-31,27.0,124.0,252.0
534,1992.0,2.0,1992/S2,1992-07-01,1992-12-31,28.0,124.0,252.0
535,1992.0,2.0,1992/S2,1992-07-01,1992-12-31,29.0,124.0,252.0
536,1992.0,2.0,1992/S2,1992-07-01,1992-12-31,30.0,124.0,252.0
537,1992.0,2.0,1992/S2,1992-07-01,1992-12-31,31.0,124.0,252.0
538,1992.0,2.0,1992/S2,1992-07-01,1992-12-31,32.0,124.0,252.0
539,1992.0,2.0,1992/S2,1992-07-01,1992-12-31,33.0,124.0,252.0
540,1992.0,2.0,1992/S2,1992-07-01,1992-12-31,34.0,124.0,252.0
541,1992.0,2.0,1992/S2,1992-07-01,1992-12-31,35.0,124.0,252.0
542,1992.0,2.0,1992/S2,1992-07-01,1992-12-31,36.0,124.0,252.0
543,1992.0,2.0,1992/S2,1992-07-01,1992-12-31,37.0,124.0,252.0
544,1992.0,2.0,1992/S2,1992-07-01,1992-12-31,38.0,124.0,252.0
545,1992.0,2.0,1992/S2,1992-07-01,1992-12-31,39.0,124.0,252.0
546,1992.0,2.0,1992/S2,1992-07-01,1992-12-31,40.0,124.0,252.0
547,1992.0,2.0,1992/S2,1992-07-01,1992-12-31,41.0,124.0,252.0
548,1992.0,2.0,1992/S2,1992-07-01,1992-12-31,42.0,124.0,252.0
549,1992.0,2.0,1992/S2,1992-07-01,1992-12-31,43.0,124.0,252.0
550,1992.0,2.0,1992/S2,1992-07-01,1992-12-31,44.0,124.0,252.0
551,1992.0,2.0,1992/S2,1992-07-01,1992-12-31,45.0,124.0,252.0
552,1992.0,2.0,1992/S2,1992-07-01,1992-12-31,46.0,124.0,252.0
553,1992.0,2.0,1992/S2,1992-07-01,1992-12-31,47.0,124.0,252.0
554,1992.0,2.0,1992/S2,1992-07-01,1992-12-31,48.0,124.0,252.0
555,1992.0,2.0,1992/S2,1992-07-01,1992-12-31,49.0,124.0,252.0
556,1992.0,2.0,1992/S2,1992-07-01,1992-12-31,50.0,124.0,252.0
557,1992.0,2.0,1992/S2,1992-07-01,1992-12-31,51.0,124.0,252.0
558,1992.0,2.0,1992/S2,1992-07-01,1992-12-31,52.0,124.0,252.0
559,1992.0,2.0,1992/S2,1992-07-01,1992-12-31,53.0,124.0,252.0
560,1992.0,2.0,1992/S2,1992-07-01,1992-12-31,54.0,124.0,252.0
561,1992.0,2.0,1992/S2,1992-07-01,1992-12-31,55.0,124.0,252.0
562,1992.0,2.0,1992/S2,1992-07-01,1992-12-31,56.0,124.0,252.0
563,1992.0,2.0,1992/S2,1992-07-01,1992-12-31,57.0,124.0,252.0
564,1992.0,2.0,1992/S2,1992-07-01,1992-12-31,58.0,124.0,252.0
565,1992.0,2.0,1992/S2,1992-07-01,1992-12-31,59.0,124.0,252.0
566,1992.0,2.0,1992/S2,1992-07-01,1992-12-31,60.0,124.0,252.0
567,1992.0,2.0,1992/S2,1992-07-01,1992-12-31,61.0,124.0,252.0
568,1992.0,2.0,1992/S2,1992-07-01,1992-12-31,62.0,124.0,252.0
569,1992.0,2.0,1992/S2,1992-07-01,1992-12-31,63.0,124.0,252.0
570,1992.0,2.0,1992/S2,1992-07-01,1992-12-31,64.0,124.0,252.0
571,1992.0,2.0,1992/S2,1992-07-01,1992-12-31,65.0,124.0,252.0
572,1992.0,2.0,1992/S2,1992-07-01,1992-12-31,66.0,124.0,252.0
573,1992.0,2.0,1992/S2,1992-07-01,1992-12-31,67.0,124.0,252.0
574,1992.0,2.0,1992/S2,1992-07-01,1992-12-31,68.0,124.0,252.0
575,1992.0,2.0,1992/S2,1992-07-01,1992-12-31,69.0,124.0,252.0
576,1992.0,2.0,1992/S2,1992-07-01,1992-12-31,70.0,124.0,252.0
577,1992.0,2.0,1992/S2,1992-07-01,1992-12-31,71.0,124.0,252.0
578,1992.0,2.0,1992/S2,1992-07-01,1992-12-31,72.0,124.0,252.0
579,1992.0,2.0,1992/S2,1992-07-01,1992-12-31,73.0,124.0,252.0
580,1992.0,2.0,1992/S2,1992-07-01,1992-12-31,74.0,124.0,252.0
581,1992.0,2.0,1992/S2,1992-07-01,1992-12-31,75.0,124.0,252.0
582,1992.0,2.0,1992/S2,1992-07-01,1992-12-31,76.0,124.0,252.0
583,1992.0,2.0,1992/S2,1992-07-01,1992-12-31,77.0,124.0,252.0
584,1992.0,2.0,1992/S2,1992-07-01,1992-12-31,78.0,124.0,252.0
585,1992.0,2.0,1992/S2,1992-07-01,1992-12-31,79.0,124.0,252.0
586,1992.0,2.0,1992/S2,1992-07-01,1992-12-31,80.0,124.0,252.0
587,1992.0,2.0,1992/S2,1992-07-01,1992-12-31,81.0,124.0,252.0
588,1992.0,2.0,1992/S2,1992-07-01,1992-12-31,82.0,124.0,252.0
589,1992.0,2.0,1992/S2,1992-07-01,1992-12-31,83.0,124.0,252.0
590,1992.0,2.0,1992/S2,1992-07-01,1992-12-31,84.0,124.0,252.0
591,1992.0,2.0,1992/S2,1992-07-01,1992-12-31,85.0,124.0,252.0
592,1992.0,2.0,1992/S2,1992-07-01,1992-12-31,86.0,124.0,252.0
593,1992.0,2.0,1992/S2,1992-07-01,1992-12-31,87.0,124.0,252.0
594,1992.0,2.0,1992/S2,1992-07-01,1992-12-31,88.0,124.0,252.0
595,1992.0,2.0,1992/S2,1992-07-01,1992-12-31,89.0,124.0,252.0
596,1992.0,2.0,1992/S2,1992-07-01,1992-12-31,90.0,124.0,252.0
597,1992.0,2.0,1992/S2,1992-07-01,1992-12-31,91.0,124.0,252.0
598,1992.0,2.0,1992/S2,1992-07-01,1992-12-31,92.0,124.0,252.0
599,1992.0,2.0,1992/S2,1992-07-01,1992-12-31,93.0,124.0,252.0
600,1992.0,2.0,1992/S2,1992-07-01,1992-12-31,94.0,124.0,252.0
601,1992.0,2.0,1992/S2,1992-07-01,1992-12-31,95.0,124.0,252.0
602,1992.0,2.0,1992/S2,1992-07-01,1992-12-31,96.0,124.0,252.0
603,1992.0,2.0,1992/S2,1992-07-01,1992-12-31,97.0,124.0,252.0
604,1992.0,2.0,1992/S2,1992-07-01,1992-12-31,98.0,124.0,252.0
605,1992.0,2.0,1992/S2,1992-07-01,1992-12-31,99.0,124.0,252.0
606,1992.0,2.0,1992/S2,1992-07-01,1992-12-31,100.0,124.0,252.0
607,1992.0,2.0,1992/S2,1992-07-01,1992-12-31,101.0,124.0,252.0
608,1992.0,2.0,1992/S2,1992-07-01,1992-12-31,102.0,124.0,252.0
609,1992.0,2.0,1992/S2,1992-07-01,1992-12-31,103.0,124.0,252.0
610,1992.0,2.0,1992/S2,1992-07-01,1992-12-31,104.0,124.0,252.0
611,1992.0,2.0,1992/S2,1992-07-01,1992-12-31,105.0,124.0,252.0
612,1992.0,2.0,1992/S2,1992-07-01,1992-12-31,106.0,124.0,252.0
613,1992.0,2.0,1992/S2,1992-07-01,1992-12-31,107.0,124.0,252.0
614,1992.0,2.0,1992/S2,1992-07-01,1992-12-31,108.0,124.0,252.0
615,1992.0,2.0,1992/S2,1992-07-01,1992-12-31,109.0,124.0,252.0
616,1992.0,2.0,1992/S2,1992-07-01,1992-12-31,110.0,124.0,252.0
617,1992.0,2.0,1992/S2,1992-07-01,1992-12-31,111.0,124.0,252.0
618,1992.0,2.0,1992/S2,1992-07-01,1992-12-31,112.0,124.0,252.0
619,1992.0,2.0,1992/S2,1992-07-01,1992-12-31,113.0,124.0,252.0
620,1992.0,2.0,1992/S2,1992-07-01,1992-12-31,114.0,124.0,252.0
621,1992.0,2.0,1992/S2,1992-07-01,1992-12-31,115.0,124.0,252.0
622,1992.0,2.0,1992/S2,1992-07-01,1992-12-31,116.0,124.0,252.0
623,1992.0,2.0,1992/S2,1992-07-01,1992-12-31,117.0,124.0,252.0
624,1992.0,2.0,1992/S2,1992-07-01,1992-12-31,118.0,124.0,252.0
625,1992.0,2.0,1992/S2,1992-07-01,1992-12-31,119.0,124.0,252.0
626,1992.0,2.0,1992/S2,1992-07-01,1992-12-31,120.0,124.0,252.0
627,1992.0,2.0,1992/S2,1992-07-01,1992-12-31,121.0,124.0,252.0
628,1992.0,2.0,1992/S2,1992-07-01,1992-12-31,122.0,124.0,252.0
629,1992.0,2.0,1992/S2,1992-07-01,1992-12-31,123.0,124.0,252.0
630,1992.0,2.0,1992/S2,1992-07-01,1992-12-31,124.0,124.0,252.0
631,1992.0,1.0,1992/S1,1992-01-01,1992-06-30,1.0,128.0,253.0
632,1992.0,1.0,1992/S1,1992-01-01,1992-06-30,2.0,128.0,253.0
633,1992.0,1.0,1992/S1,1992-01-01,1992-06-30,3.0,128.0,253.0
634,1992.0,1.0,1992/S1,1992-01-01,1992-06-30,4.0,128.0,253.0
635,1992.0,1.0,1992/S1,1992-01-01,1992-06-30,5.0,128.0,253.0
636,1992.0,1.0,1992/S1,1992-01-01,1992-06-30,6.0,128.0,253.0
637,1992.0,1.0,1992/S1,1992-01-01,1992-06-30,7.0,128.0,253.0
638,1992.0,1.0,1992/S1,1992-01-01,1992-06-30,8.0,128.0,253.0
639,1992.0,1.0,1992/S1,1992-01-01,1992-06-30,9.0,128.0,253.0
640,1992.0,1.0,1992/S1,1992-01-01,1992-06-30,10.0,128.0,253.0
641,1992.0,1.0,1992/S1,1992-01-01,1992-06-30,11.0,128.0,253.0
642,1992.0,1.0,1992/S1,1992-01-01,1992-06-30,12.0,128.0,253.0
643,1992.0,1.0,1992/S1,1992-01-01,1992-06-30,13.0,128.0,253.0
644,1992.0,1.0,1992/S1,1992-01-01,1992-06-30,14.0,128.0,253.0
645,1992.0,1.0,1992/S1,1992-01-01,1992-06-30,15.0,128.0,253.0
646,1992.0,1.0,1992/S1,1992-01-01,1992-06-30,16.0,128.0,253.0
647,1992.0,1.0,1992/S1,1992-01-01,1992-06-30,17.0,128.0,253.0
648,1992.0,1.0,1992/S1,1992-01-01,1992-06-30,18.0,128.0,253.0
649,1992.0,1.0,1992/S1,1992-01-01,1992-06-30,19.0,128.0,253.0
650,1992.0,1.0,1992/S1,1992-01-01,1992-06-30,20.0,128.0,253.0
651,1992.0,1.0,1992/S1,1992-01-01,1992-06-30,21.0,128.0,253.0
652,1992.0,1.0,1992/S1,1992-01-01,1992-06-30,22.0,128.0,253.0
653,1992.0,1.0,1992/S1,1992-01-01,1992-06-30,23.0,128.0,253.0
654,1992.0,1.0,1992/S1,1992-01-01,1992-06-30,24.0,128.0,253.0
655,1992.0,1.0,1992/S1,1992-01-01,1992-06-30,25.0,128.0,253.0
656,1992.0,1.0,1992/S1,1992-01-01,1992-06-30,26.0,128.0,253.0
657,1992.0,1.0,1992/S1,1992-01-01,1992-06-30,27.0,128.0,253.0
658,1992.0,1.0,1992/S1,1992-01-01,1992-06-30,28.0,128.0,253.0
659,1992.0,1.0,1992/S1,1992-01-01,1992-06-30,29.0,128.0,253.0
660,1992.0,1.0,1992/S1,1992-01-01,1992-06-30,30.0,128.0,253.0
661,1992.0,1.0,1992/S1,1992-01-01,1992-06-30,31.0,128.0,253.0
662,1992.0,1.0,1992/S1,1992-01-01,1992-06-30,32.0,128.0,253.0
663,1992.0,1.0,1992/S1,1992-01-01,1992-06-30,33.0,128.0,253.0
664,1992.0,1.0,1992/S1,1992-01-01,1992-06-30,34.0,128.0,253.0
665,1992.0,1.0,1992/S1,1992-01-01,1992-06-30,35.0,128.0,253.0
666,1992.0,1.0,1992/S1,1992-01-01,1992-06-30,36.0,128.0,253.0
667,1992.0,1.0,1992/S1,1992-01-01,1992-06-30,37.0,128.0,253.0
668,1992.0,1.0,1992/S1,1992-01-01,1992-06-30,38.0,128.0,253.0
669,1992.0,1.0,1992/S1,1992-01-01,1992-06-30,39.0,128.0,253.0
670,1992.0,1.0,1992/S1,1992-01-01,1992-06-30,40.0,128.0,253.0
671,1992.0,1.0,1992/S1,1992-01-01,1992-06-30,41.0,128.0,253.0
672,1992.0,1.0,1992/S1,1992-01-01,1992-06-30,42.0,128.0,253.0
673,1992.0,1.0,1992/S1,1992-01-01,1992-06-30,43.0,128.0,253.0
674,1992.0,1.0,1992/S1,1992-01-01,1992-06-30,44.0,128.0,253.0
675,1992.0,1.0,1992/S1,1992-01-01,1992-06-30,45.0,128.0,253.0
676,1992.0,1.0,1992/S1,1992-01-01,1992-06-30,46.0,128.0,253.0
677,1992.0,1.0,1992/S1,1992-01-01,1992-06-30,47.0,128.0,253.0
678,1992.0,1.0,1992/S1,1992-01-01,1992-06-30,48.0,128.0,253.0
679,1992.0,1.0,1992/S1,1992-01-01,1992-06-30,49.0,128.0,253.0
680,1992.0,1.0,1992/S1,1992-01-01,1992-06-30,50.0,128.0,253.0
681,1992.0,1.0,1992/S1,1992-01-01,1992-06-30,51.0,128.0,253.0
682,1992.0,1.0,1992/S1,1992-01-01,1992-06-30,52.0,128.0,253.0
683,1992.0,1.0,1992/S1,1992-01-01,1992-06-30,53.0,128.0,253.0
684,1992.0,1.0,1992/S1,1992-01-01,1992-06-30,54.0,128.0,253.0
685,1992.0,1.0,1992/S1,1992-01-01,1992-06-30,55.0,128.0,253.0
686,1992.0,1.0,1992/S1,1992-01-01,1992-06-30,56.0,128.0,253.0
687,1992.0,1.0,1992/S1,1992-01-01,1992-06-30,57.0,128.0,253.0
688,1992.0,1.0,1992/S1,1992-01-01,1992-06-30,58.0,128.0,253.0
689,1992.0,1.0,1992/S1,1992-01-01,1992-06-30,59.0,128.0,253.0
690,1992.0,1.0,1992/S1,1992-01-01,1992-06-30,60.0,128.0,253.0
691,1992.0,1.0,1992/S1,1992-01-01,1992-06-30,61.0,128.0,253.0
692,1992.0,1.0,1992/S1,1992-01-01,1992-06-30,62.0,128.0,253.0
693,1992.0,1.0,1992/S1,1992-01-01,1992-06-30,63.0,128.0,253.0
694,1992.0,1.0,1992/S1,1992-01-01,1992-06-30,64.0,128.0,253.0
695,1992.0,1.0,1992/S1,1992-01-01,1992-06-30,65.0,128.0,253.0
696,1992.0,1.0,1992/S1,1992-01-01,1992-06-30,66.0,128.0,253.0
697,1992.0,1.0,1992/S1,1992-01-01,1992-06-30,67.0,128.0,253.0
698,1992.0,1.0,1992/S1,1992-01-01,1992-06-30,68.0,128.0,253.0
699,1992.0,1.0,1992/S1,1992-01-01,1992-06-30,69.0,128.0,253.0
700,1992.0,1.0,1992/S1,1992-01-01,1992-06-30,70.0,128.0,253.0
701,1992.0,1.0,1992/S1,1992-01-01,1992-06-30,71.0,128.0,253.0
702,1992.0,1.0,1992/S1,1992-01-01,1992-06-30,72.0,128.0,253.0
703,1992.0,1.0,1992/S1,1992-01-01,1992-06-30,73.0,128.0,253.0
704,1992.0,1.0,1992/S1,1992-01-01,1992-06-30,74.0,128.0,253.0
705,1992.0,1.0,1992/S1,1992-01-01,1992-06-30,75.0,128.0,253.0
706,1992.0,1.0,1992/S1,1992-01-01,1992-06-30,76.0,128.0,253.0
707,1992.0,1.0,1992/S1,1992-01-01,1992-06-30,77.0,128.0,253.0
708,1992.0,1.0,1992/S1,1992-01-01,1992-06-30,78.0,128.0,253.0
709,1992.0,1.0,1992/S1,1992-01-01,1992-06-30,79.0,128.0,253.0
710,1992.0,1.0,1992/S1,1992-01-01,1992-06-30,80.0,128.0,253.0
711,1992.0,1.0,1992/S1,1992-01-01,1992-06-30,81.0,128.0,253.0
712,1992.0,1.0,1992/S1,1992-01-01,1992-06-30,82.0,128.0,253.0
713,1992.0,1.0,1992/S1,1992-01-01,1992-06-30,83.0,128.0,253.0
714,1992.0,1.0,1992/S1,1992-01-01,1992-06-30,84.0,128.0,253.0
715,1992.0,1.0,1992/S1,1992-01-01,1992-06-30,85.0,128.0,253.0
716,1992.0,1.0,1992/S1,1992-01-01,1992-06-30,86.0,128.0,253.0
717,1992.0,1.0,1992/S1,1992-01-01,1992-06-30,87.0,128.0,253.0
718,1992.0,1.0,1992/S1,1992-01-01,1992-06-30,88.0,128.0,253.0
719,1992.0,1.0,1992/S1,1992-01-01,1992-06-30,89.0,128.0,253.0
720,1992.0,1.0,1992/S1,1992-01-01,1992-06-30,90.0,128.0,253.0
721,1992.0,1.0,1992/S1,1992-01-01,1992-06-30,91.0,128.0,253.0
722,1992.0,1.0,1992/S1,1992-01-01,1992-06-30,92.0,128.0,253.0
723,1992.0,1.0,1992/S1,1992-01-01,1992-06-30,93.0,128.0,253.0
724,1992.0,1.0,1992/S1,1992-01-01,1992-06-30,94.0,128.0,253.0
725,1992.0,1.0,1992/S1,1992-01-01,1992-06-30,95.0,128.0,253.0
726,1992.0,1.0,1992/S1,1992-01-01,1992-06-30,96.0,128.0,253.0
727,1992.0,1.0,1992/S1,1992-01-01,1992-06-30,97.0,128.0,253.0
728,1992.0,1.0,1992/S1,1992-01-01,1992-06-30,98.0,128.0,253.0
729,1992.0,1.0,1992/S1,1992-01-01,1992-06-30,99.0,128.0,253.0
730,1992.0,1.0,1992/S1,1992-01-01,1992-06-30,100.0,128.0,253.0
731,1992.0,1.0,1992/S1,1992-01-01,1992-06-30,101.0,128.0,253.0
732,1992.0,1.0,1992/S1,1992-01-01,1992-06-30,102.0,128.0,253.0
733,1992.0,1.0,1992/S1,1992-01-01,1992-06-30,103.0,128.0,253.0
734,1992.0,1.0,1992/S1,1992-01-01,1992-06-30,104.0,128.0,253.0
735,1992.0,1.0,1992/S1,1992-01-01,1992-06-30,105.0,128.0,253.0
736,1992.0,1.0,1992/S1,1992-01-01,1992-06-30,106.0,128.0,253.0
737,1992.0,1.0,1992/S1,1992-01-01,1992-06-30,107.0,128.0,253.0
738,1992.0,1.0,1992/S1,1992-01-01,1992-06-30,108.0,128.0,253.0
739,1992.0,1.0,1992/S1,1992-01-01,1992-06-30,109.0,128.0,253.0
740,1992.0,1.0,1992/S1,1992-01-01,1992-06-30,110.0,128.0,253.0
741,1992.0,1.0,1992/S1,1992-01-01,1992-06-30,111.0,128.0,253.0
742,1992.0,1.0,1992/S1,1992-01-01,1992-06-30,112.0,128.0,253.0
743,1992.0,1.0,1992/S1,1992-01-01,1992-06-30,113.0,128.0,253.0
744,1992.0,1.0,1992/S1,1992-01-01,1992-06-30,114.0,128.0,253.0
745,1992.0,1.0,1992/S1,1992-01-01,1992-06-30,115.0,128.0,253.0
746,1992.0,1.0,1992/S1,1992-01-01,1992-06-30,116.0,128.0,253.0
747,1992.0,1.0,1992/S1,1992-01-01,1992-06-30,117.0,128.0,253.0
748,1992.0,1.0,1992/S1,1992-01-01,1992-06-30,118.0,128.0,253.0
749,1992.0,1.0,1992/S1,1992-01-01,1992-06-30,119.0,128.0,253.0
750,1992.0,1.0,1992/S1,1992-01-01,1992-06-30,120.0,128.0,253.0
751,1992.0,1.0,1992/S1,1992-01-01,1992-06-30,121.0,128.0,253.0
752,1992.0,1.0,1992/S1,1992-01-01,1992-06-30,122.0,128.0,253.0
753,1992.0,1.0,1992/S1,1992-01-01,1992-06-30,123.0,128.0,253.0
754,1992.0,1.0,1992/S1,1992-01-01,1992-06-30,124.0,128.0,253.0
755,1992.0,1.0,1992/S1,1992-01-01,1992-06-30,125.0,128.0,253.0
756,1992.0,1.0,1992/S1,1992-01-01,1992-06-30,126.0,128.0,253.0
757,1992.0,1.0,1992/S1,1992-01-01,1992-06-30,127.0,128.0,253.0
758,1992.0,1.0,1992/S1,1992-01-01,1992-06-30,128.0,128.0,253.0
759,1993.0,2.0,1993/S2,1993-07-01,1993-12-31,1.0,125.0,252.0
760,1993.0,2.0,1993/S2,1993-07-01,1993-12-31,2.0,125.0,252.0
761,1993.0,2.0,1993/S2,1993-07-01,1993-12-31,3.0,125.0,252.0
762,1993.0,2.0,1993/S2,1993-07-01,1993-12-31,4.0,125.0,252.0
763,1993.0,2.0,1993/S2,1993-07-01,1993-12-31,5.0,125.0,252.0
764,1993.0,2.0,1993/S2,1993-07-01,1993-12-31,6.0,125.0,252.0
765,1993.0,2.0,1993/S2,1993-07-01,1993-12-31,7.0,125.0,252.0
766,1993.0,2.0,1993/S2,1993-07-01,1993-12-31,8.0,125.0,252.0
767,1993.0,2.0,1993/S2,1993-07-01,1993-12-31,9.0,125.0,252.0
768,1993.0,2.0,1993/S2,1993-07-01,1993-12-31,10.0,125.0,252.0
769,1993.0,2.0,1993/S2,1993-07-01,1993-12-31,11.0,125.0,252.0
770,1993.0,2.0,1993/S2,1993-07-01,1993-12-31,12.0,125.0,252.0
771,1993.0,2.0,1993/S2,1993-07-01,1993-12-31,13.0,125.0,252.0
772,1993.0,2.0,1993/S2,1993-07-01,1993-12-31,14.0,125.0,252.0
773,1993.0,2.0,1993/S2,1993-07-01,1993-12-31,15.0,125.0,252.0
774,1993.0,2.0,1993/S2,1993-07-01,1993-12-31,16.0,125.0,252.0
775,1993.0,2.0,1993/S2,1993-07-01,1993-12-31,17.0,125.0,252.0
776,1993.0,2.0,1993/S2,1993-07-01,1993-12-31,18.0,125.0,252.0
777,1993.0,2.0,1993/S2,1993-07-01,1993-12-31,19.0,125.0,252.0
778,1993.0,2.0,1993/S2,1993-07-01,1993-12-31,20.0,125.0,252.0
779,1993.0,2.0,1993/S2,1993-07-01,1993-12-31,21.0,125.0,252.0
780,1993.0,2.0,1993/S2,1993-07-01,1993-12-31,22.0,125.0,252.0
781,1993.0,2.0,1993/S2,1993-07-01,1993-12-31,23.0,125.0,252.0
782,1993.0,2.0,1993/S2,1993-07-01,1993-12-31,24.0,125.0,252.0
783,1993.0,2.0,1993/S2,1993-07-01,1993-12-31,25.0,125.0,252.0
784,1993.0,2.0,1993/S2,1993-07-01,1993-12-31,26.0,125.0,252.0
785,1993.0,2.0,1993/S2,1993-07-01,1993-12-31,27.0,125.0,252.0
786,1993.0,2.0,1993/S2,1993-07-01,1993-12-31,28.0,125.0,252.0
787,1993.0,2.0,1993/S2,1993-07-01,1993-12-31,29.0,125.0,252.0
788,1993.0,2.0,1993/S2,1993-07-01,1993-12-31,30.0,125.0,252.0
789,1993.0,2.0,1993/S2,1993-07-01,1993-12-31,31.0,125.0,252.0
790,1993.0,2.0,1993/S2,1993-07-01,1993-12-31,32.0,125.0,252.0
791,1993.0,2.0,1993/S2,1993-07-01,1993-12-31,33.0,125.0,252.0
792,1993.0,2.0,1993/S2,1993-07-01,1993-12-31,34.0,125.0,252.0
793,1993.0,2.0,1993/S2,1993-07-01,1993-12-31,35.0,125.0,252.0
794,1993.0,2.0,1993/S2,1993-07-01,1993-12-31,36.0,125.0,252.0
795,1993.0,2.0,1993/S2,1993-07-01,1993-12-31,37.0,125.0,252.0
796,1993.0,2.0,1993/S2,1993-07-01,1993-12-31,38.0,125.0,252.0
797,1993.0,2.0,1993/S2,1993-07-01,1993-12-31,39.0,125.0,252.0
798,1993.0,2.0,1993/S2,1993-07-01,1993-12-31,40.0,125.0,252.0
799,1993.0,2.0,1993/S2,1993-07-01,1993-12-31,41.0,125.0,252.0
800,1993.0,2.0,1993/S2,1993-07-01,1993-12-31,42.0,125.0,252.0
801,1993.0,2.0,1993/S2,1993-07-01,1993-12-31,43.0,125.0,252.0
802,1993.0,2.0,1993/S2,1993-07-01,1993-12-31,44.0,125.0,252.0
803,1993.0,2.0,1993/S2,1993-07-01,1993-12-31,45.0,125.0,252.0
804,1993.0,2.0,1993/S2,1993-07-01,1993-12-31,46.0,125.0,252.0
805,1993.0,2.0,1993/S2,1993-07-01,1993-12-31,47.0,125.0,252.0
806,1993.0,2.0,1993/S2,1993-07-01,1993-12-31,48.0,125.0,252.0
807,1993.0,2.0,1993/S2,1993-07-01,1993-12-31,49.0,125.0,252.0
808,1993.0,2.0,1993/S2,1993-07-01,1993-12-31,50.0,125.0,252.0
809,1993.0,2.0,1993/S2,1993-07-01,1993-12-31,51.0,125.0,252.0
810,1993.0,2.0,1993/S2,1993-07-01,1993-12-31,52.0,125.0,252.0
811,1993.0,2.0,1993/S2,1993-07-01,1993-12-31,53.0,125.0,252.0
812,1993.0,2.0,1993/S2,1993-07-01,1993-12-31,54.0,125.0,252.0
813,1993.0,2.0,1993/S2,1993-07-01,1993-12-31,55.0,125.0,252.0
814,1993.0,2.0,1993/S2,1993-07-01,1993-12-31,56.0,125.0,252.0
815,1993.0,2.0,1993/S2,1993-07-01,1993-12-31,57.0,125.0,252.0
816,1993.0,2.0,1993/S2,1993-07-01,1993-12-31,58.0,125.0,252.0
817,1993.0,2.0,1993/S2,1993-07-01,1993-12-31,59.0,125.0,252.0
818,1993.0,2.0,1993/S2,1993-07-01,1993-12-31,60.0,125.0,252.0
819,1993.0,2.0,1993/S2,1993-07-01,1993-12-31,61.0,125.0,252.0
820,1993.0,2.0,1993/S2,1993-07-01,1993-12-31,62.0,125.0,252.0
821,1993.0,2.0,1993/S2,1993-07-01,1993-12-31,63.0,125.0,252.0
822,1993.0,2.0,1993/S2,1993-07-01,1993-12-31,64.0,125.0,252.0
823,1993.0,2.0,1993/S2,1993-07-01,1993-12-31,65.0,125.0,252.0
824,1993.0,2.0,1993/S2,1993-07-01,1993-12-31,66.0,125.0,252.0
825,1993.0,2.0,1993/S2,1993-07-01,1993-12-31,67.0,125.0,252.0
826,1993.0,2.0,1993/S2,1993-07-01,1993-12-31,68.0,125.0,252.0
827,1993.0,2.0,1993/S2,1993-07-01,1993-12-31,69.0,125.0,252.0
828,1993.0,2.0,1993/S2,1993-07-01,1993-12-31,70.0,125.0,252.0
829,1993.0,2.0,1993/S2,1993-07-01,1993-12-31,71.0,125.0,252.0
830,1993.0,2.0,1993/S2,1993-07-01,1993-12-31,72.0,125.0,252.0
831,1993.0,2.0,1993/S2,1993-07-01,1993-12-31,73.0,125.0,252.0
832,1993.0,2.0,1993/S2,1993-07-01,1993-12-31,74.0,125.0,252.0
833,1993.0,2.0,1993/S2,1993-07-01,1993-12-31,75.0,125.0,252.0
834,1993.0,2.0,1993/S2,1993-07-01,1993-12-31,76.0,125.0,252.0
835,1993.0,2.0,1993/S2,1993-07-01,1993-12-31,77.0,125.0,252.0
836,1993.0,2.0,1993/S2,1993-07-01,1993-12-31,78.0,125.0,252.0
837,1993.0,2.0,1993/S2,1993-07-01,1993-12-31,79.0,125.0,252.0
838,1993.0,2.0,1993/S2,1993-07-01,1993-12-31,80.0,125.0,252.0
839,1993.0,2.0,1993/S2,1993-07-01,1993-12-31,81.0,125.0,252.0
840,1993.0,2.0,1993/S2,1993-07-01,1993-12-31,82.0,125.0,252.0
841,1993.0,2.0,1993/S2,1993-07-01,1993-12-31,83.0,125.0,252.0
842,1993.0,2.0,1993/S2,1993-07-01,1993-12-31,84.0,125.0,252.0
843,1993.0,2.0,1993/S2,1993-07-01,1993-12-31,85.0,125.0,252.0
844,1993.0,2.0,1993/S2,1993-07-01,1993-12-31,86.0,125.0,252.0
845,1993.0,2.0,1993/S2,1993-07-01,1993-12-31,87.0,125.0,252.0
846,1993.0,2.0,1993/S2,1993-07-01,1993-12-31,88.0,125.0,252.0
847,1993.0,2.0,1993/S2,1993-07-01,1993-12-31,89.0,125.0,252.0
848,1993.0,2.0,1993/S2,1993-07-01,1993-12-31,90.0,125.0,252.0
849,1993.0,2.0,1993/S2,1993-07-01,1993-12-31,91.0,125.0,252.0
850,1993.0,2.0,1993/S2,1993-07-01,1993-12-31,92.0,125.0,252.0
851,1993.0,2.0,1993/S2,1993-07-01,1993-12-31,93.0,125.0,252.0
852,1993.0,2.0,1993/S2,1993-07-01,1993-12-31,94.0,125.0,252.0
853,1993.0,2.0,1993/S2,1993-07-01,1993-12-31,95.0,125.0,252.0
854,1993.0,2.0,1993/S2,1993-07-01,1993-12-31,96.0,125.0,252.0
855,1993.0,2.0,1993/S2,1993-07-01,1993-12-31,97.0,125.0,252.0
856,1993.0,2.0,1993/S2,1993-07-01,1993-12-31,98.0,125.0,252.0
857,1993.0,2.0,1993/S2,1993-07-01,1993-12-31,99.0,125.0,252.0
858,1993.0,2.0,1993/S2,1993-07-01,1993-12-31,100.0,125.0,252.0
859,1993.0,2.0,1993/S2,1993-07-01,1993-12-31,101.0,125.0,252.0
860,1993.0,2.0,1993/S2,1993-07-01,1993-12-31,102.0,125.0,252.0
861,1993.0,2.0,1993/S2,1993-07-01,1993-12-31,103.0,125.0,252.0
862,1993.0,2.0,1993/S2,1993-07-01,1993-12-31,104.0,125.0,252.0
863,1993.0,2.0,1993/S2,1993-07-01,1993-12-31,105.0,125.0,252.0
864,1993.0,2.0,1993/S2,1993-07-01,1993-12-31,106.0,125.0,252.0
865,1993.0,2.0,1993/S2,1993-07-01,1993-12-31,107.0,125.0,252.0
866,1993.0,2.0,1993/S2,1993-07-01,1993-12-31,108.0,125.0,252.0
867,1993.0,2.0,1993/S2,1993-07-01,1993-12-31,109.0,125.0,252.0
868,1993.0,2.0,1993/S2,1993-07-01,1993-12-31,110.0,125.0,252.0
869,1993.0,2.0,1993/S2,1993-07-01,1993-12-31,111.0,125.0,252.0
870,1993.0,2.0,1993/S2,1993-07-01,1993-12-31,112.0,125.0,252.0
871,1993.0,2.0,1993/S2,1993-07-01,1993-12-31,113.0,125.0,252.0
872,1993.0,2.0,1993/S2,1993-07-01,1993-12-31,114.0,125.0,252.0
873,1993.0,2.0,1993/S2,1993-07-01,1993-12-31,115.0,125.0,252.0
874,1993.0,2.0,1993/S2,1993-07-01,1993-12-31,116.0,125.0,252.0
875,1993.0,2.0,1993/S2,1993-07-01,1993-12-31,117.0,125.0,252.0
876,1993.0,2.0,1993/S2,1993-07-01,1993-12-31,118.0,125.0,252.0
877,1993.0,2.0,1993/S2,1993-07-01,1993-12-31,119.0,125.0,252.0
878,1993.0,2.0,1993/S2,1993-07-01,1993-12-31,120.0,125.0,252.0
879,1993.0,2.0,1993/S2,1993-07-01,1993-12-31,121.0,125.0,252.0
880,1993.0,2.0,1993/S2,1993-07-01,1993-12-31,122.0,125.0,252.0
881,1993.0,2.0,1993/S2,1993-07-01,1993-12-31,123.0,125.0,252.0
882,1993.0,2.0,1993/S2,1993-07-01,1993-12-31,124.0,125.0,252.0
883,1993.0,2.0,1993/S2,1993-07-01,1993-12-31,125.0,125.0,252.0
884,1993.0,1.0,1993/S1,1993-01-01,1993-06-30,1.0,127.0,253.0
885,1993.0,1.0,1993/S1,1993-01-01,1993-06-30,2.0,127.0,253.0
886,1993.0,1.0,1993/S1,1993-01-01,1993-06-30,3.0,127.0,253.0
887,1993.0,1.0,1993/S1,1993-01-01,1993-06-30,4.0,127.0,253.0
888,1993.0,1.0,1993/S1,1993-01-01,1993-06-30,5.0,127.0,253.0
889,1993.0,1.0,1993/S1,1993-01-01,1993-06-30,6.0,127.0,253.0
890,1993.0,1.0,1993/S1,1993-01-01,1993-06-30,7.0,127.0,253.0
891,1993.0,1.0,1993/S1,1993-01-01,1993-06-30,8.0,127.0,253.0
892,1993.0,1.0,1993/S1,1993-01-01,1993-06-30,9.0,127.0,253.0
893,1993.0,1.0,1993/S1,1993-01-01,1993-06-30,10.0,127.0,253.0
894,1993.0,1.0,1993/S1,1993-01-01,1993-06-30,11.0,127.0,253.0
895,1993.0,1.0,1993/S1,1993-01-01,1993-06-30,12.0,127.0,253.0
896,1993.0,1.0,1993/S1,1993-01-01,1993-06-30,13.0,127.0,253.0
897,1993.0,1.0,1993/S1,1993-01-01,1993-06-30,14.0,127.0,253.0
898,1993.0,1.0,1993/S1,1993-01-01,1993-06-30,15.0,127.0,253.0
899,1993.0,1.0,1993/S1,1993-01-01,1993-06-30,16.0,127.0,253.0
900,1993.0,1.0,1993/S1,1993-01-01,1993-06-30,17.0,127.0,253.0
901,1993.0,1.0,1993/S1,1993-01-01,1993-06-30,18.0,127.0,253.0
902,1993.0,1.0,1993/S1,1993-01-01,1993-06-30,19.0,127.0,253.0
903,1993.0,1.0,1993/S1,1993-01-01,1993-06-30,20.0,127.0,253.0
904,1993.0,1.0,1993/S1,1993-01-01,1993-06-30,21.0,127.0,253.0
905,1993.0,1.0,1993/S1,1993-01-01,1993-06-30,22.0,127.0,253.0
906,1993.0,1.0,1993/S1,1993-01-01,1993-06-30,23.0,127.0,253.0
907,1993.0,1.0,1993/S1,1993-01-01,1993-06-30,24.0,127.0,253.0
908,1993.0,1.0,1993/S1,1993-01-01,1993-06-30,25.0,127.0,253.0
909,1993.0,1.0,1993/S1,1993-01-01,1993-06-30,26.0,127.0,253.0
910,1993.0,1.0,1993/S1,1993-01-01,1993-06-30,27.0,127.0,253.0
911,1993.0,1.0,1993/S1,1993-01-01,1993-06-30,28.0,127.0,253.0
912,1993.0,1.0,1993/S1,1993-01-01,1993-06-30,29.0,127.0,253.0
913,1993.0,1.0,1993/S1,1993-01-01,1993-06-30,30.0,127.0,253.0
914,1993.0,1.0,1993/S1,1993-01-01,1993-06-30,31.0,127.0,253.0
915,1993.0,1.0,1993/S1,1993-01-01,1993-06-30,32.0,127.0,253.0
916,1993.0,1.0,1993/S1,1993-01-01,1993-06-30,33.0,127.0,253.0
917,1993.0,1.0,1993/S1,1993-01-01,1993-06-30,34.0,127.0,253.0
918,1993.0,1.0,1993/S1,1993-01-01,1993-06-30,35.0,127.0,253.0
919,1993.0,1.0,1993/S1,1993-01-01,1993-06-30,36.0,127.0,253.0
920,1993.0,1.0,1993/S1,1993-01-01,1993-06-30,37.0,127.0,253.0
921,1993.0,1.0,1993/S1,1993-01-01,1993-06-30,38.0,127.0,253.0
922,1993.0,1.0,1993/S1,1993-01-01,1993-06-30,39.0,127.0,253.0
923,1993.0,1.0,1993/S1,1993-01-01,1993-06-30,40.0,127.0,253.0
924,1993.0,1.0,1993/S1,1993-01-01,1993-06-30,41.0,127.0,253.0
925,1993.0,1.0,1993/S1,1993-01-01,1993-06-30,42.0,127.0,253.0
926,1993.0,1.0,1993/S1,1993-01-01,1993-06-30,43.0,127.0,253.0
927,1993.0,1.0,1993/S1,1993-01-01,1993-06-30,44.0,127.0,253.0
928,1993.0,1.0,1993/S1,1993-01-01,1993-06-30,45.0,127.0,253.0
929,1993.0,1.0,1993/S1,1993-01-01,1993-06-30,46.0,127.0,253.0
930,1993.0,1.0,1993/S1,1993-01-01,1993-06-30,47.0,127.0,253.0
931,1993.0,1.0,1993/S1,1993-01-01,1993-06-30,48.0,127.0,253.0
932,1993.0,1.0,1993/S1,1993-01-01,1993-06-30,49.0,127.0,253.0
933,1993.0,1.0,1993/S1,1993-01-01,1993-06-30,50.0,127.0,253.0
934,1993.0,1.0,1993/S1,1993-01-01,1993-06-30,51.0,127.0,253.0
935,1993.0,1.0,1993/S1,1993-01-01,1993-06-30,52.0,127.0,253.0
936,1993.0,1.0,1993/S1,1993-01-01,1993-06-30,53.0,127.0,253.0
937,1993.0,1.0,1993/S1,1993-01-01,1993-06-30,54.0,127.0,253.0
938,1993.0,1.0,1993/S1,1993-01-01,1993-06-30,55.0,127.0,253.0
939,1993.0,1.0,1993/S1,1993-01-01,1993-06-30,56.0,127.0,253.0
940,1993.0,1.0,1993/S1,1993-01-01,1993-06-30,57.0,127.0,253.0
941,1993.0,1.0,1993/S1,1993-01-01,1993-06-30,58.0,127.0,253.0
942,1993.0,1.0,1993/S1,1993-01-01,1993-06-30,59.0,127.0,253.0
943,1993.0,1.0,1993/S1,1993-01-01,1993-06-30,60.0,127.0,253.0
944,1993.0,1.0,1993/S1,1993-01-01,1993-06-30,61.0,127.0,253.0
945,1993.0,1.0,1993/S1,1993-01-01,1993-06-30,62.0,127.0,253.0
946,1993.0,1.0,1993/S1,1993-01-01,1993-06-30,63.0,127.0,253.0
947,1993.0,1.0,1993/S1,1993-01-01,1993-06-30,64.0,127.0,253.0
948,1993.0,1.0,1993/S1,1993-01-01,1993-06-30,65.0,127.0,253.0
949,1993.0,1.0,1993/S1,1993-01-01,1993-06-30,66.0,127.0,253.0
950,1993.0,1.0,1993/S1,1993-01-01,1993-06-30,67.0,127.0,253.0
951,1993.0,1.0,1993/S1,1993-01-01,1993-06-30,68.0,127.0,253.0
952,1993.0,1.0,1993/S1,1993-01-01,1993-06-30,69.0,127.0,253.0
953,1993.0,1.0,1993/S1,1993-01-01,1993-06-30,70.0,127.0,253.0
954,1993.0,1.0,1993/S1,1993-01-01,1993-06-30,71.0,127.0,253.0
955,1993.0,1.0,1993/S1,1993-01-01,1993-06-30,72.0,127.0,253.0
956,1993.0,1.0,1993/S1,1993-01-01,1993-06-30,73.0,127.0,253.0
957,1993.0,1.0,1993/S1,1993-01-01,1993-06-30,74.0,127.0,253.0
958,1993.0,1.0,1993/S1,1993-01-01,1993-06-30,75.0,127.0,253.0
959,1993.0,1.0,1993/S1,1993-01-01,1993-06-30,76.0,127.0,253.0
960,1993.0,1.0,1993/S1,1993-01-01,1993-06-30,77.0,127.0,253.0
961,1993.0,1.0,1993/S1,1993-01-01,1993-06-30,78.0,127.0,253.0
962,1993.0,1.0,1993/S1,1993-01-01,1993-06-30,79.0,127.0,253.0
963,1993.0,1.0,1993/S1,1993-01-01,1993-06-30,80.0,127.0,253.0
964,1993.0,1.0,1993/S1,1993-01-01,1993-06-30,81.0,127.0,253.0
965,1993.0,1.0,1993/S1,1993-01-01,1993-06-30,82.0,127.0,253.0
966,1993.0,1.0,1993/S1,1993-01-01,1993-06-30,83.0,127.0,253.0
967,1993.0,1.0,1993/S1,1993-01-01,1993-06-30,84.0,127.0,253.0
968,1993.0,1.0,1993/S1,1993-01-01,1993-06-30,85.0,127.0,253.0
969,1993.0,1.0,1993/S1,1993-01-01,1993-06-30,86.0,127.0,253.0
970,1993.0,1.0,1993/S1,1993-01-01,1993-06-30,87.0,127.0,253.0
971,1993.0,1.0,1993/S1,1993-01-01,1993-06-30,88.0,127.0,253.0
972,1993.0,1.0,1993/S1,1993-01-01,1993-06-30,89.0,127.0,253.0
973,1993.0,1.0,1993/S1,1993-01-01,1993-06-30,90.0,127.0,253.0
974,1993.0,1.0,1993/S1,1993-01-01,1993-06-30,91.0,127.0,253.0
975,1993.0,1.0,1993/S1,1993-01-01,1993-06-30,92.0,127.0,253.0
976,1993.0,1.0,1993/S1,1993-01-01,1993-06-30,93.0,127.0,253.0
977,1993.0,1.0,1993/S1,1993-01-01,1993-06-30,94.0,127.0,253.0
978,1993.0,1.0,1993/S1,1993-01-01,1993-06-30,95.0,127.0,253.0
979,1993.0,1.0,1993/S1,1993-01-01,1993-06-30,96.0,127.0,253.0
980,1993.0,1.0,1993/S1,1993-01-01,1993-06-30,97.0,127.0,253.0
981,1993.0,1.0,1993/S1,1993-01-01,1993-06-30,98.0,127.0,253.0
982,1993.0,1.0,1993/S1,1993-01-01,1993-06-30,99.0,127.0,253.0
983,1993.0,1.0,1993/S1,1993-01-01,1993-06-30,100.0,127.0,253.0
984,1993.0,1.0,1993/S1,1993-01-01,1993-06-30,101.0,127.0,253.0
985,1993.0,1.0,1993/S1,1993-01-01,1993-06-30,102.0,127.0,253.0
986,1993.0,1.0,1993/S1,1993-01-01,1993-06-30,103.0,127.0,253.0
987,1993.0,1.0,1993/S1,1993-01-01,1993-06-30,104.0,127.0,253.0
988,1993.0,1.0,1993/S1,1993-01-01,1993-06-30,105.0,127.0,253.0
989,1993.0,1.0,1993/S1,1993-01-01,1993-06-30,106.0,127.0,253.0
990,1993.0,1.0,1993/S1,1993-01-01,1993-06-30,107.0,127.0,253.0
991,1993.0,1.0,1993/S1,1993-01-01,1993-06-30,108.0,127.0,253.0
992,1993.0,1.0,1993/S1,1993-01-01,1993-06-30,109.0,127.0,253.0
993,1993.0,1.0,1993/S1,1993-01-01,1993-06-30,110.0,127.0,253.0
994,1993.0,1.0,1993/S1,1993-01-01,1993-06-30,111.0,127.0,253.0
995,1993.0,1.0,1993/S1,1993-01-01,1993-06-30,112.0,127.0,253.0
996,1993.0,1.0,1993/S1,1993-01-01,1993-06-30,113.0,127.0,253.0
997,1993.0,1.0,1993/S1,1993-01-01,1993-06-30,114.0,127.0,253.0
998,1993.0,1.0,1993/S1,1993-01-01,1993-06-30,115.0,127.0,253.0
999,1993.0,1.0,1993/S1,1993-01-01,1993-06-30,116.0,127.0,253.0
1000,1993.0,1.0,1993/S1,1993-01-01,1993-06-30,117.0,127.0,253.0
1001,1993.0,1.0,1993/S1,1993-01-01,1993-06-30,118.0,127.0,253.0
1002,1993.0,1.0,1993/S1,1993-01-01,1993-06-30,119.0,127.0,253.0
1003,1993.0,1.0,1993/S1,1993-01-01,1993-06-30,120.0,127.0,253.0
1004,1993.0,1.0,1993/S1,1993-01-01,1993-06-30,121.0,127.0,253.0
1005,1993.0,1.0,1993/S1,1993-01-01,1993-06-30,122.0,127.0,253.0
1006,1993.0,1.0,1993/S1,1993-01-01,1993-06-30,123.0,127.0,253.0
1007,1993.0,1.0,1993/S1,1993-01-01,1993-06-30,124.0,127.0,253.0
1008,1993.0,1.0,1993/S1,1993-01-01,1993-06-30,125.0,127.0,253.0
1009,1993.0,1.0,1993/S1,1993-01-01,1993-06-30,126.0,127.0,253.0
1010,1993.0,1.0,1993/S1,1993-01-01,1993-06-30,127.0,127.0,253.0
1011,1994.0,2.0,1994/S2,1994-07-01,1994-12-31,1.0,126.0,252.0
1012,1994.0,2.0,1994/S2,1994-07-01,1994-12-31,2.0,126.0,252.0
1013,1994.0,2.0,1994/S2,1994-07-01,1994-12-31,3.0,126.0,252.0
1014,1994.0,2.0,1994/S2,1994-07-01,1994-12-31,4.0,126.0,252.0
1015,1994.0,2.0,1994/S2,1994-07-01,1994-12-31,5.0,126.0,252.0
1016,1994.0,2.0,1994/S2,1994-07-01,1994-12-31,6.0,126.0,252.0
1017,1994.0,2.0,1994/S2,1994-07-01,1994-12-31,7.0,126.0,252.0
1018,1994.0,2.0,1994/S2,1994-07-01,1994-12-31,8.0,126.0,252.0
1019,1994.0,2.0,1994/S2,1994-07-01,1994-12-31,9.0,126.0,252.0
1020,1994.0,2.0,1994/S2,1994-07-01,1994-12-31,10.0,126.0,252.0
1021,1994.0,2.0,1994/S2,1994-07-01,1994-12-31,11.0,126.0,252.0
1022,1994.0,2.0,1994/S2,1994-07-01,1994-12-31,12.0,126.0,252.0
1023,1994.0,2.0,1994/S2,1994-07-01,1994-12-31,13.0,126.0,252.0
1024,1994.0,2.0,1994/S2,1994-07-01,1994-12-31,14.0,126.0,252.0
1025,1994.0,2.0,1994/S2,1994-07-01,1994-12-31,15.0,126.0,252.0
1026,1994.0,2.0,1994/S2,1994-07-01,1994-12-31,16.0,126.0,252.0
1027,1994.0,2.0,1994/S2,1994-07-01,1994-12-31,17.0,126.0,252.0
1028,1994.0,2.0,1994/S2,1994-07-01,1994-12-31,18.0,126.0,252.0
1029,1994.0,2.0,1994/S2,1994-07-01,1994-12-31,19.0,126.0,252.0
1030,1994.0,2.0,1994/S2,1994-07-01,1994-12-31,20.0,126.0,252.0
1031,1994.0,2.0,1994/S2,1994-07-01,1994-12-31,21.0,126.0,252.0
1032,1994.0,2.0,1994/S2,1994-07-01,1994-12-31,22.0,126.0,252.0
1033,1994.0,2.0,1994/S2,1994-07-01,1994-12-31,23.0,126.0,252.0
1034,1994.0,2.0,1994/S2,1994-07-01,1994-12-31,24.0,126.0,252.0
1035,1994.0,2.0,1994/S2,1994-07-01,1994-12-31,25.0,126.0,252.0
1036,1994.0,2.0,1994/S2,1994-07-01,1994-12-31,26.0,126.0,252.0
1037,1994.0,2.0,1994/S2,1994-07-01,1994-12-31,27.0,126.0,252.0
1038,1994.0,2.0,1994/S2,1994-07-01,1994-12-31,28.0,126.0,252.0
1039,1994.0,2.0,1994/S2,1994-07-01,1994-12-31,29.0,126.0,252.0
1040,1994.0,2.0,1994/S2,1994-07-01,1994-12-31,30.0,126.0,252.0
1041,1994.0,2.0,1994/S2,1994-07-01,1994-12-31,31.0,126.0,252.0
1042,1994.0,2.0,1994/S2,1994-07-01,1994-12-31,32.0,126.0,252.0
1043,1994.0,2.0,1994/S2,1994-07-01,1994-12-31,33.0,126.0,252.0
1044,1994.0,2.0,1994/S2,1994-07-01,1994-12-31,34.0,126.0,252.0
1045,1994.0,2.0,1994/S2,1994-07-01,1994-12-31,35.0,126.0,252.0
1046,1994.0,2.0,1994/S2,1994-07-01,1994-12-31,36.0,126.0,252.0
1047,1994.0,2.0,1994/S2,1994-07-01,1994-12-31,37.0,126.0,252.0
1048,1994.0,2.0,1994/S2,1994-07-01,1994-12-31,38.0,126.0,252.0
1049,1994.0,2.0,1994/S2,1994-07-01,1994-12-31,39.0,126.0,252.0
1050,1994.0,2.0,1994/S2,1994-07-01,1994-12-31,40.0,126.0,252.0
1051,1994.0,2.0,1994/S2,1994-07-01,1994-12-31,41.0,126.0,252.0
1052,1994.0,2.0,1994/S2,1994-07-01,1994-12-31,42.0,126.0,252.0
1053,1994.0,2.0,1994/S2,1994-07-01,1994-12-31,43.0,126.0,252.0
1054,1994.0,2.0,1994/S2,1994-07-01,1994-12-31,44.0,126.0,252.0
1055,1994.0,2.0,1994/S2,1994-07-01,1994-12-31,45.0,126.0,252.0
1056,1994.0,2.0,1994/S2,1994-07-01,1994-12-31,46.0,126.0,252.0
1057,1994.0,2.0,1994/S2,1994-07-01,1994-12-31,47.0,126.0,252.0
1058,1994.0,2.0,1994/S2,1994-07-01,1994-12-31,48.0,126.0,252.0
1059,1994.0,2.0,1994/S2,1994-07-01,1994-12-31,49.0,126.0,252.0
1060,1994.0,2.0,1994/S2,1994-07-01,1994-12-31,50.0,126.0,252.0
1061,1994.0,2.0,1994/S2,1994-07-01,1994-12-31,51.0,126.0,252.0
1062,1994.0,2.0,1994/S2,1994-07-01,1994-12-31,52.0,126.0,252.0
1063,1994.0,2.0,1994/S2,1994-07-01,1994-12-31,53.0,126.0,252.0
1064,1994.0,2.0,1994/S2,1994-07-01,1994-12-31,54.0,126.0,252.0
1065,1994.0,2.0,1994/S2,1994-07-01,1994-12-31,55.0,126.0,252.0
1066,1994.0,2.0,1994/S2,1994-07-01,1994-12-31,56.0,126.0,252.0
1067,1994.0,2.0,1994/S2,1994-07-01,1994-12-31,57.0,126.0,252.0
1068,1994.0,2.0,1994/S2,1994-07-01,1994-12-31,58.0,126.0,252.0
1069,1994.0,2.0,1994/S2,1994-07-01,1994-12-31,59.0,126.0,252.0
1070,1994.0,2.0,1994/S2,1994-07-01,1994-12-31,60.0,126.0,252.0
1071,1994.0,2.0,1994/S2,1994-07-01,1994-12-31,61.0,126.0,252.0
1072,1994.0,2.0,1994/S2,1994-07-01,1994-12-31,62.0,126.0,252.0
1073,1994.0,2.0,1994/S2,1994-07-01,1994-12-31,63.0,126.0,252.0
1074,1994.0,2.0,1994/S2,1994-07-01,1994-12-31,64.0,126.0,252.0
1075,1994.0,2.0,1994/S2,1994-07-01,1994-12-31,65.0,126.0,252.0
1076,1994.0,2.0,1994/S2,1994-07-01,1994-12-31,66.0,126.0,252.0
1077,1994.0,2.0,1994/S2,1994-07-01,1994-12-31,67.0,126.0,252.0
1078,1994.0,2.0,1994/S2,1994-07-01,1994-12-31,68.0,126.0,252.0
1079,1994.0,2.0,1994/S2,1994-07-01,1994-12-31,69.0,126.0,252.0
1080,1994.0,2.0,1994/S2,1994-07-01,1994-12-31,70.0,126.0,252.0
1081,1994.0,2.0,1994/S2,1994-07-01,1994-12-31,71.0,126.0,252.0
1082,1994.0,2.0,1994/S2,1994-07-01,1994-12-31,72.0,126.0,252.0
1083,1994.0,2.0,1994/S2,1994-07-01,1994-12-31,73.0,126.0,252.0
1084,1994.0,2.0,1994/S2,1994-07-01,1994-12-31,74.0,126.0,252.0
1085,1994.0,2.0,1994/S2,1994-07-01,1994-12-31,75.0,126.0,252.0
1086,1994.0,2.0,1994/S2,1994-07-01,1994-12-31,76.0,126.0,252.0
1087,1994.0,2.0,1994/S2,1994-07-01,1994-12-31,77.0,126.0,252.0
1088,1994.0,2.0,1994/S2,1994-07-01,1994-12-31,78.0,126.0,252.0
1089,1994.0,2.0,1994/S2,1994-07-01,1994-12-31,79.0,126.0,252.0
1090,1994.0,2.0,1994/S2,1994-07-01,1994-12-31,80.0,126.0,252.0
1091,1994.0,2.0,1994/S2,1994-07-01,1994-12-31,81.0,126.0,252.0
1092,1994.0,2.0,1994/S2,1994-07-01,1994-12-31,82.0,126.0,252.0
1093,1994.0,2.0,1994/S2,1994-07-01,1994-12-31,83.0,126.0,252.0
1094,1994.0,2.0,1994/S2,1994-07-01,1994-12-31,84.0,126.0,252.0
1095,1994.0,2.0,1994/S2,1994-07-01,1994-12-31,85.0,126.0,252.0
1096,1994.0,2.0,1994/S2,1994-07-01,1994-12-31,86.0,126.0,252.0
1097,1994.0,2.0,1994/S2,1994-07-01,1994-12-31,87.0,126.0,252.0
1098,1994.0,2.0,1994/S2,1994-07-01,1994-12-31,88.0,126.0,252.0
1099,1994.0,2.0,1994/S2,1994-07-01,1994-12-31,89.0,126.0,252.0
1100,1994.0,2.0,1994/S2,1994-07-01,1994-12-31,90.0,126.0,252.0
1101,1994.0,2.0,1994/S2,1994-07-01,1994-12-31,91.0,126.0,252.0
1102,1994.0,2.0,1994/S2,1994-07-01,1994-12-31,92.0,126.0,252.0
1103,1994.0,2.0,1994/S2,1994-07-01,1994-12-31,93.0,126.0,252.0
1104,1994.0,2.0,1994/S2,1994-07-01,1994-12-31,94.0,126.0,252.0
1105,1994.0,2.0,1994/S2,1994-07-01,1994-12-31,95.0,126.0,252.0
1106,1994.0,2.0,1994/S2,1994-07-01,1994-12-31,96.0,126.0,252.0
1107,1994.0,2.0,1994/S2,1994-07-01,1994-12-31,97.0,126.0,252.0
1108,1994.0,2.0,1994/S2,1994-07-01,1994-12-31,98.0,126.0,252.0
1109,1994.0,2.0,1994/S2,1994-07-01,1994-12-31,99.0,126.0,252.0
1110,1994.0,2.0,1994/S2,1994-07-01,1994-12-31,100.0,126.0,252.0
1111,1994.0,2.0,1994/S2,1994-07-01,1994-12-31,101.0,126.0,252.0
1112,1994.0,2.0,1994/S2,1994-07-01,1994-12-31,102.0,126.0,252.0
1113,1994.0,2.0,1994/S2,1994-07-01,1994-12-31,103.0,126.0,252.0
1114,1994.0,2.0,1994/S2,1994-07-01,1994-12-31,104.0,126.0,252.0
1115,1994.0,2.0,1994/S2,1994-07-01,1994-12-31,105.0,126.0,252.0
1116,1994.0,2.0,1994/S2,1994-07-01,1994-12-31,106.0,126.0,252.0
1117,1994.0,2.0,1994/S2,1994-07-01,1994-12-31,107.0,126.0,252.0
1118,1994.0,2.0,1994/S2,1994-07-01,1994-12-31,108.0,126.0,252.0
1119,1994.0,2.0,1994/S2,1994-07-01,1994-12-31,109.0,126.0,252.0
1120,1994.0,2.0,1994/S2,1994-07-01,1994-12-31,110.0,126.0,252.0
1121,1994.0,2.0,1994/S2,1994-07-01,1994-12-31,111.0,126.0,252.0
1122,1994.0,2.0,1994/S2,1994-07-01,1994-12-31,112.0,126.0,252.0
1123,1994.0,2.0,1994/S2,1994-07-01,1994-12-31,113.0,126.0,252.0
1124,1994.0,2.0,1994/S2,1994-07-01,1994-12-31,114.0,126.0,252.0
1125,1994.0,2.0,1994/S2,1994-07-01,1994-12-31,115.0,126.0,252.0
1126,1994.0,2.0,1994/S2,1994-07-01,1994-12-31,116.0,126.0,252.0
1127,1994.0,2.0,1994/S2,1994-07-01,1994-12-31,117.0,126.0,252.0
1128,1994.0,2.0,1994/S2,1994-07-01,1994-12-31,118.0,126.0,252.0
1129,1994.0,2.0,1994/S2,1994-07-01,1994-12-31,119.0,126.0,252.0
1130,1994.0,2.0,1994/S2,1994-07-01,1994-12-31,120.0,126.0,252.0
1131,1994.0,2.0,1994/S2,1994-07-01,1994-12-31,121.0,126.0,252.0
1132,1994.0,2.0,1994/S2,1994-07-01,1994-12-31,122.0,126.0,252.0
1133,1994.0,2.0,1994/S2,1994-07-01,1994-12-31,123.0,126.0,252.0
1134,1994.0,2.0,1994/S2,1994-07-01,1994-12-31,124.0,126.0,252.0
1135,1994.0,2.0,1994/S2,1994-07-01,1994-12-31,125.0,126.0,252.0
1136,1994.0,2.0,1994/S2,1994-07-01,1994-12-31,126.0,126.0,252.0
1137,1994.0,1.0,1994/S1,1994-01-01,1994-06-30,1.0,126.0,252.0
1138,1994.0,1.0,1994/S1,1994-01-01,1994-06-30,2.0,126.0,252.0
1139,1994.0,1.0,1994/S1,1994-01-01,1994-06-30,3.0,126.0,252.0
1140,1994.0,1.0,1994/S1,1994-01-01,1994-06-30,4.0,126.0,252.0
1141,1994.0,1.0,1994/S1,1994-01-01,1994-06-30,5.0,126.0,252.0
1142,1994.0,1.0,1994/S1,1994-01-01,1994-06-30,6.0,126.0,252.0
1143,1994.0,1.0,1994/S1,1994-01-01,1994-06-30,7.0,126.0,252.0
1144,1994.0,1.0,1994/S1,1994-01-01,1994-06-30,8.0,126.0,252.0
1145,1994.0,1.0,1994/S1,1994-01-01,1994-06-30,9.0,126.0,252.0
1146,1994.0,1.0,1994/S1,1994-01-01,1994-06-30,10.0,126.0,252.0
1147,1994.0,1.0,1994/S1,1994-01-01,1994-06-30,11.0,126.0,252.0
1148,1994.0,1.0,1994/S1,1994-01-01,1994-06-30,12.0,126.0,252.0
1149,1994.0,1.0,1994/S1,1994-01-01,1994-06-30,13.0,126.0,252.0
1150,1994.0,1.0,1994/S1,1994-01-01,1994-06-30,14.0,126.0,252.0
1151,1994.0,1.0,1994/S1,1994-01-01,1994-06-30,15.0,126.0,252.0
1152,1994.0,1.0,1994/S1,1994-01-01,1994-06-30,16.0,126.0,252.0
1153,1994.0,1.0,1994/S1,1994-01-01,1994-06-30,17.0,126.0,252.0
1154,1994.0,1.0,1994/S1,1994-01-01,1994-06-30,18.0,126.0,252.0
1155,1994.0,1.0,1994/S1,1994-01-01,1994-06-30,19.0,126.0,252.0
1156,1994.0,1.0,1994/S1,1994-01-01,1994-06-30,20.0,126.0,252.0
1157,1994.0,1.0,1994/S1,1994-01-01,1994-06-30,21.0,126.0,252.0
1158,1994.0,1.0,1994/S1,1994-01-01,1994-06-30,22.0,126.0,252.0
1159,1994.0,1.0,1994/S1,1994-01-01,1994-06-30,23.0,126.0,252.0
1160,1994.0,1.0,1994/S1,1994-01-01,1994-06-30,24.0,126.0,252.0
1161,1994.0,1.0,1994/S1,1994-01-01,1994-06-30,25.0,126.0,252.0
1162,1994.0,1.0,1994/S1,1994-01-01,1994-06-30,26.0,126.0,252.0
1163,1994.0,1.0,1994/S1,1994-01-01,1994-06-30,27.0,126.0,252.0
1164,1994.0,1.0,1994/S1,1994-01-01,1994-06-30,28.0,126.0,252.0
1165,1994.0,1.0,1994/S1,1994-01-01,1994-06-30,29.0,126.0,252.0
1166,1994.0,1.0,1994/S1,1994-01-01,1994-06-30,30.0,126.0,252.0
1167,1994.0,1.0,1994/S1,1994-01-01,1994-06-30,31.0,126.0,252.0
1168,1994.0,1.0,1994/S1,1994-01-01,1994-06-30,32.0,126.0,252.0
1169,1994.0,1.0,1994/S1,1994-01-01,1994-06-30,33.0,126.0,252.0
1170,1994.0,1.0,1994/S1,1994-01-01,1994-06-30,34.0,126.0,252.0
1171,1994.0,1.0,1994/S1,1994-01-01,1994-06-30,35.0,126.0,252.0
1172,1994.0,1.0,1994/S1,1994-01-01,1994-06-30,36.0,126.0,252.0
1173,1994.0,1.0,1994/S1,1994-01-01,1994-06-30,37.0,126.0,252.0
1174,1994.0,1.0,1994/S1,1994-01-01,1994-06-30,38.0,126.0,252.0
1175,1994.0,1.0,1994/S1,1994-01-01,1994-06-30,39.0,126.0,252.0
1176,1994.0,1.0,1994/S1,1994-01-01,1994-06-30,40.0,126.0,252.0
1177,1994.0,1.0,1994/S1,1994-01-01,1994-06-30,41.0,126.0,252.0
1178,1994.0,1.0,1994/S1,1994-01-01,1994-06-30,42.0,126.0,252.0
1179,1994.0,1.0,1994/S1,1994-01-01,1994-06-30,43.0,126.0,252.0
1180,1994.0,1.0,1994/S1,1994-01-01,1994-06-30,44.0,126.0,252.0
1181,1994.0,1.0,1994/S1,1994-01-01,1994-06-30,45.0,126.0,252.0
1182,1994.0,1.0,1994/S1,1994-01-01,1994-06-30,46.0,126.0,252.0
1183,1994.0,1.0,1994/S1,1994-01-01,1994-06-30,47.0,126.0,252.0
1184,1994.0,1.0,1994/S1,1994-01-01,1994-06-30,48.0,126.0,252.0
1185,1994.0,1.0,1994/S1,1994-01-01,1994-06-30,49.0,126.0,252.0
1186,1994.0,1.0,1994/S1,1994-01-01,1994-06-30,50.0,126.0,252.0
1187,1994.0,1.0,1994/S1,1994-01-01,1994-06-30,51.0,126.0,252.0
1188,1994.0,1.0,1994/S1,1994-01-01,1994-06-30,52.0,126.0,252.0
1189,1994.0,1.0,1994/S1,1994-01-01,1994-06-30,53.0,126.0,252.0
1190,1994.0,1.0,1994/S1,1994-01-01,1994-06-30,54.0,126.0,252.0
1191,1994.0,1.0,1994/S1,1994-01-01,1994-06-30,55.0,126.0,252.0
1192,1994.0,1.0,1994/S1,1994-01-01,1994-06-30,56.0,126.0,252.0
1193,1994.0,1.0,1994/S1,1994-01-01,1994-06-30,57.0,126.0,252.0
1194,1994.0,1.0,1994/S1,1994-01-01,1994-06-30,58.0,126.0,252.0
1195,1994.0,1.0,1994/S1,1994-01-01,1994-06-30,59.0,126.0,252.0
1196,1994.0,1.0,1994/S1,1994-01-01,1994-06-30,60.0,126.0,252.0
1197,1994.0,1.0,1994/S1,1994-01-01,1994-06-30,61.0,126.0,252.0
1198,1994.0,1.0,1994/S1,1994-01-01,1994-06-30,62.0,126.0,252.0
1199,1994.0,1.0,1994/S1,1994-01-01,1994-06-30,63.0,126.0,252.0
1200,1994.0,1.0,1994/S1,1994-01-01,1994-06-30,64.0,126.0,252.0
1201,1994.0,1.0,1994/S1,1994-01-01,1994-06-30,65.0,126.0,252.0
1202,1994.0,1.0,1994/S1,1994-01-01,1994-06-30,66.0,126.0,252.0
1203,1994.0,1.0,1994/S1,1994-01-01,1994-06-30,67.0,126.0,252.0
1204,1994.0,1.0,1994/S1,1994-01-01,1994-06-30,68.0,126.0,252.0
1205,1994.0,1.0,1994/S1,1994-01-01,1994-06-30,69.0,126.0,252.0
1206,1994.0,1.0,1994/S1,1994-01-01,1994-06-30,70.0,126.0,252.0
1207,1994.0,1.0,1994/S1,1994-01-01,1994-06-30,71.0,126.0,252.0
1208,1994.0,1.0,1994/S1,1994-01-01,1994-06-30,72.0,126.0,252.0
1209,1994.0,1.0,1994/S1,1994-01-01,1994-06-30,73.0,126.0,252.0
1210,1994.0,1.0,1994/S1,1994-01-01,1994-06-30,74.0,126.0,252.0
1211,1994.0,1.0,1994/S1,1994-01-01,1994-06-30,75.0,126.0,252.0
1212,1994.0,1.0,1994/S1,1994-01-01,1994-06-30,76.0,126.0,252.0
1213,1994.0,1.0,1994/S1,1994-01-01,1994-06-30,77.0,126.0,252.0
1214,1994.0,1.0,1994/S1,1994-01-01,1994-06-30,78.0,126.0,252.0
1215,1994.0,1.0,1994/S1,1994-01-01,1994-06-30,79.0,126.0,252.0
1216,1994.0,1.0,1994/S1,1994-01-01,1994-06-30,80.0,126.0,252.0
1217,1994.0,1.0,1994/S1,1994-01-01,1994-06-30,81.0,126.0,252.0
1218,1994.0,1.0,1994/S1,1994-01-01,1994-06-30,82.0,126.0,252.0
1219,1994.0,1.0,1994/S1,1994-01-01,1994-06-30,83.0,126.0,252.0
1220,1994.0,1.0,1994/S1,1994-01-01,1994-06-30,84.0,126.0,252.0
1221,1994.0,1.0,1994/S1,1994-01-01,1994-06-30,85.0,126.0,252.0
1222,1994.0,1.0,1994/S1,1994-01-01,1994-06-30,86.0,126.0,252.0
1223,1994.0,1.0,1994/S1,1994-01-01,1994-06-30,87.0,126.0,252.0
1224,1994.0,1.0,1994/S1,1994-01-01,1994-06-30,88.0,126.0,252.0
1225,1994.0,1.0,1994/S1,1994-01-01,1994-06-30,89.0,126.0,252.0
1226,1994.0,1.0,1994/S1,1994-01-01,1994-06-30,90.0,126.0,252.0
1227,1994.0,1.0,1994/S1,1994-01-01,1994-06-30,91.0,126.0,252.0
1228,1994.0,1.0,1994/S1,1994-01-01,1994-06-30,92.0,126.0,252.0
1229,1994.0,1.0,1994/S1,1994-01-01,1994-06-30,93.0,126.0,252.0
1230,1994.0,1.0,1994/S1,1994-01-01,1994-06-30,94.0,126.0,252.0
1231,1994.0,1.0,1994/S1,1994-01-01,1994-06-30,95.0,126.0,252.0
1232,1994.0,1.0,1994/S1,1994-01-01,1994-06-30,96.0,126.0,252.0
1233,1994.0,1.0,1994/S1,1994-01-01,1994-06-30,97.0,126.0,252.0
1234,1994.0,1.0,1994/S1,1994-01-01,1994-06-30,98.0,126.0,252.0
1235,1994.0,1.0,1994/S1,1994-01-01,1994-06-30,99.0,126.0,252.0
1236,1994.0,1.0,1994/S1,1994-01-01,1994-06-30,100.0,126.0,252.0
1237,1994.0,1.0,1994/S1,1994-01-01,1994-06-30,101.0,126.0,252.0
1238,1994.0,1.0,1994/S1,1994-01-01,1994-06-30,102.0,126.0,252.0
1239,1994.0,1.0,1994/S1,1994-01-01,1994-06-30,103.0,126.0,252.0
1240,1994.0,1.0,1994/S1,1994-01-01,1994-06-30,104.0,126.0,252.0
1241,1994.0,1.0,1994/S1,1994-01-01,1994-06-30,105.0,126.0,252.0
1242,1994.0,1.0,1994/S1,1994-01-01,1994-06-30,106.0,126.0,252.0
1243,1994.0,1.0,1994/S1,1994-01-01,1994-06-30,107.0,126.0,252.0
1244,1994.0,1.0,1994/S1,1994-01-01,1994-06-30,108.0,126.0,252.0
1245,1994.0,1.0,1994/S1,1994-01-01,1994-06-30,109.0,126.0,252.0
1246,1994.0,1.0,1994/S1,1994-01-01,1994-06-30,110.0,126.0,252.0
1247,1994.0,1.0,1994/S1,1994-01-01,1994-06-30,111.0,126.0,252.0
1248,1994.0,1.0,1994/S1,1994-01-01,1994-06-30,112.0,126.0,252.0
1249,1994.0,1.0,1994/S1,1994-01-01,1994-06-30,113.0,126.0,252.0
1250,1994.0,1.0,1994/S1,1994-01-01,1994-06-30,114.0,126.0,252.0
1251,1994.0,1.0,1994/S1,1994-01-01,1994-06-30,115.0,126.0,252.0
1252,1994.0,1.0,1994/S1,1994-01-01,1994-06-30,116.0,126.0,252.0
1253,1994.0,1.0,1994/S1,1994-01-01,1994-06-30,117.0,126.0,252.0
1254,1994.0,1.0,1994/S1,1994-01-01,1994-06-30,118.0,126.0,252.0
1255,1994.0,1.0,1994/S1,1994-01-01,1994-06-30,119.0,126.0,252.0
1256,1994.0,1.0,1994/S1,1994-01-01,1994-06-30,120.0,126.0,252.0
1257,1994.0,1.0,1994/S1,1994-01-01,1994-06-30,121.0,126.0,252.0
1258,1994.0,1.0,1994/S1,1994-01-01,1994-06-30,122.0,126.0,252.0
1259,1994.0,1.0,1994/S1,1994-01-01,1994-06-30,123.0,126.0,252.0
1260,1994.0,1.0,1994/S1,1994-01-01,1994-06-30,124.0,126.0,252.0
1261,1994.0,1.0,1994/S1,1994-01-01,1994-06-30,125.0,126.0,252.0
1262,1994.0,1.0,1994/S1,1994-01-01,1994-06-30,126.0,126.0,252.0
1263,1995.0,2.0,1995/S2,1995-07-01,1995-12-31,1.0,126.0,254.0
1264,1995.0,2.0,1995/S2,1995-07-01,1995-12-31,2.0,126.0,254.0
1265,1995.0,2.0,1995/S2,1995-07-01,1995-12-31,3.0,126.0,254.0
1266,1995.0,2.0,1995/S2,1995-07-01,1995-12-31,4.0,126.0,254.0
1267,1995.0,2.0,1995/S2,1995-07-01,1995-12-31,5.0,126.0,254.0
1268,1995.0,2.0,1995/S2,1995-07-01,1995-12-31,6.0,126.0,254.0
1269,1995.0,2.0,1995/S2,1995-07-01,1995-12-31,7.0,126.0,254.0
1270,1995.0,2.0,1995/S2,1995-07-01,1995-12-31,8.0,126.0,254.0
1271,1995.0,2.0,1995/S2,1995-07-01,1995-12-31,9.0,126.0,254.0
1272,1995.0,2.0,1995/S2,1995-07-01,1995-12-31,10.0,126.0,254.0
1273,1995.0,2.0,1995/S2,1995-07-01,1995-12-31,11.0,126.0,254.0
1274,1995.0,2.0,1995/S2,1995-07-01,1995-12-31,12.0,126.0,254.0
1275,1995.0,2.0,1995/S2,1995-07-01,1995-12-31,13.0,126.0,254.0
1276,1995.0,2.0,1995/S2,1995-07-01,1995-12-31,14.0,126.0,254.0
1277,1995.0,2.0,1995/S2,1995-07-01,1995-12-31,15.0,126.0,254.0
1278,1995.0,2.0,1995/S2,1995-07-01,1995-12-31,16.0,126.0,254.0
1279,1995.0,2.0,1995/S2,1995-07-01,1995-12-31,17.0,126.0,254.0
1280,1995.0,2.0,1995/S2,1995-07-01,1995-12-31,18.0,126.0,254.0
1281,1995.0,2.0,1995/S2,1995-07-01,1995-12-31,19.0,126.0,254.0
1282,1995.0,2.0,1995/S2,1995-07-01,1995-12-31,20.0,126.0,254.0
1283,1995.0,2.0,1995/S2,1995-07-01,1995-12-31,21.0,126.0,254.0
1284,1995.0,2.0,1995/S2,1995-07-01,1995-12-31,22.0,126.0,254.0
1285,1995.0,2.0,1995/S2,1995-07-01,1995-12-31,23.0,126.0,254.0
1286,1995.0,2.0,1995/S2,1995-07-01,1995-12-31,24.0,126.0,254.0
1287,1995.0,2.0,1995/S2,1995-07-01,1995-12-31,25.0,126.0,254.0
1288,1995.0,2.0,1995/S2,1995-07-01,1995-12-31,26.0,126.0,254.0
1289,1995.0,2.0,1995/S2,1995-07-01,1995-12-31,27.0,126.0,254.0
1290,1995.0,2.0,1995/S2,1995-07-01,1995-12-31,28.0,126.0,254.0
1291,1995.0,2.0,1995/S2,1995-07-01,1995-12-31,29.0,126.0,254.0
1292,1995.0,2.0,1995/S2,1995-07-01,1995-12-31,30.0,126.0,254.0
1293,1995.0,2.0,1995/S2,1995-07-01,1995-12-31,31.0,126.0,254.0
1294,1995.0,2.0,1995/S2,1995-07-01,1995-12-31,32.0,126.0,254.0
1295,1995.0,2.0,1995/S2,1995-07-01,1995-12-31,33.0,126.0,254.0
1296,1995.0,2.0,1995/S2,1995-07-01,1995-12-31,34.0,126.0,254.0
1297,1995.0,2.0,1995/S2,1995-07-01,1995-12-31,35.0,126.0,254.0
1298,1995.0,2.0,1995/S2,1995-07-01,1995-12-31,36.0,126.0,254.0
1299,1995.0,2.0,1995/S2,1995-07-01,1995-12-31,37.0,126.0,254.0
1300,1995.0,2.0,1995/S2,1995-07-01,1995-12-31,38.0,126.0,254.0
1301,1995.0,2.0,1995/S2,1995-07-01,1995-12-31,39.0,126.0,254.0
1302,1995.0,2.0,1995/S2,1995-07-01,1995-12-31,40.0,126.0,254.0
1303,1995.0,2.0,1995/S2,1995-07-01,1995-12-31,41.0,126.0,254.0
1304,1995.0,2.0,1995/S2,1995-07-01,1995-12-31,42.0,126.0,254.0
1305,1995.0,2.0,1995/S2,1995-07-01,1995-12-31,43.0,126.0,254.0
1306,1995.0,2.0,1995/S2,1995-07-01,1995-12-31,44.0,126.0,254.0
1307,1995.0,2.0,1995/S2,1995-07-01,1995-12-31,45.0,126.0,254.0
1308,1995.0,2.0,1995/S2,1995-07-01,1995-12-31,46.0,126.0,254.0
1309,1995.0,2.0,1995/S2,1995-07-01,1995-12-31,47.0,126.0,254.0
1310,1995.0,2.0,1995/S2,1995-07-01,1995-12-31,48.0,126.0,254.0
1311,1995.0,2.0,1995/S2,1995-07-01,1995-12-31,49.0,126.0,254.0
1312,1995.0,2.0,1995/S2,1995-07-01,1995-12-31,50.0,126.0,254.0
1313,1995.0,2.0,1995/S2,1995-07-01,1995-12-31,51.0,126.0,254.0
1314,1995.0,2.0,1995/S2,1995-07-01,1995-12-31,52.0,126.0,254.0
1315,1995.0,2.0,1995/S2,1995-07-01,1995-12-31,53.0,126.0,254.0
1316,1995.0,2.0,1995/S2,1995-07-01,1995-12-31,54.0,126.0,254.0
1317,1995.0,2.0,1995/S2,1995-07-01,1995-12-31,55.0,126.0,254.0
1318,1995.0,2.0,1995/S2,1995-07-01,1995-12-31,56.0,126.0,254.0
1319,1995.0,2.0,1995/S2,1995-07-01,1995-12-31,57.0,126.0,254.0
1320,1995.0,2.0,1995/S2,1995-07-01,1995-12-31,58.0,126.0,254.0
1321,1995.0,2.0,1995/S2,1995-07-01,1995-12-31,59.0,126.0,254.0
1322,1995.0,2.0,1995/S2,1995-07-01,1995-12-31,60.0,126.0,254.0
1323,1995.0,2.0,1995/S2,1995-07-01,1995-12-31,61.0,126.0,254.0
1324,1995.0,2.0,1995/S2,1995-07-01,1995-12-31,62.0,126.0,254.0
1325,1995.0,2.0,1995/S2,1995-07-01,1995-12-31,63.0,126.0,254.0
1326,1995.0,2.0,1995/S2,1995-07-01,1995-12-31,64.0,126.0,254.0
1327,1995.0,2.0,1995/S2,1995-07-01,1995-12-31,65.0,126.0,254.0
1328,1995.0,2.0,1995/S2,1995-07-01,1995-12-31,66.0,126.0,254.0
1329,1995.0,2.0,1995/S2,1995-07-01,1995-12-31,67.0,126.0,254.0
1330,1995.0,2.0,1995/S2,1995-07-01,1995-12-31,68.0,126.0,254.0
1331,1995.0,2.0,1995/S2,1995-07-01,1995-12-31,69.0,126.0,254.0
1332,1995.0,2.0,1995/S2,1995-07-01,1995-12-31,70.0,126.0,254.0
1333,1995.0,2.0,1995/S2,1995-07-01,1995-12-31,71.0,126.0,254.0
1334,1995.0,2.0,1995/S2,1995-07-01,1995-12-31,72.0,126.0,254.0
1335,1995.0,2.0,1995/S2,1995-07-01,1995-12-31,73.0,126.0,254.0
1336,1995.0,2.0,1995/S2,1995-07-01,1995-12-31,74.0,126.0,254.0
1337,1995.0,2.0,1995/S2,1995-07-01,1995-12-31,75.0,126.0,254.0
1338,1995.0,2.0,1995/S2,1995-07-01,1995-12-31,76.0,126.0,254.0
1339,1995.0,2.0,1995/S2,1995-07-01,1995-12-31,77.0,126.0,254.0
1340,1995.0,2.0,1995/S2,1995-07-01,1995-12-31,78.0,126.0,254.0
1341,1995.0,2.0,1995/S2,1995-07-01,1995-12-31,79.0,126.0,254.0
1342,1995.0,2.0,1995/S2,1995-07-01,1995-12-31,80.0,126.0,254.0
1343,1995.0,2.0,1995/S2,1995-07-01,1995-12-31,81.0,126.0,254.0
1344,1995.0,2.0,1995/S2,1995-07-01,1995-12-31,82.0,126.0,254.0
1345,1995.0,2.0,1995/S2,1995-07-01,1995-12-31,83.0,126.0,254.0
1346,1995.0,2.0,1995/S2,1995-07-01,1995-12-31,84.0,126.0,254.0
1347,1995.0,2.0,1995/S2,1995-07-01,1995-12-31,85.0,126.0,254.0
1348,1995.0,2.0,1995/S2,1995-07-01,1995-12-31,86.0,126.0,254.0
1349,1995.0,2.0,1995/S2,1995-07-01,1995-12-31,87.0,126.0,254.0
1350,1995.0,2.0,1995/S2,1995-07-01,1995-12-31,88.0,126.0,254.0
1351,1995.0,2.0,1995/S2,1995-07-01,1995-12-31,89.0,126.0,254.0
1352,1995.0,2.0,1995/S2,1995-07-01,1995-12-31,90.0,126.0,254.0
1353,1995.0,2.0,1995/S2,1995-07-01,1995-12-31,91.0,126.0,254.0
1354,1995.0,2.0,1995/S2,1995-07-01,1995-12-31,92.0,126.0,254.0
1355,1995.0,2.0,1995/S2,1995-07-01,1995-12-31,93.0,126.0,254.0
1356,1995.0,2.0,1995/S2,1995-07-01,1995-12-31,94.0,126.0,254.0
1357,1995.0,2.0,1995/S2,1995-07-01,1995-12-31,95.0,126.0,254.0
1358,1995.0,2.0,1995/S2,1995-07-01,1995-12-31,96.0,126.0,254.0
1359,1995.0,2.0,1995/S2,1995-07-01,1995-12-31,97.0,126.0,254.0
1360,1995.0,2.0,1995/S2,1995-07-01,1995-12-31,98.0,126.0,254.0
1361,1995.0,2.0,1995/S2,1995-07-01,1995-12-31,99.0,126.0,254.0
1362,1995.0,2.0,1995/S2,1995-07-01,1995-12-31,100.0,126.0,254.0
1363,1995.0,2.0,1995/S2,1995-07-01,1995-12-31,101.0,126.0,254.0
1364,1995.0,2.0,1995/S2,1995-07-01,1995-12-31,102.0,126.0,254.0
1365,1995.0,2.0,1995/S2,1995-07-01,1995-12-31,103.0,126.0,254.0
1366,1995.0,2.0,1995/S2,1995-07-01,1995-12-31,104.0,126.0,254.0
1367,1995.0,2.0,1995/S2,1995-07-01,1995-12-31,105.0,126.0,254.0
1368,1995.0,2.0,1995/S2,1995-07-01,1995-12-31,106.0,126.0,254.0
1369,1995.0,2.0,1995/S2,1995-07-01,1995-12-31,107.0,126.0,254.0
1370,1995.0,2.0,1995/S2,1995-07-01,1995-12-31,108.0,126.0,254.0
1371,1995.0,2.0,1995/S2,1995-07-01,1995-12-31,109.0,126.0,254.0
1372,1995.0,2.0,1995/S2,1995-07-01,1995-12-31,110.0,126.0,254.0
1373,1995.0,2.0,1995/S2,1995-07-01,1995-12-31,111.0,126.0,254.0
1374,1995.0,2.0,1995/S2,1995-07-01,1995-12-31,112.0,126.0,254.0
1375,1995.0,2.0,1995/S2,1995-07-01,1995-12-31,113.0,126.0,254.0
1376,1995.0,2.0,1995/S2,1995-07-01,1995-12-31,114.0,126.0,254.0
1377,1995.0,2.0,1995/S2,1995-07-01,1995-12-31,115.0,126.0,254.0
1378,1995.0,2.0,1995/S2,1995-07-01,1995-12-31,116.0,126.0,254.0
1379,1995.0,2.0,1995/S2,1995-07-01,1995-12-31,117.0,126.0,254.0
1380,1995.0,2.0,1995/S2,1995-07-01,1995-12-31,118.0,126.0,254.0
1381,1995.0,2.0,1995/S2,1995-07-01,1995-12-31,119.0,126.0,254.0
1382,1995.0,2.0,1995/S2,1995-07-01,1995-12-31,120.0,126.0,254.0
1383,1995.0,2.0,1995/S2,1995-07-01,1995-12-31,121.0,126.0,254.0
1384,1995.0,2.0,1995/S2,1995-07-01,1995-12-31,122.0,126.0,254.0
1385,1995.0,2.0,1995/S2,1995-07-01,1995-12-31,123.0,126.0,254.0
1386,1995.0,2.0,1995/S2,1995-07-01,1995-12-31,124.0,126.0,254.0
1387,1995.0,2.0,1995/S2,1995-07-01,1995-12-31,125.0,126.0,254.0
1388,1995.0,2.0,1995/S2,1995-07-01,1995-12-31,126.0,126.0,254.0
1389,1995.0,1.0,1995/S1,1995-01-01,1995-06-30,1.0,128.0,253.0
1390,1995.0,1.0,1995/S1,1995-01-01,1995-06-30,2.0,128.0,253.0
1391,1995.0,1.0,1995/S1,1995-01-01,1995-06-30,3.0,128.0,253.0
1392,1995.0,1.0,1995/S1,1995-01-01,1995-06-30,4.0,128.0,253.0
1393,1995.0,1.0,1995/S1,1995-01-01,1995-06-30,5.0,128.0,253.0
1394,1995.0,1.0,1995/S1,1995-01-01,1995-06-30,6.0,128.0,253.0
1395,1995.0,1.0,1995/S1,1995-01-01,1995-06-30,7.0,128.0,253.0
1396,1995.0,1.0,1995/S1,1995-01-01,1995-06-30,8.0,128.0,253.0
1397,1995.0,1.0,1995/S1,1995-01-01,1995-06-30,9.0,128.0,253.0
1398,1995.0,1.0,1995/S1,1995-01-01,1995-06-30,10.0,128.0,253.0
1399,1995.0,1.0,1995/S1,1995-01-01,1995-06-30,11.0,128.0,253.0
1400,1995.0,1.0,1995/S1,1995-01-01,1995-06-30,12.0,128.0,253.0
1401,1995.0,1.0,1995/S1,1995-01-01,1995-06-30,13.0,128.0,253.0
1402,1995.0,1.0,1995/S1,1995-01-01,1995-06-30,14.0,128.0,253.0
1403,1995.0,1.0,1995/S1,1995-01-01,1995-06-30,15.0,128.0,253.0
1404,1995.0,1.0,1995/S1,1995-01-01,1995-06-30,16.0,128.0,253.0
1405,1995.0,1.0,1995/S1,1995-01-01,1995-06-30,17.0,128.0,253.0
1406,1995.0,1.0,1995/S1,1995-01-01,1995-06-30,18.0,128.0,253.0
1407,1995.0,1.0,1995/S1,1995-01-01,1995-06-30,19.0,128.0,253.0
1408,1995.0,1.0,1995/S1,1995-01-01,1995-06-30,20.0,128.0,253.0
1409,1995.0,1.0,1995/S1,1995-01-01,1995-06-30,21.0,128.0,253.0
1410,1995.0,1.0,1995/S1,1995-01-01,1995-06-30,22.0,128.0,253.0
1411,1995.0,1.0,1995/S1,1995-01-01,1995-06-30,23.0,128.0,253.0
1412,1995.0,1.0,1995/S1,1995-01-01,1995-06-30,24.0,128.0,253.0
1413,1995.0,1.0,1995/S1,1995-01-01,1995-06-30,25.0,128.0,253.0
1414,1995.0,1.0,1995/S1,1995-01-01,1995-06-30,26.0,128.0,253.0
1415,1995.0,1.0,1995/S1,1995-01-01,1995-06-30,27.0,128.0,253.0
1416,1995.0,1.0,1995/S1,1995-01-01,1995-06-30,28.0,128.0,253.0
1417,1995.0,1.0,1995/S1,1995-01-01,1995-06-30,29.0,128.0,253.0
1418,1995.0,1.0,1995/S1,1995-01-01,1995-06-30,30.0,128.0,253.0
1419,1995.0,1.0,1995/S1,1995-01-01,1995-06-30,31.0,128.0,253.0
1420,1995.0,1.0,1995/S1,1995-01-01,1995-06-30,32.0,128.0,253.0
1421,1995.0,1.0,1995/S1,1995-01-01,1995-06-30,33.0,128.0,253.0
1422,1995.0,1.0,1995/S1,1995-01-01,1995-06-30,34.0,128.0,253.0
1423,1995.0,1.0,1995/S1,1995-01-01,1995-06-30,35.0,128.0,253.0
1424,1995.0,1.0,1995/S1,1995-01-01,1995-06-30,36.0,128.0,253.0
1425,1995.0,1.0,1995/S1,1995-01-01,1995-06-30,37.0,128.0,253.0
1426,1995.0,1.0,1995/S1,1995-01-01,1995-06-30,38.0,128.0,253.0
1427,1995.0,1.0,1995/S1,1995-01-01,1995-06-30,39.0,128.0,253.0
1428,1995.0,1.0,1995/S1,1995-01-01,1995-06-30,40.0,128.0,253.0
1429,1995.0,1.0,1995/S1,1995-01-01,1995-06-30,41.0,128.0,253.0
1430,1995.0,1.0,1995/S1,1995-01-01,1995-06-30,42.0,128.0,253.0
1431,1995.0,1.0,1995/S1,1995-01-01,1995-06-30,43.0,128.0,253.0
1432,1995.0,1.0,1995/S1,1995-01-01,1995-06-30,44.0,128.0,253.0
1433,1995.0,1.0,1995/S1,1995-01-01,1995-06-30,45.0,128.0,253.0
1434,1995.0,1.0,1995/S1,1995-01-01,1995-06-30,46.0,128.0,253.0
1435,1995.0,1.0,1995/S1,1995-01-01,1995-06-30,47.0,128.0,253.0
1436,1995.0,1.0,1995/S1,1995-01-01,1995-06-30,48.0,128.0,253.0
1437,1995.0,1.0,1995/S1,1995-01-01,1995-06-30,49.0,128.0,253.0
1438,1995.0,1.0,1995/S1,1995-01-01,1995-06-30,50.0,128.0,253.0
1439,1995.0,1.0,1995/S1,1995-01-01,1995-06-30,51.0,128.0,253.0
1440,1995.0,1.0,1995/S1,1995-01-01,1995-06-30,52.0,128.0,253.0
1441,1995.0,1.0,1995/S1,1995-01-01,1995-06-30,53.0,128.0,253.0
1442,1995.0,1.0,1995/S1,1995-01-01,1995-06-30,54.0,128.0,253.0
1443,1995.0,1.0,1995/S1,1995-01-01,1995-06-30,55.0,128.0,253.0
1444,1995.0,1.0,1995/S1,1995-01-01,1995-06-30,56.0,128.0,253.0
1445,1995.0,1.0,1995/S1,1995-01-01,1995-06-30,57.0,128.0,253.0
1446,1995.0,1.0,1995/S1,1995-01-01,1995-06-30,58.0,128.0,253.0
1447,1995.0,1.0,1995/S1,1995-01-01,1995-06-30,59.0,128.0,253.0
1448,1995.0,1.0,1995/S1,1995-01-01,1995-06-30,60.0,128.0,253.0
1449,1995.0,1.0,1995/S1,1995-01-01,1995-06-30,61.0,128.0,253.0
1450,1995.0,1.0,1995/S1,1995-01-01,1995-06-30,62.0,128.0,253.0
1451,1995.0,1.0,1995/S1,1995-01-01,1995-06-30,63.0,128.0,253.0
1452,1995.0,1.0,1995/S1,1995-01-01,1995-06-30,64.0,128.0,253.0
1453,1995.0,1.0,1995/S1,1995-01-01,1995-06-30,65.0,128.0,253.0
1454,1995.0,1.0,1995/S1,1995-01-01,1995-06-30,66.0,128.0,253.0
1455,1995.0,1.0,1995/S1,1995-01-01,1995-06-30,67.0,128.0,253.0
1456,1995.0,1.0,1995/S1,1995-01-01,1995-06-30,68.0,128.0,253.0
1457,1995.0,1.0,1995/S1,1995-01-01,1995-06-30,69.0,128.0,253.0
1458,1995.0,1.0,1995/S1,1995-01-01,1995-06-30,70.0,128.0,253.0
1459,1995.0,1.0,1995/S1,1995-01-01,1995-06-30,71.0,128.0,253.0
1460,1995.0,1.0,1995/S1,1995-01-01,1995-06-30,72.0,128.0,253.0
1461,1995.0,1.0,1995/S1,1995-01-01,1995-06-30,73.0,128.0,253.0
1462,1995.0,1.0,1995/S1,1995-01-01,1995-06-30,74.0,128.0,253.0
1463,1995.0,1.0,1995/S1,1995-01-01,1995-06-30,75.0,128.0,253.0
1464,1995.0,1.0,1995/S1,1995-01-01,1995-06-30,76.0,128.0,253.0
1465,1995.0,1.0,1995/S1,1995-01-01,1995-06-30,77.0,128.0,253.0
1466,1995.0,1.0,1995/S1,1995-01-01,1995-06-30,78.0,128.0,253.0
1467,1995.0,1.0,1995/S1,1995-01-01,1995-06-30,79.0,128.0,253.0
1468,1995.0,1.0,1995/S1,1995-01-01,1995-06-30,80.0,128.0,253.0
1469,1995.0,1.0,1995/S1,1995-01-01,1995-06-30,81.0,128.0,253.0
1470,1995.0,1.0,1995/S1,1995-01-01,1995-06-30,82.0,128.0,253.0
1471,1995.0,1.0,1995/S1,1995-01-01,1995-06-30,83.0,128.0,253.0
1472,1995.0,1.0,1995/S1,1995-01-01,1995-06-30,84.0,128.0,253.0
1473,1995.0,1.0,1995/S1,1995-01-01,1995-06-30,85.0,128.0,253.0
1474,1995.0,1.0,1995/S1,1995-01-01,1995-06-30,86.0,128.0,253.0
1475,1995.0,1.0,1995/S1,1995-01-01,1995-06-30,87.0,128.0,253.0
1476,1995.0,1.0,1995/S1,1995-01-01,1995-06-30,88.0,128.0,253.0
1477,1995.0,1.0,1995/S1,1995-01-01,1995-06-30,89.0,128.0,253.0
1478,1995.0,1.0,1995/S1,1995-01-01,1995-06-30,90.0,128.0,253.0
1479,1995.0,1.0,1995/S1,1995-01-01,1995-06-30,91.0,128.0,253.0
1480,1995.0,1.0,1995/S1,1995-01-01,1995-06-30,92.0,128.0,253.0
1481,1995.0,1.0,1995/S1,1995-01-01,1995-06-30,93.0,128.0,253.0
1482,1995.0,1.0,1995/S1,1995-01-01,1995-06-30,94.0,128.0,253.0
1483,1995.0,1.0,1995/S1,1995-01-01,1995-06-30,95.0,128.0,253.0
1484,1995.0,1.0,1995/S1,1995-01-01,1995-06-30,96.0,128.0,253.0
1485,1995.0,1.0,1995/S1,1995-01-01,1995-06-30,97.0,128.0,253.0
1486,1995.0,1.0,1995/S1,1995-01-01,1995-06-30,98.0,128.0,253.0
1487,1995.0,1.0,1995/S1,1995-01-01,1995-06-30,99.0,128.0,253.0
1488,1995.0,1.0,1995/S1,1995-01-01,1995-06-30,100.0,128.0,253.0
1489,1995.0,1.0,1995/S1,1995-01-01,1995-06-30,101.0,128.0,253.0
1490,1995.0,1.0,1995/S1,1995-01-01,1995-06-30,102.0,128.0,253.0
1491,1995.0,1.0,1995/S1,1995-01-01,1995-06-30,103.0,128.0,253.0
1492,1995.0,1.0,1995/S1,1995-01-01,1995-06-30,104.0,128.0,253.0
1493,1995.0,1.0,1995/S1,1995-01-01,1995-06-30,105.0,128.0,253.0
1494,1995.0,1.0,1995/S1,1995-01-01,1995-06-30,106.0,128.0,253.0
1495,1995.0,1.0,1995/S1,1995-01-01,1995-06-30,107.0,128.0,253.0
1496,1995.0,1.0,1995/S1,1995-01-01,1995-06-30,108.0,128.0,253.0
1497,1995.0,1.0,1995/S1,1995-01-01,1995-06-30,109.0,128.0,253.0
1498,1995.0,1.0,1995/S1,1995-01-01,1995-06-30,110.0,128.0,253.0
1499,1995.0,1.0,1995/S1,1995-01-01,1995-06-30,111.0,128.0,253.0
1500,1995.0,1.0,1995/S1,1995-01-01,1995-06-30,112.0,128.0,253.0
1501,1995.0,1.0,1995/S1,1995-01-01,1995-06-30,113.0,128.0,253.0
1502,1995.0,1.0,1995/S1,1995-01-01,1995-06-30,114.0,128.0,253.0
1503,1995.0,1.0,1995/S1,1995-01-01,1995-06-30,115.0,128.0,253.0
1504,1995.0,1.0,1995/S1,1995-01-01,1995-06-30,116.0,128.0,253.0
1505,1995.0,1.0,1995/S1,1995-01-01,1995-06-30,117.0,128.0,253.0
1506,1995.0,1.0,1995/S1,1995-01-01,1995-06-30,118.0,128.0,253.0
1507,1995.0,1.0,1995/S1,1995-01-01,1995-06-30,119.0,128.0,253.0
1508,1995.0,1.0,1995/S1,1995-01-01,1995-06-30,120.0,128.0,253.0
1509,1995.0,1.0,1995/S1,1995-01-01,1995-06-30,121.0,128.0,253.0
1510,1995.0,1.0,1995/S1,1995-01-01,1995-06-30,122.0,128.0,253.0
1511,1995.0,1.0,1995/S1,1995-01-01,1995-06-30,123.0,128.0,253.0
1512,1995.0,1.0,1995/S1,1995-01-01,1995-06-30,124.0,128.0,253.0
1513,1995.0,1.0,1995/S1,1995-01-01,1995-06-30,125.0,128.0,253.0
1514,1995.0,1.0,1995/S1,1995-01-01,1995-06-30,126.0,128.0,253.0
1515,1995.0,1.0,1995/S1,1995-01-01,1995-06-30,127.0,128.0,253.0
1516,1995.0,1.0,1995/S1,1995-01-01,1995-06-30,128.0,128.0,253.0
1517,1996.0,2.0,1996/S2,1996-07-01,1996-12-31,1.0,125.0,253.0
1518,1996.0,2.0,1996/S2,1996-07-01,1996-12-31,2.0,125.0,253.0
1519,1996.0,2.0,1996/S2,1996-07-01,1996-12-31,3.0,125.0,253.0
1520,1996.0,2.0,1996/S2,1996-07-01,1996-12-31,4.0,125.0,253.0
1521,1996.0,2.0,1996/S2,1996-07-01,1996-12-31,5.0,125.0,253.0
1522,1996.0,2.0,1996/S2,1996-07-01,1996-12-31,6.0,125.0,253.0
1523,1996.0,2.0,1996/S2,1996-07-01,1996-12-31,7.0,125.0,253.0
1524,1996.0,2.0,1996/S2,1996-07-01,1996-12-31,8.0,125.0,253.0
1525,1996.0,2.0,1996/S2,1996-07-01,1996-12-31,9.0,125.0,253.0
1526,1996.0,2.0,1996/S2,1996-07-01,1996-12-31,10.0,125.0,253.0
1527,1996.0,2.0,1996/S2,1996-07-01,1996-12-31,11.0,125.0,253.0
1528,1996.0,2.0,1996/S2,1996-07-01,1996-12-31,12.0,125.0,253.0
1529,1996.0,2.0,1996/S2,1996-07-01,1996-12-31,13.0,125.0,253.0
1530,1996.0,2.0,1996/S2,1996-07-01,1996-12-31,14.0,125.0,253.0
1531,1996.0,2.0,1996/S2,1996-07-01,1996-12-31,15.0,125.0,253.0
1532,1996.0,2.0,1996/S2,1996-07-01,1996-12-31,16.0,125.0,253.0
1533,1996.0,2.0,1996/S2,1996-07-01,1996-12-31,17.0,125.0,253.0
1534,1996.0,2.0,1996/S2,1996-07-01,1996-12-31,18.0,125.0,253.0
1535,1996.0,2.0,1996/S2,1996-07-01,1996-12-31,19.0,125.0,253.0
1536,1996.0,2.0,1996/S2,1996-07-01,1996-12-31,20.0,125.0,253.0
1537,1996.0,2.0,1996/S2,1996-07-01,1996-12-31,21.0,125.0,253.0
1538,1996.0,2.0,1996/S2,1996-07-01,1996-12-31,22.0,125.0,253.0
1539,1996.0,2.0,1996/S2,1996-07-01,1996-12-31,23.0,125.0,253.0
1540,1996.0,2.0,1996/S2,1996-07-01,1996-12-31,24.0,125.0,253.0
1541,1996.0,2.0,1996/S2,1996-07-01,1996-12-31,25.0,125.0,253.0
1542,1996.0,2.0,1996/S2,1996-07-01,1996-12-31,26.0,125.0,253.0
1543,1996.0,2.0,1996/S2,1996-07-01,1996-12-31,27.0,125.0,253.0
1544,1996.0,2.0,1996/S2,1996-07-01,1996-12-31,28.0,125.0,253.0
1545,1996.0,2.0,1996/S2,1996-07-01,1996-12-31,29.0,125.0,253.0
1546,1996.0,2.0,1996/S2,1996-07-01,1996-12-31,30.0,125.0,253.0
1547,1996.0,2.0,1996/S2,1996-07-01,1996-12-31,31.0,125.0,253.0
1548,1996.0,2.0,1996/S2,1996-07-01,1996-12-31,32.0,125.0,253.0
1549,1996.0,2.0,1996/S2,1996-07-01,1996-12-31,33.0,125.0,253.0
1550,1996.0,2.0,1996/S2,1996-07-01,1996-12-31,34.0,125.0,253.0
1551,1996.0,2.0,1996/S2,1996-07-01,1996-12-31,35.0,125.0,253.0
1552,1996.0,2.0,1996/S2,1996-07-01,1996-12-31,36.0,125.0,253.0
1553,1996.0,2.0,1996/S2,1996-07-01,1996-12-31,37.0,125.0,253.0
1554,1996.0,2.0,1996/S2,1996-07-01,1996-12-31,38.0,125.0,253.0
1555,1996.0,2.0,1996/S2,1996-07-01,1996-12-31,39.0,125.0,253.0
1556,1996.0,2.0,1996/S2,1996-07-01,1996-12-31,40.0,125.0,253.0
1557,1996.0,2.0,1996/S2,1996-07-01,1996-12-31,41.0,125.0,253.0
1558,1996.0,2.0,1996/S2,1996-07-01,1996-12-31,42.0,125.0,253.0
1559,1996.0,2.0,1996/S2,1996-07-01,1996-12-31,43.0,125.0,253.0
1560,1996.0,2.0,1996/S2,1996-07-01,1996-12-31,44.0,125.0,253.0
1561,1996.0,2.0,1996/S2,1996-07-01,1996-12-31,45.0,125.0,253.0
1562,1996.0,2.0,1996/S2,1996-07-01,1996-12-31,46.0,125.0,253.0
1563,1996.0,2.0,1996/S2,1996-07-01,1996-12-31,47.0,125.0,253.0
1564,1996.0,2.0,1996/S2,1996-07-01,1996-12-31,48.0,125.0,253.0
1565,1996.0,2.0,1996/S2,1996-07-01,1996-12-31,49.0,125.0,253.0
1566,1996.0,2.0,1996/S2,1996-07-01,1996-12-31,50.0,125.0,253.0
1567,1996.0,2.0,1996/S2,1996-07-01,1996-12-31,51.0,125.0,253.0
1568,1996.0,2.0,1996/S2,1996-07-01,1996-12-31,52.0,125.0,253.0
1569,1996.0,2.0,1996/S2,1996-07-01,1996-12-31,53.0,125.0,253.0
1570,1996.0,2.0,1996/S2,1996-07-01,1996-12-31,54.0,125.0,253.0
1571,1996.0,2.0,1996/S2,1996-07-01,1996-12-31,55.0,125.0,253.0
1572,1996.0,2.0,1996/S2,1996-07-01,1996-12-31,56.0,125.0,253.0
1573,1996.0,2.0,1996/S2,1996-07-01,1996-12-31,57.0,125.0,253.0
1574,1996.0,2.0,1996/S2,1996-07-01,1996-12-31,58.0,125.0,253.0
1575,1996.0,2.0,1996/S2,1996-07-01,1996-12-31,59.0,125.0,253.0
1576,1996.0,2.0,1996/S2,1996-07-01,1996-12-31,60.0,125.0,253.0
1577,1996.0,2.0,1996/S2,1996-07-01,1996-12-31,61.0,125.0,253.0
1578,1996.0,2.0,1996/S2,1996-07-01,1996-12-31,62.0,125.0,253.0
1579,1996.0,2.0,1996/S2,1996-07-01,1996-12-31,63.0,125.0,253.0
1580,1996.0,2.0,1996/S2,1996-07-01,1996-12-31,64.0,125.0,253.0
1581,1996.0,2.0,1996/S2,1996-07-01,1996-12-31,65.0,125.0,253.0
1582,1996.0,2.0,1996/S2,1996-07-01,1996-12-31,66.0,125.0,253.0
1583,1996.0,2.0,1996/S2,1996-07-01,1996-12-31,67.0,125.0,253.0
1584,1996.0,2.0,1996/S2,1996-07-01,1996-12-31,68.0,125.0,253.0
1585,1996.0,2.0,1996/S2,1996-07-01,1996-12-31,69.0,125.0,253.0
1586,1996.0,2.0,1996/S2,1996-07-01,1996-12-31,70.0,125.0,253.0
1587,1996.0,2.0,1996/S2,1996-07-01,1996-12-31,71.0,125.0,253.0
1588,1996.0,2.0,1996/S2,1996-07-01,1996-12-31,72.0,125.0,253.0
1589,1996.0,2.0,1996/S2,1996-07-01,1996-12-31,73.0,125.0,253.0
1590,1996.0,2.0,1996/S2,1996-07-01,1996-12-31,74.0,125.0,253.0
1591,1996.0,2.0,1996/S2,1996-07-01,1996-12-31,75.0,125.0,253.0
1592,1996.0,2.0,1996/S2,1996-07-01,1996-12-31,76.0,125.0,253.0
1593,1996.0,2.0,1996/S2,1996-07-01,1996-12-31,77.0,125.0,253.0
1594,1996.0,2.0,1996/S2,1996-07-01,1996-12-31,78.0,125.0,253.0
1595,1996.0,2.0,1996/S2,1996-07-01,1996-12-31,79.0,125.0,253.0
1596,1996.0,2.0,1996/S2,1996-07-01,1996-12-31,80.0,125.0,253.0
1597,1996.0,2.0,1996/S2,1996-07-01,1996-12-31,81.0,125.0,253.0
1598,1996.0,2.0,1996/S2,1996-07-01,1996-12-31,82.0,125.0,253.0
1599,1996.0,2.0,1996/S2,1996-07-01,1996-12-31,83.0,125.0,253.0
1600,1996.0,2.0,1996/S2,1996-07-01,1996-12-31,84.0,125.0,253.0
1601,1996.0,2.0,1996/S2,1996-07-01,1996-12-31,85.0,125.0,253.0
1602,1996.0,2.0,1996/S2,1996-07-01,1996-12-31,86.0,125.0,253.0
1603,1996.0,2.0,1996/S2,1996-07-01,1996-12-31,87.0,125.0,253.0
1604,1996.0,2.0,1996/S2,1996-07-01,1996-12-31,88.0,125.0,253.0
1605,1996.0,2.0,1996/S2,1996-07-01,1996-12-31,89.0,125.0,253.0
1606,1996.0,2.0,1996/S2,1996-07-01,1996-12-31,90.0,125.0,253.0
1607,1996.0,2.0,1996/S2,1996-07-01,1996-12-31,91.0,125.0,253.0
1608,1996.0,2.0,1996/S2,1996-07-01,1996-12-31,92.0,125.0,253.0
1609,1996.0,2.0,1996/S2,1996-07-01,1996-12-31,93.0,125.0,253.0
1610,1996.0,2.0,1996/S2,1996-07-01,1996-12-31,94.0,125.0,253.0
1611,1996.0,2.0,1996/S2,1996-07-01,1996-12-31,95.0,125.0,253.0
1612,1996.0,2.0,1996/S2,1996-07-01,1996-12-31,96.0,125.0,253.0
1613,1996.0,2.0,1996/S2,1996-07-01,1996-12-31,97.0,125.0,253.0
1614,1996.0,2.0,1996/S2,1996-07-01,1996-12-31,98.0,125.0,253.0
1615,1996.0,2.0,1996/S2,1996-07-01,1996-12-31,99.0,125.0,253.0
1616,1996.0,2.0,1996/S2,1996-07-01,1996-12-31,100.0,125.0,253.0
1617,1996.0,2.0,1996/S2,1996-07-01,1996-12-31,101.0,125.0,253.0
1618,1996.0,2.0,1996/S2,1996-07-01,1996-12-31,102.0,125.0,253.0
1619,1996.0,2.0,1996/S2,1996-07-01,1996-12-31,103.0,125.0,253.0
1620,1996.0,2.0,1996/S2,1996-07-01,1996-12-31,104.0,125.0,253.0
1621,1996.0,2.0,1996/S2,1996-07-01,1996-12-31,105.0,125.0,253.0
1622,1996.0,2.0,1996/S2,1996-07-01,1996-12-31,106.0,125.0,253.0
1623,1996.0,2.0,1996/S2,1996-07-01,1996-12-31,107.0,125.0,253.0
1624,1996.0,2.0,1996/S2,1996-07-01,1996-12-31,108.0,125.0,253.0
1625,1996.0,2.0,1996/S2,1996-07-01,1996-12-31,109.0,125.0,253.0
1626,1996.0,2.0,1996/S2,1996-07-01,1996-12-31,110.0,125.0,253.0
1627,1996.0,2.0,1996/S2,1996-07-01,1996-12-31,111.0,125.0,253.0
1628,1996.0,2.0,1996/S2,1996-07-01,1996-12-31,112.0,125.0,253.0
1629,1996.0,2.0,1996/S2,1996-07-01,1996-12-31,113.0,125.0,253.0
1630,1996.0,2.0,1996/S2,1996-07-01,1996-12-31,114.0,125.0,253.0
1631,1996.0,2.0,1996/S2,1996-07-01,1996-12-31,115.0,125.0,253.0
1632,1996.0,2.0,1996/S2,1996-07-01,1996-12-31,116.0,125.0,253.0
1633,1996.0,2.0,1996/S2,1996-07-01,1996-12-31,117.0,125.0,253.0
1634,1996.0,2.0,1996/S2,1996-07-01,1996-12-31,118.0,125.0,253.0
1635,1996.0,2.0,1996/S2,1996-07-01,1996-12-31,119.0,125.0,253.0
1636,1996.0,2.0,1996/S2,1996-07-01,1996-12-31,120.0,125.0,253.0
1637,1996.0,2.0,1996/S2,1996-07-01,1996-12-31,121.0,125.0,253.0
1638,1996.0,2.0,1996/S2,1996-07-01,1996-12-31,122.0,125.0,253.0
1639,1996.0,2.0,1996/S2,1996-07-01,1996-12-31,123.0,125.0,253.0
1640,1996.0,2.0,1996/S2,1996-07-01,1996-12-31,124.0,125.0,253.0
1641,1996.0,2.0,1996/S2,1996-07-01,1996-12-31,125.0,125.0,253.0
1642,1996.0,1.0,1996/S1,1996-01-01,1996-06-30,1.0,128.0,252.0
1643,1996.0,1.0,1996/S1,1996-01-01,1996-06-30,2.0,128.0,252.0
1644,1996.0,1.0,1996/S1,1996-01-01,1996-06-30,3.0,128.0,252.0
1645,1996.0,1.0,1996/S1,1996-01-01,1996-06-30,4.0,128.0,252.0
1646,1996.0,1.0,1996/S1,1996-01-01,1996-06-30,5.0,128.0,252.0
1647,1996.0,1.0,1996/S1,1996-01-01,1996-06-30,6.0,128.0,252.0
1648,1996.0,1.0,1996/S1,1996-01-01,1996-06-30,7.0,128.0,252.0
1649,1996.0,1.0,1996/S1,1996-01-01,1996-06-30,8.0,128.0,252.0
1650,1996.0,1.0,1996/S1,1996-01-01,1996-06-30,9.0,128.0,252.0
1651,1996.0,1.0,1996/S1,1996-01-01,1996-06-30,10.0,128.0,252.0
1652,1996.0,1.0,1996/S1,1996-01-01,1996-06-30,11.0,128.0,252.0
1653,1996.0,1.0,1996/S1,1996-01-01,1996-06-30,12.0,128.0,252.0
1654,1996.0,1.0,1996/S1,1996-01-01,1996-06-30,13.0,128.0,252.0
1655,1996.0,1.0,1996/S1,1996-01-01,1996-06-30,14.0,128.0,252.0
1656,1996.0,1.0,1996/S1,1996-01-01,1996-06-30,15.0,128.0,252.0
1657,1996.0,1.0,1996/S1,1996-01-01,1996-06-30,16.0,128.0,252.0
1658,1996.0,1.0,1996/S1,1996-01-01,1996-06-30,17.0,128.0,252.0
1659,1996.0,1.0,1996/S1,1996-01-01,1996-06-30,18.0,128.0,252.0
1660,1996.0,1.0,1996/S1,1996-01-01,1996-06-30,19.0,128.0,252.0
1661,1996.0,1.0,1996/S1,1996-01-01,1996-06-30,20.0,128.0,252.0
1662,1996.0,1.0,1996/S1,1996-01-01,1996-06-30,21.0,128.0,252.0
1663,1996.0,1.0,1996/S1,1996-01-01,1996-06-30,22.0,128.0,252.0
1664,1996.0,1.0,1996/S1,1996-01-01,1996-06-30,23.0,128.0,252.0
1665,1996.0,1.0,1996/S1,1996-01-01,1996-06-30,24.0,128.0,252.0
1666,1996.0,1.0,1996/S1,1996-01-01,1996-06-30,25.0,128.0,252.0
1667,1996.0,1.0,1996/S1,1996-01-01,1996-06-30,26.0,128.0,252.0
1668,1996.0,1.0,1996/S1,1996-01-01,1996-06-30,27.0,128.0,252.0
1669,1996.0,1.0,1996/S1,1996-01-01,1996-06-30,28.0,128.0,252.0
1670,1996.0,1.0,1996/S1,1996-01-01,1996-06-30,29.0,128.0,252.0
1671,1996.0,1.0,1996/S1,1996-01-01,1996-06-30,30.0,128.0,252.0
1672,1996.0,1.0,1996/S1,1996-01-01,1996-06-30,31.0,128.0,252.0
1673,1996.0,1.0,1996/S1,1996-01-01,1996-06-30,32.0,128.0,252.0
1674,1996.0,1.0,1996/S1,1996-01-01,1996-06-30,33.0,128.0,252.0
1675,1996.0,1.0,1996/S1,1996-01-01,1996-06-30,34.0,128.0,252.0
1676,1996.0,1.0,1996/S1,1996-01-01,1996-06-30,35.0,128.0,252.0
1677,1996.0,1.0,1996/S1,1996-01-01,1996-06-30,36.0,128.0,252.0
1678,1996.0,1.0,1996/S1,1996-01-01,1996-06-30,37.0,128.0,252.0
1679,1996.0,1.0,1996/S1,1996-01-01,1996-06-30,38.0,128.0,252.0
1680,1996.0,1.0,1996/S1,1996-01-01,1996-06-30,39.0,128.0,252.0
1681,1996.0,1.0,1996/S1,1996-01-01,1996-06-30,40.0,128.0,252.0
1682,1996.0,1.0,1996/S1,1996-01-01,1996-06-30,41.0,128.0,252.0
1683,1996.0,1.0,1996/S1,1996-01-01,1996-06-30,42.0,128.0,252.0
1684,1996.0,1.0,1996/S1,1996-01-01,1996-06-30,43.0,128.0,252.0
1685,1996.0,1.0,1996/S1,1996-01-01,1996-06-30,44.0,128.0,252.0
1686,1996.0,1.0,1996/S1,1996-01-01,1996-06-30,45.0,128.0,252.0
1687,1996.0,1.0,1996/S1,1996-01-01,1996-06-30,46.0,128.0,252.0
1688,1996.0,1.0,1996/S1,1996-01-01,1996-06-30,47.0,128.0,252.0
1689,1996.0,1.0,1996/S1,1996-01-01,1996-06-30,48.0,128.0,252.0
1690,1996.0,1.0,1996/S1,1996-01-01,1996-06-30,49.0,128.0,252.0
1691,1996.0,1.0,1996/S1,1996-01-01,1996-06-30,50.0,128.0,252.0
1692,1996.0,1.0,1996/S1,1996-01-01,1996-06-30,51.0,128.0,252.0
1693,1996.0,1.0,1996/S1,1996-01-01,1996-06-30,52.0,128.0,252.0
1694,1996.0,1.0,1996/S1,1996-01-01,1996-06-30,53.0,128.0,252.0
1695,1996.0,1.0,1996/S1,1996-01-01,1996-06-30,54.0,128.0,252.0
1696,1996.0,1.0,1996/S1,1996-01-01,1996-06-30,55.0,128.0,252.0
1697,1996.0,1.0,1996/S1,1996-01-01,1996-06-30,56.0,128.0,252.0
1698,1996.0,1.0,1996/S1,1996-01-01,1996-06-30,57.0,128.0,252.0
1699,1996.0,1.0,1996/S1,1996-01-01,1996-06-30,58.0,128.0,252.0
1700,1996.0,1.0,1996/S1,1996-01-01,1996-06-30,59.0,128.0,252.0
1701,1996.0,1.0,1996/S1,1996-01-01,1996-06-30,60.0,128.0,252.0
1702,1996.0,1.0,1996/S1,1996-01-01,1996-06-30,61.0,128.0,252.0
1703,1996.0,1.0,1996/S1,1996-01-01,1996-06-30,62.0,128.0,252.0
1704,1996.0,1.0,1996/S1,1996-01-01,1996-06-30,63.0,128.0,252.0
1705,1996.0,1.0,1996/S1,1996-01-01,1996-06-30,64.0,128.0,252.0
1706,1996.0,1.0,1996/S1,1996-01-01,1996-06-30,65.0,128.0,252.0
1707,1996.0,1.0,1996/S1,1996-01-01,1996-06-30,66.0,128.0,252.0
1708,1996.0,1.0,1996/S1,1996-01-01,1996-06-30,67.0,128.0,252.0
1709,1996.0,1.0,1996/S1,1996-01-01,1996-06-30,68.0,128.0,252.0
1710,1996.0,1.0,1996/S1,1996-01-01,1996-06-30,69.0,128.0,252.0
1711,1996.0,1.0,1996/S1,1996-01-01,1996-06-30,70.0,128.0,252.0
1712,1996.0,1.0,1996/S1,1996-01-01,1996-06-30,71.0,128.0,252.0
1713,1996.0,1.0,1996/S1,1996-01-01,1996-06-30,72.0,128.0,252.0
1714,1996.0,1.0,1996/S1,1996-01-01,1996-06-30,73.0,128.0,252.0
1715,1996.0,1.0,1996/S1,1996-01-01,1996-06-30,74.0,128.0,252.0
1716,1996.0,1.0,1996/S1,1996-01-01,1996-06-30,75.0,128.0,252.0
1717,1996.0,1.0,1996/S1,1996-01-01,1996-06-30,76.0,128.0,252.0
1718,1996.0,1.0,1996/S1,1996-01-01,1996-06-30,77.0,128.0,252.0
1719,1996.0,1.0,1996/S1,1996-01-01,1996-06-30,78.0,128.0,252.0
1720,1996.0,1.0,1996/S1,1996-01-01,1996-06-30,79.0,128.0,252.0
1721,1996.0,1.0,1996/S1,1996-01-01,1996-06-30,80.0,128.0,252.0
1722,1996.0,1.0,1996/S1,1996-01-01,1996-06-30,81.0,128.0,252.0
1723,1996.0,1.0,1996/S1,1996-01-01,1996-06-30,82.0,128.0,252.0
1724,1996.0,1.0,1996/S1,1996-01-01,1996-06-30,83.0,128.0,252.0
1725,1996.0,1.0,1996/S1,1996-01-01,1996-06-30,84.0,128.0,252.0
1726,1996.0,1.0,1996/S1,1996-01-01,1996-06-30,85.0,128.0,252.0
1727,1996.0,1.0,1996/S1,1996-01-01,1996-06-30,86.0,128.0,252.0
1728,1996.0,1.0,1996/S1,1996-01-01,1996-06-30,87.0,128.0,252.0
1729,1996.0,1.0,1996/S1,1996-01-01,1996-06-30,88.0,128.0,252.0
1730,1996.0,1.0,1996/S1,1996-01-01,1996-06-30,89.0,128.0,252.0
1731,1996.0,1.0,1996/S1,1996-01-01,1996-06-30,90.0,128.0,252.0
1732,1996.0,1.0,1996/S1,1996-01-01,1996-06-30,91.0,128.0,252.0
1733,1996.0,1.0,1996/S1,1996-01-01,1996-06-30,92.0,128.0,252.0
1734,1996.0,1.0,1996/S1,1996-01-01,1996-06-30,93.0,128.0,252.0
1735,1996.0,1.0,1996/S1,1996-01-01,1996-06-30,94.0,128.0,252.0
1736,1996.0,1.0,1996/S1,1996-01-01,1996-06-30,95.0,128.0,252.0
1737,1996.0,1.0,1996/S1,1996-01-01,1996-06-30,96.0,128.0,252.0
1738,1996.0,1.0,1996/S1,1996-01-01,1996-06-30,97.0,128.0,252.0
1739,1996.0,1.0,1996/S1,1996-01-01,1996-06-30,98.0,128.0,252.0
1740,1996.0,1.0,1996/S1,1996-01-01,1996-06-30,99.0,128.0,252.0
1741,1996.0,1.0,1996/S1,1996-01-01,1996-06-30,100.0,128.0,252.0
1742,1996.0,1.0,1996/S1,1996-01-01,1996-06-30,101.0,128.0,252.0
1743,1996.0,1.0,1996/S1,1996-01-01,1996-06-30,102.0,128.0,252.0
1744,1996.0,1.0,1996/S1,1996-01-01,1996-06-30,103.0,128.0,252.0
1745,1996.0,1.0,1996/S1,1996-01-01,1996-06-30,104.0,128.0,252.0
1746,1996.0,1.0,1996/S1,1996-01-01,1996-06-30,105.0,128.0,252.0
1747,1996.0,1.0,1996/S1,1996-01-01,1996-06-30,106.0,128.0,252.0
1748,1996.0,1.0,1996/S1,1996-01-01,1996-06-30,107.0,128.0,252.0
1749,1996.0,1.0,1996/S1,1996-01-01,1996-06-30,108.0,128.0,252.0
1750,1996.0,1.0,1996/S1,1996-01-01,1996-06-30,109.0,128.0,252.0
1751,1996.0,1.0,1996/S1,1996-01-01,1996-06-30,110.0,128.0,252.0
1752,1996.0,1.0,1996/S1,1996-01-01,1996-06-30,111.0,128.0,252.0
1753,1996.0,1.0,1996/S1,1996-01-01,1996-06-30,112.0,128.0,252.0
1754,1996.0,1.0,1996/S1,1996-01-01,1996-06-30,113.0,128.0,252.0
1755,1996.0,1.0,1996/S1,1996-01-01,1996-06-30,114.0,128.0,252.0
1756,1996.0,1.0,1996/S1,1996-01-01,1996-06-30,115.0,128.0,252.0
1757,1996.0,1.0,1996/S1,1996-01-01,1996-06-30,116.0,128.0,252.0
1758,1996.0,1.0,1996/S1,1996-01-01,1996-06-30,117.0,128.0,252.0
1759,1996.0,1.0,1996/S1,1996-01-01,1996-06-30,118.0,128.0,252.0
1760,1996.0,1.0,1996/S1,1996-01-01,1996-06-30,119.0,128.0,252.0
1761,1996.0,1.0,1996/S1,1996-01-01,1996-06-30,120.0,128.0,252.0
1762,1996.0,1.0,1996/S1,1996-01-01,1996-06-30,121.0,128.0,252.0
1763,1996.0,1.0,1996/S1,1996-01-01,1996-06-30,122.0,128.0,252.0
1764,1996.0,1.0,1996/S1,1996-01-01,1996-06-30,123.0,128.0,252.0
1765,1996.0,1.0,1996/S1,1996-01-01,1996-06-30,124.0,128.0,252.0
1766,1996.0,1.0,1996/S1,1996-01-01,1996-06-30,125.0,128.0,252.0
1767,1996.0,1.0,1996/S1,1996-01-01,1996-06-30,126.0,128.0,252.0
1768,1996.0,1.0,1996/S1,1996-01-01,1996-06-30,127.0,128.0,252.0
1769,1996.0,1.0,1996/S1,1996-01-01,1996-06-30,128.0,128.0,252.0
1770,1997.0,2.0,1997/S2,1997-07-01,1997-12-31,1.0,124.0,252.0
1771,1997.0,2.0,1997/S2,1997-07-01,1997-12-31,2.0,124.0,252.0
1772,1997.0,2.0,1997/S2,1997-07-01,1997-12-31,3.0,124.0,252.0
1773,1997.0,2.0,1997/S2,1997-07-01,1997-12-31,4.0,124.0,252.0
1774,1997.0,2.0,1997/S2,1997-07-01,1997-12-31,5.0,124.0,252.0
1775,1997.0,2.0,1997/S2,1997-07-01,1997-12-31,6.0,124.0,252.0
1776,1997.0,2.0,1997/S2,1997-07-01,1997-12-31,7.0,124.0,252.0
1777,1997.0,2.0,1997/S2,1997-07-01,1997-12-31,8.0,124.0,252.0
1778,1997.0,2.0,1997/S2,1997-07-01,1997-12-31,9.0,124.0,252.0
1779,1997.0,2.0,1997/S2,1997-07-01,1997-12-31,10.0,124.0,252.0
1780,1997.0,2.0,1997/S2,1997-07-01,1997-12-31,11.0,124.0,252.0
1781,1997.0,2.0,1997/S2,1997-07-01,1997-12-31,12.0,124.0,252.0
1782,1997.0,2.0,1997/S2,1997-07-01,1997-12-31,13.0,124.0,252.0
1783,1997.0,2.0,1997/S2,1997-07-01,1997-12-31,14.0,124.0,252.0
1784,1997.0,2.0,1997/S2,1997-07-01,1997-12-31,15.0,124.0,252.0
1785,1997.0,2.0,1997/S2,1997-07-01,1997-12-31,16.0,124.0,252.0
1786,1997.0,2.0,1997/S2,1997-07-01,1997-12-31,17.0,124.0,252.0
1787,1997.0,2.0,1997/S2,1997-07-01,1997-12-31,18.0,124.0,252.0
1788,1997.0,2.0,1997/S2,1997-07-01,1997-12-31,19.0,124.0,252.0
1789,1997.0,2.0,1997/S2,1997-07-01,1997-12-31,20.0,124.0,252.0
1790,1997.0,2.0,1997/S2,1997-07-01,1997-12-31,21.0,124.0,252.0
1791,1997.0,2.0,1997/S2,1997-07-01,1997-12-31,22.0,124.0,252.0
1792,1997.0,2.0,1997/S2,1997-07-01,1997-12-31,23.0,124.0,252.0
1793,1997.0,2.0,1997/S2,1997-07-01,1997-12-31,24.0,124.0,252.0
1794,1997.0,2.0,1997/S2,1997-07-01,1997-12-31,25.0,124.0,252.0
1795,1997.0,2.0,1997/S2,1997-07-01,1997-12-31,26.0,124.0,252.0
1796,1997.0,2.0,1997/S2,1997-07-01,1997-12-31,27.0,124.0,252.0
1797,1997.0,2.0,1997/S2,1997-07-01,1997-12-31,28.0,124.0,252.0
1798,1997.0,2.0,1997/S2,1997-07-01,1997-12-31,29.0,124.0,252.0
1799,1997.0,2.0,1997/S2,1997-07-01,1997-12-31,30.0,124.0,252.0
1800,1997.0,2.0,1997/S2,1997-07-01,1997-12-31,31.0,124.0,252.0
1801,1997.0,2.0,1997/S2,1997-07-01,1997-12-31,32.0,124.0,252.0
1802,1997.0,2.0,1997/S2,1997-07-01,1997-12-31,33.0,124.0,252.0
1803,1997.0,2.0,1997/S2,1997-07-01,1997-12-31,34.0,124.0,252.0
1804,1997.0,2.0,1997/S2,1997-07-01,1997-12-31,35.0,124.0,252.0
1805,1997.0,2.0,1997/S2,1997-07-01,1997-12-31,36.0,124.0,252.0
1806,1997.0,2.0,1997/S2,1997-07-01,1997-12-31,37.0,124.0,252.0
1807,1997.0,2.0,1997/S2,1997-07-01,1997-12-31,38.0,124.0,252.0
1808,1997.0,2.0,1997/S2,1997-07-01,1997-12-31,39.0,124.0,252.0
1809,1997.0,2.0,1997/S2,1997-07-01,1997-12-31,40.0,124.0,252.0
1810,1997.0,2.0,1997/S2,1997-07-01,1997-12-31,41.0,124.0,252.0
1811,1997.0,2.0,1997/S2,1997-07-01,1997-12-31,42.0,124.0,252.0
1812,1997.0,2.0,1997/S2,1997-07-01,1997-12-31,43.0,124.0,252.0
1813,1997.0,2.0,1997/S2,1997-07-01,1997-12-31,44.0,124.0,252.0
1814,1997.0,2.0,1997/S2,1997-07-01,1997-12-31,45.0,124.0,252.0
1815,1997.0,2.0,1997/S2,1997-07-01,1997-12-31,46.0,124.0,252.0
1816,1997.0,2.0,1997/S2,1997-07-01,1997-12-31,47.0,124.0,252.0
1817,1997.0,2.0,1997/S2,1997-07-01,1997-12-31,48.0,124.0,252.0
1818,1997.0,2.0,1997/S2,1997-07-01,1997-12-31,49.0,124.0,252.0
1819,1997.0,2.0,1997/S2,1997-07-01,1997-12-31,50.0,124.0,252.0
1820,1997.0,2.0,1997/S2,1997-07-01,1997-12-31,51.0,124.0,252.0
1821,1997.0,2.0,1997/S2,1997-07-01,1997-12-31,52.0,124.0,252.0
1822,1997.0,2.0,1997/S2,1997-07-01,1997-12-31,53.0,124.0,252.0
1823,1997.0,2.0,1997/S2,1997-07-01,1997-12-31,54.0,124.0,252.0
1824,1997.0,2.0,1997/S2,1997-07-01,1997-12-31,55.0,124.0,252.0
1825,1997.0,2.0,1997/S2,1997-07-01,1997-12-31,56.0,124.0,252.0
1826,1997.0,2.0,1997/S2,1997-07-01,1997-12-31,57.0,124.0,252.0
1827,1997.0,2.0,1997/S2,1997-07-01,1997-12-31,58.0,124.0,252.0
1828,1997.0,2.0,1997/S2,1997-07-01,1997-12-31,59.0,124.0,252.0
1829,1997.0,2.0,1997/S2,1997-07-01,1997-12-31,60.0,124.0,252.0
1830,1997.0,2.0,1997/S2,1997-07-01,1997-12-31,61.0,124.0,252.0
1831,1997.0,2.0,1997/S2,1997-07-01,1997-12-31,62.0,124.0,252.0
1832,1997.0,2.0,1997/S2,1997-07-01,1997-12-31,63.0,124.0,252.0
1833,1997.0,2.0,1997/S2,1997-07-01,1997-12-31,64.0,124.0,252.0
1834,1997.0,2.0,1997/S2,1997-07-01,1997-12-31,65.0,124.0,252.0
1835,1997.0,2.0,1997/S2,1997-07-01,1997-12-31,66.0,124.0,252.0
1836,1997.0,2.0,1997/S2,1997-07-01,1997-12-31,67.0,124.0,252.0
1837,1997.0,2.0,1997/S2,1997-07-01,1997-12-31,68.0,124.0,252.0
1838,1997.0,2.0,1997/S2,1997-07-01,1997-12-31,69.0,124.0,252.0
1839,1997.0,2.0,1997/S2,1997-07-01,1997-12-31,70.0,124.0,252.0
1840,1997.0,2.0,1997/S2,1997-07-01,1997-12-31,71.0,124.0,252.0
1841,1997.0,2.0,1997/S2,1997-07-01,1997-12-31,72.0,124.0,252.0
1842,1997.0,2.0,1997/S2,1997-07-01,1997-12-31,73.0,124.0,252.0
1843,1997.0,2.0,1997/S2,1997-07-01,1997-12-31,74.0,124.0,252.0
1844,1997.0,2.0,1997/S2,1997-07-01,1997-12-31,75.0,124.0,252.0
1845,1997.0,2.0,1997/S2,1997-07-01,1997-12-31,76.0,124.0,252.0
1846,1997.0,2.0,1997/S2,1997-07-01,1997-12-31,77.0,124.0,252.0
1847,1997.0,2.0,1997/S2,1997-07-01,1997-12-31,78.0,124.0,252.0
1848,1997.0,2.0,1997/S2,1997-07-01,1997-12-31,79.0,124.0,252.0
1849,1997.0,2.0,1997/S2,1997-07-01,1997-12-31,80.0,124.0,252.0
1850,1997.0,2.0,1997/S2,1997-07-01,1997-12-31,81.0,124.0,252.0
1851,1997.0,2.0,1997/S2,1997-07-01,1997-12-31,82.0,124.0,252.0
1852,1997.0,2.0,1997/S2,1997-07-01,1997-12-31,83.0,124.0,252.0
1853,1997.0,2.0,1997/S2,1997-07-01,1997-12-31,84.0,124.0,252.0
1854,1997.0,2.0,1997/S2,1997-07-01,1997-12-31,85.0,124.0,252.0
1855,1997.0,2.0,1997/S2,1997-07-01,1997-12-31,86.0,124.0,252.0
1856,1997.0,2.0,1997/S2,1997-07-01,1997-12-31,87.0,124.0,252.0
1857,1997.0,2.0,1997/S2,1997-07-01,1997-12-31,88.0,124.0,252.0
1858,1997.0,2.0,1997/S2,1997-07-01,1997-12-31,89.0,124.0,252.0
1859,1997.0,2.0,1997/S2,1997-07-01,1997-12-31,90.0,124.0,252.0
1860,1997.0,2.0,1997/S2,1997-07-01,1997-12-31,91.0,124.0,252.0
1861,1997.0,2.0,1997/S2,1997-07-01,1997-12-31,92.0,124.0,252.0
1862,1997.0,2.0,1997/S2,1997-07-01,1997-12-31,93.0,124.0,252.0
1863,1997.0,2.0,1997/S2,1997-07-01,1997-12-31,94.0,124.0,252.0
1864,1997.0,2.0,1997/S2,1997-07-01,1997-12-31,95.0,124.0,252.0
1865,1997.0,2.0,1997/S2,1997-07-01,1997-12-31,96.0,124.0,252.0
1866,1997.0,2.0,1997/S2,1997-07-01,1997-12-31,97.0,124.0,252.0
1867,1997.0,2.0,1997/S2,1997-07-01,1997-12-31,98.0,124.0,252.0
1868,1997.0,2.0,1997/S2,1997-07-01,1997-12-31,99.0,124.0,252.0
1869,1997.0,2.0,1997/S2,1997-07-01,1997-12-31,100.0,124.0,252.0
1870,1997.0,2.0,1997/S2,1997-07-01,1997-12-31,101.0,124.0,252.0
1871,1997.0,2.0,1997/S2,1997-07-01,1997-12-31,102.0,124.0,252.0
1872,1997.0,2.0,1997/S2,1997-07-01,1997-12-31,103.0,124.0,252.0
1873,1997.0,2.0,1997/S2,1997-07-01,1997-12-31,104.0,124.0,252.0
1874,1997.0,2.0,1997/S2,1997-07-01,1997-12-31,105.0,124.0,252.0
1875,1997.0,2.0,1997/S2,1997-07-01,1997-12-31,106.0,124.0,252.0
1876,1997.0,2.0,1997/S2,1997-07-01,1997-12-31,107.0,124.0,252.0
1877,1997.0,2.0,1997/S2,1997-07-01,1997-12-31,108.0,124.0,252.0
1878,1997.0,2.0,1997/S2,1997-07-01,1997-12-31,109.0,124.0,252.0
1879,1997.0,2.0,1997/S2,1997-07-01,1997-12-31,110.0,124.0,252.0
1880,1997.0,2.0,1997/S2,1997-07-01,1997-12-31,111.0,124.0,252.0
1881,1997.0,2.0,1997/S2,1997-07-01,1997-12-31,112.0,124.0,252.0
1882,1997.0,2.0,1997/S2,1997-07-01,1997-12-31,113.0,124.0,252.0
1883,1997.0,2.0,1997/S2,1997-07-01,1997-12-31,114.0,124.0,252.0
1884,1997.0,2.0,1997/S2,1997-07-01,1997-12-31,115.0,124.0,252.0
1885,1997.0,2.0,1997/S2,1997-07-01,1997-12-31,116.0,124.0,252.0
1886,1997.0,2.0,1997/S2,1997-07-01,1997-12-31,117.0,124.0,252.0
1887,1997.0,2.0,1997/S2,1997-07-01,1997-12-31,118.0,124.0,252.0
1888,1997.0,2.0,1997/S2,1997-07-01,1997-12-31,119.0,124.0,252.0
1889,1997.0,2.0,1997/S2,1997-07-01,1997-12-31,120.0,124.0,252.0
1890,1997.0,2.0,1997/S2,1997-07-01,1997-12-31,121.0,124.0,252.0
1891,1997.0,2.0,1997/S2,1997-07-01,1997-12-31,122.0,124.0,252.0
1892,1997.0,2.0,1997/S2,1997-07-01,1997-12-31,123.0,124.0,252.0
1893,1997.0,2.0,1997/S2,1997-07-01,1997-12-31,124.0,124.0,252.0
1894,1997.0,1.0,1997/S1,1997-01-01,1997-06-30,1.0,128.0,252.0
1895,1997.0,1.0,1997/S1,1997-01-01,1997-06-30,2.0,128.0,252.0
1896,1997.0,1.0,1997/S1,1997-01-01,1997-06-30,3.0,128.0,252.0
1897,1997.0,1.0,1997/S1,1997-01-01,1997-06-30,4.0,128.0,252.0
1898,1997.0,1.0,1997/S1,1997-01-01,1997-06-30,5.0,128.0,252.0
1899,1997.0,1.0,1997/S1,1997-01-01,1997-06-30,6.0,128.0,252.0
1900,1997.0,1.0,1997/S1,1997-01-01,1997-06-30,7.0,128.0,252.0
1901,1997.0,1.0,1997/S1,1997-01-01,1997-06-30,8.0,128.0,252.0
1902,1997.0,1.0,1997/S1,1997-01-01,1997-06-30,9.0,128.0,252.0
1903,1997.0,1.0,1997/S1,1997-01-01,1997-06-30,10.0,128.0,252.0
1904,1997.0,1.0,1997/S1,1997-01-01,1997-06-30,11.0,128.0,252.0
1905,1997.0,1.0,1997/S1,1997-01-01,1997-06-30,12.0,128.0,252.0
1906,1997.0,1.0,1997/S1,1997-01-01,1997-06-30,13.0,128.0,252.0
1907,1997.0,1.0,1997/S1,1997-01-01,1997-06-30,14.0,128.0,252.0
1908,1997.0,1.0,1997/S1,1997-01-01,1997-06-30,15.0,128.0,252.0
1909,1997.0,1.0,1997/S1,1997-01-01,1997-06-30,16.0,128.0,252.0
1910,1997.0,1.0,1997/S1,1997-01-01,1997-06-30,17.0,128.0,252.0
1911,1997.0,1.0,1997/S1,1997-01-01,1997-06-30,18.0,128.0,252.0
1912,1997.0,1.0,1997/S1,1997-01-01,1997-06-30,19.0,128.0,252.0
1913,1997.0,1.0,1997/S1,1997-01-01,1997-06-30,20.0,128.0,252.0
1914,1997.0,1.0,1997/S1,1997-01-01,1997-06-30,21.0,128.0,252.0
1915,1997.0,1.0,1997/S1,1997-01-01,1997-06-30,22.0,128.0,252.0
1916,1997.0,1.0,1997/S1,1997-01-01,1997-06-30,23.0,128.0,252.0
1917,1997.0,1.0,1997/S1,1997-01-01,1997-06-30,24.0,128.0,252.0
1918,1997.0,1.0,1997/S1,1997-01-01,1997-06-30,25.0,128.0,252.0
1919,1997.0,1.0,1997/S1,1997-01-01,1997-06-30,26.0,128.0,252.0
1920,1997.0,1.0,1997/S1,1997-01-01,1997-06-30,27.0,128.0,252.0
1921,1997.0,1.0,1997/S1,1997-01-01,1997-06-30,28.0,128.0,252.0
1922,1997.0,1.0,1997/S1,1997-01-01,1997-06-30,29.0,128.0,252.0
1923,1997.0,1.0,1997/S1,1997-01-01,1997-06-30,30.0,128.0,252.0
1924,1997.0,1.0,1997/S1,1997-01-01,1997-06-30,31.0,128.0,252.0
1925,1997.0,1.0,1997/S1,1997-01-01,1997-06-30,32.0,128.0,252.0
1926,1997.0,1.0,1997/S1,1997-01-01,1997-06-30,33.0,128.0,252.0
1927,1997.0,1.0,1997/S1,1997-01-01,1997-06-30,34.0,128.0,252.0
1928,1997.0,1.0,1997/S1,1997-01-01,1997-06-30,35.0,128.0,252.0
1929,1997.0,1.0,1997/S1,1997-01-01,1997-06-30,36.0,128.0,252.0
1930,1997.0,1.0,1997/S1,1997-01-01,1997-06-30,37.0,128.0,252.0
1931,1997.0,1.0,1997/S1,1997-01-01,1997-06-30,38.0,128.0,252.0
1932,1997.0,1.0,1997/S1,1997-01-01,1997-06-30,39.0,128.0,252.0
1933,1997.0,1.0,1997/S1,1997-01-01,1997-06-30,40.0,128.0,252.0
1934,1997.0,1.0,1997/S1,1997-01-01,1997-06-30,41.0,128.0,252.0
1935,1997.0,1.0,1997/S1,1997-01-01,1997-06-30,42.0,128.0,252.0
1936,1997.0,1.0,1997/S1,1997-01-01,1997-06-30,43.0,128.0,252.0
1937,1997.0,1.0,1997/S1,1997-01-01,1997-06-30,44.0,128.0,252.0
1938,1997.0,1.0,1997/S1,1997-01-01,1997-06-30,45.0,128.0,252.0
1939,1997.0,1.0,1997/S1,1997-01-01,1997-06-30,46.0,128.0,252.0
1940,1997.0,1.0,1997/S1,1997-01-01,1997-06-30,47.0,128.0,252.0
1941,1997.0,1.0,1997/S1,1997-01-01,1997-06-30,48.0,128.0,252.0
1942,1997.0,1.0,1997/S1,1997-01-01,1997-06-30,49.0,128.0,252.0
1943,1997.0,1.0,1997/S1,1997-01-01,1997-06-30,50.0,128.0,252.0
1944,1997.0,1.0,1997/S1,1997-01-01,1997-06-30,51.0,128.0,252.0
1945,1997.0,1.0,1997/S1,1997-01-01,1997-06-30,52.0,128.0,252.0
1946,1997.0,1.0,1997/S1,1997-01-01,1997-06-30,53.0,128.0,252.0
1947,1997.0,1.0,1997/S1,1997-01-01,1997-06-30,54.0,128.0,252.0
1948,1997.0,1.0,1997/S1,1997-01-01,1997-06-30,55.0,128.0,252.0
1949,1997.0,1.0,1997/S1,1997-01-01,1997-06-30,56.0,128.0,252.0
1950,1997.0,1.0,1997/S1,1997-01-01,1997-06-30,57.0,128.0,252.0
1951,1997.0,1.0,1997/S1,1997-01-01,1997-06-30,58.0,128.0,252.0
1952,1997.0,1.0,1997/S1,1997-01-01,1997-06-30,59.0,128.0,252.0
1953,1997.0,1.0,1997/S1,1997-01-01,1997-06-30,60.0,128.0,252.0
1954,1997.0,1.0,1997/S1,1997-01-01,1997-06-30,61.0,128.0,252.0
1955,1997.0,1.0,1997/S1,1997-01-01,1997-06-30,62.0,128.0,252.0
1956,1997.0,1.0,1997/S1,1997-01-01,1997-06-30,63.0,128.0,252.0
1957,1997.0,1.0,1997/S1,1997-01-01,1997-06-30,64.0,128.0,252.0
1958,1997.0,1.0,1997/S1,1997-01-01,1997-06-30,65.0,128.0,252.0
1959,1997.0,1.0,1997/S1,1997-01-01,1997-06-30,66.0,128.0,252.0
1960,1997.0,1.0,1997/S1,1997-01-01,1997-06-30,67.0,128.0,252.0
1961,1997.0,1.0,1997/S1,1997-01-01,1997-06-30,68.0,128.0,252.0
1962,1997.0,1.0,1997/S1,1997-01-01,1997-06-30,69.0,128.0,252.0
1963,1997.0,1.0,1997/S1,1997-01-01,1997-06-30,70.0,128.0,252.0
1964,1997.0,1.0,1997/S1,1997-01-01,1997-06-30,71.0,128.0,252.0
1965,1997.0,1.0,1997/S1,1997-01-01,1997-06-30,72.0,128.0,252.0
1966,1997.0,1.0,1997/S1,1997-01-01,1997-06-30,73.0,128.0,252.0
1967,1997.0,1.0,1997/S1,1997-01-01,1997-06-30,74.0,128.0,252.0
1968,1997.0,1.0,1997/S1,1997-01-01,1997-06-30,75.0,128.0,252.0
1969,1997.0,1.0,1997/S1,1997-01-01,1997-06-30,76.0,128.0,252.0
1970,1997.0,1.0,1997/S1,1997-01-01,1997-06-30,77.0,128.0,252.0
1971,1997.0,1.0,1997/S1,1997-01-01,1997-06-30,78.0,128.0,252.0
1972,1997.0,1.0,1997/S1,1997-01-01,1997-06-30,79.0,128.0,252.0
1973,1997.0,1.0,1997/S1,1997-01-01,1997-06-30,80.0,128.0,252.0
1974,1997.0,1.0,1997/S1,1997-01-01,1997-06-30,81.0,128.0,252.0
1975,1997.0,1.0,1997/S1,1997-01-01,1997-06-30,82.0,128.0,252.0
1976,1997.0,1.0,1997/S1,1997-01-01,1997-06-30,83.0,128.0,252.0
1977,1997.0,1.0,1997/S1,1997-01-01,1997-06-30,84.0,128.0,252.0
1978,1997.0,1.0,1997/S1,1997-01-01,1997-06-30,85.0,128.0,252.0
1979,1997.0,1.0,1997/S1,1997-01-01,1997-06-30,86.0,128.0,252.0
1980,1997.0,1.0,1997/S1,1997-01-01,1997-06-30,87.0,128.0,252.0
1981,1997.0,1.0,1997/S1,1997-01-01,1997-06-30,88.0,128.0,252.0
1982,1997.0,1.0,1997/S1,1997-01-01,1997-06-30,89.0,128.0,252.0
1983,1997.0,1.0,1997/S1,1997-01-01,1997-06-30,90.0,128.0,252.0
1984,1997.0,1.0,1997/S1,1997-01-01,1997-06-30,91.0,128.0,252.0
1985,1997.0,1.0,1997/S1,1997-01-01,1997-06-30,92.0,128.0,252.0
1986,1997.0,1.0,1997/S1,1997-01-01,1997-06-30,93.0,128.0,252.0
1987,1997.0,1.0,1997/S1,1997-01-01,1997-06-30,94.0,128.0,252.0
1988,1997.0,1.0,1997/S1,1997-01-01,1997-06-30,95.0,128.0,252.0
1989,1997.0,1.0,1997/S1,1997-01-01,1997-06-30,96.0,128.0,252.0
1990,1997.0,1.0,1997/S1,1997-01-01,1997-06-30,97.0,128.0,252.0
1991,1997.0,1.0,1997/S1,1997-01-01,1997-06-30,98.0,128.0,252.0
1992,1997.0,1.0,1997/S1,1997-01-01,1997-06-30,99.0,128.0,252.0
1993,1997.0,1.0,1997/S1,1997-01-01,1997-06-30,100.0,128.0,252.0
1994,1997.0,1.0,1997/S1,1997-01-01,1997-06-30,101.0,128.0,252.0
1995,1997.0,1.0,1997/S1,1997-01-01,1997-06-30,102.0,128.0,252.0
1996,1997.0,1.0,1997/S1,1997-01-01,1997-06-30,103.0,128.0,252.0
1997,1997.0,1.0,1997/S1,1997-01-01,1997-06-30,104.0,128.0,252.0
1998,1997.0,1.0,1997/S1,1997-01-01,1997-06-30,105.0,128.0,252.0
1999,1997.0,1.0,1997/S1,1997-01-01,1997-06-30,106.0,128.0,252.0
2000,1997.0,1.0,1997/S1,1997-01-01,1997-06-30,107.0,128.0,252.0
2001,1997.0,1.0,1997/S1,1997-01-01,1997-06-30,108.0,128.0,252.0
2002,1997.0,1.0,1997/S1,1997-01-01,1997-06-30,109.0,128.0,252.0
2003,1997.0,1.0,1997/S1,1997-01-01,1997-06-30,110.0,128.0,252.0
2004,1997.0,1.0,1997/S1,1997-01-01,1997-06-30,111.0,128.0,252.0
2005,1997.0,1.0,1997/S1,1997-01-01,1997-06-30,112.0,128.0,252.0
2006,1997.0,1.0,1997/S1,1997-01-01,1997-06-30,113.0,128.0,252.0
2007,1997.0,1.0,1997/S1,1997-01-01,1997-06-30,114.0,128.0,252.0
2008,1997.0,1.0,1997/S1,1997-01-01,1997-06-30,115.0,128.0,252.0
2009,1997.0,1.0,1997/S1,1997-01-01,1997-06-30,116.0,128.0,252.0
2010,1997.0,1.0,1997/S1,1997-01-01,1997-06-30,117.0,128.0,252.0
2011,1997.0,1.0,1997/S1,1997-01-01,1997-06-30,118.0,128.0,252.0
2012,1997.0,1.0,1997/S1,1997-01-01,1997-06-30,119.0,128.0,252.0
2013,1997.0,1.0,1997/S1,1997-01-01,1997-06-30,120.0,128.0,252.0
2014,1997.0,1.0,1997/S1,1997-01-01,1997-06-30,121.0,128.0,252.0
2015,1997.0,1.0,1997/S1,1997-01-01,1997-06-30,122.0,128.0,252.0
2016,1997.0,1.0,1997/S1,1997-01-01,1997-06-30,123.0,128.0,252.0
2017,1997.0,1.0,1997/S1,1997-01-01,1997-06-30,124.0,128.0,252.0
2018,1997.0,1.0,1997/S1,1997-01-01,1997-06-30,125.0,128.0,252.0
2019,1997.0,1.0,1997/S1,1997-01-01,1997-06-30,126.0,128.0,252.0
2020,1997.0,1.0,1997/S1,1997-01-01,1997-06-30,127.0,128.0,252.0
2021,1997.0,1.0,1997/S1,1997-01-01,1997-06-30,128.0,128.0,252.0
2022,1998.0,2.0,1998/S2,1998-07-01,1998-12-31,1.0,124.0,252.0
2023,1998.0,2.0,1998/S2,1998-07-01,1998-12-31,2.0,124.0,252.0
2024,1998.0,2.0,1998/S2,1998-07-01,1998-12-31,3.0,124.0,252.0
2025,1998.0,2.0,1998/S2,1998-07-01,1998-12-31,4.0,124.0,252.0
2026,1998.0,2.0,1998/S2,1998-07-01,1998-12-31,5.0,124.0,252.0
2027,1998.0,2.0,1998/S2,1998-07-01,1998-12-31,6.0,124.0,252.0
2028,1998.0,2.0,1998/S2,1998-07-01,1998-12-31,7.0,124.0,252.0
2029,1998.0,2.0,1998/S2,1998-07-01,1998-12-31,8.0,124.0,252.0
2030,1998.0,2.0,1998/S2,1998-07-01,1998-12-31,9.0,124.0,252.0
2031,1998.0,2.0,1998/S2,1998-07-01,1998-12-31,10.0,124.0,252.0
2032,1998.0,2.0,1998/S2,1998-07-01,1998-12-31,11.0,124.0,252.0
2033,1998.0,2.0,1998/S2,1998-07-01,1998-12-31,12.0,124.0,252.0
2034,1998.0,2.0,1998/S2,1998-07-01,1998-12-31,13.0,124.0,252.0
2035,1998.0,2.0,1998/S2,1998-07-01,1998-12-31,14.0,124.0,252.0
2036,1998.0,2.0,1998/S2,1998-07-01,1998-12-31,15.0,124.0,252.0
2037,1998.0,2.0,1998/S2,1998-07-01,1998-12-31,16.0,124.0,252.0
2038,1998.0,2.0,1998/S2,1998-07-01,1998-12-31,17.0,124.0,252.0
2039,1998.0,2.0,1998/S2,1998-07-01,1998-12-31,18.0,124.0,252.0
2040,1998.0,2.0,1998/S2,1998-07-01,1998-12-31,19.0,124.0,252.0
2041,1998.0,2.0,1998/S2,1998-07-01,1998-12-31,20.0,124.0,252.0
2042,1998.0,2.0,1998/S2,1998-07-01,1998-12-31,21.0,124.0,252.0
2043,1998.0,2.0,1998/S2,1998-07-01,1998-12-31,22.0,124.0,252.0
2044,1998.0,2.0,1998/S2,1998-07-01,1998-12-31,23.0,124.0,252.0
2045,1998.0,2.0,1998/S2,1998-07-01,1998-12-31,24.0,124.0,252.0
2046,1998.0,2.0,1998/S2,1998-07-01,1998-12-31,25.0,124.0,252.0
2047,1998.0,2.0,1998/S2,1998-07-01,1998-12-31,26.0,124.0,252.0
2048,1998.0,2.0,1998/S2,1998-07-01,1998-12-31,27.0,124.0,252.0
2049,1998.0,2.0,1998/S2,1998-07-01,1998-12-31,28.0,124.0,252.0
2050,1998.0,2.0,1998/S2,1998-07-01,1998-12-31,29.0,124.0,252.0
2051,1998.0,2.0,1998/S2,1998-07-01,1998-12-31,30.0,124.0,252.0
2052,1998.0,2.0,1998/S2,1998-07-01,1998-12-31,31.0,124.0,252.0
2053,1998.0,2.0,1998/S2,1998-07-01,1998-12-31,32.0,124.0,252.0
2054,1998.0,2.0,1998/S2,1998-07-01,1998-12-31,33.0,124.0,252.0
2055,1998.0,2.0,1998/S2,1998-07-01,1998-12-31,34.0,124.0,252.0
2056,1998.0,2.0,1998/S2,1998-07-01,1998-12-31,35.0,124.0,252.0
2057,1998.0,2.0,1998/S2,1998-07-01,1998-12-31,36.0,124.0,252.0
2058,1998.0,2.0,1998/S2,1998-07-01,1998-12-31,37.0,124.0,252.0
2059,1998.0,2.0,1998/S2,1998-07-01,1998-12-31,38.0,124.0,252.0
2060,1998.0,2.0,1998/S2,1998-07-01,1998-12-31,39.0,124.0,252.0
2061,1998.0,2.0,1998/S2,1998-07-01,1998-12-31,40.0,124.0,252.0
2062,1998.0,2.0,1998/S2,1998-07-01,1998-12-31,41.0,124.0,252.0
2063,1998.0,2.0,1998/S2,1998-07-01,1998-12-31,42.0,124.0,252.0
2064,1998.0,2.0,1998/S2,1998-07-01,1998-12-31,43.0,124.0,252.0
2065,1998.0,2.0,1998/S2,1998-07-01,1998-12-31,44.0,124.0,252.0
2066,1998.0,2.0,1998/S2,1998-07-01,1998-12-31,45.0,124.0,252.0
2067,1998.0,2.0,1998/S2,1998-07-01,1998-12-31,46.0,124.0,252.0
2068,1998.0,2.0,1998/S2,1998-07-01,1998-12-31,47.0,124.0,252.0
2069,1998.0,2.0,1998/S2,1998-07-01,1998-12-31,48.0,124.0,252.0
2070,1998.0,2.0,1998/S2,1998-07-01,1998-12-31,49.0,124.0,252.0
2071,1998.0,2.0,1998/S2,1998-07-01,1998-12-31,50.0,124.0,252.0
2072,1998.0,2.0,1998/S2,1998-07-01,1998-12-31,51.0,124.0,252.0
2073,1998.0,2.0,1998/S2,1998-07-01,1998-12-31,52.0,124.0,252.0
2074,1998.0,2.0,1998/S2,1998-07-01,1998-12-31,53.0,124.0,252.0
2075,1998.0,2.0,1998/S2,1998-07-01,1998-12-31,54.0,124.0,252.0
2076,1998.0,2.0,1998/S2,1998-07-01,1998-12-31,55.0,124.0,252.0
2077,1998.0,2.0,1998/S2,1998-07-01,1998-12-31,56.0,124.0,252.0
2078,1998.0,2.0,1998/S2,1998-07-01,1998-12-31,57.0,124.0,252.0
2079,1998.0,2.0,1998/S2,1998-07-01,1998-12-31,58.0,124.0,252.0
2080,1998.0,2.0,1998/S2,1998-07-01,1998-12-31,59.0,124.0,252.0
2081,1998.0,2.0,1998/S2,1998-07-01,1998-12-31,60.0,124.0,252.0
2082,1998.0,2.0,1998/S2,1998-07-01,1998-12-31,61.0,124.0,252.0
2083,1998.0,2.0,1998/S2,1998-07-01,1998-12-31,62.0,124.0,252.0
2084,1998.0,2.0,1998/S2,1998-07-01,1998-12-31,63.0,124.0,252.0
2085,1998.0,2.0,1998/S2,1998-07-01,1998-12-31,64.0,124.0,252.0
2086,1998.0,2.0,1998/S2,1998-07-01,1998-12-31,65.0,124.0,252.0
2087,1998.0,2.0,1998/S2,1998-07-01,1998-12-31,66.0,124.0,252.0
2088,1998.0,2.0,1998/S2,1998-07-01,1998-12-31,67.0,124.0,252.0
2089,1998.0,2.0,1998/S2,1998-07-01,1998-12-31,68.0,124.0,252.0
2090,1998.0,2.0,1998/S2,1998-07-01,1998-12-31,69.0,124.0,252.0
2091,1998.0,2.0,1998/S2,1998-07-01,1998-12-31,70.0,124.0,252.0
2092,1998.0,2.0,1998/S2,1998-07-01,1998-12-31,71.0,124.0,252.0
2093,1998.0,2.0,1998/S2,1998-07-01,1998-12-31,72.0,124.0,252.0
2094,1998.0,2.0,1998/S2,1998-07-01,1998-12-31,73.0,124.0,252.0
2095,1998.0,2.0,1998/S2,1998-07-01,1998-12-31,74.0,124.0,252.0
2096,1998.0,2.0,1998/S2,1998-07-01,1998-12-31,75.0,124.0,252.0
2097,1998.0,2.0,1998/S2,1998-07-01,1998-12-31,76.0,124.0,252.0
2098,1998.0,2.0,1998/S2,1998-07-01,1998-12-31,77.0,124.0,252.0
2099,1998.0,2.0,1998/S2,1998-07-01,1998-12-31,78.0,124.0,252.0
2100,1998.0,2.0,1998/S2,1998-07-01,1998-12-31,79.0,124.0,252.0
2101,1998.0,2.0,1998/S2,1998-07-01,1998-12-31,80.0,124.0,252.0
2102,1998.0,2.0,1998/S2,1998-07-01,1998-12-31,81.0,124.0,252.0
2103,1998.0,2.0,1998/S2,1998-07-01,1998-12-31,82.0,124.0,252.0
2104,1998.0,2.0,1998/S2,1998-07-01,1998-12-31,83.0,124.0,252.0
2105,1998.0,2.0,1998/S2,1998-07-01,1998-12-31,84.0,124.0,252.0
2106,1998.0,2.0,1998/S2,1998-07-01,1998-12-31,85.0,124.0,252.0
2107,1998.0,2.0,1998/S2,1998-07-01,1998-12-31,86.0,124.0,252.0
2108,1998.0,2.0,1998/S2,1998-07-01,1998-12-31,87.0,124.0,252.0
2109,1998.0,2.0,1998/S2,1998-07-01,1998-12-31,88.0,124.0,252.0
2110,1998.0,2.0,1998/S2,1998-07-01,1998-12-31,89.0,124.0,252.0
2111,1998.0,2.0,1998/S2,1998-07-01,1998-12-31,90.0,124.0,252.0
2112,1998.0,2.0,1998/S2,1998-07-01,1998-12-31,91.0,124.0,252.0
2113,1998.0,2.0,1998/S2,1998-07-01,1998-12-31,92.0,124.0,252.0
2114,1998.0,2.0,1998/S2,1998-07-01,1998-12-31,93.0,124.0,252.0
2115,1998.0,2.0,1998/S2,1998-07-01,1998-12-31,94.0,124.0,252.0
2116,1998.0,2.0,1998/S2,1998-07-01,1998-12-31,95.0,124.0,252.0
2117,1998.0,2.0,1998/S2,1998-07-01,1998-12-31,96.0,124.0,252.0
2118,1998.0,2.0,1998/S2,1998-07-01,1998-12-31,97.0,124.0,252.0
2119,1998.0,2.0,1998/S2,1998-07-01,1998-12-31,98.0,124.0,252.0
2120,1998.0,2.0,1998/S2,1998-07-01,1998-12-31,99.0,124.0,252.0
2121,1998.0,2.0,1998/S2,1998-07-01,1998-12-31,100.0,124.0,252.0
2122,1998.0,2.0,1998/S2,1998-07-01,1998-12-31,101.0,124.0,252.0
2123,1998.0,2.0,1998/S2,1998-07-01,1998-12-31,102.0,124.0,252.0
2124,1998.0,2.0,1998/S2,1998-07-01,1998-12-31,103.0,124.0,252.0
2125,1998.0,2.0,1998/S2,1998-07-01,1998-12-31,104.0,124.0,252.0
2126,1998.0,2.0,1998/S2,1998-07-01,1998-12-31,105.0,124.0,252.0
2127,1998.0,2.0,1998/S2,1998-07-01,1998-12-31,106.0,124.0,252.0
2128,1998.0,2.0,1998/S2,1998-07-01,1998-12-31,107.0,124.0,252.0
2129,1998.0,2.0,1998/S2,1998-07-01,1998-12-31,108.0,124.0,252.0
2130,1998.0,2.0,1998/S2,1998-07-01,1998-12-31,109.0,124.0,252.0
2131,1998.0,2.0,1998/S2,1998-07-01,1998-12-31,110.0,124.0,252.0
2132,1998.0,2.0,1998/S2,1998-07-01,1998-12-31,111.0,124.0,252.0
2133,1998.0,2.0,1998/S2,1998-07-01,1998-12-31,112.0,124.0,252.0
2134,1998.0,2.0,1998/S2,1998-07-01,1998-12-31,113.0,124.0,252.0
2135,1998.0,2.0,1998/S2,1998-07-01,1998-12-31,114.0,124.0,252.0
2136,1998.0,2.0,1998/S2,1998-07-01,1998-12-31,115.0,124.0,252.0
2137,1998.0,2.0,1998/S2,1998-07-01,1998-12-31,116.0,124.0,252.0
2138,1998.0,2.0,1998/S2,1998-07-01,1998-12-31,117.0,124.0,252.0
2139,1998.0,2.0,1998/S2,1998-07-01,1998-12-31,118.0,124.0,252.0
2140,1998.0,2.0,1998/S2,1998-07-01,1998-12-31,119.0,124.0,252.0
2141,1998.0,2.0,1998/S2,1998-07-01,1998-12-31,120.0,124.0,252.0
2142,1998.0,2.0,1998/S2,1998-07-01,1998-12-31,121.0,124.0,252.0
2143,1998.0,2.0,1998/S2,1998-07-01,1998-12-31,122.0,124.0,252.0
2144,1998.0,2.0,1998/S2,1998-07-01,1998-12-31,123.0,124.0,252.0
2145,1998.0,2.0,1998/S2,1998-07-01,1998-12-31,124.0,124.0,252.0
2146,1998.0,1.0,1998/S1,1998-01-01,1998-06-30,1.0,128.0,254.0
2147,1998.0,1.0,1998/S1,1998-01-01,1998-06-30,2.0,128.0,254.0
2148,1998.0,1.0,1998/S1,1998-01-01,1998-06-30,3.0,128.0,254.0
2149,1998.0,1.0,1998/S1,1998-01-01,1998-06-30,4.0,128.0,254.0
2150,1998.0,1.0,1998/S1,1998-01-01,1998-06-30,5.0,128.0,254.0
2151,1998.0,1.0,1998/S1,1998-01-01,1998-06-30,6.0,128.0,254.0
2152,1998.0,1.0,1998/S1,1998-01-01,1998-06-30,7.0,128.0,254.0
2153,1998.0,1.0,1998/S1,1998-01-01,1998-06-30,8.0,128.0,254.0
2154,1998.0,1.0,1998/S1,1998-01-01,1998-06-30,9.0,128.0,254.0
2155,1998.0,1.0,1998/S1,1998-01-01,1998-06-30,10.0,128.0,254.0
2156,1998.0,1.0,1998/S1,1998-01-01,1998-06-30,11.0,128.0,254.0
2157,1998.0,1.0,1998/S1,1998-01-01,1998-06-30,12.0,128.0,254.0
2158,1998.0,1.0,1998/S1,1998-01-01,1998-06-30,13.0,128.0,254.0
2159,1998.0,1.0,1998/S1,1998-01-01,1998-06-30,14.0,128.0,254.0
2160,1998.0,1.0,1998/S1,1998-01-01,1998-06-30,15.0,128.0,254.0
2161,1998.0,1.0,1998/S1,1998-01-01,1998-06-30,16.0,128.0,254.0
2162,1998.0,1.0,1998/S1,1998-01-01,1998-06-30,17.0,128.0,254.0
2163,1998.0,1.0,1998/S1,1998-01-01,1998-06-30,18.0,128.0,254.0
2164,1998.0,1.0,1998/S1,1998-01-01,1998-06-30,19.0,128.0,254.0
2165,1998.0,1.0,1998/S1,1998-01-01,1998-06-30,20.0,128.0,254.0
2166,1998.0,1.0,1998/S1,1998-01-01,1998-06-30,21.0,128.0,254.0
2167,1998.0,1.0,1998/S1,1998-01-01,1998-06-30,22.0,128.0,254.0
2168,1998.0,1.0,1998/S1,1998-01-01,1998-06-30,23.0,128.0,254.0
2169,1998.0,1.0,1998/S1,1998-01-01,1998-06-30,24.0,128.0,254.0
2170,1998.0,1.0,1998/S1,1998-01-01,1998-06-30,25.0,128.0,254.0
2171,1998.0,1.0,1998/S1,1998-01-01,1998-06-30,26.0,128.0,254.0
2172,1998.0,1.0,1998/S1,1998-01-01,1998-06-30,27.0,128.0,254.0
2173,1998.0,1.0,1998/S1,1998-01-01,1998-06-30,28.0,128.0,254.0
2174,1998.0,1.0,1998/S1,1998-01-01,1998-06-30,29.0,128.0,254.0
2175,1998.0,1.0,1998/S1,1998-01-01,1998-06-30,30.0,128.0,254.0
2176,1998.0,1.0,1998/S1,1998-01-01,1998-06-30,31.0,128.0,254.0
2177,1998.0,1.0,1998/S1,1998-01-01,1998-06-30,32.0,128.0,254.0
2178,1998.0,1.0,1998/S1,1998-01-01,1998-06-30,33.0,128.0,254.0
2179,1998.0,1.0,1998/S1,1998-01-01,1998-06-30,34.0,128.0,254.0
2180,1998.0,1.0,1998/S1,1998-01-01,1998-06-30,35.0,128.0,254.0
2181,1998.0,1.0,1998/S1,1998-01-01,1998-06-30,36.0,128.0,254.0
2182,1998.0,1.0,1998/S1,1998-01-01,1998-06-30,37.0,128.0,254.0
2183,1998.0,1.0,1998/S1,1998-01-01,1998-06-30,38.0,128.0,254.0
2184,1998.0,1.0,1998/S1,1998-01-01,1998-06-30,39.0,128.0,254.0
2185,1998.0,1.0,1998/S1,1998-01-01,1998-06-30,40.0,128.0,254.0
2186,1998.0,1.0,1998/S1,1998-01-01,1998-06-30,41.0,128.0,254.0
2187,1998.0,1.0,1998/S1,1998-01-01,1998-06-30,42.0,128.0,254.0
2188,1998.0,1.0,1998/S1,1998-01-01,1998-06-30,43.0,128.0,254.0
2189,1998.0,1.0,1998/S1,1998-01-01,1998-06-30,44.0,128.0,254.0
2190,1998.0,1.0,1998/S1,1998-01-01,1998-06-30,45.0,128.0,254.0
2191,1998.0,1.0,1998/S1,1998-01-01,1998-06-30,46.0,128.0,254.0
2192,1998.0,1.0,1998/S1,1998-01-01,1998-06-30,47.0,128.0,254.0
2193,1998.0,1.0,1998/S1,1998-01-01,1998-06-30,48.0,128.0,254.0
2194,1998.0,1.0,1998/S1,1998-01-01,1998-06-30,49.0,128.0,254.0
2195,1998.0,1.0,1998/S1,1998-01-01,1998-06-30,50.0,128.0,254.0
2196,1998.0,1.0,1998/S1,1998-01-01,1998-06-30,51.0,128.0,254.0
2197,1998.0,1.0,1998/S1,1998-01-01,1998-06-30,52.0,128.0,254.0
2198,1998.0,1.0,1998/S1,1998-01-01,1998-06-30,53.0,128.0,254.0
2199,1998.0,1.0,1998/S1,1998-01-01,1998-06-30,54.0,128.0,254.0
2200,1998.0,1.0,1998/S1,1998-01-01,1998-06-30,55.0,128.0,254.0
2201,1998.0,1.0,1998/S1,1998-01-01,1998-06-30,56.0,128.0,254.0
2202,1998.0,1.0,1998/S1,1998-01-01,1998-06-30,57.0,128.0,254.0
2203,1998.0,1.0,1998/S1,1998-01-01,1998-06-30,58.0,128.0,254.0
2204,1998.0,1.0,1998/S1,1998-01-01,1998-06-30,59.0,128.0,254.0
2205,1998.0,1.0,1998/S1,1998-01-01,1998-06-30,60.0,128.0,254.0
2206,1998.0,1.0,1998/S1,1998-01-01,1998-06-30,61.0,128.0,254.0
2207,1998.0,1.0,1998/S1,1998-01-01,1998-06-30,62.0,128.0,254.0
2208,1998.0,1.0,1998/S1,1998-01-01,1998-06-30,63.0,128.0,254.0
2209,1998.0,1.0,1998/S1,1998-01-01,1998-06-30,64.0,128.0,254.0
2210,1998.0,1.0,1998/S1,1998-01-01,1998-06-30,65.0,128.0,254.0
2211,1998.0,1.0,1998/S1,1998-01-01,1998-06-30,66.0,128.0,254.0
2212,1998.0,1.0,1998/S1,1998-01-01,1998-06-30,67.0,128.0,254.0
2213,1998.0,1.0,1998/S1,1998-01-01,1998-06-30,68.0,128.0,254.0
2214,1998.0,1.0,1998/S1,1998-01-01,1998-06-30,69.0,128.0,254.0
2215,1998.0,1.0,1998/S1,1998-01-01,1998-06-30,70.0,128.0,254.0
2216,1998.0,1.0,1998/S1,1998-01-01,1998-06-30,71.0,128.0,254.0
2217,1998.0,1.0,1998/S1,1998-01-01,1998-06-30,72.0,128.0,254.0
2218,1998.0,1.0,1998/S1,1998-01-01,1998-06-30,73.0,128.0,254.0
2219,1998.0,1.0,1998/S1,1998-01-01,1998-06-30,74.0,128.0,254.0
2220,1998.0,1.0,1998/S1,1998-01-01,1998-06-30,75.0,128.0,254.0
2221,1998.0,1.0,1998/S1,1998-01-01,1998-06-30,76.0,128.0,254.0
2222,1998.0,1.0,1998/S1,1998-01-01,1998-06-30,77.0,128.0,254.0
2223,1998.0,1.0,1998/S1,1998-01-01,1998-06-30,78.0,128.0,254.0
2224,1998.0,1.0,1998/S1,1998-01-01,1998-06-30,79.0,128.0,254.0
2225,1998.0,1.0,1998/S1,1998-01-01,1998-06-30,80.0,128.0,254.0
2226,1998.0,1.0,1998/S1,1998-01-01,1998-06-30,81.0,128.0,254.0
2227,1998.0,1.0,1998/S1,1998-01-01,1998-06-30,82.0,128.0,254.0
2228,1998.0,1.0,1998/S1,1998-01-01,1998-06-30,83.0,128.0,254.0
2229,1998.0,1.0,1998/S1,1998-01-01,1998-06-30,84.0,128.0,254.0
2230,1998.0,1.0,1998/S1,1998-01-01,1998-06-30,85.0,128.0,254.0
2231,1998.0,1.0,1998/S1,1998-01-01,1998-06-30,86.0,128.0,254.0
2232,1998.0,1.0,1998/S1,1998-01-01,1998-06-30,87.0,128.0,254.0
2233,1998.0,1.0,1998/S1,1998-01-01,1998-06-30,88.0,128.0,254.0
2234,1998.0,1.0,1998/S1,1998-01-01,1998-06-30,89.0,128.0,254.0
2235,1998.0,1.0,1998/S1,1998-01-01,1998-06-30,90.0,128.0,254.0
2236,1998.0,1.0,1998/S1,1998-01-01,1998-06-30,91.0,128.0,254.0
2237,1998.0,1.0,1998/S1,1998-01-01,1998-06-30,92.0,128.0,254.0
2238,1998.0,1.0,1998/S1,1998-01-01,1998-06-30,93.0,128.0,254.0
2239,1998.0,1.0,1998/S1,1998-01-01,1998-06-30,94.0,128.0,254.0
2240,1998.0,1.0,1998/S1,1998-01-01,1998-06-30,95.0,128.0,254.0
2241,1998.0,1.0,1998/S1,1998-01-01,1998-06-30,96.0,128.0,254.0
2242,1998.0,1.0,1998/S1,1998-01-01,1998-06-30,97.0,128.0,254.0
2243,1998.0,1.0,1998/S1,1998-01-01,1998-06-30,98.0,128.0,254.0
2244,1998.0,1.0,1998/S1,1998-01-01,1998-06-30,99.0,128.0,254.0
2245,1998.0,1.0,1998/S1,1998-01-01,1998-06-30,100.0,128.0,254.0
2246,1998.0,1.0,1998/S1,1998-01-01,1998-06-30,101.0,128.0,254.0
2247,1998.0,1.0,1998/S1,1998-01-01,1998-06-30,102.0,128.0,254.0
2248,1998.0,1.0,1998/S1,1998-01-01,1998-06-30,103.0,128.0,254.0
2249,1998.0,1.0,1998/S1,1998-01-01,1998-06-30,104.0,128.0,254.0
2250,1998.0,1.0,1998/S1,1998-01-01,1998-06-30,105.0,128.0,254.0
2251,1998.0,1.0,1998/S1,1998-01-01,1998-06-30,106.0,128.0,254.0
2252,1998.0,1.0,1998/S1,1998-01-01,1998-06-30,107.0,128.0,254.0
2253,1998.0,1.0,1998/S1,1998-01-01,1998-06-30,108.0,128.0,254.0
2254,1998.0,1.0,1998/S1,1998-01-01,1998-06-30,109.0,128.0,254.0
2255,1998.0,1.0,1998/S1,1998-01-01,1998-06-30,110.0,128.0,254.0
2256,1998.0,1.0,1998/S1,1998-01-01,1998-06-30,111.0,128.0,254.0
2257,1998.0,1.0,1998/S1,1998-01-01,1998-06-30,112.0,128.0,254.0
2258,1998.0,1.0,1998/S1,1998-01-01,1998-06-30,113.0,128.0,254.0
2259,1998.0,1.0,1998/S1,1998-01-01,1998-06-30,114.0,128.0,254.0
2260,1998.0,1.0,1998/S1,1998-01-01,1998-06-30,115.0,128.0,254.0
2261,1998.0,1.0,1998/S1,1998-01-01,1998-06-30,116.0,128.0,254.0
2262,1998.0,1.0,1998/S1,1998-01-01,1998-06-30,117.0,128.0,254.0
2263,1998.0,1.0,1998/S1,1998-01-01,1998-06-30,118.0,128.0,254.0
2264,1998.0,1.0,1998/S1,1998-01-01,1998-06-30,119.0,128.0,254.0
2265,1998.0,1.0,1998/S1,1998-01-01,1998-06-30,120.0,128.0,254.0
2266,1998.0,1.0,1998/S1,1998-01-01,1998-06-30,121.0,128.0,254.0
2267,1998.0,1.0,1998/S1,1998-01-01,1998-06-30,122.0,128.0,254.0
2268,1998.0,1.0,1998/S1,1998-01-01,1998-06-30,123.0,128.0,254.0
2269,1998.0,1.0,1998/S1,1998-01-01,1998-06-30,124.0,128.0,254.0
2270,1998.0,1.0,1998/S1,1998-01-01,1998-06-30,125.0,128.0,254.0
2271,1998.0,1.0,1998/S1,1998-01-01,1998-06-30,126.0,128.0,254.0
2272,1998.0,1.0,1998/S1,1998-01-01,1998-06-30,127.0,128.0,254.0
2273,1998.0,1.0,1998/S1,1998-01-01,1998-06-30,128.0,128.0,254.0
2274,1999.0,2.0,1999/S2,1999-07-01,1999-12-31,1.0,126.0,252.0
2275,1999.0,2.0,1999/S2,1999-07-01,1999-12-31,2.0,126.0,252.0
2276,1999.0,2.0,1999/S2,1999-07-01,1999-12-31,3.0,126.0,252.0
2277,1999.0,2.0,1999/S2,1999-07-01,1999-12-31,4.0,126.0,252.0
2278,1999.0,2.0,1999/S2,1999-07-01,1999-12-31,5.0,126.0,252.0
2279,1999.0,2.0,1999/S2,1999-07-01,1999-12-31,6.0,126.0,252.0
2280,1999.0,2.0,1999/S2,1999-07-01,1999-12-31,7.0,126.0,252.0
2281,1999.0,2.0,1999/S2,1999-07-01,1999-12-31,8.0,126.0,252.0
2282,1999.0,2.0,1999/S2,1999-07-01,1999-12-31,9.0,126.0,252.0
2283,1999.0,2.0,1999/S2,1999-07-01,1999-12-31,10.0,126.0,252.0
2284,1999.0,2.0,1999/S2,1999-07-01,1999-12-31,11.0,126.0,252.0
2285,1999.0,2.0,1999/S2,1999-07-01,1999-12-31,12.0,126.0,252.0
2286,1999.0,2.0,1999/S2,1999-07-01,1999-12-31,13.0,126.0,252.0
2287,1999.0,2.0,1999/S2,1999-07-01,1999-12-31,14.0,126.0,252.0
2288,1999.0,2.0,1999/S2,1999-07-01,1999-12-31,15.0,126.0,252.0
2289,1999.0,2.0,1999/S2,1999-07-01,1999-12-31,16.0,126.0,252.0
2290,1999.0,2.0,1999/S2,1999-07-01,1999-12-31,17.0,126.0,252.0
2291,1999.0,2.0,1999/S2,1999-07-01,1999-12-31,18.0,126.0,252.0
2292,1999.0,2.0,1999/S2,1999-07-01,1999-12-31,19.0,126.0,252.0
2293,1999.0,2.0,1999/S2,1999-07-01,1999-12-31,20.0,126.0,252.0
2294,1999.0,2.0,1999/S2,1999-07-01,1999-12-31,21.0,126.0,252.0
2295,1999.0,2.0,1999/S2,1999-07-01,1999-12-31,22.0,126.0,252.0
2296,1999.0,2.0,1999/S2,1999-07-01,1999-12-31,23.0,126.0,252.0
2297,1999.0,2.0,1999/S2,1999-07-01,1999-12-31,24.0,126.0,252.0
2298,1999.0,2.0,1999/S2,1999-07-01,1999-12-31,25.0,126.0,252.0
2299,1999.0,2.0,1999/S2,1999-07-01,1999-12-31,26.0,126.0,252.0
2300,1999.0,2.0,1999/S2,1999-07-01,1999-12-31,27.0,126.0,252.0
2301,1999.0,2.0,1999/S2,1999-07-01,1999-12-31,28.0,126.0,252.0
2302,1999.0,2.0,1999/S2,1999-07-01,1999-12-31,29.0,126.0,252.0
2303,1999.0,2.0,1999/S2,1999-07-01,1999-12-31,30.0,126.0,252.0
2304,1999.0,2.0,1999/S2,1999-07-01,1999-12-31,31.0,126.0,252.0
2305,1999.0,2.0,1999/S2,1999-07-01,1999-12-31,32.0,126.0,252.0
2306,1999.0,2.0,1999/S2,1999-07-01,1999-12-31,33.0,126.0,252.0
2307,1999.0,2.0,1999/S2,1999-07-01,1999-12-31,34.0,126.0,252.0
2308,1999.0,2.0,1999/S2,1999-07-01,1999-12-31,35.0,126.0,252.0
2309,1999.0,2.0,1999/S2,1999-07-01,1999-12-31,36.0,126.0,252.0
2310,1999.0,2.0,1999/S2,1999-07-01,1999-12-31,37.0,126.0,252.0
2311,1999.0,2.0,1999/S2,1999-07-01,1999-12-31,38.0,126.0,252.0
2312,1999.0,2.0,1999/S2,1999-07-01,1999-12-31,39.0,126.0,252.0
2313,1999.0,2.0,1999/S2,1999-07-01,1999-12-31,40.0,126.0,252.0
2314,1999.0,2.0,1999/S2,1999-07-01,1999-12-31,41.0,126.0,252.0
2315,1999.0,2.0,1999/S2,1999-07-01,1999-12-31,42.0,126.0,252.0
2316,1999.0,2.0,1999/S2,1999-07-01,1999-12-31,43.0,126.0,252.0
2317,1999.0,2.0,1999/S2,1999-07-01,1999-12-31,44.0,126.0,252.0
2318,1999.0,2.0,1999/S2,1999-07-01,1999-12-31,45.0,126.0,252.0
2319,1999.0,2.0,1999/S2,1999-07-01,1999-12-31,46.0,126.0,252.0
2320,1999.0,2.0,1999/S2,1999-07-01,1999-12-31,47.0,126.0,252.0
2321,1999.0,2.0,1999/S2,1999-07-01,1999-12-31,48.0,126.0,252.0
2322,1999.0,2.0,1999/S2,1999-07-01,1999-12-31,49.0,126.0,252.0
2323,1999.0,2.0,1999/S2,1999-07-01,1999-12-31,50.0,126.0,252.0
2324,1999.0,2.0,1999/S2,1999-07-01,1999-12-31,51.0,126.0,252.0
2325,1999.0,2.0,1999/S2,1999-07-01,1999-12-31,52.0,126.0,252.0
2326,1999.0,2.0,1999/S2,1999-07-01,1999-12-31,53.0,126.0,252.0
2327,1999.0,2.0,1999/S2,1999-07-01,1999-12-31,54.0,126.0,252.0
2328,1999.0,2.0,1999/S2,1999-07-01,1999-12-31,55.0,126.0,252.0
2329,1999.0,2.0,1999/S2,1999-07-01,1999-12-31,56.0,126.0,252.0
2330,1999.0,2.0,1999/S2,1999-07-01,1999-12-31,57.0,126.0,252.0
2331,1999.0,2.0,1999/S2,1999-07-01,1999-12-31,58.0,126.0,252.0
2332,1999.0,2.0,1999/S2,1999-07-01,1999-12-31,59.0,126.0,252.0
2333,1999.0,2.0,1999/S2,1999-07-01,1999-12-31,60.0,126.0,252.0
2334,1999.0,2.0,1999/S2,1999-07-01,1999-12-31,61.0,126.0,252.0
2335,1999.0,2.0,1999/S2,1999-07-01,1999-12-31,62.0,126.0,252.0
2336,1999.0,2.0,1999/S2,1999-07-01,1999-12-31,63.0,126.0,252.0
2337,1999.0,2.0,1999/S2,1999-07-01,1999-12-31,64.0,126.0,252.0
2338,1999.0,2.0,1999/S2,1999-07-01,1999-12-31,65.0,126.0,252.0
2339,1999.0,2.0,1999/S2,1999-07-01,1999-12-31,66.0,126.0,252.0
2340,1999.0,2.0,1999/S2,1999-07-01,1999-12-31,67.0,126.0,252.0
2341,1999.0,2.0,1999/S2,1999-07-01,1999-12-31,68.0,126.0,252.0
2342,1999.0,2.0,1999/S2,1999-07-01,1999-12-31,69.0,126.0,252.0
2343,1999.0,2.0,1999/S2,1999-07-01,1999-12-31,70.0,126.0,252.0
2344,1999.0,2.0,1999/S2,1999-07-01,1999-12-31,71.0,126.0,252.0
2345,1999.0,2.0,1999/S2,1999-07-01,1999-12-31,72.0,126.0,252.0
2346,1999.0,2.0,1999/S2,1999-07-01,1999-12-31,73.0,126.0,252.0
2347,1999.0,2.0,1999/S2,1999-07-01,1999-12-31,74.0,126.0,252.0
2348,1999.0,2.0,1999/S2,1999-07-01,1999-12-31,75.0,126.0,252.0
2349,1999.0,2.0,1999/S2,1999-07-01,1999-12-31,76.0,126.0,252.0
2350,1999.0,2.0,1999/S2,1999-07-01,1999-12-31,77.0,126.0,252.0
2351,1999.0,2.0,1999/S2,1999-07-01,1999-12-31,78.0,126.0,252.0
2352,1999.0,2.0,1999/S2,1999-07-01,1999-12-31,79.0,126.0,252.0
2353,1999.0,2.0,1999/S2,1999-07-01,1999-12-31,80.0,126.0,252.0
2354,1999.0,2.0,1999/S2,1999-07-01,1999-12-31,81.0,126.0,252.0
2355,1999.0,2.0,1999/S2,1999-07-01,1999-12-31,82.0,126.0,252.0
2356,1999.0,2.0,1999/S2,1999-07-01,1999-12-31,83.0,126.0,252.0
2357,1999.0,2.0,1999/S2,1999-07-01,1999-12-31,84.0,126.0,252.0
2358,1999.0,2.0,1999/S2,1999-07-01,1999-12-31,85.0,126.0,252.0
2359,1999.0,2.0,1999/S2,1999-07-01,1999-12-31,86.0,126.0,252.0
2360,1999.0,2.0,1999/S2,1999-07-01,1999-12-31,87.0,126.0,252.0
2361,1999.0,2.0,1999/S2,1999-07-01,1999-12-31,88.0,126.0,252.0
2362,1999.0,2.0,1999/S2,1999-07-01,1999-12-31,89.0,126.0,252.0
2363,1999.0,2.0,1999/S2,1999-07-01,1999-12-31,90.0,126.0,252.0
2364,1999.0,2.0,1999/S2,1999-07-01,1999-12-31,91.0,126.0,252.0
2365,1999.0,2.0,1999/S2,1999-07-01,1999-12-31,92.0,126.0,252.0
2366,1999.0,2.0,1999/S2,1999-07-01,1999-12-31,93.0,126.0,252.0
2367,1999.0,2.0,1999/S2,1999-07-01,1999-12-31,94.0,126.0,252.0
2368,1999.0,2.0,1999/S2,1999-07-01,1999-12-31,95.0,126.0,252.0
2369,1999.0,2.0,1999/S2,1999-07-01,1999-12-31,96.0,126.0,252.0
2370,1999.0,2.0,1999/S2,1999-07-01,1999-12-31,97.0,126.0,252.0
2371,1999.0,2.0,1999/S2,1999-07-01,1999-12-31,98.0,126.0,252.0
2372,1999.0,2.0,1999/S2,1999-07-01,1999-12-31,99.0,126.0,252.0
2373,1999.0,2.0,1999/S2,1999-07-01,1999-12-31,100.0,126.0,252.0
2374,1999.0,2.0,1999/S2,1999-07-01,1999-12-31,101.0,126.0,252.0
2375,1999.0,2.0,1999/S2,1999-07-01,1999-12-31,102.0,126.0,252.0
2376,1999.0,2.0,1999/S2,1999-07-01,1999-12-31,103.0,126.0,252.0
2377,1999.0,2.0,1999/S2,1999-07-01,1999-12-31,104.0,126.0,252.0
2378,1999.0,2.0,1999/S2,1999-07-01,1999-12-31,105.0,126.0,252.0
2379,1999.0,2.0,1999/S2,1999-07-01,1999-12-31,106.0,126.0,252.0
2380,1999.0,2.0,1999/S2,1999-07-01,1999-12-31,107.0,126.0,252.0
2381,1999.0,2.0,1999/S2,1999-07-01,1999-12-31,108.0,126.0,252.0
2382,1999.0,2.0,1999/S2,1999-07-01,1999-12-31,109.0,126.0,252.0
2383,1999.0,2.0,1999/S2,1999-07-01,1999-12-31,110.0,126.0,252.0
2384,1999.0,2.0,1999/S2,1999-07-01,1999-12-31,111.0,126.0,252.0
2385,1999.0,2.0,1999/S2,1999-07-01,1999-12-31,112.0,126.0,252.0
2386,1999.0,2.0,1999/S2,1999-07-01,1999-12-31,113.0,126.0,252.0
2387,1999.0,2.0,1999/S2,1999-07-01,1999-12-31,114.0,126.0,252.0
2388,1999.0,2.0,1999/S2,1999-07-01,1999-12-31,115.0,126.0,252.0
2389,1999.0,2.0,1999/S2,1999-07-01,1999-12-31,116.0,126.0,252.0
2390,1999.0,2.0,1999/S2,1999-07-01,1999-12-31,117.0,126.0,252.0
2391,1999.0,2.0,1999/S2,1999-07-01,1999-12-31,118.0,126.0,252.0
2392,1999.0,2.0,1999/S2,1999-07-01,1999-12-31,119.0,126.0,252.0
2393,1999.0,2.0,1999/S2,1999-07-01,1999-12-31,120.0,126.0,252.0
2394,1999.0,2.0,1999/S2,1999-07-01,1999-12-31,121.0,126.0,252.0
2395,1999.0,2.0,1999/S2,1999-07-01,1999-12-31,122.0,126.0,252.0
2396,1999.0,2.0,1999/S2,1999-07-01,1999-12-31,123.0,126.0,252.0
2397,1999.0,2.0,1999/S2,1999-07-01,1999-12-31,124.0,126.0,252.0
2398,1999.0,2.0,1999/S2,1999-07-01,1999-12-31,125.0,126.0,252.0
2399,1999.0,2.0,1999/S2,1999-07-01,1999-12-31,126.0,126.0,252.0
2400,1999.0,1.0,1999/S1,1999-01-01,1999-06-30,1.0,126.0,251.0
2401,1999.0,1.0,1999/S1,1999-01-01,1999-06-30,2.0,126.0,251.0
2402,1999.0,1.0,1999/S1,1999-01-01,1999-06-30,3.0,126.0,251.0
2403,1999.0,1.0,1999/S1,1999-01-01,1999-06-30,4.0,126.0,251.0
2404,1999.0,1.0,1999/S1,1999-01-01,1999-06-30,5.0,126.0,251.0
2405,1999.0,1.0,1999/S1,1999-01-01,1999-06-30,6.0,126.0,251.0
2406,1999.0,1.0,1999/S1,1999-01-01,1999-06-30,7.0,126.0,251.0
2407,1999.0,1.0,1999/S1,1999-01-01,1999-06-30,8.0,126.0,251.0
2408,1999.0,1.0,1999/S1,1999-01-01,1999-06-30,9.0,126.0,251.0
2409,1999.0,1.0,1999/S1,1999-01-01,1999-06-30,10.0,126.0,251.0
2410,1999.0,1.0,1999/S1,1999-01-01,1999-06-30,11.0,126.0,251.0
2411,1999.0,1.0,1999/S1,1999-01-01,1999-06-30,12.0,126.0,251.0
2412,1999.0,1.0,1999/S1,1999-01-01,1999-06-30,13.0,126.0,251.0
2413,1999.0,1.0,1999/S1,1999-01-01,1999-06-30,14.0,126.0,251.0
2414,1999.0,1.0,1999/S1,1999-01-01,1999-06-30,15.0,126.0,251.0
2415,1999.0,1.0,1999/S1,1999-01-01,1999-06-30,16.0,126.0,251.0
2416,1999.0,1.0,1999/S1,1999-01-01,1999-06-30,17.0,126.0,251.0
2417,1999.0,1.0,1999/S1,1999-01-01,1999-06-30,18.0,126.0,251.0
2418,1999.0,1.0,1999/S1,1999-01-01,1999-06-30,19.0,126.0,251.0
2419,1999.0,1.0,1999/S1,1999-01-01,1999-06-30,20.0,126.0,251.0
2420,1999.0,1.0,1999/S1,1999-01-01,1999-06-30,21.0,126.0,251.0
2421,1999.0,1.0,1999/S1,1999-01-01,1999-06-30,22.0,126.0,251.0
2422,1999.0,1.0,1999/S1,1999-01-01,1999-06-30,23.0,126.0,251.0
2423,1999.0,1.0,1999/S1,1999-01-01,1999-06-30,24.0,126.0,251.0
2424,1999.0,1.0,1999/S1,1999-01-01,1999-06-30,25.0,126.0,251.0
2425,1999.0,1.0,1999/S1,1999-01-01,1999-06-30,26.0,126.0,251.0
2426,1999.0,1.0,1999/S1,1999-01-01,1999-06-30,27.0,126.0,251.0
2427,1999.0,1.0,1999/S1,1999-01-01,1999-06-30,28.0,126.0,251.0
2428,1999.0,1.0,1999/S1,1999-01-01,1999-06-30,29.0,126.0,251.0
2429,1999.0,1.0,1999/S1,1999-01-01,1999-06-30,30.0,126.0,251.0
2430,1999.0,1.0,1999/S1,1999-01-01,1999-06-30,31.0,126.0,251.0
2431,1999.0,1.0,1999/S1,1999-01-01,1999-06-30,32.0,126.0,251.0
2432,1999.0,1.0,1999/S1,1999-01-01,1999-06-30,33.0,126.0,251.0
2433,1999.0,1.0,1999/S1,1999-01-01,1999-06-30,34.0,126.0,251.0
2434,1999.0,1.0,1999/S1,1999-01-01,1999-06-30,35.0,126.0,251.0
2435,1999.0,1.0,1999/S1,1999-01-01,1999-06-30,36.0,126.0,251.0
2436,1999.0,1.0,1999/S1,1999-01-01,1999-06-30,37.0,126.0,251.0
2437,1999.0,1.0,1999/S1,1999-01-01,1999-06-30,38.0,126.0,251.0
2438,1999.0,1.0,1999/S1,1999-01-01,1999-06-30,39.0,126.0,251.0
2439,1999.0,1.0,1999/S1,1999-01-01,1999-06-30,40.0,126.0,251.0
2440,1999.0,1.0,1999/S1,1999-01-01,1999-06-30,41.0,126.0,251.0
2441,1999.0,1.0,1999/S1,1999-01-01,1999-06-30,42.0,126.0,251.0
2442,1999.0,1.0,1999/S1,1999-01-01,1999-06-30,43.0,126.0,251.0
2443,1999.0,1.0,1999/S1,1999-01-01,1999-06-30,44.0,126.0,251.0
2444,1999.0,1.0,1999/S1,1999-01-01,1999-06-30,45.0,126.0,251.0
2445,1999.0,1.0,1999/S1,1999-01-01,1999-06-30,46.0,126.0,251.0
2446,1999.0,1.0,1999/S1,1999-01-01,1999-06-30,47.0,126.0,251.0
2447,1999.0,1.0,1999/S1,1999-01-01,1999-06-30,48.0,126.0,251.0
2448,1999.0,1.0,1999/S1,1999-01-01,1999-06-30,49.0,126.0,251.0
2449,1999.0,1.0,1999/S1,1999-01-01,1999-06-30,50.0,126.0,251.0
2450,1999.0,1.0,1999/S1,1999-01-01,1999-06-30,51.0,126.0,251.0
2451,1999.0,1.0,1999/S1,1999-01-01,1999-06-30,52.0,126.0,251.0
2452,1999.0,1.0,1999/S1,1999-01-01,1999-06-30,53.0,126.0,251.0
2453,1999.0,1.0,1999/S1,1999-01-01,1999-06-30,54.0,126.0,251.0
2454,1999.0,1.0,1999/S1,1999-01-01,1999-06-30,55.0,126.0,251.0
2455,1999.0,1.0,1999/S1,1999-01-01,1999-06-30,56.0,126.0,251.0
2456,1999.0,1.0,1999/S1,1999-01-01,1999-06-30,57.0,126.0,251.0
2457,1999.0,1.0,1999/S1,1999-01-01,1999-06-30,58.0,126.0,251.0
2458,1999.0,1.0,1999/S1,1999-01-01,1999-06-30,59.0,126.0,251.0
2459,1999.0,1.0,1999/S1,1999-01-01,1999-06-30,60.0,126.0,251.0
2460,1999.0,1.0,1999/S1,1999-01-01,1999-06-30,61.0,126.0,251.0
2461,1999.0,1.0,1999/S1,1999-01-01,1999-06-30,62.0,126.0,251.0
2462,1999.0,1.0,1999/S1,1999-01-01,1999-06-30,63.0,126.0,251.0
2463,1999.0,1.0,1999/S1,1999-01-01,1999-06-30,64.0,126.0,251.0
2464,1999.0,1.0,1999/S1,1999-01-01,1999-06-30,65.0,126.0,251.0
2465,1999.0,1.0,1999/S1,1999-01-01,1999-06-30,66.0,126.0,251.0
2466,1999.0,1.0,1999/S1,1999-01-01,1999-06-30,67.0,126.0,251.0
2467,1999.0,1.0,1999/S1,1999-01-01,1999-06-30,68.0,126.0,251.0
2468,1999.0,1.0,1999/S1,1999-01-01,1999-06-30,69.0,126.0,251.0
2469,1999.0,1.0,1999/S1,1999-01-01,1999-06-30,70.0,126.0,251.0
2470,1999.0,1.0,1999/S1,1999-01-01,1999-06-30,71.0,126.0,251.0
2471,1999.0,1.0,1999/S1,1999-01-01,1999-06-30,72.0,126.0,251.0
2472,1999.0,1.0,1999/S1,1999-01-01,1999-06-30,73.0,126.0,251.0
2473,1999.0,1.0,1999/S1,1999-01-01,1999-06-30,74.0,126.0,251.0
2474,1999.0,1.0,1999/S1,1999-01-01,1999-06-30,75.0,126.0,251.0
2475,1999.0,1.0,1999/S1,1999-01-01,1999-06-30,76.0,126.0,251.0
2476,1999.0,1.0,1999/S1,1999-01-01,1999-06-30,77.0,126.0,251.0
2477,1999.0,1.0,1999/S1,1999-01-01,1999-06-30,78.0,126.0,251.0
2478,1999.0,1.0,1999/S1,1999-01-01,1999-06-30,79.0,126.0,251.0
2479,1999.0,1.0,1999/S1,1999-01-01,1999-06-30,80.0,126.0,251.0
2480,1999.0,1.0,1999/S1,1999-01-01,1999-06-30,81.0,126.0,251.0
2481,1999.0,1.0,1999/S1,1999-01-01,1999-06-30,82.0,126.0,251.0
2482,1999.0,1.0,1999/S1,1999-01-01,1999-06-30,83.0,126.0,251.0
2483,1999.0,1.0,1999/S1,1999-01-01,1999-06-30,84.0,126.0,251.0
2484,1999.0,1.0,1999/S1,1999-01-01,1999-06-30,85.0,126.0,251.0
2485,1999.0,1.0,1999/S1,1999-01-01,1999-06-30,86.0,126.0,251.0
2486,1999.0,1.0,1999/S1,1999-01-01,1999-06-30,87.0,126.0,251.0
2487,1999.0,1.0,1999/S1,1999-01-01,1999-06-30,88.0,126.0,251.0
2488,1999.0,1.0,1999/S1,1999-01-01,1999-06-30,89.0,126.0,251.0
2489,1999.0,1.0,1999/S1,1999-01-01,1999-06-30,90.0,126.0,251.0
2490,1999.0,1.0,1999/S1,1999-01-01,1999-06-30,91.0,126.0,251.0
2491,1999.0,1.0,1999/S1,1999-01-01,1999-06-30,92.0,126.0,251.0
2492,1999.0,1.0,1999/S1,1999-01-01,1999-06-30,93.0,126.0,251.0
2493,1999.0,1.0,1999/S1,1999-01-01,1999-06-30,94.0,126.0,251.0
2494,1999.0,1.0,1999/S1,1999-01-01,1999-06-30,95.0,126.0,251.0
2495,1999.0,1.0,1999/S1,1999-01-01,1999-06-30,96.0,126.0,251.0
2496,1999.0,1.0,1999/S1,1999-01-01,1999-06-30,97.0,126.0,251.0
2497,1999.0,1.0,1999/S1,1999-01-01,1999-06-30,98.0,126.0,251.0
2498,1999.0,1.0,1999/S1,1999-01-01,1999-06-30,99.0,126.0,251.0
2499,1999.0,1.0,1999/S1,1999-01-01,1999-06-30,100.0,126.0,251.0
2500,1999.0,1.0,1999/S1,1999-01-01,1999-06-30,101.0,126.0,251.0
2501,1999.0,1.0,1999/S1,1999-01-01,1999-06-30,102.0,126.0,251.0
2502,1999.0,1.0,1999/S1,1999-01-01,1999-06-30,103.0,126.0,251.0
2503,1999.0,1.0,1999/S1,1999-01-01,1999-06-30,104.0,126.0,251.0
2504,1999.0,1.0,1999/S1,1999-01-01,1999-06-30,105.0,126.0,251.0
2505,1999.0,1.0,1999/S1,1999-01-01,1999-06-30,106.0,126.0,251.0
2506,1999.0,1.0,1999/S1,1999-01-01,1999-06-30,107.0,126.0,251.0
2507,1999.0,1.0,1999/S1,1999-01-01,1999-06-30,108.0,126.0,251.0
2508,1999.0,1.0,1999/S1,1999-01-01,1999-06-30,109.0,126.0,251.0
2509,1999.0,1.0,1999/S1,1999-01-01,1999-06-30,110.0,126.0,251.0
2510,1999.0,1.0,1999/S1,1999-01-01,1999-06-30,111.0,126.0,251.0
2511,1999.0,1.0,1999/S1,1999-01-01,1999-06-30,112.0,126.0,251.0
2512,1999.0,1.0,1999/S1,1999-01-01,1999-06-30,113.0,126.0,251.0
2513,1999.0,1.0,1999/S1,1999-01-01,1999-06-30,114.0,126.0,251.0
2514,1999.0,1.0,1999/S1,1999-01-01,1999-06-30,115.0,126.0,251.0
2515,1999.0,1.0,1999/S1,1999-01-01,1999-06-30,116.0,126.0,251.0
2516,1999.0,1.0,1999/S1,1999-01-01,1999-06-30,117.0,126.0,251.0
2517,1999.0,1.0,1999/S1,1999-01-01,1999-06-30,118.0,126.0,251.0
2518,1999.0,1.0,1999/S1,1999-01-01,1999-06-30,119.0,126.0,251.0
2519,1999.0,1.0,1999/S1,1999-01-01,1999-06-30,120.0,126.0,251.0
2520,1999.0,1.0,1999/S1,1999-01-01,1999-06-30,121.0,126.0,251.0
2521,1999.0,1.0,1999/S1,1999-01-01,1999-06-30,122.0,126.0,251.0
2522,1999.0,1.0,1999/S1,1999-01-01,1999-06-30,123.0,126.0,251.0
2523,1999.0,1.0,1999/S1,1999-01-01,1999-06-30,124.0,126.0,251.0
2524,1999.0,1.0,1999/S1,1999-01-01,1999-06-30,125.0,126.0,251.0
2525,1999.0,1.0,1999/S1,1999-01-01,1999-06-30,126.0,126.0,251.0
2526,2000.0,2.0,2000/S2,2000-07-01,2000-12-31,1.0,125.0,248.0
2527,2000.0,2.0,2000/S2,2000-07-01,2000-12-31,2.0,125.0,248.0
2528,2000.0,2.0,2000/S2,2000-07-01,2000-12-31,3.0,125.0,248.0
2529,2000.0,2.0,2000/S2,2000-07-01,2000-12-31,4.0,125.0,248.0
2530,2000.0,2.0,2000/S2,2000-07-01,2000-12-31,5.0,125.0,248.0
2531,2000.0,2.0,2000/S2,2000-07-01,2000-12-31,6.0,125.0,248.0
2532,2000.0,2.0,2000/S2,2000-07-01,2000-12-31,7.0,125.0,248.0
2533,2000.0,2.0,2000/S2,2000-07-01,2000-12-31,8.0,125.0,248.0
2534,2000.0,2.0,2000/S2,2000-07-01,2000-12-31,9.0,125.0,248.0
2535,2000.0,2.0,2000/S2,2000-07-01,2000-12-31,10.0,125.0,248.0
2536,2000.0,2.0,2000/S2,2000-07-01,2000-12-31,11.0,125.0,248.0
2537,2000.0,2.0,2000/S2,2000-07-01,2000-12-31,12.0,125.0,248.0
2538,2000.0,2.0,2000/S2,2000-07-01,2000-12-31,13.0,125.0,248.0
2539,2000.0,2.0,2000/S2,2000-07-01,2000-12-31,14.0,125.0,248.0
2540,2000.0,2.0,2000/S2,2000-07-01,2000-12-31,15.0,125.0,248.0
2541,2000.0,2.0,2000/S2,2000-07-01,2000-12-31,16.0,125.0,248.0
2542,2000.0,2.0,2000/S2,2000-07-01,2000-12-31,17.0,125.0,248.0
2543,2000.0,2.0,2000/S2,2000-07-01,2000-12-31,18.0,125.0,248.0
2544,2000.0,2.0,2000/S2,2000-07-01,2000-12-31,19.0,125.0,248.0
2545,2000.0,2.0,2000/S2,2000-07-01,2000-12-31,20.0,125.0,248.0
2546,2000.0,2.0,2000/S2,2000-07-01,2000-12-31,21.0,125.0,248.0
2547,2000.0,2.0,2000/S2,2000-07-01,2000-12-31,22.0,125.0,248.0
2548,2000.0,2.0,2000/S2,2000-07-01,2000-12-31,23.0,125.0,248.0
2549,2000.0,2.0,2000/S2,2000-07-01,2000-12-31,24.0,125.0,248.0
2550,2000.0,2.0,2000/S2,2000-07-01,2000-12-31,25.0,125.0,248.0
2551,2000.0,2.0,2000/S2,2000-07-01,2000-12-31,26.0,125.0,248.0
2552,2000.0,2.0,2000/S2,2000-07-01,2000-12-31,27.0,125.0,248.0
2553,2000.0,2.0,2000/S2,2000-07-01,2000-12-31,28.0,125.0,248.0
2554,2000.0,2.0,2000/S2,2000-07-01,2000-12-31,29.0,125.0,248.0
2555,2000.0,2.0,2000/S2,2000-07-01,2000-12-31,30.0,125.0,248.0
2556,2000.0,2.0,2000/S2,2000-07-01,2000-12-31,31.0,125.0,248.0
2557,2000.0,2.0,2000/S2,2000-07-01,2000-12-31,32.0,125.0,248.0
2558,2000.0,2.0,2000/S2,2000-07-01,2000-12-31,33.0,125.0,248.0
2559,2000.0,2.0,2000/S2,2000-07-01,2000-12-31,34.0,125.0,248.0
2560,2000.0,2.0,2000/S2,2000-07-01,2000-12-31,35.0,125.0,248.0
2561,2000.0,2.0,2000/S2,2000-07-01,2000-12-31,36.0,125.0,248.0
2562,2000.0,2.0,2000/S2,2000-07-01,2000-12-31,37.0,125.0,248.0
2563,2000.0,2.0,2000/S2,2000-07-01,2000-12-31,38.0,125.0,248.0
2564,2000.0,2.0,2000/S2,2000-07-01,2000-12-31,39.0,125.0,248.0
2565,2000.0,2.0,2000/S2,2000-07-01,2000-12-31,40.0,125.0,248.0
2566,2000.0,2.0,2000/S2,2000-07-01,2000-12-31,41.0,125.0,248.0
2567,2000.0,2.0,2000/S2,2000-07-01,2000-12-31,42.0,125.0,248.0
2568,2000.0,2.0,2000/S2,2000-07-01,2000-12-31,43.0,125.0,248.0
2569,2000.0,2.0,2000/S2,2000-07-01,2000-12-31,44.0,125.0,248.0
2570,2000.0,2.0,2000/S2,2000-07-01,2000-12-31,45.0,125.0,248.0
2571,2000.0,2.0,2000/S2,2000-07-01,2000-12-31,46.0,125.0,248.0
2572,2000.0,2.0,2000/S2,2000-07-01,2000-12-31,47.0,125.0,248.0
2573,2000.0,2.0,2000/S2,2000-07-01,2000-12-31,48.0,125.0,248.0
2574,2000.0,2.0,2000/S2,2000-07-01,2000-12-31,49.0,125.0,248.0
2575,2000.0,2.0,2000/S2,2000-07-01,2000-12-31,50.0,125.0,248.0
2576,2000.0,2.0,2000/S2,2000-07-01,2000-12-31,51.0,125.0,248.0
2577,2000.0,2.0,2000/S2,2000-07-01,2000-12-31,52.0,125.0,248.0
2578,2000.0,2.0,2000/S2,2000-07-01,2000-12-31,53.0,125.0,248.0
2579,2000.0,2.0,2000/S2,2000-07-01,2000-12-31,54.0,125.0,248.0
2580,2000.0,2.0,2000/S2,2000-07-01,2000-12-31,55.0,125.0,248.0
2581,2000.0,2.0,2000/S2,2000-07-01,2000-12-31,56.0,125.0,248.0
2582,2000.0,2.0,2000/S2,2000-07-01,2000-12-31,57.0,125.0,248.0
2583,2000.0,2.0,2000/S2,2000-07-01,2000-12-31,58.0,125.0,248.0
2584,2000.0,2.0,2000/S2,2000-07-01,2000-12-31,59.0,125.0,248.0
2585,2000.0,2.0,2000/S2,2000-07-01,2000-12-31,60.0,125.0,248.0
2586,2000.0,2.0,2000/S2,2000-07-01,2000-12-31,61.0,125.0,248.0
2587,2000.0,2.0,2000/S2,2000-07-01,2000-12-31,62.0,125.0,248.0
2588,2000.0,2.0,2000/S2,2000-07-01,2000-12-31,63.0,125.0,248.0
2589,2000.0,2.0,2000/S2,2000-07-01,2000-12-31,64.0,125.0,248.0
2590,2000.0,2.0,2000/S2,2000-07-01,2000-12-31,65.0,125.0,248.0
2591,2000.0,2.0,2000/S2,2000-07-01,2000-12-31,66.0,125.0,248.0
2592,2000.0,2.0,2000/S2,2000-07-01,2000-12-31,67.0,125.0,248.0
2593,2000.0,2.0,2000/S2,2000-07-01,2000-12-31,68.0,125.0,248.0
2594,2000.0,2.0,2000/S2,2000-07-01,2000-12-31,69.0,125.0,248.0
2595,2000.0,2.0,2000/S2,2000-07-01,2000-12-31,70.0,125.0,248.0
2596,2000.0,2.0,2000/S2,2000-07-01,2000-12-31,71.0,125.0,248.0
2597,2000.0,2.0,2000/S2,2000-07-01,2000-12-31,72.0,125.0,248.0
2598,2000.0,2.0,2000/S2,2000-07-01,2000-12-31,73.0,125.0,248.0
2599,2000.0,2.0,2000/S2,2000-07-01,2000-12-31,74.0,125.0,248.0
2600,2000.0,2.0,2000/S2,2000-07-01,2000-12-31,75.0,125.0,248.0
2601,2000.0,2.0,2000/S2,2000-07-01,2000-12-31,76.0,125.0,248.0
2602,2000.0,2.0,2000/S2,2000-07-01,2000-12-31,77.0,125.0,248.0
2603,2000.0,2.0,2000/S2,2000-07-01,2000-12-31,78.0,125.0,248.0
2604,2000.0,2.0,2000/S2,2000-07-01,2000-12-31,79.0,125.0,248.0
2605,2000.0,2.0,2000/S2,2000-07-01,2000-12-31,80.0,125.0,248.0
2606,2000.0,2.0,2000/S2,2000-07-01,2000-12-31,81.0,125.0,248.0
2607,2000.0,2.0,2000/S2,2000-07-01,2000-12-31,82.0,125.0,248.0
2608,2000.0,2.0,2000/S2,2000-07-01,2000-12-31,83.0,125.0,248.0
2609,2000.0,2.0,2000/S2,2000-07-01,2000-12-31,84.0,125.0,248.0
2610,2000.0,2.0,2000/S2,2000-07-01,2000-12-31,85.0,125.0,248.0
2611,2000.0,2.0,2000/S2,2000-07-01,2000-12-31,86.0,125.0,248.0
2612,2000.0,2.0,2000/S2,2000-07-01,2000-12-31,87.0,125.0,248.0
2613,2000.0,2.0,2000/S2,2000-07-01,2000-12-31,88.0,125.0,248.0
2614,2000.0,2.0,2000/S2,2000-07-01,2000-12-31,89.0,125.0,248.0
2615,2000.0,2.0,2000/S2,2000-07-01,2000-12-31,90.0,125.0,248.0
2616,2000.0,2.0,2000/S2,2000-07-01,2000-12-31,91.0,125.0,248.0
2617,2000.0,2.0,2000/S2,2000-07-01,2000-12-31,92.0,125.0,248.0
2618,2000.0,2.0,2000/S2,2000-07-01,2000-12-31,93.0,125.0,248.0
2619,2000.0,2.0,2000/S2,2000-07-01,2000-12-31,94.0,125.0,248.0
2620,2000.0,2.0,2000/S2,2000-07-01,2000-12-31,95.0,125.0,248.0
2621,2000.0,2.0,2000/S2,2000-07-01,2000-12-31,96.0,125.0,248.0
2622,2000.0,2.0,2000/S2,2000-07-01,2000-12-31,97.0,125.0,248.0
2623,2000.0,2.0,2000/S2,2000-07-01,2000-12-31,98.0,125.0,248.0
2624,2000.0,2.0,2000/S2,2000-07-01,2000-12-31,99.0,125.0,248.0
2625,2000.0,2.0,2000/S2,2000-07-01,2000-12-31,100.0,125.0,248.0
2626,2000.0,2.0,2000/S2,2000-07-01,2000-12-31,101.0,125.0,248.0
2627,2000.0,2.0,2000/S2,2000-07-01,2000-12-31,102.0,125.0,248.0
2628,2000.0,2.0,2000/S2,2000-07-01,2000-12-31,103.0,125.0,248.0
2629,2000.0,2.0,2000/S2,2000-07-01,2000-12-31,104.0,125.0,248.0
2630,2000.0,2.0,2000/S2,2000-07-01,2000-12-31,105.0,125.0,248.0
2631,2000.0,2.0,2000/S2,2000-07-01,2000-12-31,106.0,125.0,248.0
2632,2000.0,2.0,2000/S2,2000-07-01,2000-12-31,107.0,125.0,248.0
2633,2000.0,2.0,2000/S2,2000-07-01,2000-12-31,108.0,125.0,248.0
2634,2000.0,2.0,2000/S2,2000-07-01,2000-12-31,109.0,125.0,248.0
2635,2000.0,2.0,2000/S2,2000-07-01,2000-12-31,110.0,125.0,248.0
2636,2000.0,2.0,2000/S2,2000-07-01,2000-12-31,111.0,125.0,248.0
2637,2000.0,2.0,2000/S2,2000-07-01,2000-12-31,112.0,125.0,248.0
2638,2000.0,2.0,2000/S2,2000-07-01,2000-12-31,113.0,125.0,248.0
2639,2000.0,2.0,2000/S2,2000-07-01,2000-12-31,114.0,125.0,248.0
2640,2000.0,2.0,2000/S2,2000-07-01,2000-12-31,115.0,125.0,248.0
2641,2000.0,2.0,2000/S2,2000-07-01,2000-12-31,116.0,125.0,248.0
2642,2000.0,2.0,2000/S2,2000-07-01,2000-12-31,117.0,125.0,248.0
2643,2000.0,2.0,2000/S2,2000-07-01,2000-12-31,118.0,125.0,248.0
2644,2000.0,2.0,2000/S2,2000-07-01,2000-12-31,119.0,125.0,248.0
2645,2000.0,2.0,2000/S2,2000-07-01,2000-12-31,120.0,125.0,248.0
2646,2000.0,2.0,2000/S2,2000-07-01,2000-12-31,121.0,125.0,248.0
2647,2000.0,2.0,2000/S2,2000-07-01,2000-12-31,122.0,125.0,248.0
2648,2000.0,2.0,2000/S2,2000-07-01,2000-12-31,123.0,125.0,248.0
2649,2000.0,2.0,2000/S2,2000-07-01,2000-12-31,124.0,125.0,248.0
2650,2000.0,2.0,2000/S2,2000-07-01,2000-12-31,125.0,125.0,248.0
2651,2000.0,1.0,2000/S1,2000-01-01,2000-06-30,1.0,123.0,247.0
2652,2000.0,1.0,2000/S1,2000-01-01,2000-06-30,2.0,123.0,247.0
2653,2000.0,1.0,2000/S1,2000-01-01,2000-06-30,3.0,123.0,247.0
2654,2000.0,1.0,2000/S1,2000-01-01,2000-06-30,4.0,123.0,247.0
2655,2000.0,1.0,2000/S1,2000-01-01,2000-06-30,5.0,123.0,247.0
2656,2000.0,1.0,2000/S1,2000-01-01,2000-06-30,6.0,123.0,247.0
2657,2000.0,1.0,2000/S1,2000-01-01,2000-06-30,7.0,123.0,247.0
2658,2000.0,1.0,2000/S1,2000-01-01,2000-06-30,8.0,123.0,247.0
2659,2000.0,1.0,2000/S1,2000-01-01,2000-06-30,9.0,123.0,247.0
2660,2000.0,1.0,2000/S1,2000-01-01,2000-06-30,10.0,123.0,247.0
2661,2000.0,1.0,2000/S1,2000-01-01,2000-06-30,11.0,123.0,247.0
2662,2000.0,1.0,2000/S1,2000-01-01,2000-06-30,12.0,123.0,247.0
2663,2000.0,1.0,2000/S1,2000-01-01,2000-06-30,13.0,123.0,247.0
2664,2000.0,1.0,2000/S1,2000-01-01,2000-06-30,14.0,123.0,247.0
2665,2000.0,1.0,2000/S1,2000-01-01,2000-06-30,15.0,123.0,247.0
2666,2000.0,1.0,2000/S1,2000-01-01,2000-06-30,16.0,123.0,247.0
2667,2000.0,1.0,2000/S1,2000-01-01,2000-06-30,17.0,123.0,247.0
2668,2000.0,1.0,2000/S1,2000-01-01,2000-06-30,18.0,123.0,247.0
2669,2000.0,1.0,2000/S1,2000-01-01,2000-06-30,19.0,123.0,247.0
2670,2000.0,1.0,2000/S1,2000-01-01,2000-06-30,20.0,123.0,247.0
2671,2000.0,1.0,2000/S1,2000-01-01,2000-06-30,21.0,123.0,247.0
2672,2000.0,1.0,2000/S1,2000-01-01,2000-06-30,22.0,123.0,247.0
2673,2000.0,1.0,2000/S1,2000-01-01,2000-06-30,23.0,123.0,247.0
2674,2000.0,1.0,2000/S1,2000-01-01,2000-06-30,24.0,123.0,247.0
2675,2000.0,1.0,2000/S1,2000-01-01,2000-06-30,25.0,123.0,247.0
2676,2000.0,1.0,2000/S1,2000-01-01,2000-06-30,26.0,123.0,247.0
2677,2000.0,1.0,2000/S1,2000-01-01,2000-06-30,27.0,123.0,247.0
2678,2000.0,1.0,2000/S1,2000-01-01,2000-06-30,28.0,123.0,247.0
2679,2000.0,1.0,2000/S1,2000-01-01,2000-06-30,29.0,123.0,247.0
2680,2000.0,1.0,2000/S1,2000-01-01,2000-06-30,30.0,123.0,247.0
2681,2000.0,1.0,2000/S1,2000-01-01,2000-06-30,31.0,123.0,247.0
2682,2000.0,1.0,2000/S1,2000-01-01,2000-06-30,32.0,123.0,247.0
2683,2000.0,1.0,2000/S1,2000-01-01,2000-06-30,33.0,123.0,247.0
2684,2000.0,1.0,2000/S1,2000-01-01,2000-06-30,34.0,123.0,247.0
2685,2000.0,1.0,2000/S1,2000-01-01,2000-06-30,35.0,123.0,247.0
2686,2000.0,1.0,2000/S1,2000-01-01,2000-06-30,36.0,123.0,247.0
2687,2000.0,1.0,2000/S1,2000-01-01,2000-06-30,37.0,123.0,247.0
2688,2000.0,1.0,2000/S1,2000-01-01,2000-06-30,38.0,123.0,247.0
2689,2000.0,1.0,2000/S1,2000-01-01,2000-06-30,39.0,123.0,247.0
2690,2000.0,1.0,2000/S1,2000-01-01,2000-06-30,40.0,123.0,247.0
2691,2000.0,1.0,2000/S1,2000-01-01,2000-06-30,41.0,123.0,247.0
2692,2000.0,1.0,2000/S1,2000-01-01,2000-06-30,42.0,123.0,247.0
2693,2000.0,1.0,2000/S1,2000-01-01,2000-06-30,43.0,123.0,247.0
2694,2000.0,1.0,2000/S1,2000-01-01,2000-06-30,44.0,123.0,247.0
2695,2000.0,1.0,2000/S1,2000-01-01,2000-06-30,45.0,123.0,247.0
2696,2000.0,1.0,2000/S1,2000-01-01,2000-06-30,46.0,123.0,247.0
2697,2000.0,1.0,2000/S1,2000-01-01,2000-06-30,47.0,123.0,247.0
2698,2000.0,1.0,2000/S1,2000-01-01,2000-06-30,48.0,123.0,247.0
2699,2000.0,1.0,2000/S1,2000-01-01,2000-06-30,49.0,123.0,247.0
2700,2000.0,1.0,2000/S1,2000-01-01,2000-06-30,50.0,123.0,247.0
2701,2000.0,1.0,2000/S1,2000-01-01,2000-06-30,51.0,123.0,247.0
2702,2000.0,1.0,2000/S1,2000-01-01,2000-06-30,52.0,123.0,247.0
2703,2000.0,1.0,2000/S1,2000-01-01,2000-06-30,53.0,123.0,247.0
2704,2000.0,1.0,2000/S1,2000-01-01,2000-06-30,54.0,123.0,247.0
2705,2000.0,1.0,2000/S1,2000-01-01,2000-06-30,55.0,123.0,247.0
2706,2000.0,1.0,2000/S1,2000-01-01,2000-06-30,56.0,123.0,247.0
2707,2000.0,1.0,2000/S1,2000-01-01,2000-06-30,57.0,123.0,247.0
2708,2000.0,1.0,2000/S1,2000-01-01,2000-06-30,58.0,123.0,247.0
2709,2000.0,1.0,2000/S1,2000-01-01,2000-06-30,59.0,123.0,247.0
2710,2000.0,1.0,2000/S1,2000-01-01,2000-06-30,60.0,123.0,247.0
2711,2000.0,1.0,2000/S1,2000-01-01,2000-06-30,61.0,123.0,247.0
2712,2000.0,1.0,2000/S1,2000-01-01,2000-06-30,62.0,123.0,247.0
2713,2000.0,1.0,2000/S1,2000-01-01,2000-06-30,63.0,123.0,247.0
2714,2000.0,1.0,2000/S1,2000-01-01,2000-06-30,64.0,123.0,247.0
2715,2000.0,1.0,2000/S1,2000-01-01,2000-06-30,65.0,123.0,247.0
2716,2000.0,1.0,2000/S1,2000-01-01,2000-06-30,66.0,123.0,247.0
2717,2000.0,1.0,2000/S1,2000-01-01,2000-06-30,67.0,123.0,247.0
2718,2000.0,1.0,2000/S1,2000-01-01,2000-06-30,68.0,123.0,247.0
2719,2000.0,1.0,2000/S1,2000-01-01,2000-06-30,69.0,123.0,247.0
2720,2000.0,1.0,2000/S1,2000-01-01,2000-06-30,70.0,123.0,247.0
2721,2000.0,1.0,2000/S1,2000-01-01,2000-06-30,71.0,123.0,247.0
2722,2000.0,1.0,2000/S1,2000-01-01,2000-06-30,72.0,123.0,247.0
2723,2000.0,1.0,2000/S1,2000-01-01,2000-06-30,73.0,123.0,247.0
2724,2000.0,1.0,2000/S1,2000-01-01,2000-06-30,74.0,123.0,247.0
2725,2000.0,1.0,2000/S1,2000-01-01,2000-06-30,75.0,123.0,247.0
2726,2000.0,1.0,2000/S1,2000-01-01,2000-06-30,76.0,123.0,247.0
2727,2000.0,1.0,2000/S1,2000-01-01,2000-06-30,77.0,123.0,247.0
2728,2000.0,1.0,2000/S1,2000-01-01,2000-06-30,78.0,123.0,247.0
2729,2000.0,1.0,2000/S1,2000-01-01,2000-06-30,79.0,123.0,247.0
2730,2000.0,1.0,2000/S1,2000-01-01,2000-06-30,80.0,123.0,247.0
2731,2000.0,1.0,2000/S1,2000-01-01,2000-06-30,81.0,123.0,247.0
2732,2000.0,1.0,2000/S1,2000-01-01,2000-06-30,82.0,123.0,247.0
2733,2000.0,1.0,2000/S1,2000-01-01,2000-06-30,83.0,123.0,247.0
2734,2000.0,1.0,2000/S1,2000-01-01,2000-06-30,84.0,123.0,247.0
2735,2000.0,1.0,2000/S1,2000-01-01,2000-06-30,85.0,123.0,247.0
2736,2000.0,1.0,2000/S1,2000-01-01,2000-06-30,86.0,123.0,247.0
2737,2000.0,1.0,2000/S1,2000-01-01,2000-06-30,87.0,123.0,247.0
2738,2000.0,1.0,2000/S1,2000-01-01,2000-06-30,88.0,123.0,247.0
2739,2000.0,1.0,2000/S1,2000-01-01,2000-06-30,89.0,123.0,247.0
2740,2000.0,1.0,2000/S1,2000-01-01,2000-06-30,90.0,123.0,247.0
2741,2000.0,1.0,2000/S1,2000-01-01,2000-06-30,91.0,123.0,247.0
2742,2000.0,1.0,2000/S1,2000-01-01,2000-06-30,92.0,123.0,247.0
2743,2000.0,1.0,2000/S1,2000-01-01,2000-06-30,93.0,123.0,247.0
2744,2000.0,1.0,2000/S1,2000-01-01,2000-06-30,94.0,123.0,247.0
2745,2000.0,1.0,2000/S1,2000-01-01,2000-06-30,95.0,123.0,247.0
2746,2000.0,1.0,2000/S1,2000-01-01,2000-06-30,96.0,123.0,247.0
2747,2000.0,1.0,2000/S1,2000-01-01,2000-06-30,97.0,123.0,247.0
2748,2000.0,1.0,2000/S1,2000-01-01,2000-06-30,98.0,123.0,247.0
2749,2000.0,1.0,2000/S1,2000-01-01,2000-06-30,99.0,123.0,247.0
2750,2000.0,1.0,2000/S1,2000-01-01,2000-06-30,100.0,123.0,247.0
2751,2000.0,1.0,2000/S1,2000-01-01,2000-06-30,101.0,123.0,247.0
2752,2000.0,1.0,2000/S1,2000-01-01,2000-06-30,102.0,123.0,247.0
2753,2000.0,1.0,2000/S1,2000-01-01,2000-06-30,103.0,123.0,247.0
2754,2000.0,1.0,2000/S1,2000-01-01,2000-06-30,104.0,123.0,247.0
2755,2000.0,1.0,2000/S1,2000-01-01,2000-06-30,105.0,123.0,247.0
2756,2000.0,1.0,2000/S1,2000-01-01,2000-06-30,106.0,123.0,247.0
2757,2000.0,1.0,2000/S1,2000-01-01,2000-06-30,107.0,123.0,247.0
2758,2000.0,1.0,2000/S1,2000-01-01,2000-06-30,108.0,123.0,247.0
2759,2000.0,1.0,2000/S1,2000-01-01,2000-06-30,109.0,123.0,247.0
2760,2000.0,1.0,2000/S1,2000-01-01,2000-06-30,110.0,123.0,247.0
2761,2000.0,1.0,2000/S1,2000-01-01,2000-06-30,111.0,123.0,247.0
2762,2000.0,1.0,2000/S1,2000-01-01,2000-06-30,112.0,123.0,247.0
2763,2000.0,1.0,2000/S1,2000-01-01,2000-06-30,113.0,123.0,247.0
2764,2000.0,1.0,2000/S1,2000-01-01,2000-06-30,114.0,123.0,247.0
2765,2000.0,1.0,2000/S1,2000-01-01,2000-06-30,115.0,123.0,247.0
2766,2000.0,1.0,2000/S1,2000-01-01,2000-06-30,116.0,123.0,247.0
2767,2000.0,1.0,2000/S1,2000-01-01,2000-06-30,117.0,123.0,247.0
2768,2000.0,1.0,2000/S1,2000-01-01,2000-06-30,118.0,123.0,247.0
2769,2000.0,1.0,2000/S1,2000-01-01,2000-06-30,119.0,123.0,247.0
2770,2000.0,1.0,2000/S1,2000-01-01,2000-06-30,120.0,123.0,247.0
2771,2000.0,1.0,2000/S1,2000-01-01,2000-06-30,121.0,123.0,247.0
2772,2000.0,1.0,2000/S1,2000-01-01,2000-06-30,122.0,123.0,247.0
2773,2000.0,1.0,2000/S1,2000-01-01,2000-06-30,123.0,123.0,247.0
2774,2001.0,2.0,2001/S2,2001-07-01,2001-12-31,1.0,124.0,252.0
2775,2001.0,2.0,2001/S2,2001-07-01,2001-12-31,2.0,124.0,252.0
2776,2001.0,2.0,2001/S2,2001-07-01,2001-12-31,3.0,124.0,252.0
2777,2001.0,2.0,2001/S2,2001-07-01,2001-12-31,4.0,124.0,252.0
2778,2001.0,2.0,2001/S2,2001-07-01,2001-12-31,5.0,124.0,252.0
2779,2001.0,2.0,2001/S2,2001-07-01,2001-12-31,6.0,124.0,252.0
2780,2001.0,2.0,2001/S2,2001-07-01,2001-12-31,7.0,124.0,252.0
2781,2001.0,2.0,2001/S2,2001-07-01,2001-12-31,8.0,124.0,252.0
2782,2001.0,2.0,2001/S2,2001-07-01,2001-12-31,9.0,124.0,252.0
2783,2001.0,2.0,2001/S2,2001-07-01,2001-12-31,10.0,124.0,252.0
2784,2001.0,2.0,2001/S2,2001-07-01,2001-12-31,11.0,124.0,252.0
2785,2001.0,2.0,2001/S2,2001-07-01,2001-12-31,12.0,124.0,252.0
2786,2001.0,2.0,2001/S2,2001-07-01,2001-12-31,13.0,124.0,252.0
2787,2001.0,2.0,2001/S2,2001-07-01,2001-12-31,14.0,124.0,252.0
2788,2001.0,2.0,2001/S2,2001-07-01,2001-12-31,15.0,124.0,252.0
2789,2001.0,2.0,2001/S2,2001-07-01,2001-12-31,16.0,124.0,252.0
2790,2001.0,2.0,2001/S2,2001-07-01,2001-12-31,17.0,124.0,252.0
2791,2001.0,2.0,2001/S2,2001-07-01,2001-12-31,18.0,124.0,252.0
2792,2001.0,2.0,2001/S2,2001-07-01,2001-12-31,19.0,124.0,252.0
2793,2001.0,2.0,2001/S2,2001-07-01,2001-12-31,20.0,124.0,252.0
2794,2001.0,2.0,2001/S2,2001-07-01,2001-12-31,21.0,124.0,252.0
2795,2001.0,2.0,2001/S2,2001-07-01,2001-12-31,22.0,124.0,252.0
2796,2001.0,2.0,2001/S2,2001-07-01,2001-12-31,23.0,124.0,252.0
2797,2001.0,2.0,2001/S2,2001-07-01,2001-12-31,24.0,124.0,252.0
2798,2001.0,2.0,2001/S2,2001-07-01,2001-12-31,25.0,124.0,252.0
2799,2001.0,2.0,2001/S2,2001-07-01,2001-12-31,26.0,124.0,252.0
2800,2001.0,2.0,2001/S2,2001-07-01,2001-12-31,27.0,124.0,252.0
2801,2001.0,2.0,2001/S2,2001-07-01,2001-12-31,28.0,124.0,252.0
2802,2001.0,2.0,2001/S2,2001-07-01,2001-12-31,29.0,124.0,252.0
2803,2001.0,2.0,2001/S2,2001-07-01,2001-12-31,30.0,124.0,252.0
2804,2001.0,2.0,2001/S2,2001-07-01,2001-12-31,31.0,124.0,252.0
2805,2001.0,2.0,2001/S2,2001-07-01,2001-12-31,32.0,124.0,252.0
2806,2001.0,2.0,2001/S2,2001-07-01,2001-12-31,33.0,124.0,252.0
2807,2001.0,2.0,2001/S2,2001-07-01,2001-12-31,34.0,124.0,252.0
2808,2001.0,2.0,2001/S2,2001-07-01,2001-12-31,35.0,124.0,252.0
2809,2001.0,2.0,2001/S2,2001-07-01,2001-12-31,36.0,124.0,252.0
2810,2001.0,2.0,2001/S2,2001-07-01,2001-12-31,37.0,124.0,252.0
2811,2001.0,2.0,2001/S2,2001-07-01,2001-12-31,38.0,124.0,252.0
2812,2001.0,2.0,2001/S2,2001-07-01,2001-12-31,39.0,124.0,252.0
2813,2001.0,2.0,2001/S2,2001-07-01,2001-12-31,40.0,124.0,252.0
2814,2001.0,2.0,2001/S2,2001-07-01,2001-12-31,41.0,124.0,252.0
2815,2001.0,2.0,2001/S2,2001-07-01,2001-12-31,42.0,124.0,252.0
2816,2001.0,2.0,2001/S2,2001-07-01,2001-12-31,43.0,124.0,252.0
2817,2001.0,2.0,2001/S2,2001-07-01,2001-12-31,44.0,124.0,252.0
2818,2001.0,2.0,2001/S2,2001-07-01,2001-12-31,45.0,124.0,252.0
2819,2001.0,2.0,2001/S2,2001-07-01,2001-12-31,46.0,124.0,252.0
2820,2001.0,2.0,2001/S2,2001-07-01,2001-12-31,47.0,124.0,252.0
2821,2001.0,2.0,2001/S2,2001-07-01,2001-12-31,48.0,124.0,252.0
2822,2001.0,2.0,2001/S2,2001-07-01,2001-12-31,49.0,124.0,252.0
2823,2001.0,2.0,2001/S2,2001-07-01,2001-12-31,50.0,124.0,252.0
2824,2001.0,2.0,2001/S2,2001-07-01,2001-12-31,51.0,124.0,252.0
2825,2001.0,2.0,2001/S2,2001-07-01,2001-12-31,52.0,124.0,252.0
2826,2001.0,2.0,2001/S2,2001-07-01,2001-12-31,53.0,124.0,252.0
2827,2001.0,2.0,2001/S2,2001-07-01,2001-12-31,54.0,124.0,252.0
2828,2001.0,2.0,2001/S2,2001-07-01,2001-12-31,55.0,124.0,252.0
2829,2001.0,2.0,2001/S2,2001-07-01,2001-12-31,56.0,124.0,252.0
2830,2001.0,2.0,2001/S2,2001-07-01,2001-12-31,57.0,124.0,252.0
2831,2001.0,2.0,2001/S2,2001-07-01,2001-12-31,58.0,124.0,252.0
2832,2001.0,2.0,2001/S2,2001-07-01,2001-12-31,59.0,124.0,252.0
2833,2001.0,2.0,2001/S2,2001-07-01,2001-12-31,60.0,124.0,252.0
2834,2001.0,2.0,2001/S2,2001-07-01,2001-12-31,61.0,124.0,252.0
2835,2001.0,2.0,2001/S2,2001-07-01,2001-12-31,62.0,124.0,252.0
2836,2001.0,2.0,2001/S2,2001-07-01,2001-12-31,63.0,124.0,252.0
2837,2001.0,2.0,2001/S2,2001-07-01,2001-12-31,64.0,124.0,252.0
2838,2001.0,2.0,2001/S2,2001-07-01,2001-12-31,65.0,124.0,252.0
2839,2001.0,2.0,2001/S2,2001-07-01,2001-12-31,66.0,124.0,252.0
2840,2001.0,2.0,2001/S2,2001-07-01,2001-12-31,67.0,124.0,252.0
2841,2001.0,2.0,2001/S2,2001-07-01,2001-12-31,68.0,124.0,252.0
2842,2001.0,2.0,2001/S2,2001-07-01,2001-12-31,69.0,124.0,252.0
2843,2001.0,2.0,2001/S2,2001-07-01,2001-12-31,70.0,124.0,252.0
2844,2001.0,2.0,2001/S2,2001-07-01,2001-12-31,71.0,124.0,252.0
2845,2001.0,2.0,2001/S2,2001-07-01,2001-12-31,72.0,124.0,252.0
2846,2001.0,2.0,2001/S2,2001-07-01,2001-12-31,73.0,124.0,252.0
2847,2001.0,2.0,2001/S2,2001-07-01,2001-12-31,74.0,124.0,252.0
2848,2001.0,2.0,2001/S2,2001-07-01,2001-12-31,75.0,124.0,252.0
2849,2001.0,2.0,2001/S2,2001-07-01,2001-12-31,76.0,124.0,252.0
2850,2001.0,2.0,2001/S2,2001-07-01,2001-12-31,77.0,124.0,252.0
2851,2001.0,2.0,2001/S2,2001-07-01,2001-12-31,78.0,124.0,252.0
2852,2001.0,2.0,2001/S2,2001-07-01,2001-12-31,79.0,124.0,252.0
2853,2001.0,2.0,2001/S2,2001-07-01,2001-12-31,80.0,124.0,252.0
2854,2001.0,2.0,2001/S2,2001-07-01,2001-12-31,81.0,124.0,252.0
2855,2001.0,2.0,2001/S2,2001-07-01,2001-12-31,82.0,124.0,252.0
2856,2001.0,2.0,2001/S2,2001-07-01,2001-12-31,83.0,124.0,252.0
2857,2001.0,2.0,2001/S2,2001-07-01,2001-12-31,84.0,124.0,252.0
2858,2001.0,2.0,2001/S2,2001-07-01,2001-12-31,85.0,124.0,252.0
2859,2001.0,2.0,2001/S2,2001-07-01,2001-12-31,86.0,124.0,252.0
2860,2001.0,2.0,2001/S2,2001-07-01,2001-12-31,87.0,124.0,252.0
2861,2001.0,2.0,2001/S2,2001-07-01,2001-12-31,88.0,124.0,252.0
2862,2001.0,2.0,2001/S2,2001-07-01,2001-12-31,89.0,124.0,252.0
2863,2001.0,2.0,2001/S2,2001-07-01,2001-12-31,90.0,124.0,252.0
2864,2001.0,2.0,2001/S2,2001-07-01,2001-12-31,91.0,124.0,252.0
2865,2001.0,2.0,2001/S2,2001-07-01,2001-12-31,92.0,124.0,252.0
2866,2001.0,2.0,2001/S2,2001-07-01,2001-12-31,93.0,124.0,252.0
2867,2001.0,2.0,2001/S2,2001-07-01,2001-12-31,94.0,124.0,252.0
2868,2001.0,2.0,2001/S2,2001-07-01,2001-12-31,95.0,124.0,252.0
2869,2001.0,2.0,2001/S2,2001-07-01,2001-12-31,96.0,124.0,252.0
2870,2001.0,2.0,2001/S2,2001-07-01,2001-12-31,97.0,124.0,252.0
2871,2001.0,2.0,2001/S2,2001-07-01,2001-12-31,98.0,124.0,252.0
2872,2001.0,2.0,2001/S2,2001-07-01,2001-12-31,99.0,124.0,252.0
2873,2001.0,2.0,2001/S2,2001-07-01,2001-12-31,100.0,124.0,252.0
2874,2001.0,2.0,2001/S2,2001-07-01,2001-12-31,101.0,124.0,252.0
2875,2001.0,2.0,2001/S2,2001-07-01,2001-12-31,102.0,124.0,252.0
2876,2001.0,2.0,2001/S2,2001-07-01,2001-12-31,103.0,124.0,252.0
2877,2001.0,2.0,2001/S2,2001-07-01,2001-12-31,104.0,124.0,252.0
2878,2001.0,2.0,2001/S2,2001-07-01,2001-12-31,105.0,124.0,252.0
2879,2001.0,2.0,2001/S2,2001-07-01,2001-12-31,106.0,124.0,252.0
2880,2001.0,2.0,2001/S2,2001-07-01,2001-12-31,107.0,124.0,252.0
2881,2001.0,2.0,2001/S2,2001-07-01,2001-12-31,108.0,124.0,252.0
2882,2001.0,2.0,2001/S2,2001-07-01,2001-12-31,109.0,124.0,252.0
2883,2001.0,2.0,2001/S2,2001-07-01,2001-12-31,110.0,124.0,252.0
2884,2001.0,2.0,2001/S2,2001-07-01,2001-12-31,111.0,124.0,252.0
2885,2001.0,2.0,2001/S2,2001-07-01,2001-12-31,112.0,124.0,252.0
2886,2001.0,2.0,2001/S2,2001-07-01,2001-12-31,113.0,124.0,252.0
2887,2001.0,2.0,2001/S2,2001-07-01,2001-12-31,114.0,124.0,252.0
2888,2001.0,2.0,2001/S2,2001-07-01,2001-12-31,115.0,124.0,252.0
2889,2001.0,2.0,2001/S2,2001-07-01,2001-12-31,116.0,124.0,252.0
2890,2001.0,2.0,2001/S2,2001-07-01,2001-12-31,117.0,124.0,252.0
2891,2001.0,2.0,2001/S2,2001-07-01,2001-12-31,118.0,124.0,252.0
2892,2001.0,2.0,2001/S2,2001-07-01,2001-12-31,119.0,124.0,252.0
2893,2001.0,2.0,2001/S2,2001-07-01,2001-12-31,120.0,124.0,252.0
2894,2001.0,2.0,2001/S2,2001-07-01,2001-12-31,121.0,124.0,252.0
2895,2001.0,2.0,2001/S2,2001-07-01,2001-12-31,122.0,124.0,252.0
2896,2001.0,2.0,2001/S2,2001-07-01,2001-12-31,123.0,124.0,252.0
2897,2001.0,2.0,2001/S2,2001-07-01,2001-12-31,124.0,124.0,252.0
2898,2001.0,1.0,2001/S1,2001-01-01,2001-06-30,1.0,128.0,252.0
2899,2001.0,1.0,2001/S1,2001-01-01,2001-06-30,2.0,128.0,252.0
2900,2001.0,1.0,2001/S1,2001-01-01,2001-06-30,3.0,128.0,252.0
2901,2001.0,1.0,2001/S1,2001-01-01,2001-06-30,4.0,128.0,252.0
2902,2001.0,1.0,2001/S1,2001-01-01,2001-06-30,5.0,128.0,252.0
2903,2001.0,1.0,2001/S1,2001-01-01,2001-06-30,6.0,128.0,252.0
2904,2001.0,1.0,2001/S1,2001-01-01,2001-06-30,7.0,128.0,252.0
2905,2001.0,1.0,2001/S1,2001-01-01,2001-06-30,8.0,128.0,252.0
2906,2001.0,1.0,2001/S1,2001-01-01,2001-06-30,9.0,128.0,252.0
2907,2001.0,1.0,2001/S1,2001-01-01,2001-06-30,10.0,128.0,252.0
2908,2001.0,1.0,2001/S1,2001-01-01,2001-06-30,11.0,128.0,252.0
2909,2001.0,1.0,2001/S1,2001-01-01,2001-06-30,12.0,128.0,252.0
2910,2001.0,1.0,2001/S1,2001-01-01,2001-06-30,13.0,128.0,252.0
2911,2001.0,1.0,2001/S1,2001-01-01,2001-06-30,14.0,128.0,252.0
2912,2001.0,1.0,2001/S1,2001-01-01,2001-06-30,15.0,128.0,252.0
2913,2001.0,1.0,2001/S1,2001-01-01,2001-06-30,16.0,128.0,252.0
2914,2001.0,1.0,2001/S1,2001-01-01,2001-06-30,17.0,128.0,252.0
2915,2001.0,1.0,2001/S1,2001-01-01,2001-06-30,18.0,128.0,252.0
2916,2001.0,1.0,2001/S1,2001-01-01,2001-06-30,19.0,128.0,252.0
2917,2001.0,1.0,2001/S1,2001-01-01,2001-06-30,20.0,128.0,252.0
2918,2001.0,1.0,2001/S1,2001-01-01,2001-06-30,21.0,128.0,252.0
2919,2001.0,1.0,2001/S1,2001-01-01,2001-06-30,22.0,128.0,252.0
2920,2001.0,1.0,2001/S1,2001-01-01,2001-06-30,23.0,128.0,252.0
2921,2001.0,1.0,2001/S1,2001-01-01,2001-06-30,24.0,128.0,252.0
2922,2001.0,1.0,2001/S1,2001-01-01,2001-06-30,25.0,128.0,252.0
2923,2001.0,1.0,2001/S1,2001-01-01,2001-06-30,26.0,128.0,252.0
2924,2001.0,1.0,2001/S1,2001-01-01,2001-06-30,27.0,128.0,252.0
2925,2001.0,1.0,2001/S1,2001-01-01,2001-06-30,28.0,128.0,252.0
2926,2001.0,1.0,2001/S1,2001-01-01,2001-06-30,29.0,128.0,252.0
2927,2001.0,1.0,2001/S1,2001-01-01,2001-06-30,30.0,128.0,252.0
2928,2001.0,1.0,2001/S1,2001-01-01,2001-06-30,31.0,128.0,252.0
2929,2001.0,1.0,2001/S1,2001-01-01,2001-06-30,32.0,128.0,252.0
2930,2001.0,1.0,2001/S1,2001-01-01,2001-06-30,33.0,128.0,252.0
2931,2001.0,1.0,2001/S1,2001-01-01,2001-06-30,34.0,128.0,252.0
2932,2001.0,1.0,2001/S1,2001-01-01,2001-06-30,35.0,128.0,252.0
2933,2001.0,1.0,2001/S1,2001-01-01,2001-06-30,36.0,128.0,252.0
2934,2001.0,1.0,2001/S1,2001-01-01,2001-06-30,37.0,128.0,252.0
2935,2001.0,1.0,2001/S1,2001-01-01,2001-06-30,38.0,128.0,252.0
2936,2001.0,1.0,2001/S1,2001-01-01,2001-06-30,39.0,128.0,252.0
2937,2001.0,1.0,2001/S1,2001-01-01,2001-06-30,40.0,128.0,252.0
2938,2001.0,1.0,2001/S1,2001-01-01,2001-06-30,41.0,128.0,252.0
2939,2001.0,1.0,2001/S1,2001-01-01,2001-06-30,42.0,128.0,252.0
2940,2001.0,1.0,2001/S1,2001-01-01,2001-06-30,43.0,128.0,252.0
2941,2001.0,1.0,2001/S1,2001-01-01,2001-06-30,44.0,128.0,252.0
2942,2001.0,1.0,2001/S1,2001-01-01,2001-06-30,45.0,128.0,252.0
2943,2001.0,1.0,2001/S1,2001-01-01,2001-06-30,46.0,128.0,252.0
2944,2001.0,1.0,2001/S1,2001-01-01,2001-06-30,47.0,128.0,252.0
2945,2001.0,1.0,2001/S1,2001-01-01,2001-06-30,48.0,128.0,252.0
2946,2001.0,1.0,2001/S1,2001-01-01,2001-06-30,49.0,128.0,252.0
2947,2001.0,1.0,2001/S1,2001-01-01,2001-06-30,50.0,128.0,252.0
2948,2001.0,1.0,2001/S1,2001-01-01,2001-06-30,51.0,128.0,252.0
2949,2001.0,1.0,2001/S1,2001-01-01,2001-06-30,52.0,128.0,252.0
2950,2001.0,1.0,2001/S1,2001-01-01,2001-06-30,53.0,128.0,252.0
2951,2001.0,1.0,2001/S1,2001-01-01,2001-06-30,54.0,128.0,252.0
2952,2001.0,1.0,2001/S1,2001-01-01,2001-06-30,55.0,128.0,252.0
2953,2001.0,1.0,2001/S1,2001-01-01,2001-06-30,56.0,128.0,252.0
2954,2001.0,1.0,2001/S1,2001-01-01,2001-06-30,57.0,128.0,252.0
2955,2001.0,1.0,2001/S1,2001-01-01,2001-06-30,58.0,128.0,252.0
2956,2001.0,1.0,2001/S1,2001-01-01,2001-06-30,59.0,128.0,252.0
2957,2001.0,1.0,2001/S1,2001-01-01,2001-06-30,60.0,128.0,252.0
2958,2001.0,1.0,2001/S1,2001-01-01,2001-06-30,61.0,128.0,252.0
2959,2001.0,1.0,2001/S1,2001-01-01,2001-06-30,62.0,128.0,252.0
2960,2001.0,1.0,2001/S1,2001-01-01,2001-06-30,63.0,128.0,252.0
2961,2001.0,1.0,2001/S1,2001-01-01,2001-06-30,64.0,128.0,252.0
2962,2001.0,1.0,2001/S1,2001-01-01,2001-06-30,65.0,128.0,252.0
2963,2001.0,1.0,2001/S1,2001-01-01,2001-06-30,66.0,128.0,252.0
2964,2001.0,1.0,2001/S1,2001-01-01,2001-06-30,67.0,128.0,252.0
2965,2001.0,1.0,2001/S1,2001-01-01,2001-06-30,68.0,128.0,252.0
2966,2001.0,1.0,2001/S1,2001-01-01,2001-06-30,69.0,128.0,252.0
2967,2001.0,1.0,2001/S1,2001-01-01,2001-06-30,70.0,128.0,252.0
2968,2001.0,1.0,2001/S1,2001-01-01,2001-06-30,71.0,128.0,252.0
2969,2001.0,1.0,2001/S1,2001-01-01,2001-06-30,72.0,128.0,252.0
2970,2001.0,1.0,2001/S1,2001-01-01,2001-06-30,73.0,128.0,252.0
2971,2001.0,1.0,2001/S1,2001-01-01,2001-06-30,74.0,128.0,252.0
2972,2001.0,1.0,2001/S1,2001-01-01,2001-06-30,75.0,128.0,252.0
2973,2001.0,1.0,2001/S1,2001-01-01,2001-06-30,76.0,128.0,252.0
2974,2001.0,1.0,2001/S1,2001-01-01,2001-06-30,77.0,128.0,252.0
2975,2001.0,1.0,2001/S1,2001-01-01,2001-06-30,78.0,128.0,252.0
2976,2001.0,1.0,2001/S1,2001-01-01,2001-06-30,79.0,128.0,252.0
2977,2001.0,1.0,2001/S1,2001-01-01,2001-06-30,80.0,128.0,252.0
2978,2001.0,1.0,2001/S1,2001-01-01,2001-06-30,81.0,128.0,252.0
2979,2001.0,1.0,2001/S1,2001-01-01,2001-06-30,82.0,128.0,252.0
2980,2001.0,1.0,2001/S1,2001-01-01,2001-06-30,83.0,128.0,252.0
2981,2001.0,1.0,2001/S1,2001-01-01,2001-06-30,84.0,128.0,252.0
2982,2001.0,1.0,2001/S1,2001-01-01,2001-06-30,85.0,128.0,252.0
2983,2001.0,1.0,2001/S1,2001-01-01,2001-06-30,86.0,128.0,252.0
2984,2001.0,1.0,2001/S1,2001-01-01,2001-06-30,87.0,128.0,252.0
2985,2001.0,1.0,2001/S1,2001-01-01,2001-06-30,88.0,128.0,252.0
2986,2001.0,1.0,2001/S1,2001-01-01,2001-06-30,89.0,128.0,252.0
2987,2001.0,1.0,2001/S1,2001-01-01,2001-06-30,90.0,128.0,252.0
2988,2001.0,1.0,2001/S1,2001-01-01,2001-06-30,91.0,128.0,252.0
2989,2001.0,1.0,2001/S1,2001-01-01,2001-06-30,92.0,128.0,252.0
2990,2001.0,1.0,2001/S1,2001-01-01,2001-06-30,93.0,128.0,252.0
2991,2001.0,1.0,2001/S1,2001-01-01,2001-06-30,94.0,128.0,252.0
2992,2001.0,1.0,2001/S1,2001-01-01,2001-06-30,95.0,128.0,252.0
2993,2001.0,1.0,2001/S1,2001-01-01,2001-06-30,96.0,128.0,252.0
2994,2001.0,1.0,2001/S1,2001-01-01,2001-06-30,97.0,128.0,252.0
2995,2001.0,1.0,2001/S1,2001-01-01,2001-06-30,98.0,128.0,252.0
2996,2001.0,1.0,2001/S1,2001-01-01,2001-06-30,99.0,128.0,252.0
2997,2001.0,1.0,2001/S1,2001-01-01,2001-06-30,100.0,128.0,252.0
2998,2001.0,1.0,2001/S1,2001-01-01,2001-06-30,101.0,128.0,252.0
2999,2001.0,1.0,2001/S1,2001-01-01,2001-06-30,102.0,128.0,252.0
3000,2001.0,1.0,2001/S1,2001-01-01,2001-06-30,103.0,128.0,252.0
3001,2001.0,1.0,2001/S1,2001-01-01,2001-06-30,104.0,128.0,252.0
3002,2001.0,1.0,2001/S1,2001-01-01,2001-06-30,105.0,128.0,252.0
3003,2001.0,1.0,2001/S1,2001-01-01,2001-06-30,106.0,128.0,252.0
3004,2001.0,1.0,2001/S1,2001-01-01,2001-06-30,107.0,128.0,252.0
3005,2001.0,1.0,2001/S1,2001-01-01,2001-06-30,108.0,128.0,252.0
3006,2001.0,1.0,2001/S1,2001-01-01,2001-06-30,109.0,128.0,252.0
3007,2001.0,1.0,2001/S1,2001-01-01,2001-06-30,110.0,128.0,252.0
3008,2001.0,1.0,2001/S1,2001-01-01,2001-06-30,111.0,128.0,252.0
3009,2001.0,1.0,2001/S1,2001-01-01,2001-06-30,112.0,128.0,252.0
3010,2001.0,1.0,2001/S1,2001-01-01,2001-06-30,113.0,128.0,252.0
3011,2001.0,1.0,2001/S1,2001-01-01,2001-06-30,114.0,128.0,252.0
3012,2001.0,1.0,2001/S1,2001-01-01,2001-06-30,115.0,128.0,252.0
3013,2001.0,1.0,2001/S1,2001-01-01,2001-06-30,116.0,128.0,252.0
3014,2001.0,1.0,2001/S1,2001-01-01,2001-06-30,117.0,128.0,252.0
3015,2001.0,1.0,2001/S1,2001-01-01,2001-06-30,118.0,128.0,252.0
3016,2001.0,1.0,2001/S1,2001-01-01,2001-06-30,119.0,128.0,252.0
3017,2001.0,1.0,2001/S1,2001-01-01,2001-06-30,120.0,128.0,252.0
3018,2001.0,1.0,2001/S1,2001-01-01,2001-06-30,121.0,128.0,252.0
3019,2001.0,1.0,2001/S1,2001-01-01,2001-06-30,122.0,128.0,252.0
3020,2001.0,1.0,2001/S1,2001-01-01,2001-06-30,123.0,128.0,252.0
3021,2001.0,1.0,2001/S1,2001-01-01,2001-06-30,124.0,128.0,252.0
3022,2001.0,1.0,2001/S1,2001-01-01,2001-06-30,125.0,128.0,252.0
3023,2001.0,1.0,2001/S1,2001-01-01,2001-06-30,126.0,128.0,252.0
3024,2001.0,1.0,2001/S1,2001-01-01,2001-06-30,127.0,128.0,252.0
3025,2001.0,1.0,2001/S1,2001-01-01,2001-06-30,128.0,128.0,252.0
3026,2002.0,2.0,2002/S2,2002-07-01,2002-12-31,1.0,124.0,252.0
3027,2002.0,2.0,2002/S2,2002-07-01,2002-12-31,2.0,124.0,252.0
3028,2002.0,2.0,2002/S2,2002-07-01,2002-12-31,3.0,124.0,252.0
3029,2002.0,2.0,2002/S2,2002-07-01,2002-12-31,4.0,124.0,252.0
3030,2002.0,2.0,2002/S2,2002-07-01,2002-12-31,5.0,124.0,252.0
3031,2002.0,2.0,2002/S2,2002-07-01,2002-12-31,6.0,124.0,252.0
3032,2002.0,2.0,2002/S2,2002-07-01,2002-12-31,7.0,124.0,252.0
3033,2002.0,2.0,2002/S2,2002-07-01,2002-12-31,8.0,124.0,252.0
3034,2002.0,2.0,2002/S2,2002-07-01,2002-12-31,9.0,124.0,252.0
3035,2002.0,2.0,2002/S2,2002-07-01,2002-12-31,10.0,124.0,252.0
3036,2002.0,2.0,2002/S2,2002-07-01,2002-12-31,11.0,124.0,252.0
3037,2002.0,2.0,2002/S2,2002-07-01,2002-12-31,12.0,124.0,252.0
3038,2002.0,2.0,2002/S2,2002-07-01,2002-12-31,13.0,124.0,252.0
3039,2002.0,2.0,2002/S2,2002-07-01,2002-12-31,14.0,124.0,252.0
3040,2002.0,2.0,2002/S2,2002-07-01,2002-12-31,15.0,124.0,252.0
3041,2002.0,2.0,2002/S2,2002-07-01,2002-12-31,16.0,124.0,252.0
3042,2002.0,2.0,2002/S2,2002-07-01,2002-12-31,17.0,124.0,252.0
3043,2002.0,2.0,2002/S2,2002-07-01,2002-12-31,18.0,124.0,252.0
3044,2002.0,2.0,2002/S2,2002-07-01,2002-12-31,19.0,124.0,252.0
3045,2002.0,2.0,2002/S2,2002-07-01,2002-12-31,20.0,124.0,252.0
3046,2002.0,2.0,2002/S2,2002-07-01,2002-12-31,21.0,124.0,252.0
3047,2002.0,2.0,2002/S2,2002-07-01,2002-12-31,22.0,124.0,252.0
3048,2002.0,2.0,2002/S2,2002-07-01,2002-12-31,23.0,124.0,252.0
3049,2002.0,2.0,2002/S2,2002-07-01,2002-12-31,24.0,124.0,252.0
3050,2002.0,2.0,2002/S2,2002-07-01,2002-12-31,25.0,124.0,252.0
3051,2002.0,2.0,2002/S2,2002-07-01,2002-12-31,26.0,124.0,252.0
3052,2002.0,2.0,2002/S2,2002-07-01,2002-12-31,27.0,124.0,252.0
3053,2002.0,2.0,2002/S2,2002-07-01,2002-12-31,28.0,124.0,252.0
3054,2002.0,2.0,2002/S2,2002-07-01,2002-12-31,29.0,124.0,252.0
3055,2002.0,2.0,2002/S2,2002-07-01,2002-12-31,30.0,124.0,252.0
3056,2002.0,2.0,2002/S2,2002-07-01,2002-12-31,31.0,124.0,252.0
3057,2002.0,2.0,2002/S2,2002-07-01,2002-12-31,32.0,124.0,252.0
3058,2002.0,2.0,2002/S2,2002-07-01,2002-12-31,33.0,124.0,252.0
3059,2002.0,2.0,2002/S2,2002-07-01,2002-12-31,34.0,124.0,252.0
3060,2002.0,2.0,2002/S2,2002-07-01,2002-12-31,35.0,124.0,252.0
3061,2002.0,2.0,2002/S2,2002-07-01,2002-12-31,36.0,124.0,252.0
3062,2002.0,2.0,2002/S2,2002-07-01,2002-12-31,37.0,124.0,252.0
3063,2002.0,2.0,2002/S2,2002-07-01,2002-12-31,38.0,124.0,252.0
3064,2002.0,2.0,2002/S2,2002-07-01,2002-12-31,39.0,124.0,252.0
3065,2002.0,2.0,2002/S2,2002-07-01,2002-12-31,40.0,124.0,252.0
3066,2002.0,2.0,2002/S2,2002-07-01,2002-12-31,41.0,124.0,252.0
3067,2002.0,2.0,2002/S2,2002-07-01,2002-12-31,42.0,124.0,252.0
3068,2002.0,2.0,2002/S2,2002-07-01,2002-12-31,43.0,124.0,252.0
3069,2002.0,2.0,2002/S2,2002-07-01,2002-12-31,44.0,124.0,252.0
3070,2002.0,2.0,2002/S2,2002-07-01,2002-12-31,45.0,124.0,252.0
3071,2002.0,2.0,2002/S2,2002-07-01,2002-12-31,46.0,124.0,252.0
3072,2002.0,2.0,2002/S2,2002-07-01,2002-12-31,47.0,124.0,252.0
3073,2002.0,2.0,2002/S2,2002-07-01,2002-12-31,48.0,124.0,252.0
3074,2002.0,2.0,2002/S2,2002-07-01,2002-12-31,49.0,124.0,252.0
3075,2002.0,2.0,2002/S2,2002-07-01,2002-12-31,50.0,124.0,252.0
3076,2002.0,2.0,2002/S2,2002-07-01,2002-12-31,51.0,124.0,252.0
3077,2002.0,2.0,2002/S2,2002-07-01,2002-12-31,52.0,124.0,252.0
3078,2002.0,2.0,2002/S2,2002-07-01,2002-12-31,53.0,124.0,252.0
3079,2002.0,2.0,2002/S2,2002-07-01,2002-12-31,54.0,124.0,252.0
3080,2002.0,2.0,2002/S2,2002-07-01,2002-12-31,55.0,124.0,252.0
3081,2002.0,2.0,2002/S2,2002-07-01,2002-12-31,56.0,124.0,252.0
3082,2002.0,2.0,2002/S2,2002-07-01,2002-12-31,57.0,124.0,252.0
3083,2002.0,2.0,2002/S2,2002-07-01,2002-12-31,58.0,124.0,252.0
3084,2002.0,2.0,2002/S2,2002-07-01,2002-12-31,59.0,124.0,252.0
3085,2002.0,2.0,2002/S2,2002-07-01,2002-12-31,60.0,124.0,252.0
3086,2002.0,2.0,2002/S2,2002-07-01,2002-12-31,61.0,124.0,252.0
3087,2002.0,2.0,2002/S2,2002-07-01,2002-12-31,62.0,124.0,252.0
3088,2002.0,2.0,2002/S2,2002-07-01,2002-12-31,63.0,124.0,252.0
3089,2002.0,2.0,2002/S2,2002-07-01,2002-12-31,64.0,124.0,252.0
3090,2002.0,2.0,2002/S2,2002-07-01,2002-12-31,65.0,124.0,252.0
3091,2002.0,2.0,2002/S2,2002-07-01,2002-12-31,66.0,124.0,252.0
3092,2002.0,2.0,2002/S2,2002-07-01,2002-12-31,67.0,124.0,252.0
3093,2002.0,2.0,2002/S2,2002-07-01,2002-12-31,68.0,124.0,252.0
3094,2002.0,2.0,2002/S2,2002-07-01,2002-12-31,69.0,124.0,252.0
3095,2002.0,2.0,2002/S2,2002-07-01,2002-12-31,70.0,124.0,252.0
3096,2002.0,2.0,2002/S2,2002-07-01,2002-12-31,71.0,124.0,252.0
3097,2002.0,2.0,2002/S2,2002-07-01,2002-12-31,72.0,124.0,252.0
3098,2002.0,2.0,2002/S2,2002-07-01,2002-12-31,73.0,124.0,252.0
3099,2002.0,2.0,2002/S2,2002-07-01,2002-12-31,74.0,124.0,252.0
3100,2002.0,2.0,2002/S2,2002-07-01,2002-12-31,75.0,124.0,252.0
3101,2002.0,2.0,2002/S2,2002-07-01,2002-12-31,76.0,124.0,252.0
3102,2002.0,2.0,2002/S2,2002-07-01,2002-12-31,77.0,124.0,252.0
3103,2002.0,2.0,2002/S2,2002-07-01,2002-12-31,78.0,124.0,252.0
3104,2002.0,2.0,2002/S2,2002-07-01,2002-12-31,79.0,124.0,252.0
3105,2002.0,2.0,2002/S2,2002-07-01,2002-12-31,80.0,124.0,252.0
3106,2002.0,2.0,2002/S2,2002-07-01,2002-12-31,81.0,124.0,252.0
3107,2002.0,2.0,2002/S2,2002-07-01,2002-12-31,82.0,124.0,252.0
3108,2002.0,2.0,2002/S2,2002-07-01,2002-12-31,83.0,124.0,252.0
3109,2002.0,2.0,2002/S2,2002-07-01,2002-12-31,84.0,124.0,252.0
3110,2002.0,2.0,2002/S2,2002-07-01,2002-12-31,85.0,124.0,252.0
3111,2002.0,2.0,2002/S2,2002-07-01,2002-12-31,86.0,124.0,252.0
3112,2002.0,2.0,2002/S2,2002-07-01,2002-12-31,87.0,124.0,252.0
3113,2002.0,2.0,2002/S2,2002-07-01,2002-12-31,88.0,124.0,252.0
3114,2002.0,2.0,2002/S2,2002-07-01,2002-12-31,89.0,124.0,252.0
3115,2002.0,2.0,2002/S2,2002-07-01,2002-12-31,90.0,124.0,252.0
3116,2002.0,2.0,2002/S2,2002-07-01,2002-12-31,91.0,124.0,252.0
3117,2002.0,2.0,2002/S2,2002-07-01,2002-12-31,92.0,124.0,252.0
3118,2002.0,2.0,2002/S2,2002-07-01,2002-12-31,93.0,124.0,252.0
3119,2002.0,2.0,2002/S2,2002-07-01,2002-12-31,94.0,124.0,252.0
3120,2002.0,2.0,2002/S2,2002-07-01,2002-12-31,95.0,124.0,252.0
3121,2002.0,2.0,2002/S2,2002-07-01,2002-12-31,96.0,124.0,252.0
3122,2002.0,2.0,2002/S2,2002-07-01,2002-12-31,97.0,124.0,252.0
3123,2002.0,2.0,2002/S2,2002-07-01,2002-12-31,98.0,124.0,252.0
3124,2002.0,2.0,2002/S2,2002-07-01,2002-12-31,99.0,124.0,252.0
3125,2002.0,2.0,2002/S2,2002-07-01,2002-12-31,100.0,124.0,252.0
3126,2002.0,2.0,2002/S2,2002-07-01,2002-12-31,101.0,124.0,252.0
3127,2002.0,2.0,2002/S2,2002-07-01,2002-12-31,102.0,124.0,252.0
3128,2002.0,2.0,2002/S2,2002-07-01,2002-12-31,103.0,124.0,252.0
3129,2002.0,2.0,2002/S2,2002-07-01,2002-12-31,104.0,124.0,252.0
3130,2002.0,2.0,2002/S2,2002-07-01,2002-12-31,105.0,124.0,252.0
3131,2002.0,2.0,2002/S2,2002-07-01,2002-12-31,106.0,124.0,252.0
3132,2002.0,2.0,2002/S2,2002-07-01,2002-12-31,107.0,124.0,252.0
3133,2002.0,2.0,2002/S2,2002-07-01,2002-12-31,108.0,124.0,252.0
3134,2002.0,2.0,2002/S2,2002-07-01,2002-12-31,109.0,124.0,252.0
3135,2002.0,2.0,2002/S2,2002-07-01,2002-12-31,110.0,124.0,252.0
3136,2002.0,2.0,2002/S2,2002-07-01,2002-12-31,111.0,124.0,252.0
3137,2002.0,2.0,2002/S2,2002-07-01,2002-12-31,112.0,124.0,252.0
3138,2002.0,2.0,2002/S2,2002-07-01,2002-12-31,113.0,124.0,252.0
3139,2002.0,2.0,2002/S2,2002-07-01,2002-12-31,114.0,124.0,252.0
3140,2002.0,2.0,2002/S2,2002-07-01,2002-12-31,115.0,124.0,252.0
3141,2002.0,2.0,2002/S2,2002-07-01,2002-12-31,116.0,124.0,252.0
3142,2002.0,2.0,2002/S2,2002-07-01,2002-12-31,117.0,124.0,252.0
3143,2002.0,2.0,2002/S2,2002-07-01,2002-12-31,118.0,124.0,252.0
3144,2002.0,2.0,2002/S2,2002-07-01,2002-12-31,119.0,124.0,252.0
3145,2002.0,2.0,2002/S2,2002-07-01,2002-12-31,120.0,124.0,252.0
3146,2002.0,2.0,2002/S2,2002-07-01,2002-12-31,121.0,124.0,252.0
3147,2002.0,2.0,2002/S2,2002-07-01,2002-12-31,122.0,124.0,252.0
3148,2002.0,2.0,2002/S2,2002-07-01,2002-12-31,123.0,124.0,252.0
3149,2002.0,2.0,2002/S2,2002-07-01,2002-12-31,124.0,124.0,252.0
3150,2002.0,1.0,2002/S1,2002-01-01,2002-06-30,1.0,128.0,252.0
3151,2002.0,1.0,2002/S1,2002-01-01,2002-06-30,2.0,128.0,252.0
3152,2002.0,1.0,2002/S1,2002-01-01,2002-06-30,3.0,128.0,252.0
3153,2002.0,1.0,2002/S1,2002-01-01,2002-06-30,4.0,128.0,252.0
3154,2002.0,1.0,2002/S1,2002-01-01,2002-06-30,5.0,128.0,252.0
3155,2002.0,1.0,2002/S1,2002-01-01,2002-06-30,6.0,128.0,252.0
3156,2002.0,1.0,2002/S1,2002-01-01,2002-06-30,7.0,128.0,252.0
3157,2002.0,1.0,2002/S1,2002-01-01,2002-06-30,8.0,128.0,252.0
3158,2002.0,1.0,2002/S1,2002-01-01,2002-06-30,9.0,128.0,252.0
3159,2002.0,1.0,2002/S1,2002-01-01,2002-06-30,10.0,128.0,252.0
3160,2002.0,1.0,2002/S1,2002-01-01,2002-06-30,11.0,128.0,252.0
3161,2002.0,1.0,2002/S1,2002-01-01,2002-06-30,12.0,128.0,252.0
3162,2002.0,1.0,2002/S1,2002-01-01,2002-06-30,13.0,128.0,252.0
3163,2002.0,1.0,2002/S1,2002-01-01,2002-06-30,14.0,128.0,252.0
3164,2002.0,1.0,2002/S1,2002-01-01,2002-06-30,15.0,128.0,252.0
3165,2002.0,1.0,2002/S1,2002-01-01,2002-06-30,16.0,128.0,252.0
3166,2002.0,1.0,2002/S1,2002-01-01,2002-06-30,17.0,128.0,252.0
3167,2002.0,1.0,2002/S1,2002-01-01,2002-06-30,18.0,128.0,252.0
3168,2002.0,1.0,2002/S1,2002-01-01,2002-06-30,19.0,128.0,252.0
3169,2002.0,1.0,2002/S1,2002-01-01,2002-06-30,20.0,128.0,252.0
3170,2002.0,1.0,2002/S1,2002-01-01,2002-06-30,21.0,128.0,252.0
3171,2002.0,1.0,2002/S1,2002-01-01,2002-06-30,22.0,128.0,252.0
3172,2002.0,1.0,2002/S1,2002-01-01,2002-06-30,23.0,128.0,252.0
3173,2002.0,1.0,2002/S1,2002-01-01,2002-06-30,24.0,128.0,252.0
3174,2002.0,1.0,2002/S1,2002-01-01,2002-06-30,25.0,128.0,252.0
3175,2002.0,1.0,2002/S1,2002-01-01,2002-06-30,26.0,128.0,252.0
3176,2002.0,1.0,2002/S1,2002-01-01,2002-06-30,27.0,128.0,252.0
3177,2002.0,1.0,2002/S1,2002-01-01,2002-06-30,28.0,128.0,252.0
3178,2002.0,1.0,2002/S1,2002-01-01,2002-06-30,29.0,128.0,252.0
3179,2002.0,1.0,2002/S1,2002-01-01,2002-06-30,30.0,128.0,252.0
3180,2002.0,1.0,2002/S1,2002-01-01,2002-06-30,31.0,128.0,252.0
3181,2002.0,1.0,2002/S1,2002-01-01,2002-06-30,32.0,128.0,252.0
3182,2002.0,1.0,2002/S1,2002-01-01,2002-06-30,33.0,128.0,252.0
3183,2002.0,1.0,2002/S1,2002-01-01,2002-06-30,34.0,128.0,252.0
3184,2002.0,1.0,2002/S1,2002-01-01,2002-06-30,35.0,128.0,252.0
3185,2002.0,1.0,2002/S1,2002-01-01,2002-06-30,36.0,128.0,252.0
3186,2002.0,1.0,2002/S1,2002-01-01,2002-06-30,37.0,128.0,252.0
3187,2002.0,1.0,2002/S1,2002-01-01,2002-06-30,38.0,128.0,252.0
3188,2002.0,1.0,2002/S1,2002-01-01,2002-06-30,39.0,128.0,252.0
3189,2002.0,1.0,2002/S1,2002-01-01,2002-06-30,40.0,128.0,252.0
3190,2002.0,1.0,2002/S1,2002-01-01,2002-06-30,41.0,128.0,252.0
3191,2002.0,1.0,2002/S1,2002-01-01,2002-06-30,42.0,128.0,252.0
3192,2002.0,1.0,2002/S1,2002-01-01,2002-06-30,43.0,128.0,252.0
3193,2002.0,1.0,2002/S1,2002-01-01,2002-06-30,44.0,128.0,252.0
3194,2002.0,1.0,2002/S1,2002-01-01,2002-06-30,45.0,128.0,252.0
3195,2002.0,1.0,2002/S1,2002-01-01,2002-06-30,46.0,128.0,252.0
3196,2002.0,1.0,2002/S1,2002-01-01,2002-06-30,47.0,128.0,252.0
3197,2002.0,1.0,2002/S1,2002-01-01,2002-06-30,48.0,128.0,252.0
3198,2002.0,1.0,2002/S1,2002-01-01,2002-06-30,49.0,128.0,252.0
3199,2002.0,1.0,2002/S1,2002-01-01,2002-06-30,50.0,128.0,252.0
3200,2002.0,1.0,2002/S1,2002-01-01,2002-06-30,51.0,128.0,252.0
3201,2002.0,1.0,2002/S1,2002-01-01,2002-06-30,52.0,128.0,252.0
3202,2002.0,1.0,2002/S1,2002-01-01,2002-06-30,53.0,128.0,252.0
3203,2002.0,1.0,2002/S1,2002-01-01,2002-06-30,54.0,128.0,252.0
3204,2002.0,1.0,2002/S1,2002-01-01,2002-06-30,55.0,128.0,252.0
3205,2002.0,1.0,2002/S1,2002-01-01,2002-06-30,56.0,128.0,252.0
3206,2002.0,1.0,2002/S1,2002-01-01,2002-06-30,57.0,128.0,252.0
3207,2002.0,1.0,2002/S1,2002-01-01,2002-06-30,58.0,128.0,252.0
3208,2002.0,1.0,2002/S1,2002-01-01,2002-06-30,59.0,128.0,252.0
3209,2002.0,1.0,2002/S1,2002-01-01,2002-06-30,60.0,128.0,252.0
3210,2002.0,1.0,2002/S1,2002-01-01,2002-06-30,61.0,128.0,252.0
3211,2002.0,1.0,2002/S1,2002-01-01,2002-06-30,62.0,128.0,252.0
3212,2002.0,1.0,2002/S1,2002-01-01,2002-06-30,63.0,128.0,252.0
3213,2002.0,1.0,2002/S1,2002-01-01,2002-06-30,64.0,128.0,252.0
3214,2002.0,1.0,2002/S1,2002-01-01,2002-06-30,65.0,128.0,252.0
3215,2002.0,1.0,2002/S1,2002-01-01,2002-06-30,66.0,128.0,252.0
3216,2002.0,1.0,2002/S1,2002-01-01,2002-06-30,67.0,128.0,252.0
3217,2002.0,1.0,2002/S1,2002-01-01,2002-06-30,68.0,128.0,252.0
3218,2002.0,1.0,2002/S1,2002-01-01,2002-06-30,69.0,128.0,252.0
3219,2002.0,1.0,2002/S1,2002-01-01,2002-06-30,70.0,128.0,252.0
3220,2002.0,1.0,2002/S1,2002-01-01,2002-06-30,71.0,128.0,252.0
3221,2002.0,1.0,2002/S1,2002-01-01,2002-06-30,72.0,128.0,252.0
3222,2002.0,1.0,2002/S1,2002-01-01,2002-06-30,73.0,128.0,252.0
3223,2002.0,1.0,2002/S1,2002-01-01,2002-06-30,74.0,128.0,252.0
3224,2002.0,1.0,2002/S1,2002-01-01,2002-06-30,75.0,128.0,252.0
3225,2002.0,1.0,2002/S1,2002-01-01,2002-06-30,76.0,128.0,252.0
3226,2002.0,1.0,2002/S1,2002-01-01,2002-06-30,77.0,128.0,252.0
3227,2002.0,1.0,2002/S1,2002-01-01,2002-06-30,78.0,128.0,252.0
3228,2002.0,1.0,2002/S1,2002-01-01,2002-06-30,79.0,128.0,252.0
3229,2002.0,1.0,2002/S1,2002-01-01,2002-06-30,80.0,128.0,252.0
3230,2002.0,1.0,2002/S1,2002-01-01,2002-06-30,81.0,128.0,252.0
3231,2002.0,1.0,2002/S1,2002-01-01,2002-06-30,82.0,128.0,252.0
3232,2002.0,1.0,2002/S1,2002-01-01,2002-06-30,83.0,128.0,252.0
3233,2002.0,1.0,2002/S1,2002-01-01,2002-06-30,84.0,128.0,252.0
3234,2002.0,1.0,2002/S1,2002-01-01,2002-06-30,85.0,128.0,252.0
3235,2002.0,1.0,2002/S1,2002-01-01,2002-06-30,86.0,128.0,252.0
3236,2002.0,1.0,2002/S1,2002-01-01,2002-06-30,87.0,128.0,252.0
3237,2002.0,1.0,2002/S1,2002-01-01,2002-06-30,88.0,128.0,252.0
3238,2002.0,1.0,2002/S1,2002-01-01,2002-06-30,89.0,128.0,252.0
3239,2002.0,1.0,2002/S1,2002-01-01,2002-06-30,90.0,128.0,252.0
3240,2002.0,1.0,2002/S1,2002-01-01,2002-06-30,91.0,128.0,252.0
3241,2002.0,1.0,2002/S1,2002-01-01,2002-06-30,92.0,128.0,252.0
3242,2002.0,1.0,2002/S1,2002-01-01,2002-06-30,93.0,128.0,252.0
3243,2002.0,1.0,2002/S1,2002-01-01,2002-06-30,94.0,128.0,252.0
3244,2002.0,1.0,2002/S1,2002-01-01,2002-06-30,95.0,128.0,252.0
3245,2002.0,1.0,2002/S1,2002-01-01,2002-06-30,96.0,128.0,252.0
3246,2002.0,1.0,2002/S1,2002-01-01,2002-06-30,97.0,128.0,252.0
3247,2002.0,1.0,2002/S1,2002-01-01,2002-06-30,98.0,128.0,252.0
3248,2002.0,1.0,2002/S1,2002-01-01,2002-06-30,99.0,128.0,252.0
3249,2002.0,1.0,2002/S1,2002-01-01,2002-06-30,100.0,128.0,252.0
3250,2002.0,1.0,2002/S1,2002-01-01,2002-06-30,101.0,128.0,252.0
3251,2002.0,1.0,2002/S1,2002-01-01,2002-06-30,102.0,128.0,252.0
3252,2002.0,1.0,2002/S1,2002-01-01,2002-06-30,103.0,128.0,252.0
3253,2002.0,1.0,2002/S1,2002-01-01,2002-06-30,104.0,128.0,252.0
3254,2002.0,1.0,2002/S1,2002-01-01,2002-06-30,105.0,128.0,252.0
3255,2002.0,1.0,2002/S1,2002-01-01,2002-06-30,106.0,128.0,252.0
3256,2002.0,1.0,2002/S1,2002-01-01,2002-06-30,107.0,128.0,252.0
3257,2002.0,1.0,2002/S1,2002-01-01,2002-06-30,108.0,128.0,252.0
3258,2002.0,1.0,2002/S1,2002-01-01,2002-06-30,109.0,128.0,252.0
3259,2002.0,1.0,2002/S1,2002-01-01,2002-06-30,110.0,128.0,252.0
3260,2002.0,1.0,2002/S1,2002-01-01,2002-06-30,111.0,128.0,252.0
3261,2002.0,1.0,2002/S1,2002-01-01,2002-06-30,112.0,128.0,252.0
3262,2002.0,1.0,2002/S1,2002-01-01,2002-06-30,113.0,128.0,252.0
3263,2002.0,1.0,2002/S1,2002-01-01,2002-06-30,114.0,128.0,252.0
3264,2002.0,1.0,2002/S1,2002-01-01,2002-06-30,115.0,128.0,252.0
3265,2002.0,1.0,2002/S1,2002-01-01,2002-06-30,116.0,128.0,252.0
3266,2002.0,1.0,2002/S1,2002-01-01,2002-06-30,117.0,128.0,252.0
3267,2002.0,1.0,2002/S1,2002-01-01,2002-06-30,118.0,128.0,252.0
3268,2002.0,1.0,2002/S1,2002-01-01,2002-06-30,119.0,128.0,252.0
3269,2002.0,1.0,2002/S1,2002-01-01,2002-06-30,120.0,128.0,252.0
3270,2002.0,1.0,2002/S1,2002-01-01,2002-06-30,121.0,128.0,252.0
3271,2002.0,1.0,2002/S1,2002-01-01,2002-06-30,122.0,128.0,252.0
3272,2002.0,1.0,2002/S1,2002-01-01,2002-06-30,123.0,128.0,252.0
3273,2002.0,1.0,2002/S1,2002-01-01,2002-06-30,124.0,128.0,252.0
3274,2002.0,1.0,2002/S1,2002-01-01,2002-06-30,125.0,128.0,252.0
3275,2002.0,1.0,2002/S1,2002-01-01,2002-06-30,126.0,128.0,252.0
3276,2002.0,1.0,2002/S1,2002-01-01,2002-06-30,127.0,128.0,252.0
3277,2002.0,1.0,2002/S1,2002-01-01,2002-06-30,128.0,128.0,252.0
3278,2003.0,2.0,2003/S2,2003-07-01,2003-12-31,1.0,124.0,252.0
3279,2003.0,2.0,2003/S2,2003-07-01,2003-12-31,2.0,124.0,252.0
3280,2003.0,2.0,2003/S2,2003-07-01,2003-12-31,3.0,124.0,252.0
3281,2003.0,2.0,2003/S2,2003-07-01,2003-12-31,4.0,124.0,252.0
3282,2003.0,2.0,2003/S2,2003-07-01,2003-12-31,5.0,124.0,252.0
3283,2003.0,2.0,2003/S2,2003-07-01,2003-12-31,6.0,124.0,252.0
3284,2003.0,2.0,2003/S2,2003-07-01,2003-12-31,7.0,124.0,252.0
3285,2003.0,2.0,2003/S2,2003-07-01,2003-12-31,8.0,124.0,252.0
3286,2003.0,2.0,2003/S2,2003-07-01,2003-12-31,9.0,124.0,252.0
3287,2003.0,2.0,2003/S2,2003-07-01,2003-12-31,10.0,124.0,252.0
3288,2003.0,2.0,2003/S2,2003-07-01,2003-12-31,11.0,124.0,252.0
3289,2003.0,2.0,2003/S2,2003-07-01,2003-12-31,12.0,124.0,252.0
3290,2003.0,2.0,2003/S2,2003-07-01,2003-12-31,13.0,124.0,252.0
3291,2003.0,2.0,2003/S2,2003-07-01,2003-12-31,14.0,124.0,252.0
3292,2003.0,2.0,2003/S2,2003-07-01,2003-12-31,15.0,124.0,252.0
3293,2003.0,2.0,2003/S2,2003-07-01,2003-12-31,16.0,124.0,252.0
3294,2003.0,2.0,2003/S2,2003-07-01,2003-12-31,17.0,124.0,252.0
3295,2003.0,2.0,2003/S2,2003-07-01,2003-12-31,18.0,124.0,252.0
3296,2003.0,2.0,2003/S2,2003-07-01,2003-12-31,19.0,124.0,252.0
3297,2003.0,2.0,2003/S2,2003-07-01,2003-12-31,20.0,124.0,252.0
3298,2003.0,2.0,2003/S2,2003-07-01,2003-12-31,21.0,124.0,252.0
3299,2003.0,2.0,2003/S2,2003-07-01,2003-12-31,22.0,124.0,252.0
3300,2003.0,2.0,2003/S2,2003-07-01,2003-12-31,23.0,124.0,252.0
3301,2003.0,2.0,2003/S2,2003-07-01,2003-12-31,24.0,124.0,252.0
3302,2003.0,2.0,2003/S2,2003-07-01,2003-12-31,25.0,124.0,252.0
3303,2003.0,2.0,2003/S2,2003-07-01,2003-12-31,26.0,124.0,252.0
3304,2003.0,2.0,2003/S2,2003-07-01,2003-12-31,27.0,124.0,252.0
3305,2003.0,2.0,2003/S2,2003-07-01,2003-12-31,28.0,124.0,252.0
3306,2003.0,2.0,2003/S2,2003-07-01,2003-12-31,29.0,124.0,252.0
3307,2003.0,2.0,2003/S2,2003-07-01,2003-12-31,30.0,124.0,252.0
3308,2003.0,2.0,2003/S2,2003-07-01,2003-12-31,31.0,124.0,252.0
3309,2003.0,2.0,2003/S2,2003-07-01,2003-12-31,32.0,124.0,252.0
3310,2003.0,2.0,2003/S2,2003-07-01,2003-12-31,33.0,124.0,252.0
3311,2003.0,2.0,2003/S2,2003-07-01,2003-12-31,34.0,124.0,252.0
3312,2003.0,2.0,2003/S2,2003-07-01,2003-12-31,35.0,124.0,252.0
3313,2003.0,2.0,2003/S2,2003-07-01,2003-12-31,36.0,124.0,252.0
3314,2003.0,2.0,2003/S2,2003-07-01,2003-12-31,37.0,124.0,252.0
3315,2003.0,2.0,2003/S2,2003-07-01,2003-12-31,38.0,124.0,252.0
3316,2003.0,2.0,2003/S2,2003-07-01,2003-12-31,39.0,124.0,252.0
3317,2003.0,2.0,2003/S2,2003-07-01,2003-12-31,40.0,124.0,252.0
3318,2003.0,2.0,2003/S2,2003-07-01,2003-12-31,41.0,124.0,252.0
3319,2003.0,2.0,2003/S2,2003-07-01,2003-12-31,42.0,124.0,252.0
3320,2003.0,2.0,2003/S2,2003-07-01,2003-12-31,43.0,124.0,252.0
3321,2003.0,2.0,2003/S2,2003-07-01,2003-12-31,44.0,124.0,252.0
3322,2003.0,2.0,2003/S2,2003-07-01,2003-12-31,45.0,124.0,252.0
3323,2003.0,2.0,2003/S2,2003-07-01,2003-12-31,46.0,124.0,252.0
3324,2003.0,2.0,2003/S2,2003-07-01,2003-12-31,47.0,124.0,252.0
3325,2003.0,2.0,2003/S2,2003-07-01,2003-12-31,48.0,124.0,252.0
3326,2003.0,2.0,2003/S2,2003-07-01,2003-12-31,49.0,124.0,252.0
3327,2003.0,2.0,2003/S2,2003-07-01,2003-12-31,50.0,124.0,252.0
3328,2003.0,2.0,2003/S2,2003-07-01,2003-12-31,51.0,124.0,252.0
3329,2003.0,2.0,2003/S2,2003-07-01,2003-12-31,52.0,124.0,252.0
3330,2003.0,2.0,2003/S2,2003-07-01,2003-12-31,53.0,124.0,252.0
3331,2003.0,2.0,2003/S2,2003-07-01,2003-12-31,54.0,124.0,252.0
3332,2003.0,2.0,2003/S2,2003-07-01,2003-12-31,55.0,124.0,252.0
3333,2003.0,2.0,2003/S2,2003-07-01,2003-12-31,56.0,124.0,252.0
3334,2003.0,2.0,2003/S2,2003-07-01,2003-12-31,57.0,124.0,252.0
3335,2003.0,2.0,2003/S2,2003-07-01,2003-12-31,58.0,124.0,252.0
3336,2003.0,2.0,2003/S2,2003-07-01,2003-12-31,59.0,124.0,252.0
3337,2003.0,2.0,2003/S2,2003-07-01,2003-12-31,60.0,124.0,252.0
3338,2003.0,2.0,2003/S2,2003-07-01,2003-12-31,61.0,124.0,252.0
3339,2003.0,2.0,2003/S2,2003-07-01,2003-12-31,62.0,124.0,252.0
3340,2003.0,2.0,2003/S2,2003-07-01,2003-12-31,63.0,124.0,252.0
3341,2003.0,2.0,2003/S2,2003-07-01,2003-12-31,64.0,124.0,252.0
3342,2003.0,2.0,2003/S2,2003-07-01,2003-12-31,65.0,124.0,252.0
3343,2003.0,2.0,2003/S2,2003-07-01,2003-12-31,66.0,124.0,252.0
3344,2003.0,2.0,2003/S2,2003-07-01,2003-12-31,67.0,124.0,252.0
3345,2003.0,2.0,2003/S2,2003-07-01,2003-12-31,68.0,124.0,252.0
3346,2003.0,2.0,2003/S2,2003-07-01,2003-12-31,69.0,124.0,252.0
3347,2003.0,2.0,2003/S2,2003-07-01,2003-12-31,70.0,124.0,252.0
3348,2003.0,2.0,2003/S2,2003-07-01,2003-12-31,71.0,124.0,252.0
3349,2003.0,2.0,2003/S2,2003-07-01,2003-12-31,72.0,124.0,252.0
3350,2003.0,2.0,2003/S2,2003-07-01,2003-12-31,73.0,124.0,252.0
3351,2003.0,2.0,2003/S2,2003-07-01,2003-12-31,74.0,124.0,252.0
3352,2003.0,2.0,2003/S2,2003-07-01,2003-12-31,75.0,124.0,252.0
3353,2003.0,2.0,2003/S2,2003-07-01,2003-12-31,76.0,124.0,252.0
3354,2003.0,2.0,2003/S2,2003-07-01,2003-12-31,77.0,124.0,252.0
3355,2003.0,2.0,2003/S2,2003-07-01,2003-12-31,78.0,124.0,252.0
3356,2003.0,2.0,2003/S2,2003-07-01,2003-12-31,79.0,124.0,252.0
3357,2003.0,2.0,2003/S2,2003-07-01,2003-12-31,80.0,124.0,252.0
3358,2003.0,2.0,2003/S2,2003-07-01,2003-12-31,81.0,124.0,252.0
3359,2003.0,2.0,2003/S2,2003-07-01,2003-12-31,82.0,124.0,252.0
3360,2003.0,2.0,2003/S2,2003-07-01,2003-12-31,83.0,124.0,252.0
3361,2003.0,2.0,2003/S2,2003-07-01,2003-12-31,84.0,124.0,252.0
3362,2003.0,2.0,2003/S2,2003-07-01,2003-12-31,85.0,124.0,252.0
3363,2003.0,2.0,2003/S2,2003-07-01,2003-12-31,86.0,124.0,252.0
3364,2003.0,2.0,2003/S2,2003-07-01,2003-12-31,87.0,124.0,252.0
3365,2003.0,2.0,2003/S2,2003-07-01,2003-12-31,88.0,124.0,252.0
3366,2003.0,2.0,2003/S2,2003-07-01,2003-12-31,89.0,124.0,252.0
3367,2003.0,2.0,2003/S2,2003-07-01,2003-12-31,90.0,124.0,252.0
3368,2003.0,2.0,2003/S2,2003-07-01,2003-12-31,91.0,124.0,252.0
3369,2003.0,2.0,2003/S2,2003-07-01,2003-12-31,92.0,124.0,252.0
3370,2003.0,2.0,2003/S2,2003-07-01,2003-12-31,93.0,124.0,252.0
3371,2003.0,2.0,2003/S2,2003-07-01,2003-12-31,94.0,124.0,252.0
3372,2003.0,2.0,2003/S2,2003-07-01,2003-12-31,95.0,124.0,252.0
3373,2003.0,2.0,2003/S2,2003-07-01,2003-12-31,96.0,124.0,252.0
3374,2003.0,2.0,2003/S2,2003-07-01,2003-12-31,97.0,124.0,252.0
3375,2003.0,2.0,2003/S2,2003-07-01,2003-12-31,98.0,124.0,252.0
3376,2003.0,2.0,2003/S2,2003-07-01,2003-12-31,99.0,124.0,252.0
3377,2003.0,2.0,2003/S2,2003-07-01,2003-12-31,100.0,124.0,252.0
3378,2003.0,2.0,2003/S2,2003-07-01,2003-12-31,101.0,124.0,252.0
3379,2003.0,2.0,2003/S2,2003-07-01,2003-12-31,102.0,124.0,252.0
3380,2003.0,2.0,2003/S2,2003-07-01,2003-12-31,103.0,124.0,252.0
3381,2003.0,2.0,2003/S2,2003-07-01,2003-12-31,104.0,124.0,252.0
3382,2003.0,2.0,2003/S2,2003-07-01,2003-12-31,105.0,124.0,252.0
3383,2003.0,2.0,2003/S2,2003-07-01,2003-12-31,106.0,124.0,252.0
3384,2003.0,2.0,2003/S2,2003-07-01,2003-12-31,107.0,124.0,252.0
3385,2003.0,2.0,2003/S2,2003-07-01,2003-12-31,108.0,124.0,252.0
3386,2003.0,2.0,2003/S2,2003-07-01,2003-12-31,109.0,124.0,252.0
3387,2003.0,2.0,2003/S2,2003-07-01,2003-12-31,110.0,124.0,252.0
3388,2003.0,2.0,2003/S2,2003-07-01,2003-12-31,111.0,124.0,252.0
3389,2003.0,2.0,2003/S2,2003-07-01,2003-12-31,112.0,124.0,252.0
3390,2003.0,2.0,2003/S2,2003-07-01,2003-12-31,113.0,124.0,252.0
3391,2003.0,2.0,2003/S2,2003-07-01,2003-12-31,114.0,124.0,252.0
3392,2003.0,2.0,2003/S2,2003-07-01,2003-12-31,115.0,124.0,252.0
3393,2003.0,2.0,2003/S2,2003-07-01,2003-12-31,116.0,124.0,252.0
3394,2003.0,2.0,2003/S2,2003-07-01,2003-12-31,117.0,124.0,252.0
3395,2003.0,2.0,2003/S2,2003-07-01,2003-12-31,118.0,124.0,252.0
3396,2003.0,2.0,2003/S2,2003-07-01,2003-12-31,119.0,124.0,252.0
3397,2003.0,2.0,2003/S2,2003-07-01,2003-12-31,120.0,124.0,252.0
3398,2003.0,2.0,2003/S2,2003-07-01,2003-12-31,121.0,124.0,252.0
3399,2003.0,2.0,2003/S2,2003-07-01,2003-12-31,122.0,124.0,252.0
3400,2003.0,2.0,2003/S2,2003-07-01,2003-12-31,123.0,124.0,252.0
3401,2003.0,2.0,2003/S2,2003-07-01,2003-12-31,124.0,124.0,252.0
3402,2003.0,1.0,2003/S1,2003-01-01,2003-06-30,1.0,128.0,253.0
3403,2003.0,1.0,2003/S1,2003-01-01,2003-06-30,2.0,128.0,253.0
3404,2003.0,1.0,2003/S1,2003-01-01,2003-06-30,3.0,128.0,253.0
3405,2003.0,1.0,2003/S1,2003-01-01,2003-06-30,4.0,128.0,253.0
3406,2003.0,1.0,2003/S1,2003-01-01,2003-06-30,5.0,128.0,253.0
3407,2003.0,1.0,2003/S1,2003-01-01,2003-06-30,6.0,128.0,253.0
3408,2003.0,1.0,2003/S1,2003-01-01,2003-06-30,7.0,128.0,253.0
3409,2003.0,1.0,2003/S1,2003-01-01,2003-06-30,8.0,128.0,253.0
3410,2003.0,1.0,2003/S1,2003-01-01,2003-06-30,9.0,128.0,253.0
3411,2003.0,1.0,2003/S1,2003-01-01,2003-06-30,10.0,128.0,253.0
3412,2003.0,1.0,2003/S1,2003-01-01,2003-06-30,11.0,128.0,253.0
3413,2003.0,1.0,2003/S1,2003-01-01,2003-06-30,12.0,128.0,253.0
3414,2003.0,1.0,2003/S1,2003-01-01,2003-06-30,13.0,128.0,253.0
3415,2003.0,1.0,2003/S1,2003-01-01,2003-06-30,14.0,128.0,253.0
3416,2003.0,1.0,2003/S1,2003-01-01,2003-06-30,15.0,128.0,253.0
3417,2003.0,1.0,2003/S1,2003-01-01,2003-06-30,16.0,128.0,253.0
3418,2003.0,1.0,2003/S1,2003-01-01,2003-06-30,17.0,128.0,253.0
3419,2003.0,1.0,2003/S1,2003-01-01,2003-06-30,18.0,128.0,253.0
3420,2003.0,1.0,2003/S1,2003-01-01,2003-06-30,19.0,128.0,253.0
3421,2003.0,1.0,2003/S1,2003-01-01,2003-06-30,20.0,128.0,253.0
3422,2003.0,1.0,2003/S1,2003-01-01,2003-06-30,21.0,128.0,253.0
3423,2003.0,1.0,2003/S1,2003-01-01,2003-06-30,22.0,128.0,253.0
3424,2003.0,1.0,2003/S1,2003-01-01,2003-06-30,23.0,128.0,253.0
3425,2003.0,1.0,2003/S1,2003-01-01,2003-06-30,24.0,128.0,253.0
3426,2003.0,1.0,2003/S1,2003-01-01,2003-06-30,25.0,128.0,253.0
3427,2003.0,1.0,2003/S1,2003-01-01,2003-06-30,26.0,128.0,253.0
3428,2003.0,1.0,2003/S1,2003-01-01,2003-06-30,27.0,128.0,253.0
3429,2003.0,1.0,2003/S1,2003-01-01,2003-06-30,28.0,128.0,253.0
3430,2003.0,1.0,2003/S1,2003-01-01,2003-06-30,29.0,128.0,253.0
3431,2003.0,1.0,2003/S1,2003-01-01,2003-06-30,30.0,128.0,253.0
3432,2003.0,1.0,2003/S1,2003-01-01,2003-06-30,31.0,128.0,253.0
3433,2003.0,1.0,2003/S1,2003-01-01,2003-06-30,32.0,128.0,253.0
3434,2003.0,1.0,2003/S1,2003-01-01,2003-06-30,33.0,128.0,253.0
3435,2003.0,1.0,2003/S1,2003-01-01,2003-06-30,34.0,128.0,253.0
3436,2003.0,1.0,2003/S1,2003-01-01,2003-06-30,35.0,128.0,253.0
3437,2003.0,1.0,2003/S1,2003-01-01,2003-06-30,36.0,128.0,253.0
3438,2003.0,1.0,2003/S1,2003-01-01,2003-06-30,37.0,128.0,253.0
3439,2003.0,1.0,2003/S1,2003-01-01,2003-06-30,38.0,128.0,253.0
3440,2003.0,1.0,2003/S1,2003-01-01,2003-06-30,39.0,128.0,253.0
3441,2003.0,1.0,2003/S1,2003-01-01,2003-06-30,40.0,128.0,253.0
3442,2003.0,1.0,2003/S1,2003-01-01,2003-06-30,41.0,128.0,253.0
3443,2003.0,1.0,2003/S1,2003-01-01,2003-06-30,42.0,128.0,253.0
3444,2003.0,1.0,2003/S1,2003-01-01,2003-06-30,43.0,128.0,253.0
3445,2003.0,1.0,2003/S1,2003-01-01,2003-06-30,44.0,128.0,253.0
3446,2003.0,1.0,2003/S1,2003-01-01,2003-06-30,45.0,128.0,253.0
3447,2003.0,1.0,2003/S1,2003-01-01,2003-06-30,46.0,128.0,253.0
3448,2003.0,1.0,2003/S1,2003-01-01,2003-06-30,47.0,128.0,253.0
3449,2003.0,1.0,2003/S1,2003-01-01,2003-06-30,48.0,128.0,253.0
3450,2003.0,1.0,2003/S1,2003-01-01,2003-06-30,49.0,128.0,253.0
3451,2003.0,1.0,2003/S1,2003-01-01,2003-06-30,50.0,128.0,253.0
3452,2003.0,1.0,2003/S1,2003-01-01,2003-06-30,51.0,128.0,253.0
3453,2003.0,1.0,2003/S1,2003-01-01,2003-06-30,52.0,128.0,253.0
3454,2003.0,1.0,2003/S1,2003-01-01,2003-06-30,53.0,128.0,253.0
3455,2003.0,1.0,2003/S1,2003-01-01,2003-06-30,54.0,128.0,253.0
3456,2003.0,1.0,2003/S1,2003-01-01,2003-06-30,55.0,128.0,253.0
3457,2003.0,1.0,2003/S1,2003-01-01,2003-06-30,56.0,128.0,253.0
3458,2003.0,1.0,2003/S1,2003-01-01,2003-06-30,57.0,128.0,253.0
3459,2003.0,1.0,2003/S1,2003-01-01,2003-06-30,58.0,128.0,253.0
3460,2003.0,1.0,2003/S1,2003-01-01,2003-06-30,59.0,128.0,253.0
3461,2003.0,1.0,2003/S1,2003-01-01,2003-06-30,60.0,128.0,253.0
3462,2003.0,1.0,2003/S1,2003-01-01,2003-06-30,61.0,128.0,253.0
3463,2003.0,1.0,2003/S1,2003-01-01,2003-06-30,62.0,128.0,253.0
3464,2003.0,1.0,2003/S1,2003-01-01,2003-06-30,63.0,128.0,253.0
3465,2003.0,1.0,2003/S1,2003-01-01,2003-06-30,64.0,128.0,253.0
3466,2003.0,1.0,2003/S1,2003-01-01,2003-06-30,65.0,128.0,253.0
3467,2003.0,1.0,2003/S1,2003-01-01,2003-06-30,66.0,128.0,253.0
3468,2003.0,1.0,2003/S1,2003-01-01,2003-06-30,67.0,128.0,253.0
3469,2003.0,1.0,2003/S1,2003-01-01,2003-06-30,68.0,128.0,253.0
3470,2003.0,1.0,2003/S1,2003-01-01,2003-06-30,69.0,128.0,253.0
3471,2003.0,1.0,2003/S1,2003-01-01,2003-06-30,70.0,128.0,253.0
3472,2003.0,1.0,2003/S1,2003-01-01,2003-06-30,71.0,128.0,253.0
3473,2003.0,1.0,2003/S1,2003-01-01,2003-06-30,72.0,128.0,253.0
3474,2003.0,1.0,2003/S1,2003-01-01,2003-06-30,73.0,128.0,253.0
3475,2003.0,1.0,2003/S1,2003-01-01,2003-06-30,74.0,128.0,253.0
3476,2003.0,1.0,2003/S1,2003-01-01,2003-06-30,75.0,128.0,253.0
3477,2003.0,1.0,2003/S1,2003-01-01,2003-06-30,76.0,128.0,253.0
3478,2003.0,1.0,2003/S1,2003-01-01,2003-06-30,77.0,128.0,253.0
3479,2003.0,1.0,2003/S1,2003-01-01,2003-06-30,78.0,128.0,253.0
3480,2003.0,1.0,2003/S1,2003-01-01,2003-06-30,79.0,128.0,253.0
3481,2003.0,1.0,2003/S1,2003-01-01,2003-06-30,80.0,128.0,253.0
3482,2003.0,1.0,2003/S1,2003-01-01,2003-06-30,81.0,128.0,253.0
3483,2003.0,1.0,2003/S1,2003-01-01,2003-06-30,82.0,128.0,253.0
3484,2003.0,1.0,2003/S1,2003-01-01,2003-06-30,83.0,128.0,253.0
3485,2003.0,1.0,2003/S1,2003-01-01,2003-06-30,84.0,128.0,253.0
3486,2003.0,1.0,2003/S1,2003-01-01,2003-06-30,85.0,128.0,253.0
3487,2003.0,1.0,2003/S1,2003-01-01,2003-06-30,86.0,128.0,253.0
3488,2003.0,1.0,2003/S1,2003-01-01,2003-06-30,87.0,128.0,253.0
3489,2003.0,1.0,2003/S1,2003-01-01,2003-06-30,88.0,128.0,253.0
3490,2003.0,1.0,2003/S1,2003-01-01,2003-06-30,89.0,128.0,253.0
3491,2003.0,1.0,2003/S1,2003-01-01,2003-06-30,90.0,128.0,253.0
3492,2003.0,1.0,2003/S1,2003-01-01,2003-06-30,91.0,128.0,253.0
3493,2003.0,1.0,2003/S1,2003-01-01,2003-06-30,92.0,128.0,253.0
3494,2003.0,1.0,2003/S1,2003-01-01,2003-06-30,93.0,128.0,253.0
3495,2003.0,1.0,2003/S1,2003-01-01,2003-06-30,94.0,128.0,253.0
3496,2003.0,1.0,2003/S1,2003-01-01,2003-06-30,95.0,128.0,253.0
3497,2003.0,1.0,2003/S1,2003-01-01,2003-06-30,96.0,128.0,253.0
3498,2003.0,1.0,2003/S1,2003-01-01,2003-06-30,97.0,128.0,253.0
3499,2003.0,1.0,2003/S1,2003-01-01,2003-06-30,98.0,128.0,253.0
3500,2003.0,1.0,2003/S1,2003-01-01,2003-06-30,99.0,128.0,253.0
3501,2003.0,1.0,2003/S1,2003-01-01,2003-06-30,100.0,128.0,253.0
3502,2003.0,1.0,2003/S1,2003-01-01,2003-06-30,101.0,128.0,253.0
3503,2003.0,1.0,2003/S1,2003-01-01,2003-06-30,102.0,128.0,253.0
3504,2003.0,1.0,2003/S1,2003-01-01,2003-06-30,103.0,128.0,253.0
3505,2003.0,1.0,2003/S1,2003-01-01,2003-06-30,104.0,128.0,253.0
3506,2003.0,1.0,2003/S1,2003-01-01,2003-06-30,105.0,128.0,253.0
3507,2003.0,1.0,2003/S1,2003-01-01,2003-06-30,106.0,128.0,253.0
3508,2003.0,1.0,2003/S1,2003-01-01,2003-06-30,107.0,128.0,253.0
3509,2003.0,1.0,2003/S1,2003-01-01,2003-06-30,108.0,128.0,253.0
3510,2003.0,1.0,2003/S1,2003-01-01,2003-06-30,109.0,128.0,253.0
3511,2003.0,1.0,2003/S1,2003-01-01,2003-06-30,110.0,128.0,253.0
3512,2003.0,1.0,2003/S1,2003-01-01,2003-06-30,111.0,128.0,253.0
3513,2003.0,1.0,2003/S1,2003-01-01,2003-06-30,112.0,128.0,253.0
3514,2003.0,1.0,2003/S1,2003-01-01,2003-06-30,113.0,128.0,253.0
3515,2003.0,1.0,2003/S1,2003-01-01,2003-06-30,114.0,128.0,253.0
3516,2003.0,1.0,2003/S1,2003-01-01,2003-06-30,115.0,128.0,253.0
3517,2003.0,1.0,2003/S1,2003-01-01,2003-06-30,116.0,128.0,253.0
3518,2003.0,1.0,2003/S1,2003-01-01,2003-06-30,117.0,128.0,253.0
3519,2003.0,1.0,2003/S1,2003-01-01,2003-06-30,118.0,128.0,253.0
3520,2003.0,1.0,2003/S1,2003-01-01,2003-06-30,119.0,128.0,253.0
3521,2003.0,1.0,2003/S1,2003-01-01,2003-06-30,120.0,128.0,253.0
3522,2003.0,1.0,2003/S1,2003-01-01,2003-06-30,121.0,128.0,253.0
3523,2003.0,1.0,2003/S1,2003-01-01,2003-06-30,122.0,128.0,253.0
3524,2003.0,1.0,2003/S1,2003-01-01,2003-06-30,123.0,128.0,253.0
3525,2003.0,1.0,2003/S1,2003-01-01,2003-06-30,124.0,128.0,253.0
3526,2003.0,1.0,2003/S1,2003-01-01,2003-06-30,125.0,128.0,253.0
3527,2003.0,1.0,2003/S1,2003-01-01,2003-06-30,126.0,128.0,253.0
3528,2003.0,1.0,2003/S1,2003-01-01,2003-06-30,127.0,128.0,253.0
3529,2003.0,1.0,2003/S1,2003-01-01,2003-06-30,128.0,128.0,253.0
3530,2004.0,2.0,2004/S2,2004-07-01,2004-12-31,1.0,125.0,252.0
3531,2004.0,2.0,2004/S2,2004-07-01,2004-12-31,2.0,125.0,252.0
3532,2004.0,2.0,2004/S2,2004-07-01,2004-12-31,3.0,125.0,252.0
3533,2004.0,2.0,2004/S2,2004-07-01,2004-12-31,4.0,125.0,252.0
3534,2004.0,2.0,2004/S2,2004-07-01,2004-12-31,5.0,125.0,252.0
3535,2004.0,2.0,2004/S2,2004-07-01,2004-12-31,6.0,125.0,252.0
3536,2004.0,2.0,2004/S2,2004-07-01,2004-12-31,7.0,125.0,252.0
3537,2004.0,2.0,2004/S2,2004-07-01,2004-12-31,8.0,125.0,252.0
3538,2004.0,2.0,2004/S2,2004-07-01,2004-12-31,9.0,125.0,252.0
3539,2004.0,2.0,2004/S2,2004-07-01,2004-12-31,10.0,125.0,252.0
3540,2004.0,2.0,2004/S2,2004-07-01,2004-12-31,11.0,125.0,252.0
3541,2004.0,2.0,2004/S2,2004-07-01,2004-12-31,12.0,125.0,252.0
3542,2004.0,2.0,2004/S2,2004-07-01,2004-12-31,13.0,125.0,252.0
3543,2004.0,2.0,2004/S2,2004-07-01,2004-12-31,14.0,125.0,252.0
3544,2004.0,2.0,2004/S2,2004-07-01,2004-12-31,15.0,125.0,252.0
3545,2004.0,2.0,2004/S2,2004-07-01,2004-12-31,16.0,125.0,252.0
3546,2004.0,2.0,2004/S2,2004-07-01,2004-12-31,17.0,125.0,252.0
3547,2004.0,2.0,2004/S2,2004-07-01,2004-12-31,18.0,125.0,252.0
3548,2004.0,2.0,2004/S2,2004-07-01,2004-12-31,19.0,125.0,252.0
3549,2004.0,2.0,2004/S2,2004-07-01,2004-12-31,20.0,125.0,252.0
3550,2004.0,2.0,2004/S2,2004-07-01,2004-12-31,21.0,125.0,252.0
3551,2004.0,2.0,2004/S2,2004-07-01,2004-12-31,22.0,125.0,252.0
3552,2004.0,2.0,2004/S2,2004-07-01,2004-12-31,23.0,125.0,252.0
3553,2004.0,2.0,2004/S2,2004-07-01,2004-12-31,24.0,125.0,252.0
3554,2004.0,2.0,2004/S2,2004-07-01,2004-12-31,25.0,125.0,252.0
3555,2004.0,2.0,2004/S2,2004-07-01,2004-12-31,26.0,125.0,252.0
3556,2004.0,2.0,2004/S2,2004-07-01,2004-12-31,27.0,125.0,252.0
3557,2004.0,2.0,2004/S2,2004-07-01,2004-12-31,28.0,125.0,252.0
3558,2004.0,2.0,2004/S2,2004-07-01,2004-12-31,29.0,125.0,252.0
3559,2004.0,2.0,2004/S2,2004-07-01,2004-12-31,30.0,125.0,252.0
3560,2004.0,2.0,2004/S2,2004-07-01,2004-12-31,31.0,125.0,252.0
3561,2004.0,2.0,2004/S2,2004-07-01,2004-12-31,32.0,125.0,252.0
3562,2004.0,2.0,2004/S2,2004-07-01,2004-12-31,33.0,125.0,252.0
3563,2004.0,2.0,2004/S2,2004-07-01,2004-12-31,34.0,125.0,252.0
3564,2004.0,2.0,2004/S2,2004-07-01,2004-12-31,35.0,125.0,252.0
3565,2004.0,2.0,2004/S2,2004-07-01,2004-12-31,36.0,125.0,252.0
3566,2004.0,2.0,2004/S2,2004-07-01,2004-12-31,37.0,125.0,252.0
3567,2004.0,2.0,2004/S2,2004-07-01,2004-12-31,38.0,125.0,252.0
3568,2004.0,2.0,2004/S2,2004-07-01,2004-12-31,39.0,125.0,252.0
3569,2004.0,2.0,2004/S2,2004-07-01,2004-12-31,40.0,125.0,252.0
3570,2004.0,2.0,2004/S2,2004-07-01,2004-12-31,41.0,125.0,252.0
3571,2004.0,2.0,2004/S2,2004-07-01,2004-12-31,42.0,125.0,252.0
3572,2004.0,2.0,2004/S2,2004-07-01,2004-12-31,43.0,125.0,252.0
3573,2004.0,2.0,2004/S2,2004-07-01,2004-12-31,44.0,125.0,252.0
3574,2004.0,2.0,2004/S2,2004-07-01,2004-12-31,45.0,125.0,252.0
3575,2004.0,2.0,2004/S2,2004-07-01,2004-12-31,46.0,125.0,252.0
3576,2004.0,2.0,2004/S2,2004-07-01,2004-12-31,47.0,125.0,252.0
3577,2004.0,2.0,2004/S2,2004-07-01,2004-12-31,48.0,125.0,252.0
3578,2004.0,2.0,2004/S2,2004-07-01,2004-12-31,49.0,125.0,252.0
3579,2004.0,2.0,2004/S2,2004-07-01,2004-12-31,50.0,125.0,252.0
3580,2004.0,2.0,2004/S2,2004-07-01,2004-12-31,51.0,125.0,252.0
3581,2004.0,2.0,2004/S2,2004-07-01,2004-12-31,52.0,125.0,252.0
3582,2004.0,2.0,2004/S2,2004-07-01,2004-12-31,53.0,125.0,252.0
3583,2004.0,2.0,2004/S2,2004-07-01,2004-12-31,54.0,125.0,252.0
3584,2004.0,2.0,2004/S2,2004-07-01,2004-12-31,55.0,125.0,252.0
3585,2004.0,2.0,2004/S2,2004-07-01,2004-12-31,56.0,125.0,252.0
3586,2004.0,2.0,2004/S2,2004-07-01,2004-12-31,57.0,125.0,252.0
3587,2004.0,2.0,2004/S2,2004-07-01,2004-12-31,58.0,125.0,252.0
3588,2004.0,2.0,2004/S2,2004-07-01,2004-12-31,59.0,125.0,252.0
3589,2004.0,2.0,2004/S2,2004-07-01,2004-12-31,60.0,125.0,252.0
3590,2004.0,2.0,2004/S2,2004-07-01,2004-12-31,61.0,125.0,252.0
3591,2004.0,2.0,2004/S2,2004-07-01,2004-12-31,62.0,125.0,252.0
3592,2004.0,2.0,2004/S2,2004-07-01,2004-12-31,63.0,125.0,252.0
3593,2004.0,2.0,2004/S2,2004-07-01,2004-12-31,64.0,125.0,252.0
3594,2004.0,2.0,2004/S2,2004-07-01,2004-12-31,65.0,125.0,252.0
3595,2004.0,2.0,2004/S2,2004-07-01,2004-12-31,66.0,125.0,252.0
3596,2004.0,2.0,2004/S2,2004-07-01,2004-12-31,67.0,125.0,252.0
3597,2004.0,2.0,2004/S2,2004-07-01,2004-12-31,68.0,125.0,252.0
3598,2004.0,2.0,2004/S2,2004-07-01,2004-12-31,69.0,125.0,252.0
3599,2004.0,2.0,2004/S2,2004-07-01,2004-12-31,70.0,125.0,252.0
3600,2004.0,2.0,2004/S2,2004-07-01,2004-12-31,71.0,125.0,252.0
3601,2004.0,2.0,2004/S2,2004-07-01,2004-12-31,72.0,125.0,252.0
3602,2004.0,2.0,2004/S2,2004-07-01,2004-12-31,73.0,125.0,252.0
3603,2004.0,2.0,2004/S2,2004-07-01,2004-12-31,74.0,125.0,252.0
3604,2004.0,2.0,2004/S2,2004-07-01,2004-12-31,75.0,125.0,252.0
3605,2004.0,2.0,2004/S2,2004-07-01,2004-12-31,76.0,125.0,252.0
3606,2004.0,2.0,2004/S2,2004-07-01,2004-12-31,77.0,125.0,252.0
3607,2004.0,2.0,2004/S2,2004-07-01,2004-12-31,78.0,125.0,252.0
3608,2004.0,2.0,2004/S2,2004-07-01,2004-12-31,79.0,125.0,252.0
3609,2004.0,2.0,2004/S2,2004-07-01,2004-12-31,80.0,125.0,252.0
3610,2004.0,2.0,2004/S2,2004-07-01,2004-12-31,81.0,125.0,252.0
3611,2004.0,2.0,2004/S2,2004-07-01,2004-12-31,82.0,125.0,252.0
3612,2004.0,2.0,2004/S2,2004-07-01,2004-12-31,83.0,125.0,252.0
3613,2004.0,2.0,2004/S2,2004-07-01,2004-12-31,84.0,125.0,252.0
3614,2004.0,2.0,2004/S2,2004-07-01,2004-12-31,85.0,125.0,252.0
3615,2004.0,2.0,2004/S2,2004-07-01,2004-12-31,86.0,125.0,252.0
3616,2004.0,2.0,2004/S2,2004-07-01,2004-12-31,87.0,125.0,252.0
3617,2004.0,2.0,2004/S2,2004-07-01,2004-12-31,88.0,125.0,252.0
3618,2004.0,2.0,2004/S2,2004-07-01,2004-12-31,89.0,125.0,252.0
3619,2004.0,2.0,2004/S2,2004-07-01,2004-12-31,90.0,125.0,252.0
3620,2004.0,2.0,2004/S2,2004-07-01,2004-12-31,91.0,125.0,252.0
3621,2004.0,2.0,2004/S2,2004-07-01,2004-12-31,92.0,125.0,252.0
3622,2004.0,2.0,2004/S2,2004-07-01,2004-12-31,93.0,125.0,252.0
3623,2004.0,2.0,2004/S2,2004-07-01,2004-12-31,94.0,125.0,252.0
3624,2004.0,2.0,2004/S2,2004-07-01,2004-12-31,95.0,125.0,252.0
3625,2004.0,2.0,2004/S2,2004-07-01,2004-12-31,96.0,125.0,252.0
3626,2004.0,2.0,2004/S2,2004-07-01,2004-12-31,97.0,125.0,252.0
3627,2004.0,2.0,2004/S2,2004-07-01,2004-12-31,98.0,125.0,252.0
3628,2004.0,2.0,2004/S2,2004-07-01,2004-12-31,99.0,125.0,252.0
3629,2004.0,2.0,2004/S2,2004-07-01,2004-12-31,100.0,125.0,252.0
3630,2004.0,2.0,2004/S2,2004-07-01,2004-12-31,101.0,125.0,252.0
3631,2004.0,2.0,2004/S2,2004-07-01,2004-12-31,102.0,125.0,252.0
3632,2004.0,2.0,2004/S2,2004-07-01,2004-12-31,103.0,125.0,252.0
3633,2004.0,2.0,2004/S2,2004-07-01,2004-12-31,104.0,125.0,252.0
3634,2004.0,2.0,2004/S2,2004-07-01,2004-12-31,105.0,125.0,252.0
3635,2004.0,2.0,2004/S2,2004-07-01,2004-12-31,106.0,125.0,252.0
3636,2004.0,2.0,2004/S2,2004-07-01,2004-12-31,107.0,125.0,252.0
3637,2004.0,2.0,2004/S2,2004-07-01,2004-12-31,108.0,125.0,252.0
3638,2004.0,2.0,2004/S2,2004-07-01,2004-12-31,109.0,125.0,252.0
3639,2004.0,2.0,2004/S2,2004-07-01,2004-12-31,110.0,125.0,252.0
3640,2004.0,2.0,2004/S2,2004-07-01,2004-12-31,111.0,125.0,252.0
3641,2004.0,2.0,2004/S2,2004-07-01,2004-12-31,112.0,125.0,252.0
3642,2004.0,2.0,2004/S2,2004-07-01,2004-12-31,113.0,125.0,252.0
3643,2004.0,2.0,2004/S2,2004-07-01,2004-12-31,114.0,125.0,252.0
3644,2004.0,2.0,2004/S2,2004-07-01,2004-12-31,115.0,125.0,252.0
3645,2004.0,2.0,2004/S2,2004-07-01,2004-12-31,116.0,125.0,252.0
3646,2004.0,2.0,2004/S2,2004-07-01,2004-12-31,117.0,125.0,252.0
3647,2004.0,2.0,2004/S2,2004-07-01,2004-12-31,118.0,125.0,252.0
3648,2004.0,2.0,2004/S2,2004-07-01,2004-12-31,119.0,125.0,252.0
3649,2004.0,2.0,2004/S2,2004-07-01,2004-12-31,120.0,125.0,252.0
3650,2004.0,2.0,2004/S2,2004-07-01,2004-12-31,121.0,125.0,252.0
3651,2004.0,2.0,2004/S2,2004-07-01,2004-12-31,122.0,125.0,252.0
3652,2004.0,2.0,2004/S2,2004-07-01,2004-12-31,123.0,125.0,252.0
3653,2004.0,2.0,2004/S2,2004-07-01,2004-12-31,124.0,125.0,252.0
3654,2004.0,2.0,2004/S2,2004-07-01,2004-12-31,125.0,125.0,252.0
3655,2004.0,1.0,2004/S1,2004-01-01,2004-06-30,1.0,127.0,252.0
3656,2004.0,1.0,2004/S1,2004-01-01,2004-06-30,2.0,127.0,252.0
3657,2004.0,1.0,2004/S1,2004-01-01,2004-06-30,3.0,127.0,252.0
3658,2004.0,1.0,2004/S1,2004-01-01,2004-06-30,4.0,127.0,252.0
3659,2004.0,1.0,2004/S1,2004-01-01,2004-06-30,5.0,127.0,252.0
3660,2004.0,1.0,2004/S1,2004-01-01,2004-06-30,6.0,127.0,252.0
3661,2004.0,1.0,2004/S1,2004-01-01,2004-06-30,7.0,127.0,252.0
3662,2004.0,1.0,2004/S1,2004-01-01,2004-06-30,8.0,127.0,252.0
3663,2004.0,1.0,2004/S1,2004-01-01,2004-06-30,9.0,127.0,252.0
3664,2004.0,1.0,2004/S1,2004-01-01,2004-06-30,10.0,127.0,252.0
3665,2004.0,1.0,2004/S1,2004-01-01,2004-06-30,11.0,127.0,252.0
3666,2004.0,1.0,2004/S1,2004-01-01,2004-06-30,12.0,127.0,252.0
3667,2004.0,1.0,2004/S1,2004-01-01,2004-06-30,13.0,127.0,252.0
3668,2004.0,1.0,2004/S1,2004-01-01,2004-06-30,14.0,127.0,252.0
3669,2004.0,1.0,2004/S1,2004-01-01,2004-06-30,15.0,127.0,252.0
3670,2004.0,1.0,2004/S1,2004-01-01,2004-06-30,16.0,127.0,252.0
3671,2004.0,1.0,2004/S1,2004-01-01,2004-06-30,17.0,127.0,252.0
3672,2004.0,1.0,2004/S1,2004-01-01,2004-06-30,18.0,127.0,252.0
3673,2004.0,1.0,2004/S1,2004-01-01,2004-06-30,19.0,127.0,252.0
3674,2004.0,1.0,2004/S1,2004-01-01,2004-06-30,20.0,127.0,252.0
3675,2004.0,1.0,2004/S1,2004-01-01,2004-06-30,21.0,127.0,252.0
3676,2004.0,1.0,2004/S1,2004-01-01,2004-06-30,22.0,127.0,252.0
3677,2004.0,1.0,2004/S1,2004-01-01,2004-06-30,23.0,127.0,252.0
3678,2004.0,1.0,2004/S1,2004-01-01,2004-06-30,24.0,127.0,252.0
3679,2004.0,1.0,2004/S1,2004-01-01,2004-06-30,25.0,127.0,252.0
3680,2004.0,1.0,2004/S1,2004-01-01,2004-06-30,26.0,127.0,252.0
3681,2004.0,1.0,2004/S1,2004-01-01,2004-06-30,27.0,127.0,252.0
3682,2004.0,1.0,2004/S1,2004-01-01,2004-06-30,28.0,127.0,252.0
3683,2004.0,1.0,2004/S1,2004-01-01,2004-06-30,29.0,127.0,252.0
3684,2004.0,1.0,2004/S1,2004-01-01,2004-06-30,30.0,127.0,252.0
3685,2004.0,1.0,2004/S1,2004-01-01,2004-06-30,31.0,127.0,252.0
3686,2004.0,1.0,2004/S1,2004-01-01,2004-06-30,32.0,127.0,252.0
3687,2004.0,1.0,2004/S1,2004-01-01,2004-06-30,33.0,127.0,252.0
3688,2004.0,1.0,2004/S1,2004-01-01,2004-06-30,34.0,127.0,252.0
3689,2004.0,1.0,2004/S1,2004-01-01,2004-06-30,35.0,127.0,252.0
3690,2004.0,1.0,2004/S1,2004-01-01,2004-06-30,36.0,127.0,252.0
3691,2004.0,1.0,2004/S1,2004-01-01,2004-06-30,37.0,127.0,252.0
3692,2004.0,1.0,2004/S1,2004-01-01,2004-06-30,38.0,127.0,252.0
3693,2004.0,1.0,2004/S1,2004-01-01,2004-06-30,39.0,127.0,252.0
3694,2004.0,1.0,2004/S1,2004-01-01,2004-06-30,40.0,127.0,252.0
3695,2004.0,1.0,2004/S1,2004-01-01,2004-06-30,41.0,127.0,252.0
3696,2004.0,1.0,2004/S1,2004-01-01,2004-06-30,42.0,127.0,252.0
3697,2004.0,1.0,2004/S1,2004-01-01,2004-06-30,43.0,127.0,252.0
3698,2004.0,1.0,2004/S1,2004-01-01,2004-06-30,44.0,127.0,252.0
3699,2004.0,1.0,2004/S1,2004-01-01,2004-06-30,45.0,127.0,252.0
3700,2004.0,1.0,2004/S1,2004-01-01,2004-06-30,46.0,127.0,252.0
3701,2004.0,1.0,2004/S1,2004-01-01,2004-06-30,47.0,127.0,252.0
3702,2004.0,1.0,2004/S1,2004-01-01,2004-06-30,48.0,127.0,252.0
3703,2004.0,1.0,2004/S1,2004-01-01,2004-06-30,49.0,127.0,252.0
3704,2004.0,1.0,2004/S1,2004-01-01,2004-06-30,50.0,127.0,252.0
3705,2004.0,1.0,2004/S1,2004-01-01,2004-06-30,51.0,127.0,252.0
3706,2004.0,1.0,2004/S1,2004-01-01,2004-06-30,52.0,127.0,252.0
3707,2004.0,1.0,2004/S1,2004-01-01,2004-06-30,53.0,127.0,252.0
3708,2004.0,1.0,2004/S1,2004-01-01,2004-06-30,54.0,127.0,252.0
3709,2004.0,1.0,2004/S1,2004-01-01,2004-06-30,55.0,127.0,252.0
3710,2004.0,1.0,2004/S1,2004-01-01,2004-06-30,56.0,127.0,252.0
3711,2004.0,1.0,2004/S1,2004-01-01,2004-06-30,57.0,127.0,252.0
3712,2004.0,1.0,2004/S1,2004-01-01,2004-06-30,58.0,127.0,252.0
3713,2004.0,1.0,2004/S1,2004-01-01,2004-06-30,59.0,127.0,252.0
3714,2004.0,1.0,2004/S1,2004-01-01,2004-06-30,60.0,127.0,252.0
3715,2004.0,1.0,2004/S1,2004-01-01,2004-06-30,61.0,127.0,252.0
3716,2004.0,1.0,2004/S1,2004-01-01,2004-06-30,62.0,127.0,252.0
3717,2004.0,1.0,2004/S1,2004-01-01,2004-06-30,63.0,127.0,252.0
3718,2004.0,1.0,2004/S1,2004-01-01,2004-06-30,64.0,127.0,252.0
3719,2004.0,1.0,2004/S1,2004-01-01,2004-06-30,65.0,127.0,252.0
3720,2004.0,1.0,2004/S1,2004-01-01,2004-06-30,66.0,127.0,252.0
3721,2004.0,1.0,2004/S1,2004-01-01,2004-06-30,67.0,127.0,252.0
3722,2004.0,1.0,2004/S1,2004-01-01,2004-06-30,68.0,127.0,252.0
3723,2004.0,1.0,2004/S1,2004-01-01,2004-06-30,69.0,127.0,252.0
3724,2004.0,1.0,2004/S1,2004-01-01,2004-06-30,70.0,127.0,252.0
3725,2004.0,1.0,2004/S1,2004-01-01,2004-06-30,71.0,127.0,252.0
3726,2004.0,1.0,2004/S1,2004-01-01,2004-06-30,72.0,127.0,252.0
3727,2004.0,1.0,2004/S1,2004-01-01,2004-06-30,73.0,127.0,252.0
3728,2004.0,1.0,2004/S1,2004-01-01,2004-06-30,74.0,127.0,252.0
3729,2004.0,1.0,2004/S1,2004-01-01,2004-06-30,75.0,127.0,252.0
3730,2004.0,1.0,2004/S1,2004-01-01,2004-06-30,76.0,127.0,252.0
3731,2004.0,1.0,2004/S1,2004-01-01,2004-06-30,77.0,127.0,252.0
3732,2004.0,1.0,2004/S1,2004-01-01,2004-06-30,78.0,127.0,252.0
3733,2004.0,1.0,2004/S1,2004-01-01,2004-06-30,79.0,127.0,252.0
3734,2004.0,1.0,2004/S1,2004-01-01,2004-06-30,80.0,127.0,252.0
3735,2004.0,1.0,2004/S1,2004-01-01,2004-06-30,81.0,127.0,252.0
3736,2004.0,1.0,2004/S1,2004-01-01,2004-06-30,82.0,127.0,252.0
3737,2004.0,1.0,2004/S1,2004-01-01,2004-06-30,83.0,127.0,252.0
3738,2004.0,1.0,2004/S1,2004-01-01,2004-06-30,84.0,127.0,252.0
3739,2004.0,1.0,2004/S1,2004-01-01,2004-06-30,85.0,127.0,252.0
3740,2004.0,1.0,2004/S1,2004-01-01,2004-06-30,86.0,127.0,252.0
3741,2004.0,1.0,2004/S1,2004-01-01,2004-06-30,87.0,127.0,252.0
3742,2004.0,1.0,2004/S1,2004-01-01,2004-06-30,88.0,127.0,252.0
3743,2004.0,1.0,2004/S1,2004-01-01,2004-06-30,89.0,127.0,252.0
3744,2004.0,1.0,2004/S1,2004-01-01,2004-06-30,90.0,127.0,252.0
3745,2004.0,1.0,2004/S1,2004-01-01,2004-06-30,91.0,127.0,252.0
3746,2004.0,1.0,2004/S1,2004-01-01,2004-06-30,92.0,127.0,252.0
3747,2004.0,1.0,2004/S1,2004-01-01,2004-06-30,93.0,127.0,252.0
3748,2004.0,1.0,2004/S1,2004-01-01,2004-06-30,94.0,127.0,252.0
3749,2004.0,1.0,2004/S1,2004-01-01,2004-06-30,95.0,127.0,252.0
3750,2004.0,1.0,2004/S1,2004-01-01,2004-06-30,96.0,127.0,252.0
3751,2004.0,1.0,2004/S1,2004-01-01,2004-06-30,97.0,127.0,252.0
3752,2004.0,1.0,2004/S1,2004-01-01,2004-06-30,98.0,127.0,252.0
3753,2004.0,1.0,2004/S1,2004-01-01,2004-06-30,99.0,127.0,252.0
3754,2004.0,1.0,2004/S1,2004-01-01,2004-06-30,100.0,127.0,252.0
3755,2004.0,1.0,2004/S1,2004-01-01,2004-06-30,101.0,127.0,252.0
3756,2004.0,1.0,2004/S1,2004-01-01,2004-06-30,102.0,127.0,252.0
3757,2004.0,1.0,2004/S1,2004-01-01,2004-06-30,103.0,127.0,252.0
3758,2004.0,1.0,2004/S1,2004-01-01,2004-06-30,104.0,127.0,252.0
3759,2004.0,1.0,2004/S1,2004-01-01,2004-06-30,105.0,127.0,252.0
3760,2004.0,1.0,2004/S1,2004-01-01,2004-06-30,106.0,127.0,252.0
3761,2004.0,1.0,2004/S1,2004-01-01,2004-06-30,107.0,127.0,252.0
3762,2004.0,1.0,2004/S1,2004-01-01,2004-06-30,108.0,127.0,252.0
3763,2004.0,1.0,2004/S1,2004-01-01,2004-06-30,109.0,127.0,252.0
3764,2004.0,1.0,2004/S1,2004-01-01,2004-06-30,110.0,127.0,252.0
3765,2004.0,1.0,2004/S1,2004-01-01,2004-06-30,111.0,127.0,252.0
3766,2004.0,1.0,2004/S1,2004-01-01,2004-06-30,112.0,127.0,252.0
3767,2004.0,1.0,2004/S1,2004-01-01,2004-06-30,113.0,127.0,252.0
3768,2004.0,1.0,2004/S1,2004-01-01,2004-06-30,114.0,127.0,252.0
3769,2004.0,1.0,2004/S1,2004-01-01,2004-06-30,115.0,127.0,252.0
3770,2004.0,1.0,2004/S1,2004-01-01,2004-06-30,116.0,127.0,252.0
3771,2004.0,1.0,2004/S1,2004-01-01,2004-06-30,117.0,127.0,252.0
3772,2004.0,1.0,2004/S1,2004-01-01,2004-06-30,118.0,127.0,252.0
3773,2004.0,1.0,2004/S1,2004-01-01,2004-06-30,119.0,127.0,252.0
3774,2004.0,1.0,2004/S1,2004-01-01,2004-06-30,120.0,127.0,252.0
3775,2004.0,1.0,2004/S1,2004-01-01,2004-06-30,121.0,127.0,252.0
3776,2004.0,1.0,2004/S1,2004-01-01,2004-06-30,122.0,127.0,252.0
3777,2004.0,1.0,2004/S1,2004-01-01,2004-06-30,123.0,127.0,252.0
3778,2004.0,1.0,2004/S1,2004-01-01,2004-06-30,124.0,127.0,252.0
3779,2004.0,1.0,2004/S1,2004-01-01,2004-06-30,125.0,127.0,252.0
3780,2004.0,1.0,2004/S1,2004-01-01,2004-06-30,126.0,127.0,252.0
3781,2004.0,1.0,2004/S1,2004-01-01,2004-06-30,127.0,127.0,252.0
3782,2005.0,2.0,2005/S2,2005-07-01,2005-12-31,1.0,125.0,251.0
3783,2005.0,2.0,2005/S2,2005-07-01,2005-12-31,2.0,125.0,251.0
3784,2005.0,2.0,2005/S2,2005-07-01,2005-12-31,3.0,125.0,251.0
3785,2005.0,2.0,2005/S2,2005-07-01,2005-12-31,4.0,125.0,251.0
3786,2005.0,2.0,2005/S2,2005-07-01,2005-12-31,5.0,125.0,251.0
3787,2005.0,2.0,2005/S2,2005-07-01,2005-12-31,6.0,125.0,251.0
3788,2005.0,2.0,2005/S2,2005-07-01,2005-12-31,7.0,125.0,251.0
3789,2005.0,2.0,2005/S2,2005-07-01,2005-12-31,8.0,125.0,251.0
3790,2005.0,2.0,2005/S2,2005-07-01,2005-12-31,9.0,125.0,251.0
3791,2005.0,2.0,2005/S2,2005-07-01,2005-12-31,10.0,125.0,251.0
3792,2005.0,2.0,2005/S2,2005-07-01,2005-12-31,11.0,125.0,251.0
3793,2005.0,2.0,2005/S2,2005-07-01,2005-12-31,12.0,125.0,251.0
3794,2005.0,2.0,2005/S2,2005-07-01,2005-12-31,13.0,125.0,251.0
3795,2005.0,2.0,2005/S2,2005-07-01,2005-12-31,14.0,125.0,251.0
3796,2005.0,2.0,2005/S2,2005-07-01,2005-12-31,15.0,125.0,251.0
3797,2005.0,2.0,2005/S2,2005-07-01,2005-12-31,16.0,125.0,251.0
3798,2005.0,2.0,2005/S2,2005-07-01,2005-12-31,17.0,125.0,251.0
3799,2005.0,2.0,2005/S2,2005-07-01,2005-12-31,18.0,125.0,251.0
3800,2005.0,2.0,2005/S2,2005-07-01,2005-12-31,19.0,125.0,251.0
3801,2005.0,2.0,2005/S2,2005-07-01,2005-12-31,20.0,125.0,251.0
3802,2005.0,2.0,2005/S2,2005-07-01,2005-12-31,21.0,125.0,251.0
3803,2005.0,2.0,2005/S2,2005-07-01,2005-12-31,22.0,125.0,251.0
3804,2005.0,2.0,2005/S2,2005-07-01,2005-12-31,23.0,125.0,251.0
3805,2005.0,2.0,2005/S2,2005-07-01,2005-12-31,24.0,125.0,251.0
3806,2005.0,2.0,2005/S2,2005-07-01,2005-12-31,25.0,125.0,251.0
3807,2005.0,2.0,2005/S2,2005-07-01,2005-12-31,26.0,125.0,251.0
3808,2005.0,2.0,2005/S2,2005-07-01,2005-12-31,27.0,125.0,251.0
3809,2005.0,2.0,2005/S2,2005-07-01,2005-12-31,28.0,125.0,251.0
3810,2005.0,2.0,2005/S2,2005-07-01,2005-12-31,29.0,125.0,251.0
3811,2005.0,2.0,2005/S2,2005-07-01,2005-12-31,30.0,125.0,251.0
3812,2005.0,2.0,2005/S2,2005-07-01,2005-12-31,31.0,125.0,251.0
3813,2005.0,2.0,2005/S2,2005-07-01,2005-12-31,32.0,125.0,251.0
3814,2005.0,2.0,2005/S2,2005-07-01,2005-12-31,33.0,125.0,251.0
3815,2005.0,2.0,2005/S2,2005-07-01,2005-12-31,34.0,125.0,251.0
3816,2005.0,2.0,2005/S2,2005-07-01,2005-12-31,35.0,125.0,251.0
3817,2005.0,2.0,2005/S2,2005-07-01,2005-12-31,36.0,125.0,251.0
3818,2005.0,2.0,2005/S2,2005-07-01,2005-12-31,37.0,125.0,251.0
3819,2005.0,2.0,2005/S2,2005-07-01,2005-12-31,38.0,125.0,251.0
3820,2005.0,2.0,2005/S2,2005-07-01,2005-12-31,39.0,125.0,251.0
3821,2005.0,2.0,2005/S2,2005-07-01,2005-12-31,40.0,125.0,251.0
3822,2005.0,2.0,2005/S2,2005-07-01,2005-12-31,41.0,125.0,251.0
3823,2005.0,2.0,2005/S2,2005-07-01,2005-12-31,42.0,125.0,251.0
3824,2005.0,2.0,2005/S2,2005-07-01,2005-12-31,43.0,125.0,251.0
3825,2005.0,2.0,2005/S2,2005-07-01,2005-12-31,44.0,125.0,251.0
3826,2005.0,2.0,2005/S2,2005-07-01,2005-12-31,45.0,125.0,251.0
3827,2005.0,2.0,2005/S2,2005-07-01,2005-12-31,46.0,125.0,251.0
3828,2005.0,2.0,2005/S2,2005-07-01,2005-12-31,47.0,125.0,251.0
3829,2005.0,2.0,2005/S2,2005-07-01,2005-12-31,48.0,125.0,251.0
3830,2005.0,2.0,2005/S2,2005-07-01,2005-12-31,49.0,125.0,251.0
3831,2005.0,2.0,2005/S2,2005-07-01,2005-12-31,50.0,125.0,251.0
3832,2005.0,2.0,2005/S2,2005-07-01,2005-12-31,51.0,125.0,251.0
3833,2005.0,2.0,2005/S2,2005-07-01,2005-12-31,52.0,125.0,251.0
3834,2005.0,2.0,2005/S2,2005-07-01,2005-12-31,53.0,125.0,251.0
3835,2005.0,2.0,2005/S2,2005-07-01,2005-12-31,54.0,125.0,251.0
3836,2005.0,2.0,2005/S2,2005-07-01,2005-12-31,55.0,125.0,251.0
3837,2005.0,2.0,2005/S2,2005-07-01,2005-12-31,56.0,125.0,251.0
3838,2005.0,2.0,2005/S2,2005-07-01,2005-12-31,57.0,125.0,251.0
3839,2005.0,2.0,2005/S2,2005-07-01,2005-12-31,58.0,125.0,251.0
3840,2005.0,2.0,2005/S2,2005-07-01,2005-12-31,59.0,125.0,251.0
3841,2005.0,2.0,2005/S2,2005-07-01,2005-12-31,60.0,125.0,251.0
3842,2005.0,2.0,2005/S2,2005-07-01,2005-12-31,61.0,125.0,251.0
3843,2005.0,2.0,2005/S2,2005-07-01,2005-12-31,62.0,125.0,251.0
3844,2005.0,2.0,2005/S2,2005-07-01,2005-12-31,63.0,125.0,251.0
3845,2005.0,2.0,2005/S2,2005-07-01,2005-12-31,64.0,125.0,251.0
3846,2005.0,2.0,2005/S2,2005-07-01,2005-12-31,65.0,125.0,251.0
3847,2005.0,2.0,2005/S2,2005-07-01,2005-12-31,66.0,125.0,251.0
3848,2005.0,2.0,2005/S2,2005-07-01,2005-12-31,67.0,125.0,251.0
3849,2005.0,2.0,2005/S2,2005-07-01,2005-12-31,68.0,125.0,251.0
3850,2005.0,2.0,2005/S2,2005-07-01,2005-12-31,69.0,125.0,251.0
3851,2005.0,2.0,2005/S2,2005-07-01,2005-12-31,70.0,125.0,251.0
3852,2005.0,2.0,2005/S2,2005-07-01,2005-12-31,71.0,125.0,251.0
3853,2005.0,2.0,2005/S2,2005-07-01,2005-12-31,72.0,125.0,251.0
3854,2005.0,2.0,2005/S2,2005-07-01,2005-12-31,73.0,125.0,251.0
3855,2005.0,2.0,2005/S2,2005-07-01,2005-12-31,74.0,125.0,251.0
3856,2005.0,2.0,2005/S2,2005-07-01,2005-12-31,75.0,125.0,251.0
3857,2005.0,2.0,2005/S2,2005-07-01,2005-12-31,76.0,125.0,251.0
3858,2005.0,2.0,2005/S2,2005-07-01,2005-12-31,77.0,125.0,251.0
3859,2005.0,2.0,2005/S2,2005-07-01,2005-12-31,78.0,125.0,251.0
3860,2005.0,2.0,2005/S2,2005-07-01,2005-12-31,79.0,125.0,251.0
3861,2005.0,2.0,2005/S2,2005-07-01,2005-12-31,80.0,125.0,251.0
3862,2005.0,2.0,2005/S2,2005-07-01,2005-12-31,81.0,125.0,251.0
3863,2005.0,2.0,2005/S2,2005-07-01,2005-12-31,82.0,125.0,251.0
3864,2005.0,2.0,2005/S2,2005-07-01,2005-12-31,83.0,125.0,251.0
3865,2005.0,2.0,2005/S2,2005-07-01,2005-12-31,84.0,125.0,251.0
3866,2005.0,2.0,2005/S2,2005-07-01,2005-12-31,85.0,125.0,251.0
3867,2005.0,2.0,2005/S2,2005-07-01,2005-12-31,86.0,125.0,251.0
3868,2005.0,2.0,2005/S2,2005-07-01,2005-12-31,87.0,125.0,251.0
3869,2005.0,2.0,2005/S2,2005-07-01,2005-12-31,88.0,125.0,251.0
3870,2005.0,2.0,2005/S2,2005-07-01,2005-12-31,89.0,125.0,251.0
3871,2005.0,2.0,2005/S2,2005-07-01,2005-12-31,90.0,125.0,251.0
3872,2005.0,2.0,2005/S2,2005-07-01,2005-12-31,91.0,125.0,251.0
3873,2005.0,2.0,2005/S2,2005-07-01,2005-12-31,92.0,125.0,251.0
3874,2005.0,2.0,2005/S2,2005-07-01,2005-12-31,93.0,125.0,251.0
3875,2005.0,2.0,2005/S2,2005-07-01,2005-12-31,94.0,125.0,251.0
3876,2005.0,2.0,2005/S2,2005-07-01,2005-12-31,95.0,125.0,251.0
3877,2005.0,2.0,2005/S2,2005-07-01,2005-12-31,96.0,125.0,251.0
3878,2005.0,2.0,2005/S2,2005-07-01,2005-12-31,97.0,125.0,251.0
3879,2005.0,2.0,2005/S2,2005-07-01,2005-12-31,98.0,125.0,251.0
3880,2005.0,2.0,2005/S2,2005-07-01,2005-12-31,99.0,125.0,251.0
3881,2005.0,2.0,2005/S2,2005-07-01,2005-12-31,100.0,125.0,251.0
3882,2005.0,2.0,2005/S2,2005-07-01,2005-12-31,101.0,125.0,251.0
3883,2005.0,2.0,2005/S2,2005-07-01,2005-12-31,102.0,125.0,251.0
3884,2005.0,2.0,2005/S2,2005-07-01,2005-12-31,103.0,125.0,251.0
3885,2005.0,2.0,2005/S2,2005-07-01,2005-12-31,104.0,125.0,251.0
3886,2005.0,2.0,2005/S2,2005-07-01,2005-12-31,105.0,125.0,251.0
3887,2005.0,2.0,2005/S2,2005-07-01,2005-12-31,106.0,125.0,251.0
3888,2005.0,2.0,2005/S2,2005-07-01,2005-12-31,107.0,125.0,251.0
3889,2005.0,2.0,2005/S2,2005-07-01,2005-12-31,108.0,125.0,251.0
3890,2005.0,2.0,2005/S2,2005-07-01,2005-12-31,109.0,125.0,251.0
3891,2005.0,2.0,2005/S2,2005-07-01,2005-12-31,110.0,125.0,251.0
3892,2005.0,2.0,2005/S2,2005-07-01,2005-12-31,111.0,125.0,251.0
3893,2005.0,2.0,2005/S2,2005-07-01,2005-12-31,112.0,125.0,251.0
3894,2005.0,2.0,2005/S2,2005-07-01,2005-12-31,113.0,125.0,251.0
3895,2005.0,2.0,2005/S2,2005-07-01,2005-12-31,114.0,125.0,251.0
3896,2005.0,2.0,2005/S2,2005-07-01,2005-12-31,115.0,125.0,251.0
3897,2005.0,2.0,2005/S2,2005-07-01,2005-12-31,116.0,125.0,251.0
3898,2005.0,2.0,2005/S2,2005-07-01,2005-12-31,117.0,125.0,251.0
3899,2005.0,2.0,2005/S2,2005-07-01,2005-12-31,118.0,125.0,251.0
3900,2005.0,2.0,2005/S2,2005-07-01,2005-12-31,119.0,125.0,251.0
3901,2005.0,2.0,2005/S2,2005-07-01,2005-12-31,120.0,125.0,251.0
3902,2005.0,2.0,2005/S2,2005-07-01,2005-12-31,121.0,125.0,251.0
3903,2005.0,2.0,2005/S2,2005-07-01,2005-12-31,122.0,125.0,251.0
3904,2005.0,2.0,2005/S2,2005-07-01,2005-12-31,123.0,125.0,251.0
3905,2005.0,2.0,2005/S2,2005-07-01,2005-12-31,124.0,125.0,251.0
3906,2005.0,2.0,2005/S2,2005-07-01,2005-12-31,125.0,125.0,251.0
3907,2005.0,1.0,2005/S1,2005-01-01,2005-06-30,1.0,126.0,250.0
3908,2005.0,1.0,2005/S1,2005-01-01,2005-06-30,2.0,126.0,250.0
3909,2005.0,1.0,2005/S1,2005-01-01,2005-06-30,3.0,126.0,250.0
3910,2005.0,1.0,2005/S1,2005-01-01,2005-06-30,4.0,126.0,250.0
3911,2005.0,1.0,2005/S1,2005-01-01,2005-06-30,5.0,126.0,250.0
3912,2005.0,1.0,2005/S1,2005-01-01,2005-06-30,6.0,126.0,250.0
3913,2005.0,1.0,2005/S1,2005-01-01,2005-06-30,7.0,126.0,250.0
3914,2005.0,1.0,2005/S1,2005-01-01,2005-06-30,8.0,126.0,250.0
3915,2005.0,1.0,2005/S1,2005-01-01,2005-06-30,9.0,126.0,250.0
3916,2005.0,1.0,2005/S1,2005-01-01,2005-06-30,10.0,126.0,250.0
3917,2005.0,1.0,2005/S1,2005-01-01,2005-06-30,11.0,126.0,250.0
3918,2005.0,1.0,2005/S1,2005-01-01,2005-06-30,12.0,126.0,250.0
3919,2005.0,1.0,2005/S1,2005-01-01,2005-06-30,13.0,126.0,250.0
3920,2005.0,1.0,2005/S1,2005-01-01,2005-06-30,14.0,126.0,250.0
3921,2005.0,1.0,2005/S1,2005-01-01,2005-06-30,15.0,126.0,250.0
3922,2005.0,1.0,2005/S1,2005-01-01,2005-06-30,16.0,126.0,250.0
3923,2005.0,1.0,2005/S1,2005-01-01,2005-06-30,17.0,126.0,250.0
3924,2005.0,1.0,2005/S1,2005-01-01,2005-06-30,18.0,126.0,250.0
3925,2005.0,1.0,2005/S1,2005-01-01,2005-06-30,19.0,126.0,250.0
3926,2005.0,1.0,2005/S1,2005-01-01,2005-06-30,20.0,126.0,250.0
3927,2005.0,1.0,2005/S1,2005-01-01,2005-06-30,21.0,126.0,250.0
3928,2005.0,1.0,2005/S1,2005-01-01,2005-06-30,22.0,126.0,250.0
3929,2005.0,1.0,2005/S1,2005-01-01,2005-06-30,23.0,126.0,250.0
3930,2005.0,1.0,2005/S1,2005-01-01,2005-06-30,24.0,126.0,250.0
3931,2005.0,1.0,2005/S1,2005-01-01,2005-06-30,25.0,126.0,250.0
3932,2005.0,1.0,2005/S1,2005-01-01,2005-06-30,26.0,126.0,250.0
3933,2005.0,1.0,2005/S1,2005-01-01,2005-06-30,27.0,126.0,250.0
3934,2005.0,1.0,2005/S1,2005-01-01,2005-06-30,28.0,126.0,250.0
3935,2005.0,1.0,2005/S1,2005-01-01,2005-06-30,29.0,126.0,250.0
3936,2005.0,1.0,2005/S1,2005-01-01,2005-06-30,30.0,126.0,250.0
3937,2005.0,1.0,2005/S1,2005-01-01,2005-06-30,31.0,126.0,250.0
3938,2005.0,1.0,2005/S1,2005-01-01,2005-06-30,32.0,126.0,250.0
3939,2005.0,1.0,2005/S1,2005-01-01,2005-06-30,33.0,126.0,250.0
3940,2005.0,1.0,2005/S1,2005-01-01,2005-06-30,34.0,126.0,250.0
3941,2005.0,1.0,2005/S1,2005-01-01,2005-06-30,35.0,126.0,250.0
3942,2005.0,1.0,2005/S1,2005-01-01,2005-06-30,36.0,126.0,250.0
3943,2005.0,1.0,2005/S1,2005-01-01,2005-06-30,37.0,126.0,250.0
3944,2005.0,1.0,2005/S1,2005-01-01,2005-06-30,38.0,126.0,250.0
3945,2005.0,1.0,2005/S1,2005-01-01,2005-06-30,39.0,126.0,250.0
3946,2005.0,1.0,2005/S1,2005-01-01,2005-06-30,40.0,126.0,250.0
3947,2005.0,1.0,2005/S1,2005-01-01,2005-06-30,41.0,126.0,250.0
3948,2005.0,1.0,2005/S1,2005-01-01,2005-06-30,42.0,126.0,250.0
3949,2005.0,1.0,2005/S1,2005-01-01,2005-06-30,43.0,126.0,250.0
3950,2005.0,1.0,2005/S1,2005-01-01,2005-06-30,44.0,126.0,250.0
3951,2005.0,1.0,2005/S1,2005-01-01,2005-06-30,45.0,126.0,250.0
3952,2005.0,1.0,2005/S1,2005-01-01,2005-06-30,46.0,126.0,250.0
3953,2005.0,1.0,2005/S1,2005-01-01,2005-06-30,47.0,126.0,250.0
3954,2005.0,1.0,2005/S1,2005-01-01,2005-06-30,48.0,126.0,250.0
3955,2005.0,1.0,2005/S1,2005-01-01,2005-06-30,49.0,126.0,250.0
3956,2005.0,1.0,2005/S1,2005-01-01,2005-06-30,50.0,126.0,250.0
3957,2005.0,1.0,2005/S1,2005-01-01,2005-06-30,51.0,126.0,250.0
3958,2005.0,1.0,2005/S1,2005-01-01,2005-06-30,52.0,126.0,250.0
3959,2005.0,1.0,2005/S1,2005-01-01,2005-06-30,53.0,126.0,250.0
3960,2005.0,1.0,2005/S1,2005-01-01,2005-06-30,54.0,126.0,250.0
3961,2005.0,1.0,2005/S1,2005-01-01,2005-06-30,55.0,126.0,250.0
3962,2005.0,1.0,2005/S1,2005-01-01,2005-06-30,56.0,126.0,250.0
3963,2005.0,1.0,2005/S1,2005-01-01,2005-06-30,57.0,126.0,250.0
3964,2005.0,1.0,2005/S1,2005-01-01,2005-06-30,58.0,126.0,250.0
3965,2005.0,1.0,2005/S1,2005-01-01,2005-06-30,59.0,126.0,250.0
3966,2005.0,1.0,2005/S1,2005-01-01,2005-06-30,60.0,126.0,250.0
3967,2005.0,1.0,2005/S1,2005-01-01,2005-06-30,61.0,126.0,250.0
3968,2005.0,1.0,2005/S1,2005-01-01,2005-06-30,62.0,126.0,250.0
3969,2005.0,1.0,2005/S1,2005-01-01,2005-06-30,63.0,126.0,250.0
3970,2005.0,1.0,2005/S1,2005-01-01,2005-06-30,64.0,126.0,250.0
3971,2005.0,1.0,2005/S1,2005-01-01,2005-06-30,65.0,126.0,250.0
3972,2005.0,1.0,2005/S1,2005-01-01,2005-06-30,66.0,126.0,250.0
3973,2005.0,1.0,2005/S1,2005-01-01,2005-06-30,67.0,126.0,250.0
3974,2005.0,1.0,2005/S1,2005-01-01,2005-06-30,68.0,126.0,250.0
3975,2005.0,1.0,2005/S1,2005-01-01,2005-06-30,69.0,126.0,250.0
3976,2005.0,1.0,2005/S1,2005-01-01,2005-06-30,70.0,126.0,250.0
3977,2005.0,1.0,2005/S1,2005-01-01,2005-06-30,71.0,126.0,250.0
3978,2005.0,1.0,2005/S1,2005-01-01,2005-06-30,72.0,126.0,250.0
3979,2005.0,1.0,2005/S1,2005-01-01,2005-06-30,73.0,126.0,250.0
3980,2005.0,1.0,2005/S1,2005-01-01,2005-06-30,74.0,126.0,250.0
3981,2005.0,1.0,2005/S1,2005-01-01,2005-06-30,75.0,126.0,250.0
3982,2005.0,1.0,2005/S1,2005-01-01,2005-06-30,76.0,126.0,250.0
3983,2005.0,1.0,2005/S1,2005-01-01,2005-06-30,77.0,126.0,250.0
3984,2005.0,1.0,2005/S1,2005-01-01,2005-06-30,78.0,126.0,250.0
3985,2005.0,1.0,2005/S1,2005-01-01,2005-06-30,79.0,126.0,250.0
3986,2005.0,1.0,2005/S1,2005-01-01,2005-06-30,80.0,126.0,250.0
3987,2005.0,1.0,2005/S1,2005-01-01,2005-06-30,81.0,126.0,250.0
3988,2005.0,1.0,2005/S1,2005-01-01,2005-06-30,82.0,126.0,250.0
3989,2005.0,1.0,2005/S1,2005-01-01,2005-06-30,83.0,126.0,250.0
3990,2005.0,1.0,2005/S1,2005-01-01,2005-06-30,84.0,126.0,250.0
3991,2005.0,1.0,2005/S1,2005-01-01,2005-06-30,85.0,126.0,250.0
3992,2005.0,1.0,2005/S1,2005-01-01,2005-06-30,86.0,126.0,250.0
3993,2005.0,1.0,2005/S1,2005-01-01,2005-06-30,87.0,126.0,250.0
3994,2005.0,1.0,2005/S1,2005-01-01,2005-06-30,88.0,126.0,250.0
3995,2005.0,1.0,2005/S1,2005-01-01,2005-06-30,89.0,126.0,250.0
3996,2005.0,1.0,2005/S1,2005-01-01,2005-06-30,90.0,126.0,250.0
3997,2005.0,1.0,2005/S1,2005-01-01,2005-06-30,91.0,126.0,250.0
3998,2005.0,1.0,2005/S1,2005-01-01,2005-06-30,92.0,126.0,250.0
3999,2005.0,1.0,2005/S1,2005-01-01,2005-06-30,93.0,126.0,250.0
4000,2005.0,1.0,2005/S1,2005-01-01,2005-06-30,94.0,126.0,250.0
4001,2005.0,1.0,2005/S1,2005-01-01,2005-06-30,95.0,126.0,250.0
4002,2005.0,1.0,2005/S1,2005-01-01,2005-06-30,96.0,126.0,250.0
4003,2005.0,1.0,2005/S1,2005-01-01,2005-06-30,97.0,126.0,250.0
4004,2005.0,1.0,2005/S1,2005-01-01,2005-06-30,98.0,126.0,250.0
4005,2005.0,1.0,2005/S1,2005-01-01,2005-06-30,99.0,126.0,250.0
4006,2005.0,1.0,2005/S1,2005-01-01,2005-06-30,100.0,126.0,250.0
4007,2005.0,1.0,2005/S1,2005-01-01,2005-06-30,101.0,126.0,250.0
4008,2005.0,1.0,2005/S1,2005-01-01,2005-06-30,102.0,126.0,250.0
4009,2005.0,1.0,2005/S1,2005-01-01,2005-06-30,103.0,126.0,250.0
4010,2005.0,1.0,2005/S1,2005-01-01,2005-06-30,104.0,126.0,250.0
4011,2005.0,1.0,2005/S1,2005-01-01,2005-06-30,105.0,126.0,250.0
4012,2005.0,1.0,2005/S1,2005-01-01,2005-06-30,106.0,126.0,250.0
4013,2005.0,1.0,2005/S1,2005-01-01,2005-06-30,107.0,126.0,250.0
4014,2005.0,1.0,2005/S1,2005-01-01,2005-06-30,108.0,126.0,250.0
4015,2005.0,1.0,2005/S1,2005-01-01,2005-06-30,109.0,126.0,250.0
4016,2005.0,1.0,2005/S1,2005-01-01,2005-06-30,110.0,126.0,250.0
4017,2005.0,1.0,2005/S1,2005-01-01,2005-06-30,111.0,126.0,250.0
4018,2005.0,1.0,2005/S1,2005-01-01,2005-06-30,112.0,126.0,250.0
4019,2005.0,1.0,2005/S1,2005-01-01,2005-06-30,113.0,126.0,250.0
4020,2005.0,1.0,2005/S1,2005-01-01,2005-06-30,114.0,126.0,250.0
4021,2005.0,1.0,2005/S1,2005-01-01,2005-06-30,115.0,126.0,250.0
4022,2005.0,1.0,2005/S1,2005-01-01,2005-06-30,116.0,126.0,250.0
4023,2005.0,1.0,2005/S1,2005-01-01,2005-06-30,117.0,126.0,250.0
4024,2005.0,1.0,2005/S1,2005-01-01,2005-06-30,118.0,126.0,250.0
4025,2005.0,1.0,2005/S1,2005-01-01,2005-06-30,119.0,126.0,250.0
4026,2005.0,1.0,2005/S1,2005-01-01,2005-06-30,120.0,126.0,250.0
4027,2005.0,1.0,2005/S1,2005-01-01,2005-06-30,121.0,126.0,250.0
4028,2005.0,1.0,2005/S1,2005-01-01,2005-06-30,122.0,126.0,250.0
4029,2005.0,1.0,2005/S1,2005-01-01,2005-06-30,123.0,126.0,250.0
4030,2005.0,1.0,2005/S1,2005-01-01,2005-06-30,124.0,126.0,250.0
4031,2005.0,1.0,2005/S1,2005-01-01,2005-06-30,125.0,126.0,250.0
4032,2005.0,1.0,2005/S1,2005-01-01,2005-06-30,126.0,126.0,250.0
4033,2006.0,2.0,2006/S2,2006-07-01,2006-12-31,1.0,124.0,251.0
4034,2006.0,2.0,2006/S2,2006-07-01,2006-12-31,2.0,124.0,251.0
4035,2006.0,2.0,2006/S2,2006-07-01,2006-12-31,3.0,124.0,251.0
4036,2006.0,2.0,2006/S2,2006-07-01,2006-12-31,4.0,124.0,251.0
4037,2006.0,2.0,2006/S2,2006-07-01,2006-12-31,5.0,124.0,251.0
4038,2006.0,2.0,2006/S2,2006-07-01,2006-12-31,6.0,124.0,251.0
4039,2006.0,2.0,2006/S2,2006-07-01,2006-12-31,7.0,124.0,251.0
4040,2006.0,2.0,2006/S2,2006-07-01,2006-12-31,8.0,124.0,251.0
4041,2006.0,2.0,2006/S2,2006-07-01,2006-12-31,9.0,124.0,251.0
4042,2006.0,2.0,2006/S2,2006-07-01,2006-12-31,10.0,124.0,251.0
4043,2006.0,2.0,2006/S2,2006-07-01,2006-12-31,11.0,124.0,251.0
4044,2006.0,2.0,2006/S2,2006-07-01,2006-12-31,12.0,124.0,251.0
4045,2006.0,2.0,2006/S2,2006-07-01,2006-12-31,13.0,124.0,251.0
4046,2006.0,2.0,2006/S2,2006-07-01,2006-12-31,14.0,124.0,251.0
4047,2006.0,2.0,2006/S2,2006-07-01,2006-12-31,15.0,124.0,251.0
4048,2006.0,2.0,2006/S2,2006-07-01,2006-12-31,16.0,124.0,251.0
4049,2006.0,2.0,2006/S2,2006-07-01,2006-12-31,17.0,124.0,251.0
4050,2006.0,2.0,2006/S2,2006-07-01,2006-12-31,18.0,124.0,251.0
4051,2006.0,2.0,2006/S2,2006-07-01,2006-12-31,19.0,124.0,251.0
4052,2006.0,2.0,2006/S2,2006-07-01,2006-12-31,20.0,124.0,251.0
4053,2006.0,2.0,2006/S2,2006-07-01,2006-12-31,21.0,124.0,251.0
4054,2006.0,2.0,2006/S2,2006-07-01,2006-12-31,22.0,124.0,251.0
4055,2006.0,2.0,2006/S2,2006-07-01,2006-12-31,23.0,124.0,251.0
4056,2006.0,2.0,2006/S2,2006-07-01,2006-12-31,24.0,124.0,251.0
4057,2006.0,2.0,2006/S2,2006-07-01,2006-12-31,25.0,124.0,251.0
4058,2006.0,2.0,2006/S2,2006-07-01,2006-12-31,26.0,124.0,251.0
4059,2006.0,2.0,2006/S2,2006-07-01,2006-12-31,27.0,124.0,251.0
4060,2006.0,2.0,2006/S2,2006-07-01,2006-12-31,28.0,124.0,251.0
4061,2006.0,2.0,2006/S2,2006-07-01,2006-12-31,29.0,124.0,251.0
4062,2006.0,2.0,2006/S2,2006-07-01,2006-12-31,30.0,124.0,251.0
4063,2006.0,2.0,2006/S2,2006-07-01,2006-12-31,31.0,124.0,251.0
4064,2006.0,2.0,2006/S2,2006-07-01,2006-12-31,32.0,124.0,251.0
4065,2006.0,2.0,2006/S2,2006-07-01,2006-12-31,33.0,124.0,251.0
4066,2006.0,2.0,2006/S2,2006-07-01,2006-12-31,34.0,124.0,251.0
4067,2006.0,2.0,2006/S2,2006-07-01,2006-12-31,35.0,124.0,251.0
4068,2006.0,2.0,2006/S2,2006-07-01,2006-12-31,36.0,124.0,251.0
4069,2006.0,2.0,2006/S2,2006-07-01,2006-12-31,37.0,124.0,251.0
4070,2006.0,2.0,2006/S2,2006-07-01,2006-12-31,38.0,124.0,251.0
4071,2006.0,2.0,2006/S2,2006-07-01,2006-12-31,39.0,124.0,251.0
4072,2006.0,2.0,2006/S2,2006-07-01,2006-12-31,40.0,124.0,251.0
4073,2006.0,2.0,2006/S2,2006-07-01,2006-12-31,41.0,124.0,251.0
4074,2006.0,2.0,2006/S2,2006-07-01,2006-12-31,42.0,124.0,251.0
4075,2006.0,2.0,2006/S2,2006-07-01,2006-12-31,43.0,124.0,251.0
4076,2006.0,2.0,2006/S2,2006-07-01,2006-12-31,44.0,124.0,251.0
4077,2006.0,2.0,2006/S2,2006-07-01,2006-12-31,45.0,124.0,251.0
4078,2006.0,2.0,2006/S2,2006-07-01,2006-12-31,46.0,124.0,251.0
4079,2006.0,2.0,2006/S2,2006-07-01,2006-12-31,47.0,124.0,251.0
4080,2006.0,2.0,2006/S2,2006-07-01,2006-12-31,48.0,124.0,251.0
4081,2006.0,2.0,2006/S2,2006-07-01,2006-12-31,49.0,124.0,251.0
4082,2006.0,2.0,2006/S2,2006-07-01,2006-12-31,50.0,124.0,251.0
4083,2006.0,2.0,2006/S2,2006-07-01,2006-12-31,51.0,124.0,251.0
4084,2006.0,2.0,2006/S2,2006-07-01,2006-12-31,52.0,124.0,251.0
4085,2006.0,2.0,2006/S2,2006-07-01,2006-12-31,53.0,124.0,251.0
4086,2006.0,2.0,2006/S2,2006-07-01,2006-12-31,54.0,124.0,251.0
4087,2006.0,2.0,2006/S2,2006-07-01,2006-12-31,55.0,124.0,251.0
4088,2006.0,2.0,2006/S2,2006-07-01,2006-12-31,56.0,124.0,251.0
4089,2006.0,2.0,2006/S2,2006-07-01,2006-12-31,57.0,124.0,251.0
4090,2006.0,2.0,2006/S2,2006-07-01,2006-12-31,58.0,124.0,251.0
4091,2006.0,2.0,2006/S2,2006-07-01,2006-12-31,59.0,124.0,251.0
4092,2006.0,2.0,2006/S2,2006-07-01,2006-12-31,60.0,124.0,251.0
4093,2006.0,2.0,2006/S2,2006-07-01,2006-12-31,61.0,124.0,251.0
4094,2006.0,2.0,2006/S2,2006-07-01,2006-12-31,62.0,124.0,251.0
4095,2006.0,2.0,2006/S2,2006-07-01,2006-12-31,63.0,124.0,251.0
4096,2006.0,2.0,2006/S2,2006-07-01,2006-12-31,64.0,124.0,251.0
4097,2006.0,2.0,2006/S2,2006-07-01,2006-12-31,65.0,124.0,251.0
4098,2006.0,2.0,2006/S2,2006-07-01,2006-12-31,66.0,124.0,251.0
4099,2006.0,2.0,2006/S2,2006-07-01,2006-12-31,67.0,124.0,251.0
4100,2006.0,2.0,2006/S2,2006-07-01,2006-12-31,68.0,124.0,251.0
4101,2006.0,2.0,2006/S2,2006-07-01,2006-12-31,69.0,124.0,251.0
4102,2006.0,2.0,2006/S2,2006-07-01,2006-12-31,70.0,124.0,251.0
4103,2006.0,2.0,2006/S2,2006-07-01,2006-12-31,71.0,124.0,251.0
4104,2006.0,2.0,2006/S2,2006-07-01,2006-12-31,72.0,124.0,251.0
4105,2006.0,2.0,2006/S2,2006-07-01,2006-12-31,73.0,124.0,251.0
4106,2006.0,2.0,2006/S2,2006-07-01,2006-12-31,74.0,124.0,251.0
4107,2006.0,2.0,2006/S2,2006-07-01,2006-12-31,75.0,124.0,251.0
4108,2006.0,2.0,2006/S2,2006-07-01,2006-12-31,76.0,124.0,251.0
4109,2006.0,2.0,2006/S2,2006-07-01,2006-12-31,77.0,124.0,251.0
4110,2006.0,2.0,2006/S2,2006-07-01,2006-12-31,78.0,124.0,251.0
4111,2006.0,2.0,2006/S2,2006-07-01,2006-12-31,79.0,124.0,251.0
4112,2006.0,2.0,2006/S2,2006-07-01,2006-12-31,80.0,124.0,251.0
4113,2006.0,2.0,2006/S2,2006-07-01,2006-12-31,81.0,124.0,251.0
4114,2006.0,2.0,2006/S2,2006-07-01,2006-12-31,82.0,124.0,251.0
4115,2006.0,2.0,2006/S2,2006-07-01,2006-12-31,83.0,124.0,251.0
4116,2006.0,2.0,2006/S2,2006-07-01,2006-12-31,84.0,124.0,251.0
4117,2006.0,2.0,2006/S2,2006-07-01,2006-12-31,85.0,124.0,251.0
4118,2006.0,2.0,2006/S2,2006-07-01,2006-12-31,86.0,124.0,251.0
4119,2006.0,2.0,2006/S2,2006-07-01,2006-12-31,87.0,124.0,251.0
4120,2006.0,2.0,2006/S2,2006-07-01,2006-12-31,88.0,124.0,251.0
4121,2006.0,2.0,2006/S2,2006-07-01,2006-12-31,89.0,124.0,251.0
4122,2006.0,2.0,2006/S2,2006-07-01,2006-12-31,90.0,124.0,251.0
4123,2006.0,2.0,2006/S2,2006-07-01,2006-12-31,91.0,124.0,251.0
4124,2006.0,2.0,2006/S2,2006-07-01,2006-12-31,92.0,124.0,251.0
4125,2006.0,2.0,2006/S2,2006-07-01,2006-12-31,93.0,124.0,251.0
4126,2006.0,2.0,2006/S2,2006-07-01,2006-12-31,94.0,124.0,251.0
4127,2006.0,2.0,2006/S2,2006-07-01,2006-12-31,95.0,124.0,251.0
4128,2006.0,2.0,2006/S2,2006-07-01,2006-12-31,96.0,124.0,251.0
4129,2006.0,2.0,2006/S2,2006-07-01,2006-12-31,97.0,124.0,251.0
4130,2006.0,2.0,2006/S2,2006-07-01,2006-12-31,98.0,124.0,251.0
4131,2006.0,2.0,2006/S2,2006-07-01,2006-12-31,99.0,124.0,251.0
4132,2006.0,2.0,2006/S2,2006-07-01,2006-12-31,100.0,124.0,251.0
4133,2006.0,2.0,2006/S2,2006-07-01,2006-12-31,101.0,124.0,251.0
4134,2006.0,2.0,2006/S2,2006-07-01,2006-12-31,102.0,124.0,251.0
4135,2006.0,2.0,2006/S2,2006-07-01,2006-12-31,103.0,124.0,251.0
4136,2006.0,2.0,2006/S2,2006-07-01,2006-12-31,104.0,124.0,251.0
4137,2006.0,2.0,2006/S2,2006-07-01,2006-12-31,105.0,124.0,251.0
4138,2006.0,2.0,2006/S2,2006-07-01,2006-12-31,106.0,124.0,251.0
4139,2006.0,2.0,2006/S2,2006-07-01,2006-12-31,107.0,124.0,251.0
4140,2006.0,2.0,2006/S2,2006-07-01,2006-12-31,108.0,124.0,251.0
4141,2006.0,2.0,2006/S2,2006-07-01,2006-12-31,109.0,124.0,251.0
4142,2006.0,2.0,2006/S2,2006-07-01,2006-12-31,110.0,124.0,251.0
4143,2006.0,2.0,2006/S2,2006-07-01,2006-12-31,111.0,124.0,251.0
4144,2006.0,2.0,2006/S2,2006-07-01,2006-12-31,112.0,124.0,251.0
4145,2006.0,2.0,2006/S2,2006-07-01,2006-12-31,113.0,124.0,251.0
4146,2006.0,2.0,2006/S2,2006-07-01,2006-12-31,114.0,124.0,251.0
4147,2006.0,2.0,2006/S2,2006-07-01,2006-12-31,115.0,124.0,251.0
4148,2006.0,2.0,2006/S2,2006-07-01,2006-12-31,116.0,124.0,251.0
4149,2006.0,2.0,2006/S2,2006-07-01,2006-12-31,117.0,124.0,251.0
4150,2006.0,2.0,2006/S2,2006-07-01,2006-12-31,118.0,124.0,251.0
4151,2006.0,2.0,2006/S2,2006-07-01,2006-12-31,119.0,124.0,251.0
4152,2006.0,2.0,2006/S2,2006-07-01,2006-12-31,120.0,124.0,251.0
4153,2006.0,2.0,2006/S2,2006-07-01,2006-12-31,121.0,124.0,251.0
4154,2006.0,2.0,2006/S2,2006-07-01,2006-12-31,122.0,124.0,251.0
4155,2006.0,2.0,2006/S2,2006-07-01,2006-12-31,123.0,124.0,251.0
4156,2006.0,2.0,2006/S2,2006-07-01,2006-12-31,124.0,124.0,251.0
4157,2006.0,1.0,2006/S1,2006-01-01,2006-06-30,1.0,127.0,252.0
4158,2006.0,1.0,2006/S1,2006-01-01,2006-06-30,2.0,127.0,252.0
4159,2006.0,1.0,2006/S1,2006-01-01,2006-06-30,3.0,127.0,252.0
4160,2006.0,1.0,2006/S1,2006-01-01,2006-06-30,4.0,127.0,252.0
4161,2006.0,1.0,2006/S1,2006-01-01,2006-06-30,5.0,127.0,252.0
4162,2006.0,1.0,2006/S1,2006-01-01,2006-06-30,6.0,127.0,252.0
4163,2006.0,1.0,2006/S1,2006-01-01,2006-06-30,7.0,127.0,252.0
4164,2006.0,1.0,2006/S1,2006-01-01,2006-06-30,8.0,127.0,252.0
4165,2006.0,1.0,2006/S1,2006-01-01,2006-06-30,9.0,127.0,252.0
4166,2006.0,1.0,2006/S1,2006-01-01,2006-06-30,10.0,127.0,252.0
4167,2006.0,1.0,2006/S1,2006-01-01,2006-06-30,11.0,127.0,252.0
4168,2006.0,1.0,2006/S1,2006-01-01,2006-06-30,12.0,127.0,252.0
4169,2006.0,1.0,2006/S1,2006-01-01,2006-06-30,13.0,127.0,252.0
4170,2006.0,1.0,2006/S1,2006-01-01,2006-06-30,14.0,127.0,252.0
4171,2006.0,1.0,2006/S1,2006-01-01,2006-06-30,15.0,127.0,252.0
4172,2006.0,1.0,2006/S1,2006-01-01,2006-06-30,16.0,127.0,252.0
4173,2006.0,1.0,2006/S1,2006-01-01,2006-06-30,17.0,127.0,252.0
4174,2006.0,1.0,2006/S1,2006-01-01,2006-06-30,18.0,127.0,252.0
4175,2006.0,1.0,2006/S1,2006-01-01,2006-06-30,19.0,127.0,252.0
4176,2006.0,1.0,2006/S1,2006-01-01,2006-06-30,20.0,127.0,252.0
4177,2006.0,1.0,2006/S1,2006-01-01,2006-06-30,21.0,127.0,252.0
4178,2006.0,1.0,2006/S1,2006-01-01,2006-06-30,22.0,127.0,252.0
4179,2006.0,1.0,2006/S1,2006-01-01,2006-06-30,23.0,127.0,252.0
4180,2006.0,1.0,2006/S1,2006-01-01,2006-06-30,24.0,127.0,252.0
4181,2006.0,1.0,2006/S1,2006-01-01,2006-06-30,25.0,127.0,252.0
4182,2006.0,1.0,2006/S1,2006-01-01,2006-06-30,26.0,127.0,252.0
4183,2006.0,1.0,2006/S1,2006-01-01,2006-06-30,27.0,127.0,252.0
4184,2006.0,1.0,2006/S1,2006-01-01,2006-06-30,28.0,127.0,252.0
4185,2006.0,1.0,2006/S1,2006-01-01,2006-06-30,29.0,127.0,252.0
4186,2006.0,1.0,2006/S1,2006-01-01,2006-06-30,30.0,127.0,252.0
4187,2006.0,1.0,2006/S1,2006-01-01,2006-06-30,31.0,127.0,252.0
4188,2006.0,1.0,2006/S1,2006-01-01,2006-06-30,32.0,127.0,252.0
4189,2006.0,1.0,2006/S1,2006-01-01,2006-06-30,33.0,127.0,252.0
4190,2006.0,1.0,2006/S1,2006-01-01,2006-06-30,34.0,127.0,252.0
4191,2006.0,1.0,2006/S1,2006-01-01,2006-06-30,35.0,127.0,252.0
4192,2006.0,1.0,2006/S1,2006-01-01,2006-06-30,36.0,127.0,252.0
4193,2006.0,1.0,2006/S1,2006-01-01,2006-06-30,37.0,127.0,252.0
4194,2006.0,1.0,2006/S1,2006-01-01,2006-06-30,38.0,127.0,252.0
4195,2006.0,1.0,2006/S1,2006-01-01,2006-06-30,39.0,127.0,252.0
4196,2006.0,1.0,2006/S1,2006-01-01,2006-06-30,40.0,127.0,252.0
4197,2006.0,1.0,2006/S1,2006-01-01,2006-06-30,41.0,127.0,252.0
4198,2006.0,1.0,2006/S1,2006-01-01,2006-06-30,42.0,127.0,252.0
4199,2006.0,1.0,2006/S1,2006-01-01,2006-06-30,43.0,127.0,252.0
4200,2006.0,1.0,2006/S1,2006-01-01,2006-06-30,44.0,127.0,252.0
4201,2006.0,1.0,2006/S1,2006-01-01,2006-06-30,45.0,127.0,252.0
4202,2006.0,1.0,2006/S1,2006-01-01,2006-06-30,46.0,127.0,252.0
4203,2006.0,1.0,2006/S1,2006-01-01,2006-06-30,47.0,127.0,252.0
4204,2006.0,1.0,2006/S1,2006-01-01,2006-06-30,48.0,127.0,252.0
4205,2006.0,1.0,2006/S1,2006-01-01,2006-06-30,49.0,127.0,252.0
4206,2006.0,1.0,2006/S1,2006-01-01,2006-06-30,50.0,127.0,252.0
4207,2006.0,1.0,2006/S1,2006-01-01,2006-06-30,51.0,127.0,252.0
4208,2006.0,1.0,2006/S1,2006-01-01,2006-06-30,52.0,127.0,252.0
4209,2006.0,1.0,2006/S1,2006-01-01,2006-06-30,53.0,127.0,252.0
4210,2006.0,1.0,2006/S1,2006-01-01,2006-06-30,54.0,127.0,252.0
4211,2006.0,1.0,2006/S1,2006-01-01,2006-06-30,55.0,127.0,252.0
4212,2006.0,1.0,2006/S1,2006-01-01,2006-06-30,56.0,127.0,252.0
4213,2006.0,1.0,2006/S1,2006-01-01,2006-06-30,57.0,127.0,252.0
4214,2006.0,1.0,2006/S1,2006-01-01,2006-06-30,58.0,127.0,252.0
4215,2006.0,1.0,2006/S1,2006-01-01,2006-06-30,59.0,127.0,252.0
4216,2006.0,1.0,2006/S1,2006-01-01,2006-06-30,60.0,127.0,252.0
4217,2006.0,1.0,2006/S1,2006-01-01,2006-06-30,61.0,127.0,252.0
4218,2006.0,1.0,2006/S1,2006-01-01,2006-06-30,62.0,127.0,252.0
4219,2006.0,1.0,2006/S1,2006-01-01,2006-06-30,63.0,127.0,252.0
4220,2006.0,1.0,2006/S1,2006-01-01,2006-06-30,64.0,127.0,252.0
4221,2006.0,1.0,2006/S1,2006-01-01,2006-06-30,65.0,127.0,252.0
4222,2006.0,1.0,2006/S1,2006-01-01,2006-06-30,66.0,127.0,252.0
4223,2006.0,1.0,2006/S1,2006-01-01,2006-06-30,67.0,127.0,252.0
4224,2006.0,1.0,2006/S1,2006-01-01,2006-06-30,68.0,127.0,252.0
4225,2006.0,1.0,2006/S1,2006-01-01,2006-06-30,69.0,127.0,252.0
4226,2006.0,1.0,2006/S1,2006-01-01,2006-06-30,70.0,127.0,252.0
4227,2006.0,1.0,2006/S1,2006-01-01,2006-06-30,71.0,127.0,252.0
4228,2006.0,1.0,2006/S1,2006-01-01,2006-06-30,72.0,127.0,252.0
4229,2006.0,1.0,2006/S1,2006-01-01,2006-06-30,73.0,127.0,252.0
4230,2006.0,1.0,2006/S1,2006-01-01,2006-06-30,74.0,127.0,252.0
4231,2006.0,1.0,2006/S1,2006-01-01,2006-06-30,75.0,127.0,252.0
4232,2006.0,1.0,2006/S1,2006-01-01,2006-06-30,76.0,127.0,252.0
4233,2006.0,1.0,2006/S1,2006-01-01,2006-06-30,77.0,127.0,252.0
4234,2006.0,1.0,2006/S1,2006-01-01,2006-06-30,78.0,127.0,252.0
4235,2006.0,1.0,2006/S1,2006-01-01,2006-06-30,79.0,127.0,252.0
4236,2006.0,1.0,2006/S1,2006-01-01,2006-06-30,80.0,127.0,252.0
4237,2006.0,1.0,2006/S1,2006-01-01,2006-06-30,81.0,127.0,252.0
4238,2006.0,1.0,2006/S1,2006-01-01,2006-06-30,82.0,127.0,252.0
4239,2006.0,1.0,2006/S1,2006-01-01,2006-06-30,83.0,127.0,252.0
4240,2006.0,1.0,2006/S1,2006-01-01,2006-06-30,84.0,127.0,252.0
4241,2006.0,1.0,2006/S1,2006-01-01,2006-06-30,85.0,127.0,252.0
4242,2006.0,1.0,2006/S1,2006-01-01,2006-06-30,86.0,127.0,252.0
4243,2006.0,1.0,2006/S1,2006-01-01,2006-06-30,87.0,127.0,252.0
4244,2006.0,1.0,2006/S1,2006-01-01,2006-06-30,88.0,127.0,252.0
4245,2006.0,1.0,2006/S1,2006-01-01,2006-06-30,89.0,127.0,252.0
4246,2006.0,1.0,2006/S1,2006-01-01,2006-06-30,90.0,127.0,252.0
4247,2006.0,1.0,2006/S1,2006-01-01,2006-06-30,91.0,127.0,252.0
4248,2006.0,1.0,2006/S1,2006-01-01,2006-06-30,92.0,127.0,252.0
4249,2006.0,1.0,2006/S1,2006-01-01,2006-06-30,93.0,127.0,252.0
4250,2006.0,1.0,2006/S1,2006-01-01,2006-06-30,94.0,127.0,252.0
4251,2006.0,1.0,2006/S1,2006-01-01,2006-06-30,95.0,127.0,252.0
4252,2006.0,1.0,2006/S1,2006-01-01,2006-06-30,96.0,127.0,252.0
4253,2006.0,1.0,2006/S1,2006-01-01,2006-06-30,97.0,127.0,252.0
4254,2006.0,1.0,2006/S1,2006-01-01,2006-06-30,98.0,127.0,252.0
4255,2006.0,1.0,2006/S1,2006-01-01,2006-06-30,99.0,127.0,252.0
4256,2006.0,1.0,2006/S1,2006-01-01,2006-06-30,100.0,127.0,252.0
4257,2006.0,1.0,2006/S1,2006-01-01,2006-06-30,101.0,127.0,252.0
4258,2006.0,1.0,2006/S1,2006-01-01,2006-06-30,102.0,127.0,252.0
4259,2006.0,1.0,2006/S1,2006-01-01,2006-06-30,103.0,127.0,252.0
4260,2006.0,1.0,2006/S1,2006-01-01,2006-06-30,104.0,127.0,252.0
4261,2006.0,1.0,2006/S1,2006-01-01,2006-06-30,105.0,127.0,252.0
4262,2006.0,1.0,2006/S1,2006-01-01,2006-06-30,106.0,127.0,252.0
4263,2006.0,1.0,2006/S1,2006-01-01,2006-06-30,107.0,127.0,252.0
4264,2006.0,1.0,2006/S1,2006-01-01,2006-06-30,108.0,127.0,252.0
4265,2006.0,1.0,2006/S1,2006-01-01,2006-06-30,109.0,127.0,252.0
4266,2006.0,1.0,2006/S1,2006-01-01,2006-06-30,110.0,127.0,252.0
4267,2006.0,1.0,2006/S1,2006-01-01,2006-06-30,111.0,127.0,252.0
4268,2006.0,1.0,2006/S1,2006-01-01,2006-06-30,112.0,127.0,252.0
4269,2006.0,1.0,2006/S1,2006-01-01,2006-06-30,113.0,127.0,252.0
4270,2006.0,1.0,2006/S1,2006-01-01,2006-06-30,114.0,127.0,252.0
4271,2006.0,1.0,2006/S1,2006-01-01,2006-06-30,115.0,127.0,252.0
4272,2006.0,1.0,2006/S1,2006-01-01,2006-06-30,116.0,127.0,252.0
4273,2006.0,1.0,2006/S1,2006-01-01,2006-06-30,117.0,127.0,252.0
4274,2006.0,1.0,2006/S1,2006-01-01,2006-06-30,118.0,127.0,252.0
4275,2006.0,1.0,2006/S1,2006-01-01,2006-06-30,119.0,127.0,252.0
4276,2006.0,1.0,2006/S1,2006-01-01,2006-06-30,120.0,127.0,252.0
4277,2006.0,1.0,2006/S1,2006-01-01,2006-06-30,121.0,127.0,252.0
4278,2006.0,1.0,2006/S1,2006-01-01,2006-06-30,122.0,127.0,252.0
4279,2006.0,1.0,2006/S1,2006-01-01,2006-06-30,123.0,127.0,252.0
4280,2006.0,1.0,2006/S1,2006-01-01,2006-06-30,124.0,127.0,252.0
4281,2006.0,1.0,2006/S1,2006-01-01,2006-06-30,125.0,127.0,252.0
4282,2006.0,1.0,2006/S1,2006-01-01,2006-06-30,126.0,127.0,252.0
4283,2006.0,1.0,2006/S1,2006-01-01,2006-06-30,127.0,127.0,252.0
4284,2007.0,2.0,2007/S2,2007-07-01,2007-12-31,1.0,125.0,253.0
4285,2007.0,2.0,2007/S2,2007-07-01,2007-12-31,2.0,125.0,253.0
4286,2007.0,2.0,2007/S2,2007-07-01,2007-12-31,3.0,125.0,253.0
4287,2007.0,2.0,2007/S2,2007-07-01,2007-12-31,4.0,125.0,253.0
4288,2007.0,2.0,2007/S2,2007-07-01,2007-12-31,5.0,125.0,253.0
4289,2007.0,2.0,2007/S2,2007-07-01,2007-12-31,6.0,125.0,253.0
4290,2007.0,2.0,2007/S2,2007-07-01,2007-12-31,7.0,125.0,253.0
4291,2007.0,2.0,2007/S2,2007-07-01,2007-12-31,8.0,125.0,253.0
4292,2007.0,2.0,2007/S2,2007-07-01,2007-12-31,9.0,125.0,253.0
4293,2007.0,2.0,2007/S2,2007-07-01,2007-12-31,10.0,125.0,253.0
4294,2007.0,2.0,2007/S2,2007-07-01,2007-12-31,11.0,125.0,253.0
4295,2007.0,2.0,2007/S2,2007-07-01,2007-12-31,12.0,125.0,253.0
4296,2007.0,2.0,2007/S2,2007-07-01,2007-12-31,13.0,125.0,253.0
4297,2007.0,2.0,2007/S2,2007-07-01,2007-12-31,14.0,125.0,253.0
4298,2007.0,2.0,2007/S2,2007-07-01,2007-12-31,15.0,125.0,253.0
4299,2007.0,2.0,2007/S2,2007-07-01,2007-12-31,16.0,125.0,253.0
4300,2007.0,2.0,2007/S2,2007-07-01,2007-12-31,17.0,125.0,253.0
4301,2007.0,2.0,2007/S2,2007-07-01,2007-12-31,18.0,125.0,253.0
4302,2007.0,2.0,2007/S2,2007-07-01,2007-12-31,19.0,125.0,253.0
4303,2007.0,2.0,2007/S2,2007-07-01,2007-12-31,20.0,125.0,253.0
4304,2007.0,2.0,2007/S2,2007-07-01,2007-12-31,21.0,125.0,253.0
4305,2007.0,2.0,2007/S2,2007-07-01,2007-12-31,22.0,125.0,253.0
4306,2007.0,2.0,2007/S2,2007-07-01,2007-12-31,23.0,125.0,253.0
4307,2007.0,2.0,2007/S2,2007-07-01,2007-12-31,24.0,125.0,253.0
4308,2007.0,2.0,2007/S2,2007-07-01,2007-12-31,25.0,125.0,253.0
4309,2007.0,2.0,2007/S2,2007-07-01,2007-12-31,26.0,125.0,253.0
4310,2007.0,2.0,2007/S2,2007-07-01,2007-12-31,27.0,125.0,253.0
4311,2007.0,2.0,2007/S2,2007-07-01,2007-12-31,28.0,125.0,253.0
4312,2007.0,2.0,2007/S2,2007-07-01,2007-12-31,29.0,125.0,253.0
4313,2007.0,2.0,2007/S2,2007-07-01,2007-12-31,30.0,125.0,253.0
4314,2007.0,2.0,2007/S2,2007-07-01,2007-12-31,31.0,125.0,253.0
4315,2007.0,2.0,2007/S2,2007-07-01,2007-12-31,32.0,125.0,253.0
4316,2007.0,2.0,2007/S2,2007-07-01,2007-12-31,33.0,125.0,253.0
4317,2007.0,2.0,2007/S2,2007-07-01,2007-12-31,34.0,125.0,253.0
4318,2007.0,2.0,2007/S2,2007-07-01,2007-12-31,35.0,125.0,253.0
4319,2007.0,2.0,2007/S2,2007-07-01,2007-12-31,36.0,125.0,253.0
4320,2007.0,2.0,2007/S2,2007-07-01,2007-12-31,37.0,125.0,253.0
4321,2007.0,2.0,2007/S2,2007-07-01,2007-12-31,38.0,125.0,253.0
4322,2007.0,2.0,2007/S2,2007-07-01,2007-12-31,39.0,125.0,253.0
4323,2007.0,2.0,2007/S2,2007-07-01,2007-12-31,40.0,125.0,253.0
4324,2007.0,2.0,2007/S2,2007-07-01,2007-12-31,41.0,125.0,253.0
4325,2007.0,2.0,2007/S2,2007-07-01,2007-12-31,42.0,125.0,253.0
4326,2007.0,2.0,2007/S2,2007-07-01,2007-12-31,43.0,125.0,253.0
4327,2007.0,2.0,2007/S2,2007-07-01,2007-12-31,44.0,125.0,253.0
4328,2007.0,2.0,2007/S2,2007-07-01,2007-12-31,45.0,125.0,253.0
4329,2007.0,2.0,2007/S2,2007-07-01,2007-12-31,46.0,125.0,253.0
4330,2007.0,2.0,2007/S2,2007-07-01,2007-12-31,47.0,125.0,253.0
4331,2007.0,2.0,2007/S2,2007-07-01,2007-12-31,48.0,125.0,253.0
4332,2007.0,2.0,2007/S2,2007-07-01,2007-12-31,49.0,125.0,253.0
4333,2007.0,2.0,2007/S2,2007-07-01,2007-12-31,50.0,125.0,253.0
4334,2007.0,2.0,2007/S2,2007-07-01,2007-12-31,51.0,125.0,253.0
4335,2007.0,2.0,2007/S2,2007-07-01,2007-12-31,52.0,125.0,253.0
4336,2007.0,2.0,2007/S2,2007-07-01,2007-12-31,53.0,125.0,253.0
4337,2007.0,2.0,2007/S2,2007-07-01,2007-12-31,54.0,125.0,253.0
4338,2007.0,2.0,2007/S2,2007-07-01,2007-12-31,55.0,125.0,253.0
4339,2007.0,2.0,2007/S2,2007-07-01,2007-12-31,56.0,125.0,253.0
4340,2007.0,2.0,2007/S2,2007-07-01,2007-12-31,57.0,125.0,253.0
4341,2007.0,2.0,2007/S2,2007-07-01,2007-12-31,58.0,125.0,253.0
4342,2007.0,2.0,2007/S2,2007-07-01,2007-12-31,59.0,125.0,253.0
4343,2007.0,2.0,2007/S2,2007-07-01,2007-12-31,60.0,125.0,253.0
4344,2007.0,2.0,2007/S2,2007-07-01,2007-12-31,61.0,125.0,253.0
4345,2007.0,2.0,2007/S2,2007-07-01,2007-12-31,62.0,125.0,253.0
4346,2007.0,2.0,2007/S2,2007-07-01,2007-12-31,63.0,125.0,253.0
4347,2007.0,2.0,2007/S2,2007-07-01,2007-12-31,64.0,125.0,253.0
4348,2007.0,2.0,2007/S2,2007-07-01,2007-12-31,65.0,125.0,253.0
4349,2007.0,2.0,2007/S2,2007-07-01,2007-12-31,66.0,125.0,253.0
4350,2007.0,2.0,2007/S2,2007-07-01,2007-12-31,67.0,125.0,253.0
4351,2007.0,2.0,2007/S2,2007-07-01,2007-12-31,68.0,125.0,253.0
4352,2007.0,2.0,2007/S2,2007-07-01,2007-12-31,69.0,125.0,253.0
4353,2007.0,2.0,2007/S2,2007-07-01,2007-12-31,70.0,125.0,253.0
4354,2007.0,2.0,2007/S2,2007-07-01,2007-12-31,71.0,125.0,253.0
4355,2007.0,2.0,2007/S2,2007-07-01,2007-12-31,72.0,125.0,253.0
4356,2007.0,2.0,2007/S2,2007-07-01,2007-12-31,73.0,125.0,253.0
4357,2007.0,2.0,2007/S2,2007-07-01,2007-12-31,74.0,125.0,253.0
4358,2007.0,2.0,2007/S2,2007-07-01,2007-12-31,75.0,125.0,253.0
4359,2007.0,2.0,2007/S2,2007-07-01,2007-12-31,76.0,125.0,253.0
4360,2007.0,2.0,2007/S2,2007-07-01,2007-12-31,77.0,125.0,253.0
4361,2007.0,2.0,2007/S2,2007-07-01,2007-12-31,78.0,125.0,253.0
4362,2007.0,2.0,2007/S2,2007-07-01,2007-12-31,79.0,125.0,253.0
4363,2007.0,2.0,2007/S2,2007-07-01,2007-12-31,80.0,125.0,253.0
4364,2007.0,2.0,2007/S2,2007-07-01,2007-12-31,81.0,125.0,253.0
4365,2007.0,2.0,2007/S2,2007-07-01,2007-12-31,82.0,125.0,253.0
4366,2007.0,2.0,2007/S2,2007-07-01,2007-12-31,83.0,125.0,253.0
4367,2007.0,2.0,2007/S2,2007-07-01,2007-12-31,84.0,125.0,253.0
4368,2007.0,2.0,2007/S2,2007-07-01,2007-12-31,85.0,125.0,253.0
4369,2007.0,2.0,2007/S2,2007-07-01,2007-12-31,86.0,125.0,253.0
4370,2007.0,2.0,2007/S2,2007-07-01,2007-12-31,87.0,125.0,253.0
4371,2007.0,2.0,2007/S2,2007-07-01,2007-12-31,88.0,125.0,253.0
4372,2007.0,2.0,2007/S2,2007-07-01,2007-12-31,89.0,125.0,253.0
4373,2007.0,2.0,2007/S2,2007-07-01,2007-12-31,90.0,125.0,253.0
4374,2007.0,2.0,2007/S2,2007-07-01,2007-12-31,91.0,125.0,253.0
4375,2007.0,2.0,2007/S2,2007-07-01,2007-12-31,92.0,125.0,253.0
4376,2007.0,2.0,2007/S2,2007-07-01,2007-12-31,93.0,125.0,253.0
4377,2007.0,2.0,2007/S2,2007-07-01,2007-12-31,94.0,125.0,253.0
4378,2007.0,2.0,2007/S2,2007-07-01,2007-12-31,95.0,125.0,253.0
4379,2007.0,2.0,2007/S2,2007-07-01,2007-12-31,96.0,125.0,253.0
4380,2007.0,2.0,2007/S2,2007-07-01,2007-12-31,97.0,125.0,253.0
4381,2007.0,2.0,2007/S2,2007-07-01,2007-12-31,98.0,125.0,253.0
4382,2007.0,2.0,2007/S2,2007-07-01,2007-12-31,99.0,125.0,253.0
4383,2007.0,2.0,2007/S2,2007-07-01,2007-12-31,100.0,125.0,253.0
4384,2007.0,2.0,2007/S2,2007-07-01,2007-12-31,101.0,125.0,253.0
4385,2007.0,2.0,2007/S2,2007-07-01,2007-12-31,102.0,125.0,253.0
4386,2007.0,2.0,2007/S2,2007-07-01,2007-12-31,103.0,125.0,253.0
4387,2007.0,2.0,2007/S2,2007-07-01,2007-12-31,104.0,125.0,253.0
4388,2007.0,2.0,2007/S2,2007-07-01,2007-12-31,105.0,125.0,253.0
4389,2007.0,2.0,2007/S2,2007-07-01,2007-12-31,106.0,125.0,253.0
4390,2007.0,2.0,2007/S2,2007-07-01,2007-12-31,107.0,125.0,253.0
4391,2007.0,2.0,2007/S2,2007-07-01,2007-12-31,108.0,125.0,253.0
4392,2007.0,2.0,2007/S2,2007-07-01,2007-12-31,109.0,125.0,253.0
4393,2007.0,2.0,2007/S2,2007-07-01,2007-12-31,110.0,125.0,253.0
4394,2007.0,2.0,2007/S2,2007-07-01,2007-12-31,111.0,125.0,253.0
4395,2007.0,2.0,2007/S2,2007-07-01,2007-12-31,112.0,125.0,253.0
4396,2007.0,2.0,2007/S2,2007-07-01,2007-12-31,113.0,125.0,253.0
4397,2007.0,2.0,2007/S2,2007-07-01,2007-12-31,114.0,125.0,253.0
4398,2007.0,2.0,2007/S2,2007-07-01,2007-12-31,115.0,125.0,253.0
4399,2007.0,2.0,2007/S2,2007-07-01,2007-12-31,116.0,125.0,253.0
4400,2007.0,2.0,2007/S2,2007-07-01,2007-12-31,117.0,125.0,253.0
4401,2007.0,2.0,2007/S2,2007-07-01,2007-12-31,118.0,125.0,253.0
4402,2007.0,2.0,2007/S2,2007-07-01,2007-12-31,119.0,125.0,253.0
4403,2007.0,2.0,2007/S2,2007-07-01,2007-12-31,120.0,125.0,253.0
4404,2007.0,2.0,2007/S2,2007-07-01,2007-12-31,121.0,125.0,253.0
4405,2007.0,2.0,2007/S2,2007-07-01,2007-12-31,122.0,125.0,253.0
4406,2007.0,2.0,2007/S2,2007-07-01,2007-12-31,123.0,125.0,253.0
4407,2007.0,2.0,2007/S2,2007-07-01,2007-12-31,124.0,125.0,253.0
4408,2007.0,2.0,2007/S2,2007-07-01,2007-12-31,125.0,125.0,253.0
4409,2007.0,1.0,2007/S1,2007-01-01,2007-06-30,1.0,128.0,252.0
4410,2007.0,1.0,2007/S1,2007-01-01,2007-06-30,2.0,128.0,252.0
4411,2007.0,1.0,2007/S1,2007-01-01,2007-06-30,3.0,128.0,252.0
4412,2007.0,1.0,2007/S1,2007-01-01,2007-06-30,4.0,128.0,252.0
4413,2007.0,1.0,2007/S1,2007-01-01,2007-06-30,5.0,128.0,252.0
4414,2007.0,1.0,2007/S1,2007-01-01,2007-06-30,6.0,128.0,252.0
4415,2007.0,1.0,2007/S1,2007-01-01,2007-06-30,7.0,128.0,252.0
4416,2007.0,1.0,2007/S1,2007-01-01,2007-06-30,8.0,128.0,252.0
4417,2007.0,1.0,2007/S1,2007-01-01,2007-06-30,9.0,128.0,252.0
4418,2007.0,1.0,2007/S1,2007-01-01,2007-06-30,10.0,128.0,252.0
4419,2007.0,1.0,2007/S1,2007-01-01,2007-06-30,11.0,128.0,252.0
4420,2007.0,1.0,2007/S1,2007-01-01,2007-06-30,12.0,128.0,252.0
4421,2007.0,1.0,2007/S1,2007-01-01,2007-06-30,13.0,128.0,252.0
4422,2007.0,1.0,2007/S1,2007-01-01,2007-06-30,14.0,128.0,252.0
4423,2007.0,1.0,2007/S1,2007-01-01,2007-06-30,15.0,128.0,252.0
4424,2007.0,1.0,2007/S1,2007-01-01,2007-06-30,16.0,128.0,252.0
4425,2007.0,1.0,2007/S1,2007-01-01,2007-06-30,17.0,128.0,252.0
4426,2007.0,1.0,2007/S1,2007-01-01,2007-06-30,18.0,128.0,252.0
4427,2007.0,1.0,2007/S1,2007-01-01,2007-06-30,19.0,128.0,252.0
4428,2007.0,1.0,2007/S1,2007-01-01,2007-06-30,20.0,128.0,252.0
4429,2007.0,1.0,2007/S1,2007-01-01,2007-06-30,21.0,128.0,252.0
4430,2007.0,1.0,2007/S1,2007-01-01,2007-06-30,22.0,128.0,252.0
4431,2007.0,1.0,2007/S1,2007-01-01,2007-06-30,23.0,128.0,252.0
4432,2007.0,1.0,2007/S1,2007-01-01,2007-06-30,24.0,128.0,252.0
4433,2007.0,1.0,2007/S1,2007-01-01,2007-06-30,25.0,128.0,252.0
4434,2007.0,1.0,2007/S1,2007-01-01,2007-06-30,26.0,128.0,252.0
4435,2007.0,1.0,2007/S1,2007-01-01,2007-06-30,27.0,128.0,252.0
4436,2007.0,1.0,2007/S1,2007-01-01,2007-06-30,28.0,128.0,252.0
4437,2007.0,1.0,2007/S1,2007-01-01,2007-06-30,29.0,128.0,252.0
4438,2007.0,1.0,2007/S1,2007-01-01,2007-06-30,30.0,128.0,252.0
4439,2007.0,1.0,2007/S1,2007-01-01,2007-06-30,31.0,128.0,252.0
4440,2007.0,1.0,2007/S1,2007-01-01,2007-06-30,32.0,128.0,252.0
4441,2007.0,1.0,2007/S1,2007-01-01,2007-06-30,33.0,128.0,252.0
4442,2007.0,1.0,2007/S1,2007-01-01,2007-06-30,34.0,128.0,252.0
4443,2007.0,1.0,2007/S1,2007-01-01,2007-06-30,35.0,128.0,252.0
4444,2007.0,1.0,2007/S1,2007-01-01,2007-06-30,36.0,128.0,252.0
4445,2007.0,1.0,2007/S1,2007-01-01,2007-06-30,37.0,128.0,252.0
4446,2007.0,1.0,2007/S1,2007-01-01,2007-06-30,38.0,128.0,252.0
4447,2007.0,1.0,2007/S1,2007-01-01,2007-06-30,39.0,128.0,252.0
4448,2007.0,1.0,2007/S1,2007-01-01,2007-06-30,40.0,128.0,252.0
4449,2007.0,1.0,2007/S1,2007-01-01,2007-06-30,41.0,128.0,252.0
4450,2007.0,1.0,2007/S1,2007-01-01,2007-06-30,42.0,128.0,252.0
4451,2007.0,1.0,2007/S1,2007-01-01,2007-06-30,43.0,128.0,252.0
4452,2007.0,1.0,2007/S1,2007-01-01,2007-06-30,44.0,128.0,252.0
4453,2007.0,1.0,2007/S1,2007-01-01,2007-06-30,45.0,128.0,252.0
4454,2007.0,1.0,2007/S1,2007-01-01,2007-06-30,46.0,128.0,252.0
4455,2007.0,1.0,2007/S1,2007-01-01,2007-06-30,47.0,128.0,252.0
4456,2007.0,1.0,2007/S1,2007-01-01,2007-06-30,48.0,128.0,252.0
4457,2007.0,1.0,2007/S1,2007-01-01,2007-06-30,49.0,128.0,252.0
4458,2007.0,1.0,2007/S1,2007-01-01,2007-06-30,50.0,128.0,252.0
4459,2007.0,1.0,2007/S1,2007-01-01,2007-06-30,51.0,128.0,252.0
4460,2007.0,1.0,2007/S1,2007-01-01,2007-06-30,52.0,128.0,252.0
4461,2007.0,1.0,2007/S1,2007-01-01,2007-06-30,53.0,128.0,252.0
4462,2007.0,1.0,2007/S1,2007-01-01,2007-06-30,54.0,128.0,252.0
4463,2007.0,1.0,2007/S1,2007-01-01,2007-06-30,55.0,128.0,252.0
4464,2007.0,1.0,2007/S1,2007-01-01,2007-06-30,56.0,128.0,252.0
4465,2007.0,1.0,2007/S1,2007-01-01,2007-06-30,57.0,128.0,252.0
4466,2007.0,1.0,2007/S1,2007-01-01,2007-06-30,58.0,128.0,252.0
4467,2007.0,1.0,2007/S1,2007-01-01,2007-06-30,59.0,128.0,252.0
4468,2007.0,1.0,2007/S1,2007-01-01,2007-06-30,60.0,128.0,252.0
4469,2007.0,1.0,2007/S1,2007-01-01,2007-06-30,61.0,128.0,252.0
4470,2007.0,1.0,2007/S1,2007-01-01,2007-06-30,62.0,128.0,252.0
4471,2007.0,1.0,2007/S1,2007-01-01,2007-06-30,63.0,128.0,252.0
4472,2007.0,1.0,2007/S1,2007-01-01,2007-06-30,64.0,128.0,252.0
4473,2007.0,1.0,2007/S1,2007-01-01,2007-06-30,65.0,128.0,252.0
4474,2007.0,1.0,2007/S1,2007-01-01,2007-06-30,66.0,128.0,252.0
4475,2007.0,1.0,2007/S1,2007-01-01,2007-06-30,67.0,128.0,252.0
4476,2007.0,1.0,2007/S1,2007-01-01,2007-06-30,68.0,128.0,252.0
4477,2007.0,1.0,2007/S1,2007-01-01,2007-06-30,69.0,128.0,252.0
4478,2007.0,1.0,2007/S1,2007-01-01,2007-06-30,70.0,128.0,252.0
4479,2007.0,1.0,2007/S1,2007-01-01,2007-06-30,71.0,128.0,252.0
4480,2007.0,1.0,2007/S1,2007-01-01,2007-06-30,72.0,128.0,252.0
4481,2007.0,1.0,2007/S1,2007-01-01,2007-06-30,73.0,128.0,252.0
4482,2007.0,1.0,2007/S1,2007-01-01,2007-06-30,74.0,128.0,252.0
4483,2007.0,1.0,2007/S1,2007-01-01,2007-06-30,75.0,128.0,252.0
4484,2007.0,1.0,2007/S1,2007-01-01,2007-06-30,76.0,128.0,252.0
4485,2007.0,1.0,2007/S1,2007-01-01,2007-06-30,77.0,128.0,252.0
4486,2007.0,1.0,2007/S1,2007-01-01,2007-06-30,78.0,128.0,252.0
4487,2007.0,1.0,2007/S1,2007-01-01,2007-06-30,79.0,128.0,252.0
4488,2007.0,1.0,2007/S1,2007-01-01,2007-06-30,80.0,128.0,252.0
4489,2007.0,1.0,2007/S1,2007-01-01,2007-06-30,81.0,128.0,252.0
4490,2007.0,1.0,2007/S1,2007-01-01,2007-06-30,82.0,128.0,252.0
4491,2007.0,1.0,2007/S1,2007-01-01,2007-06-30,83.0,128.0,252.0
4492,2007.0,1.0,2007/S1,2007-01-01,2007-06-30,84.0,128.0,252.0
4493,2007.0,1.0,2007/S1,2007-01-01,2007-06-30,85.0,128.0,252.0
4494,2007.0,1.0,2007/S1,2007-01-01,2007-06-30,86.0,128.0,252.0
4495,2007.0,1.0,2007/S1,2007-01-01,2007-06-30,87.0,128.0,252.0
4496,2007.0,1.0,2007/S1,2007-01-01,2007-06-30,88.0,128.0,252.0
4497,2007.0,1.0,2007/S1,2007-01-01,2007-06-30,89.0,128.0,252.0
4498,2007.0,1.0,2007/S1,2007-01-01,2007-06-30,90.0,128.0,252.0
4499,2007.0,1.0,2007/S1,2007-01-01,2007-06-30,91.0,128.0,252.0
4500,2007.0,1.0,2007/S1,2007-01-01,2007-06-30,92.0,128.0,252.0
4501,2007.0,1.0,2007/S1,2007-01-01,2007-06-30,93.0,128.0,252.0
4502,2007.0,1.0,2007/S1,2007-01-01,2007-06-30,94.0,128.0,252.0
4503,2007.0,1.0,2007/S1,2007-01-01,2007-06-30,95.0,128.0,252.0
4504,2007.0,1.0,2007/S1,2007-01-01,2007-06-30,96.0,128.0,252.0
4505,2007.0,1.0,2007/S1,2007-01-01,2007-06-30,97.0,128.0,252.0
4506,2007.0,1.0,2007/S1,2007-01-01,2007-06-30,98.0,128.0,252.0
4507,2007.0,1.0,2007/S1,2007-01-01,2007-06-30,99.0,128.0,252.0
4508,2007.0,1.0,2007/S1,2007-01-01,2007-06-30,100.0,128.0,252.0
4509,2007.0,1.0,2007/S1,2007-01-01,2007-06-30,101.0,128.0,252.0
4510,2007.0,1.0,2007/S1,2007-01-01,2007-06-30,102.0,128.0,252.0
4511,2007.0,1.0,2007/S1,2007-01-01,2007-06-30,103.0,128.0,252.0
4512,2007.0,1.0,2007/S1,2007-01-01,2007-06-30,104.0,128.0,252.0
4513,2007.0,1.0,2007/S1,2007-01-01,2007-06-30,105.0,128.0,252.0
4514,2007.0,1.0,2007/S1,2007-01-01,2007-06-30,106.0,128.0,252.0
4515,2007.0,1.0,2007/S1,2007-01-01,2007-06-30,107.0,128.0,252.0
4516,2007.0,1.0,2007/S1,2007-01-01,2007-06-30,108.0,128.0,252.0
4517,2007.0,1.0,2007/S1,2007-01-01,2007-06-30,109.0,128.0,252.0
4518,2007.0,1.0,2007/S1,2007-01-01,2007-06-30,110.0,128.0,252.0
4519,2007.0,1.0,2007/S1,2007-01-01,2007-06-30,111.0,128.0,252.0
4520,2007.0,1.0,2007/S1,2007-01-01,2007-06-30,112.0,128.0,252.0
4521,2007.0,1.0,2007/S1,2007-01-01,2007-06-30,113.0,128.0,252.0
4522,2007.0,1.0,2007/S1,2007-01-01,2007-06-30,114.0,128.0,252.0
4523,2007.0,1.0,2007/S1,2007-01-01,2007-06-30,115.0,128.0,252.0
4524,2007.0,1.0,2007/S1,2007-01-01,2007-06-30,116.0,128.0,252.0
4525,2007.0,1.0,2007/S1,2007-01-01,2007-06-30,117.0,128.0,252.0
4526,2007.0,1.0,2007/S1,2007-01-01,2007-06-30,118.0,128.0,252.0
4527,2007.0,1.0,2007/S1,2007-01-01,2007-06-30,119.0,128.0,252.0
4528,2007.0,1.0,2007/S1,2007-01-01,2007-06-30,120.0,128.0,252.0
4529,2007.0,1.0,2007/S1,2007-01-01,2007-06-30,121.0,128.0,252.0
4530,2007.0,1.0,2007/S1,2007-01-01,2007-06-30,122.0,128.0,252.0
4531,2007.0,1.0,2007/S1,2007-01-01,2007-06-30,123.0,128.0,252.0
4532,2007.0,1.0,2007/S1,2007-01-01,2007-06-30,124.0,128.0,252.0
4533,2007.0,1.0,2007/S1,2007-01-01,2007-06-30,125.0,128.0,252.0
4534,2007.0,1.0,2007/S1,2007-01-01,2007-06-30,126.0,128.0,252.0
4535,2007.0,1.0,2007/S1,2007-01-01,2007-06-30,127.0,128.0,252.0
4536,2007.0,1.0,2007/S1,2007-01-01,2007-06-30,128.0,128.0,252.0
4537,2008.0,2.0,2008/S2,2008-07-01,2008-12-31,1.0,124.0,252.0
4538,2008.0,2.0,2008/S2,2008-07-01,2008-12-31,2.0,124.0,252.0
4539,2008.0,2.0,2008/S2,2008-07-01,2008-12-31,3.0,124.0,252.0
4540,2008.0,2.0,2008/S2,2008-07-01,2008-12-31,4.0,124.0,252.0
4541,2008.0,2.0,2008/S2,2008-07-01,2008-12-31,5.0,124.0,252.0
4542,2008.0,2.0,2008/S2,2008-07-01,2008-12-31,6.0,124.0,252.0
4543,2008.0,2.0,2008/S2,2008-07-01,2008-12-31,7.0,124.0,252.0
4544,2008.0,2.0,2008/S2,2008-07-01,2008-12-31,8.0,124.0,252.0
4545,2008.0,2.0,2008/S2,2008-07-01,2008-12-31,9.0,124.0,252.0
4546,2008.0,2.0,2008/S2,2008-07-01,2008-12-31,10.0,124.0,252.0
4547,2008.0,2.0,2008/S2,2008-07-01,2008-12-31,11.0,124.0,252.0
4548,2008.0,2.0,2008/S2,2008-07-01,2008-12-31,12.0,124.0,252.0
4549,2008.0,2.0,2008/S2,2008-07-01,2008-12-31,13.0,124.0,252.0
4550,2008.0,2.0,2008/S2,2008-07-01,2008-12-31,14.0,124.0,252.0
4551,2008.0,2.0,2008/S2,2008-07-01,2008-12-31,15.0,124.0,252.0
4552,2008.0,2.0,2008/S2,2008-07-01,2008-12-31,16.0,124.0,252.0
4553,2008.0,2.0,2008/S2,2008-07-01,2008-12-31,17.0,124.0,252.0
4554,2008.0,2.0,2008/S2,2008-07-01,2008-12-31,18.0,124.0,252.0
4555,2008.0,2.0,2008/S2,2008-07-01,2008-12-31,19.0,124.0,252.0
4556,2008.0,2.0,2008/S2,2008-07-01,2008-12-31,20.0,124.0,252.0
4557,2008.0,2.0,2008/S2,2008-07-01,2008-12-31,21.0,124.0,252.0
4558,2008.0,2.0,2008/S2,2008-07-01,2008-12-31,22.0,124.0,252.0
4559,2008.0,2.0,2008/S2,2008-07-01,2008-12-31,23.0,124.0,252.0
4560,2008.0,2.0,2008/S2,2008-07-01,2008-12-31,24.0,124.0,252.0
4561,2008.0,2.0,2008/S2,2008-07-01,2008-12-31,25.0,124.0,252.0
4562,2008.0,2.0,2008/S2,2008-07-01,2008-12-31,26.0,124.0,252.0
4563,2008.0,2.0,2008/S2,2008-07-01,2008-12-31,27.0,124.0,252.0
4564,2008.0,2.0,2008/S2,2008-07-01,2008-12-31,28.0,124.0,252.0
4565,2008.0,2.0,2008/S2,2008-07-01,2008-12-31,29.0,124.0,252.0
4566,2008.0,2.0,2008/S2,2008-07-01,2008-12-31,30.0,124.0,252.0
4567,2008.0,2.0,2008/S2,2008-07-01,2008-12-31,31.0,124.0,252.0
4568,2008.0,2.0,2008/S2,2008-07-01,2008-12-31,32.0,124.0,252.0
4569,2008.0,2.0,2008/S2,2008-07-01,2008-12-31,33.0,124.0,252.0
4570,2008.0,2.0,2008/S2,2008-07-01,2008-12-31,34.0,124.0,252.0
4571,2008.0,2.0,2008/S2,2008-07-01,2008-12-31,35.0,124.0,252.0
4572,2008.0,2.0,2008/S2,2008-07-01,2008-12-31,36.0,124.0,252.0
4573,2008.0,2.0,2008/S2,2008-07-01,2008-12-31,37.0,124.0,252.0
4574,2008.0,2.0,2008/S2,2008-07-01,2008-12-31,38.0,124.0,252.0
4575,2008.0,2.0,2008/S2,2008-07-01,2008-12-31,39.0,124.0,252.0
4576,2008.0,2.0,2008/S2,2008-07-01,2008-12-31,40.0,124.0,252.0
4577,2008.0,2.0,2008/S2,2008-07-01,2008-12-31,41.0,124.0,252.0
4578,2008.0,2.0,2008/S2,2008-07-01,2008-12-31,42.0,124.0,252.0
4579,2008.0,2.0,2008/S2,2008-07-01,2008-12-31,43.0,124.0,252.0
4580,2008.0,2.0,2008/S2,2008-07-01,2008-12-31,44.0,124.0,252.0
4581,2008.0,2.0,2008/S2,2008-07-01,2008-12-31,45.0,124.0,252.0
4582,2008.0,2.0,2008/S2,2008-07-01,2008-12-31,46.0,124.0,252.0
4583,2008.0,2.0,2008/S2,2008-07-01,2008-12-31,47.0,124.0,252.0
4584,2008.0,2.0,2008/S2,2008-07-01,2008-12-31,48.0,124.0,252.0
4585,2008.0,2.0,2008/S2,2008-07-01,2008-12-31,49.0,124.0,252.0
4586,2008.0,2.0,2008/S2,2008-07-01,2008-12-31,50.0,124.0,252.0
4587,2008.0,2.0,2008/S2,2008-07-01,2008-12-31,51.0,124.0,252.0
4588,2008.0,2.0,2008/S2,2008-07-01,2008-12-31,52.0,124.0,252.0
4589,2008.0,2.0,2008/S2,2008-07-01,2008-12-31,53.0,124.0,252.0
4590,2008.0,2.0,2008/S2,2008-07-01,2008-12-31,54.0,124.0,252.0
4591,2008.0,2.0,2008/S2,2008-07-01,2008-12-31,55.0,124.0,252.0
4592,2008.0,2.0,2008/S2,2008-07-01,2008-12-31,56.0,124.0,252.0
4593,2008.0,2.0,2008/S2,2008-07-01,2008-12-31,57.0,124.0,252.0
4594,2008.0,2.0,2008/S2,2008-07-01,2008-12-31,58.0,124.0,252.0
4595,2008.0,2.0,2008/S2,2008-07-01,2008-12-31,59.0,124.0,252.0
4596,2008.0,2.0,2008/S2,2008-07-01,2008-12-31,60.0,124.0,252.0
4597,2008.0,2.0,2008/S2,2008-07-01,2008-12-31,61.0,124.0,252.0
4598,2008.0,2.0,2008/S2,2008-07-01,2008-12-31,62.0,124.0,252.0
4599,2008.0,2.0,2008/S2,2008-07-01,2008-12-31,63.0,124.0,252.0
4600,2008.0,2.0,2008/S2,2008-07-01,2008-12-31,64.0,124.0,252.0
4601,2008.0,2.0,2008/S2,2008-07-01,2008-12-31,65.0,124.0,252.0
4602,2008.0,2.0,2008/S2,2008-07-01,2008-12-31,66.0,124.0,252.0
4603,2008.0,2.0,2008/S2,2008-07-01,2008-12-31,67.0,124.0,252.0
4604,2008.0,2.0,2008/S2,2008-07-01,2008-12-31,68.0,124.0,252.0
4605,2008.0,2.0,2008/S2,2008-07-01,2008-12-31,69.0,124.0,252.0
4606,2008.0,2.0,2008/S2,2008-07-01,2008-12-31,70.0,124.0,252.0
4607,2008.0,2.0,2008/S2,2008-07-01,2008-12-31,71.0,124.0,252.0
4608,2008.0,2.0,2008/S2,2008-07-01,2008-12-31,72.0,124.0,252.0
4609,2008.0,2.0,2008/S2,2008-07-01,2008-12-31,73.0,124.0,252.0
4610,2008.0,2.0,2008/S2,2008-07-01,2008-12-31,74.0,124.0,252.0
4611,2008.0,2.0,2008/S2,2008-07-01,2008-12-31,75.0,124.0,252.0
4612,2008.0,2.0,2008/S2,2008-07-01,2008-12-31,76.0,124.0,252.0
4613,2008.0,2.0,2008/S2,2008-07-01,2008-12-31,77.0,124.0,252.0
4614,2008.0,2.0,2008/S2,2008-07-01,2008-12-31,78.0,124.0,252.0
4615,2008.0,2.0,2008/S2,2008-07-01,2008-12-31,79.0,124.0,252.0
4616,2008.0,2.0,2008/S2,2008-07-01,2008-12-31,80.0,124.0,252.0
4617,2008.0,2.0,2008/S2,2008-07-01,2008-12-31,81.0,124.0,252.0
4618,2008.0,2.0,2008/S2,2008-07-01,2008-12-31,82.0,124.0,252.0
4619,2008.0,2.0,2008/S2,2008-07-01,2008-12-31,83.0,124.0,252.0
4620,2008.0,2.0,2008/S2,2008-07-01,2008-12-31,84.0,124.0,252.0
4621,2008.0,2.0,2008/S2,2008-07-01,2008-12-31,85.0,124.0,252.0
4622,2008.0,2.0,2008/S2,2008-07-01,2008-12-31,86.0,124.0,252.0
4623,2008.0,2.0,2008/S2,2008-07-01,2008-12-31,87.0,124.0,252.0
4624,2008.0,2.0,2008/S2,2008-07-01,2008-12-31,88.0,124.0,252.0
4625,2008.0,2.0,2008/S2,2008-07-01,2008-12-31,89.0,124.0,252.0
4626,2008.0,2.0,2008/S2,2008-07-01,2008-12-31,90.0,124.0,252.0
4627,2008.0,2.0,2008/S2,2008-07-01,2008-12-31,91.0,124.0,252.0
4628,2008.0,2.0,2008/S2,2008-07-01,2008-12-31,92.0,124.0,252.0
4629,2008.0,2.0,2008/S2,2008-07-01,2008-12-31,93.0,124.0,252.0
4630,2008.0,2.0,2008/S2,2008-07-01,2008-12-31,94.0,124.0,252.0
4631,2008.0,2.0,2008/S2,2008-07-01,2008-12-31,95.0,124.0,252.0
4632,2008.0,2.0,2008/S2,2008-07-01,2008-12-31,96.0,124.0,252.0
4633,2008.0,2.0,2008/S2,2008-07-01,2008-12-31,97.0,124.0,252.0
4634,2008.0,2.0,2008/S2,2008-07-01,2008-12-31,98.0,124.0,252.0
4635,2008.0,2.0,2008/S2,2008-07-01,2008-12-31,99.0,124.0,252.0
4636,2008.0,2.0,2008/S2,2008-07-01,2008-12-31,100.0,124.0,252.0
4637,2008.0,2.0,2008/S2,2008-07-01,2008-12-31,101.0,124.0,252.0
4638,2008.0,2.0,2008/S2,2008-07-01,2008-12-31,102.0,124.0,252.0
4639,2008.0,2.0,2008/S2,2008-07-01,2008-12-31,103.0,124.0,252.0
4640,2008.0,2.0,2008/S2,2008-07-01,2008-12-31,104.0,124.0,252.0
4641,2008.0,2.0,2008/S2,2008-07-01,2008-12-31,105.0,124.0,252.0
4642,2008.0,2.0,2008/S2,2008-07-01,2008-12-31,106.0,124.0,252.0
4643,2008.0,2.0,2008/S2,2008-07-01,2008-12-31,107.0,124.0,252.0
4644,2008.0,2.0,2008/S2,2008-07-01,2008-12-31,108.0,124.0,252.0
4645,2008.0,2.0,2008/S2,2008-07-01,2008-12-31,109.0,124.0,252.0
4646,2008.0,2.0,2008/S2,2008-07-01,2008-12-31,110.0,124.0,252.0
4647,2008.0,2.0,2008/S2,2008-07-01,2008-12-31,111.0,124.0,252.0
4648,2008.0,2.0,2008/S2,2008-07-01,2008-12-31,112.0,124.0,252.0
4649,2008.0,2.0,2008/S2,2008-07-01,2008-12-31,113.0,124.0,252.0
4650,2008.0,2.0,2008/S2,2008-07-01,2008-12-31,114.0,124.0,252.0
4651,2008.0,2.0,2008/S2,2008-07-01,2008-12-31,115.0,124.0,252.0
4652,2008.0,2.0,2008/S2,2008-07-01,2008-12-31,116.0,124.0,252.0
4653,2008.0,2.0,2008/S2,2008-07-01,2008-12-31,117.0,124.0,252.0
4654,2008.0,2.0,2008/S2,2008-07-01,2008-12-31,118.0,124.0,252.0
4655,2008.0,2.0,2008/S2,2008-07-01,2008-12-31,119.0,124.0,252.0
4656,2008.0,2.0,2008/S2,2008-07-01,2008-12-31,120.0,124.0,252.0
4657,2008.0,2.0,2008/S2,2008-07-01,2008-12-31,121.0,124.0,252.0
4658,2008.0,2.0,2008/S2,2008-07-01,2008-12-31,122.0,124.0,252.0
4659,2008.0,2.0,2008/S2,2008-07-01,2008-12-31,123.0,124.0,252.0
4660,2008.0,2.0,2008/S2,2008-07-01,2008-12-31,124.0,124.0,252.0
4661,2008.0,1.0,2008/S1,2008-01-01,2008-06-30,1.0,128.0,252.0
4662,2008.0,1.0,2008/S1,2008-01-01,2008-06-30,2.0,128.0,252.0
4663,2008.0,1.0,2008/S1,2008-01-01,2008-06-30,3.0,128.0,252.0
4664,2008.0,1.0,2008/S1,2008-01-01,2008-06-30,4.0,128.0,252.0
4665,2008.0,1.0,2008/S1,2008-01-01,2008-06-30,5.0,128.0,252.0
4666,2008.0,1.0,2008/S1,2008-01-01,2008-06-30,6.0,128.0,252.0
4667,2008.0,1.0,2008/S1,2008-01-01,2008-06-30,7.0,128.0,252.0
4668,2008.0,1.0,2008/S1,2008-01-01,2008-06-30,8.0,128.0,252.0
4669,2008.0,1.0,2008/S1,2008-01-01,2008-06-30,9.0,128.0,252.0
4670,2008.0,1.0,2008/S1,2008-01-01,2008-06-30,10.0,128.0,252.0
4671,2008.0,1.0,2008/S1,2008-01-01,2008-06-30,11.0,128.0,252.0
4672,2008.0,1.0,2008/S1,2008-01-01,2008-06-30,12.0,128.0,252.0
4673,2008.0,1.0,2008/S1,2008-01-01,2008-06-30,13.0,128.0,252.0
4674,2008.0,1.0,2008/S1,2008-01-01,2008-06-30,14.0,128.0,252.0
4675,2008.0,1.0,2008/S1,2008-01-01,2008-06-30,15.0,128.0,252.0
4676,2008.0,1.0,2008/S1,2008-01-01,2008-06-30,16.0,128.0,252.0
4677,2008.0,1.0,2008/S1,2008-01-01,2008-06-30,17.0,128.0,252.0
4678,2008.0,1.0,2008/S1,2008-01-01,2008-06-30,18.0,128.0,252.0
4679,2008.0,1.0,2008/S1,2008-01-01,2008-06-30,19.0,128.0,252.0
4680,2008.0,1.0,2008/S1,2008-01-01,2008-06-30,20.0,128.0,252.0
4681,2008.0,1.0,2008/S1,2008-01-01,2008-06-30,21.0,128.0,252.0
4682,2008.0,1.0,2008/S1,2008-01-01,2008-06-30,22.0,128.0,252.0
4683,2008.0,1.0,2008/S1,2008-01-01,2008-06-30,23.0,128.0,252.0
4684,2008.0,1.0,2008/S1,2008-01-01,2008-06-30,24.0,128.0,252.0
4685,2008.0,1.0,2008/S1,2008-01-01,2008-06-30,25.0,128.0,252.0
4686,2008.0,1.0,2008/S1,2008-01-01,2008-06-30,26.0,128.0,252.0
4687,2008.0,1.0,2008/S1,2008-01-01,2008-06-30,27.0,128.0,252.0
4688,2008.0,1.0,2008/S1,2008-01-01,2008-06-30,28.0,128.0,252.0
4689,2008.0,1.0,2008/S1,2008-01-01,2008-06-30,29.0,128.0,252.0
4690,2008.0,1.0,2008/S1,2008-01-01,2008-06-30,30.0,128.0,252.0
4691,2008.0,1.0,2008/S1,2008-01-01,2008-06-30,31.0,128.0,252.0
4692,2008.0,1.0,2008/S1,2008-01-01,2008-06-30,32.0,128.0,252.0
4693,2008.0,1.0,2008/S1,2008-01-01,2008-06-30,33.0,128.0,252.0
4694,2008.0,1.0,2008/S1,2008-01-01,2008-06-30,34.0,128.0,252.0
4695,2008.0,1.0,2008/S1,2008-01-01,2008-06-30,35.0,128.0,252.0
4696,2008.0,1.0,2008/S1,2008-01-01,2008-06-30,36.0,128.0,252.0
4697,2008.0,1.0,2008/S1,2008-01-01,2008-06-30,37.0,128.0,252.0
4698,2008.0,1.0,2008/S1,2008-01-01,2008-06-30,38.0,128.0,252.0
4699,2008.0,1.0,2008/S1,2008-01-01,2008-06-30,39.0,128.0,252.0
4700,2008.0,1.0,2008/S1,2008-01-01,2008-06-30,40.0,128.0,252.0
4701,2008.0,1.0,2008/S1,2008-01-01,2008-06-30,41.0,128.0,252.0
4702,2008.0,1.0,2008/S1,2008-01-01,2008-06-30,42.0,128.0,252.0
4703,2008.0,1.0,2008/S1,2008-01-01,2008-06-30,43.0,128.0,252.0
4704,2008.0,1.0,2008/S1,2008-01-01,2008-06-30,44.0,128.0,252.0
4705,2008.0,1.0,2008/S1,2008-01-01,2008-06-30,45.0,128.0,252.0
4706,2008.0,1.0,2008/S1,2008-01-01,2008-06-30,46.0,128.0,252.0
4707,2008.0,1.0,2008/S1,2008-01-01,2008-06-30,47.0,128.0,252.0
4708,2008.0,1.0,2008/S1,2008-01-01,2008-06-30,48.0,128.0,252.0
4709,2008.0,1.0,2008/S1,2008-01-01,2008-06-30,49.0,128.0,252.0
4710,2008.0,1.0,2008/S1,2008-01-01,2008-06-30,50.0,128.0,252.0
4711,2008.0,1.0,2008/S1,2008-01-01,2008-06-30,51.0,128.0,252.0
4712,2008.0,1.0,2008/S1,2008-01-01,2008-06-30,52.0,128.0,252.0
4713,2008.0,1.0,2008/S1,2008-01-01,2008-06-30,53.0,128.0,252.0
4714,2008.0,1.0,2008/S1,2008-01-01,2008-06-30,54.0,128.0,252.0
4715,2008.0,1.0,2008/S1,2008-01-01,2008-06-30,55.0,128.0,252.0
4716,2008.0,1.0,2008/S1,2008-01-01,2008-06-30,56.0,128.0,252.0
4717,2008.0,1.0,2008/S1,2008-01-01,2008-06-30,57.0,128.0,252.0
4718,2008.0,1.0,2008/S1,2008-01-01,2008-06-30,58.0,128.0,252.0
4719,2008.0,1.0,2008/S1,2008-01-01,2008-06-30,59.0,128.0,252.0
4720,2008.0,1.0,2008/S1,2008-01-01,2008-06-30,60.0,128.0,252.0
4721,2008.0,1.0,2008/S1,2008-01-01,2008-06-30,61.0,128.0,252.0
4722,2008.0,1.0,2008/S1,2008-01-01,2008-06-30,62.0,128.0,252.0
4723,2008.0,1.0,2008/S1,2008-01-01,2008-06-30,63.0,128.0,252.0
4724,2008.0,1.0,2008/S1,2008-01-01,2008-06-30,64.0,128.0,252.0
4725,2008.0,1.0,2008/S1,2008-01-01,2008-06-30,65.0,128.0,252.0
4726,2008.0,1.0,2008/S1,2008-01-01,2008-06-30,66.0,128.0,252.0
4727,2008.0,1.0,2008/S1,2008-01-01,2008-06-30,67.0,128.0,252.0
4728,2008.0,1.0,2008/S1,2008-01-01,2008-06-30,68.0,128.0,252.0
4729,2008.0,1.0,2008/S1,2008-01-01,2008-06-30,69.0,128.0,252.0
4730,2008.0,1.0,2008/S1,2008-01-01,2008-06-30,70.0,128.0,252.0
4731,2008.0,1.0,2008/S1,2008-01-01,2008-06-30,71.0,128.0,252.0
4732,2008.0,1.0,2008/S1,2008-01-01,2008-06-30,72.0,128.0,252.0
4733,2008.0,1.0,2008/S1,2008-01-01,2008-06-30,73.0,128.0,252.0
4734,2008.0,1.0,2008/S1,2008-01-01,2008-06-30,74.0,128.0,252.0
4735,2008.0,1.0,2008/S1,2008-01-01,2008-06-30,75.0,128.0,252.0
4736,2008.0,1.0,2008/S1,2008-01-01,2008-06-30,76.0,128.0,252.0
4737,2008.0,1.0,2008/S1,2008-01-01,2008-06-30,77.0,128.0,252.0
4738,2008.0,1.0,2008/S1,2008-01-01,2008-06-30,78.0,128.0,252.0
4739,2008.0,1.0,2008/S1,2008-01-01,2008-06-30,79.0,128.0,252.0
4740,2008.0,1.0,2008/S1,2008-01-01,2008-06-30,80.0,128.0,252.0
4741,2008.0,1.0,2008/S1,2008-01-01,2008-06-30,81.0,128.0,252.0
4742,2008.0,1.0,2008/S1,2008-01-01,2008-06-30,82.0,128.0,252.0
4743,2008.0,1.0,2008/S1,2008-01-01,2008-06-30,83.0,128.0,252.0
4744,2008.0,1.0,2008/S1,2008-01-01,2008-06-30,84.0,128.0,252.0
4745,2008.0,1.0,2008/S1,2008-01-01,2008-06-30,85.0,128.0,252.0
4746,2008.0,1.0,2008/S1,2008-01-01,2008-06-30,86.0,128.0,252.0
4747,2008.0,1.0,2008/S1,2008-01-01,2008-06-30,87.0,128.0,252.0
4748,2008.0,1.0,2008/S1,2008-01-01,2008-06-30,88.0,128.0,252.0
4749,2008.0,1.0,2008/S1,2008-01-01,2008-06-30,89.0,128.0,252.0
4750,2008.0,1.0,2008/S1,2008-01-01,2008-06-30,90.0,128.0,252.0
4751,2008.0,1.0,2008/S1,2008-01-01,2008-06-30,91.0,128.0,252.0
4752,2008.0,1.0,2008/S1,2008-01-01,2008-06-30,92.0,128.0,252.0
4753,2008.0,1.0,2008/S1,2008-01-01,2008-06-30,93.0,128.0,252.0
4754,2008.0,1.0,2008/S1,2008-01-01,2008-06-30,94.0,128.0,252.0
4755,2008.0,1.0,2008/S1,2008-01-01,2008-06-30,95.0,128.0,252.0
4756,2008.0,1.0,2008/S1,2008-01-01,2008-06-30,96.0,128.0,252.0
4757,2008.0,1.0,2008/S1,2008-01-01,2008-06-30,97.0,128.0,252.0
4758,2008.0,1.0,2008/S1,2008-01-01,2008-06-30,98.0,128.0,252.0
4759,2008.0,1.0,2008/S1,2008-01-01,2008-06-30,99.0,128.0,252.0
4760,2008.0,1.0,2008/S1,2008-01-01,2008-06-30,100.0,128.0,252.0
4761,2008.0,1.0,2008/S1,2008-01-01,2008-06-30,101.0,128.0,252.0
4762,2008.0,1.0,2008/S1,2008-01-01,2008-06-30,102.0,128.0,252.0
4763,2008.0,1.0,2008/S1,2008-01-01,2008-06-30,103.0,128.0,252.0
4764,2008.0,1.0,2008/S1,2008-01-01,2008-06-30,104.0,128.0,252.0
4765,2008.0,1.0,2008/S1,2008-01-01,2008-06-30,105.0,128.0,252.0
4766,2008.0,1.0,2008/S1,2008-01-01,2008-06-30,106.0,128.0,252.0
4767,2008.0,1.0,2008/S1,2008-01-01,2008-06-30,107.0,128.0,252.0
4768,2008.0,1.0,2008/S1,2008-01-01,2008-06-30,108.0,128.0,252.0
4769,2008.0,1.0,2008/S1,2008-01-01,2008-06-30,109.0,128.0,252.0
4770,2008.0,1.0,2008/S1,2008-01-01,2008-06-30,110.0,128.0,252.0
4771,2008.0,1.0,2008/S1,2008-01-01,2008-06-30,111.0,128.0,252.0
4772,2008.0,1.0,2008/S1,2008-01-01,2008-06-30,112.0,128.0,252.0
4773,2008.0,1.0,2008/S1,2008-01-01,2008-06-30,113.0,128.0,252.0
4774,2008.0,1.0,2008/S1,2008-01-01,2008-06-30,114.0,128.0,252.0
4775,2008.0,1.0,2008/S1,2008-01-01,2008-06-30,115.0,128.0,252.0
4776,2008.0,1.0,2008/S1,2008-01-01,2008-06-30,116.0,128.0,252.0
4777,2008.0,1.0,2008/S1,2008-01-01,2008-06-30,117.0,128.0,252.0
4778,2008.0,1.0,2008/S1,2008-01-01,2008-06-30,118.0,128.0,252.0
4779,2008.0,1.0,2008/S1,2008-01-01,2008-06-30,119.0,128.0,252.0
4780,2008.0,1.0,2008/S1,2008-01-01,2008-06-30,120.0,128.0,252.0
4781,2008.0,1.0,2008/S1,2008-01-01,2008-06-30,121.0,128.0,252.0
4782,2008.0,1.0,2008/S1,2008-01-01,2008-06-30,122.0,128.0,252.0
4783,2008.0,1.0,2008/S1,2008-01-01,2008-06-30,123.0,128.0,252.0
4784,2008.0,1.0,2008/S1,2008-01-01,2008-06-30,124.0,128.0,252.0
4785,2008.0,1.0,2008/S1,2008-01-01,2008-06-30,125.0,128.0,252.0
4786,2008.0,1.0,2008/S1,2008-01-01,2008-06-30,126.0,128.0,252.0
4787,2008.0,1.0,2008/S1,2008-01-01,2008-06-30,127.0,128.0,252.0
4788,2008.0,1.0,2008/S1,2008-01-01,2008-06-30,128.0,128.0,252.0
4789,2009.0,2.0,2009/S2,2009-07-01,2009-12-31,1.0,124.0,252.0
4790,2009.0,2.0,2009/S2,2009-07-01,2009-12-31,2.0,124.0,252.0
4791,2009.0,2.0,2009/S2,2009-07-01,2009-12-31,3.0,124.0,252.0
4792,2009.0,2.0,2009/S2,2009-07-01,2009-12-31,4.0,124.0,252.0
4793,2009.0,2.0,2009/S2,2009-07-01,2009-12-31,5.0,124.0,252.0
4794,2009.0,2.0,2009/S2,2009-07-01,2009-12-31,6.0,124.0,252.0
4795,2009.0,2.0,2009/S2,2009-07-01,2009-12-31,7.0,124.0,252.0
4796,2009.0,2.0,2009/S2,2009-07-01,2009-12-31,8.0,124.0,252.0
4797,2009.0,2.0,2009/S2,2009-07-01,2009-12-31,9.0,124.0,252.0
4798,2009.0,2.0,2009/S2,2009-07-01,2009-12-31,10.0,124.0,252.0
4799,2009.0,2.0,2009/S2,2009-07-01,2009-12-31,11.0,124.0,252.0
4800,2009.0,2.0,2009/S2,2009-07-01,2009-12-31,12.0,124.0,252.0
4801,2009.0,2.0,2009/S2,2009-07-01,2009-12-31,13.0,124.0,252.0
4802,2009.0,2.0,2009/S2,2009-07-01,2009-12-31,14.0,124.0,252.0
4803,2009.0,2.0,2009/S2,2009-07-01,2009-12-31,15.0,124.0,252.0
4804,2009.0,2.0,2009/S2,2009-07-01,2009-12-31,16.0,124.0,252.0
4805,2009.0,2.0,2009/S2,2009-07-01,2009-12-31,17.0,124.0,252.0
4806,2009.0,2.0,2009/S2,2009-07-01,2009-12-31,18.0,124.0,252.0
4807,2009.0,2.0,2009/S2,2009-07-01,2009-12-31,19.0,124.0,252.0
4808,2009.0,2.0,2009/S2,2009-07-01,2009-12-31,20.0,124.0,252.0
4809,2009.0,2.0,2009/S2,2009-07-01,2009-12-31,21.0,124.0,252.0
4810,2009.0,2.0,2009/S2,2009-07-01,2009-12-31,22.0,124.0,252.0
4811,2009.0,2.0,2009/S2,2009-07-01,2009-12-31,23.0,124.0,252.0
4812,2009.0,2.0,2009/S2,2009-07-01,2009-12-31,24.0,124.0,252.0
4813,2009.0,2.0,2009/S2,2009-07-01,2009-12-31,25.0,124.0,252.0
4814,2009.0,2.0,2009/S2,2009-07-01,2009-12-31,26.0,124.0,252.0
4815,2009.0,2.0,2009/S2,2009-07-01,2009-12-31,27.0,124.0,252.0
4816,2009.0,2.0,2009/S2,2009-07-01,2009-12-31,28.0,124.0,252.0
4817,2009.0,2.0,2009/S2,2009-07-01,2009-12-31,29.0,124.0,252.0
4818,2009.0,2.0,2009/S2,2009-07-01,2009-12-31,30.0,124.0,252.0
4819,2009.0,2.0,2009/S2,2009-07-01,2009-12-31,31.0,124.0,252.0
4820,2009.0,2.0,2009/S2,2009-07-01,2009-12-31,32.0,124.0,252.0
4821,2009.0,2.0,2009/S2,2009-07-01,2009-12-31,33.0,124.0,252.0
4822,2009.0,2.0,2009/S2,2009-07-01,2009-12-31,34.0,124.0,252.0
4823,2009.0,2.0,2009/S2,2009-07-01,2009-12-31,35.0,124.0,252.0
4824,2009.0,2.0,2009/S2,2009-07-01,2009-12-31,36.0,124.0,252.0
4825,2009.0,2.0,2009/S2,2009-07-01,2009-12-31,37.0,124.0,252.0
4826,2009.0,2.0,2009/S2,2009-07-01,2009-12-31,38.0,124.0,252.0
4827,2009.0,2.0,2009/S2,2009-07-01,2009-12-31,39.0,124.0,252.0
4828,2009.0,2.0,2009/S2,2009-07-01,2009-12-31,40.0,124.0,252.0
4829,2009.0,2.0,2009/S2,2009-07-01,2009-12-31,41.0,124.0,252.0
4830,2009.0,2.0,2009/S2,2009-07-01,2009-12-31,42.0,124.0,252.0
4831,2009.0,2.0,2009/S2,2009-07-01,2009-12-31,43.0,124.0,252.0
4832,2009.0,2.0,2009/S2,2009-07-01,2009-12-31,44.0,124.0,252.0
4833,2009.0,2.0,2009/S2,2009-07-01,2009-12-31,45.0,124.0,252.0
4834,2009.0,2.0,2009/S2,2009-07-01,2009-12-31,46.0,124.0,252.0
4835,2009.0,2.0,2009/S2,2009-07-01,2009-12-31,47.0,124.0,252.0
4836,2009.0,2.0,2009/S2,2009-07-01,2009-12-31,48.0,124.0,252.0
4837,2009.0,2.0,2009/S2,2009-07-01,2009-12-31,49.0,124.0,252.0
4838,2009.0,2.0,2009/S2,2009-07-01,2009-12-31,50.0,124.0,252.0
4839,2009.0,2.0,2009/S2,2009-07-01,2009-12-31,51.0,124.0,252.0
4840,2009.0,2.0,2009/S2,2009-07-01,2009-12-31,52.0,124.0,252.0
4841,2009.0,2.0,2009/S2,2009-07-01,2009-12-31,53.0,124.0,252.0
4842,2009.0,2.0,2009/S2,2009-07-01,2009-12-31,54.0,124.0,252.0
4843,2009.0,2.0,2009/S2,2009-07-01,2009-12-31,55.0,124.0,252.0
4844,2009.0,2.0,2009/S2,2009-07-01,2009-12-31,56.0,124.0,252.0
4845,2009.0,2.0,2009/S2,2009-07-01,2009-12-31,57.0,124.0,252.0
4846,2009.0,2.0,2009/S2,2009-07-01,2009-12-31,58.0,124.0,252.0
4847,2009.0,2.0,2009/S2,2009-07-01,2009-12-31,59.0,124.0,252.0
4848,2009.0,2.0,2009/S2,2009-07-01,2009-12-31,60.0,124.0,252.0
4849,2009.0,2.0,2009/S2,2009-07-01,2009-12-31,61.0,124.0,252.0
4850,2009.0,2.0,2009/S2,2009-07-01,2009-12-31,62.0,124.0,252.0
4851,2009.0,2.0,2009/S2,2009-07-01,2009-12-31,63.0,124.0,252.0
4852,2009.0,2.0,2009/S2,2009-07-01,2009-12-31,64.0,124.0,252.0
4853,2009.0,2.0,2009/S2,2009-07-01,2009-12-31,65.0,124.0,252.0
4854,2009.0,2.0,2009/S2,2009-07-01,2009-12-31,66.0,124.0,252.0
4855,2009.0,2.0,2009/S2,2009-07-01,2009-12-31,67.0,124.0,252.0
4856,2009.0,2.0,2009/S2,2009-07-01,2009-12-31,68.0,124.0,252.0
4857,2009.0,2.0,2009/S2,2009-07-01,2009-12-31,69.0,124.0,252.0
4858,2009.0,2.0,2009/S2,2009-07-01,2009-12-31,70.0,124.0,252.0
4859,2009.0,2.0,2009/S2,2009-07-01,2009-12-31,71.0,124.0,252.0
4860,2009.0,2.0,2009/S2,2009-07-01,2009-12-31,72.0,124.0,252.0
4861,2009.0,2.0,2009/S2,2009-07-01,2009-12-31,73.0,124.0,252.0
4862,2009.0,2.0,2009/S2,2009-07-01,2009-12-31,74.0,124.0,252.0
4863,2009.0,2.0,2009/S2,2009-07-01,2009-12-31,75.0,124.0,252.0
4864,2009.0,2.0,2009/S2,2009-07-01,2009-12-31,76.0,124.0,252.0
4865,2009.0,2.0,2009/S2,2009-07-01,2009-12-31,77.0,124.0,252.0
4866,2009.0,2.0,2009/S2,2009-07-01,2009-12-31,78.0,124.0,252.0
4867,2009.0,2.0,2009/S2,2009-07-01,2009-12-31,79.0,124.0,252.0
4868,2009.0,2.0,2009/S2,2009-07-01,2009-12-31,80.0,124.0,252.0
4869,2009.0,2.0,2009/S2,2009-07-01,2009-12-31,81.0,124.0,252.0
4870,2009.0,2.0,2009/S2,2009-07-01,2009-12-31,82.0,124.0,252.0
4871,2009.0,2.0,2009/S2,2009-07-01,2009-12-31,83.0,124.0,252.0
4872,2009.0,2.0,2009/S2,2009-07-01,2009-12-31,84.0,124.0,252.0
4873,2009.0,2.0,2009/S2,2009-07-01,2009-12-31,85.0,124.0,252.0
4874,2009.0,2.0,2009/S2,2009-07-01,2009-12-31,86.0,124.0,252.0
4875,2009.0,2.0,2009/S2,2009-07-01,2009-12-31,87.0,124.0,252.0
4876,2009.0,2.0,2009/S2,2009-07-01,2009-12-31,88.0,124.0,252.0
4877,2009.0,2.0,2009/S2,2009-07-01,2009-12-31,89.0,124.0,252.0
4878,2009.0,2.0,2009/S2,2009-07-01,2009-12-31,90.0,124.0,252.0
4879,2009.0,2.0,2009/S2,2009-07-01,2009-12-31,91.0,124.0,252.0
4880,2009.0,2.0,2009/S2,2009-07-01,2009-12-31,92.0,124.0,252.0
4881,2009.0,2.0,2009/S2,2009-07-01,2009-12-31,93.0,124.0,252.0
4882,2009.0,2.0,2009/S2,2009-07-01,2009-12-31,94.0,124.0,252.0
4883,2009.0,2.0,2009/S2,2009-07-01,2009-12-31,95.0,124.0,252.0
4884,2009.0,2.0,2009/S2,2009-07-01,2009-12-31,96.0,124.0,252.0
4885,2009.0,2.0,2009/S2,2009-07-01,2009-12-31,97.0,124.0,252.0
4886,2009.0,2.0,2009/S2,2009-07-01,2009-12-31,98.0,124.0,252.0
4887,2009.0,2.0,2009/S2,2009-07-01,2009-12-31,99.0,124.0,252.0
4888,2009.0,2.0,2009/S2,2009-07-01,2009-12-31,100.0,124.0,252.0
4889,2009.0,2.0,2009/S2,2009-07-01,2009-12-31,101.0,124.0,252.0
4890,2009.0,2.0,2009/S2,2009-07-01,2009-12-31,102.0,124.0,252.0
4891,2009.0,2.0,2009/S2,2009-07-01,2009-12-31,103.0,124.0,252.0
4892,2009.0,2.0,2009/S2,2009-07-01,2009-12-31,104.0,124.0,252.0
4893,2009.0,2.0,2009/S2,2009-07-01,2009-12-31,105.0,124.0,252.0
4894,2009.0,2.0,2009/S2,2009-07-01,2009-12-31,106.0,124.0,252.0
4895,2009.0,2.0,2009/S2,2009-07-01,2009-12-31,107.0,124.0,252.0
4896,2009.0,2.0,2009/S2,2009-07-01,2009-12-31,108.0,124.0,252.0
4897,2009.0,2.0,2009/S2,2009-07-01,2009-12-31,109.0,124.0,252.0
4898,2009.0,2.0,2009/S2,2009-07-01,2009-12-31,110.0,124.0,252.0
4899,2009.0,2.0,2009/S2,2009-07-01,2009-12-31,111.0,124.0,252.0
4900,2009.0,2.0,2009/S2,2009-07-01,2009-12-31,112.0,124.0,252.0
4901,2009.0,2.0,2009/S2,2009-07-01,2009-12-31,113.0,124.0,252.0
4902,2009.0,2.0,2009/S2,2009-07-01,2009-12-31,114.0,124.0,252.0
4903,2009.0,2.0,2009/S2,2009-07-01,2009-12-31,115.0,124.0,252.0
4904,2009.0,2.0,2009/S2,2009-07-01,2009-12-31,116.0,124.0,252.0
4905,2009.0,2.0,2009/S2,2009-07-01,2009-12-31,117.0,124.0,252.0
4906,2009.0,2.0,2009/S2,2009-07-01,2009-12-31,118.0,124.0,252.0
4907,2009.0,2.0,2009/S2,2009-07-01,2009-12-31,119.0,124.0,252.0
4908,2009.0,2.0,2009/S2,2009-07-01,2009-12-31,120.0,124.0,252.0
4909,2009.0,2.0,2009/S2,2009-07-01,2009-12-31,121.0,124.0,252.0
4910,2009.0,2.0,2009/S2,2009-07-01,2009-12-31,122.0,124.0,252.0
4911,2009.0,2.0,2009/S2,2009-07-01,2009-12-31,123.0,124.0,252.0
4912,2009.0,2.0,2009/S2,2009-07-01,2009-12-31,124.0,124.0,252.0
4913,2009.0,1.0,2009/S1,2009-01-01,2009-06-30,1.0,128.0,253.0
4914,2009.0,1.0,2009/S1,2009-01-01,2009-06-30,2.0,128.0,253.0
4915,2009.0,1.0,2009/S1,2009-01-01,2009-06-30,3.0,128.0,253.0
4916,2009.0,1.0,2009/S1,2009-01-01,2009-06-30,4.0,128.0,253.0
4917,2009.0,1.0,2009/S1,2009-01-01,2009-06-30,5.0,128.0,253.0
4918,2009.0,1.0,2009/S1,2009-01-01,2009-06-30,6.0,128.0,253.0
4919,2009.0,1.0,2009/S1,2009-01-01,2009-06-30,7.0,128.0,253.0
4920,2009.0,1.0,2009/S1,2009-01-01,2009-06-30,8.0,128.0,253.0
4921,2009.0,1.0,2009/S1,2009-01-01,2009-06-30,9.0,128.0,253.0
4922,2009.0,1.0,2009/S1,2009-01-01,2009-06-30,10.0,128.0,253.0
4923,2009.0,1.0,2009/S1,2009-01-01,2009-06-30,11.0,128.0,253.0
4924,2009.0,1.0,2009/S1,2009-01-01,2009-06-30,12.0,128.0,253.0
4925,2009.0,1.0,2009/S1,2009-01-01,2009-06-30,13.0,128.0,253.0
4926,2009.0,1.0,2009/S1,2009-01-01,2009-06-30,14.0,128.0,253.0
4927,2009.0,1.0,2009/S1,2009-01-01,2009-06-30,15.0,128.0,253.0
4928,2009.0,1.0,2009/S1,2009-01-01,2009-06-30,16.0,128.0,253.0
4929,2009.0,1.0,2009/S1,2009-01-01,2009-06-30,17.0,128.0,253.0
4930,2009.0,1.0,2009/S1,2009-01-01,2009-06-30,18.0,128.0,253.0
4931,2009.0,1.0,2009/S1,2009-01-01,2009-06-30,19.0,128.0,253.0
4932,2009.0,1.0,2009/S1,2009-01-01,2009-06-30,20.0,128.0,253.0
4933,2009.0,1.0,2009/S1,2009-01-01,2009-06-30,21.0,128.0,253.0
4934,2009.0,1.0,2009/S1,2009-01-01,2009-06-30,22.0,128.0,253.0
4935,2009.0,1.0,2009/S1,2009-01-01,2009-06-30,23.0,128.0,253.0
4936,2009.0,1.0,2009/S1,2009-01-01,2009-06-30,24.0,128.0,253.0
4937,2009.0,1.0,2009/S1,2009-01-01,2009-06-30,25.0,128.0,253.0
4938,2009.0,1.0,2009/S1,2009-01-01,2009-06-30,26.0,128.0,253.0
4939,2009.0,1.0,2009/S1,2009-01-01,2009-06-30,27.0,128.0,253.0
4940,2009.0,1.0,2009/S1,2009-01-01,2009-06-30,28.0,128.0,253.0
4941,2009.0,1.0,2009/S1,2009-01-01,2009-06-30,29.0,128.0,253.0
4942,2009.0,1.0,2009/S1,2009-01-01,2009-06-30,30.0,128.0,253.0
4943,2009.0,1.0,2009/S1,2009-01-01,2009-06-30,31.0,128.0,253.0
4944,2009.0,1.0,2009/S1,2009-01-01,2009-06-30,32.0,128.0,253.0
4945,2009.0,1.0,2009/S1,2009-01-01,2009-06-30,33.0,128.0,253.0
4946,2009.0,1.0,2009/S1,2009-01-01,2009-06-30,34.0,128.0,253.0
4947,2009.0,1.0,2009/S1,2009-01-01,2009-06-30,35.0,128.0,253.0
4948,2009.0,1.0,2009/S1,2009-01-01,2009-06-30,36.0,128.0,253.0
4949,2009.0,1.0,2009/S1,2009-01-01,2009-06-30,37.0,128.0,253.0
4950,2009.0,1.0,2009/S1,2009-01-01,2009-06-30,38.0,128.0,253.0
4951,2009.0,1.0,2009/S1,2009-01-01,2009-06-30,39.0,128.0,253.0
4952,2009.0,1.0,2009/S1,2009-01-01,2009-06-30,40.0,128.0,253.0
4953,2009.0,1.0,2009/S1,2009-01-01,2009-06-30,41.0,128.0,253.0
4954,2009.0,1.0,2009/S1,2009-01-01,2009-06-30,42.0,128.0,253.0
4955,2009.0,1.0,2009/S1,2009-01-01,2009-06-30,43.0,128.0,253.0
4956,2009.0,1.0,2009/S1,2009-01-01,2009-06-30,44.0,128.0,253.0
4957,2009.0,1.0,2009/S1,2009-01-01,2009-06-30,45.0,128.0,253.0
4958,2009.0,1.0,2009/S1,2009-01-01,2009-06-30,46.0,128.0,253.0
4959,2009.0,1.0,2009/S1,2009-01-01,2009-06-30,47.0,128.0,253.0
4960,2009.0,1.0,2009/S1,2009-01-01,2009-06-30,48.0,128.0,253.0
4961,2009.0,1.0,2009/S1,2009-01-01,2009-06-30,49.0,128.0,253.0
4962,2009.0,1.0,2009/S1,2009-01-01,2009-06-30,50.0,128.0,253.0
4963,2009.0,1.0,2009/S1,2009-01-01,2009-06-30,51.0,128.0,253.0
4964,2009.0,1.0,2009/S1,2009-01-01,2009-06-30,52.0,128.0,253.0
4965,2009.0,1.0,2009/S1,2009-01-01,2009-06-30,53.0,128.0,253.0
4966,2009.0,1.0,2009/S1,2009-01-01,2009-06-30,54.0,128.0,253.0
4967,2009.0,1.0,2009/S1,2009-01-01,2009-06-30,55.0,128.0,253.0
4968,2009.0,1.0,2009/S1,2009-01-01,2009-06-30,56.0,128.0,253.0
4969,2009.0,1.0,2009/S1,2009-01-01,2009-06-30,57.0,128.0,253.0
4970,2009.0,1.0,2009/S1,2009-01-01,2009-06-30,58.0,128.0,253.0
4971,2009.0,1.0,2009/S1,2009-01-01,2009-06-30,59.0,128.0,253.0
4972,2009.0,1.0,2009/S1,2009-01-01,2009-06-30,60.0,128.0,253.0
4973,2009.0,1.0,2009/S1,2009-01-01,2009-06-30,61.0,128.0,253.0
4974,2009.0,1.0,2009/S1,2009-01-01,2009-06-30,62.0,128.0,253.0
4975,2009.0,1.0,2009/S1,2009-01-01,2009-06-30,63.0,128.0,253.0
4976,2009.0,1.0,2009/S1,2009-01-01,2009-06-30,64.0,128.0,253.0
4977,2009.0,1.0,2009/S1,2009-01-01,2009-06-30,65.0,128.0,253.0
4978,2009.0,1.0,2009/S1,2009-01-01,2009-06-30,66.0,128.0,253.0
4979,2009.0,1.0,2009/S1,2009-01-01,2009-06-30,67.0,128.0,253.0
4980,2009.0,1.0,2009/S1,2009-01-01,2009-06-30,68.0,128.0,253.0
4981,2009.0,1.0,2009/S1,2009-01-01,2009-06-30,69.0,128.0,253.0
4982,2009.0,1.0,2009/S1,2009-01-01,2009-06-30,70.0,128.0,253.0
4983,2009.0,1.0,2009/S1,2009-01-01,2009-06-30,71.0,128.0,253.0
4984,2009.0,1.0,2009/S1,2009-01-01,2009-06-30,72.0,128.0,253.0
4985,2009.0,1.0,2009/S1,2009-01-01,2009-06-30,73.0,128.0,253.0
4986,2009.0,1.0,2009/S1,2009-01-01,2009-06-30,74.0,128.0,253.0
4987,2009.0,1.0,2009/S1,2009-01-01,2009-06-30,75.0,128.0,253.0
4988,2009.0,1.0,2009/S1,2009-01-01,2009-06-30,76.0,128.0,253.0
4989,2009.0,1.0,2009/S1,2009-01-01,2009-06-30,77.0,128.0,253.0
4990,2009.0,1.0,2009/S1,2009-01-01,2009-06-30,78.0,128.0,253.0
4991,2009.0,1.0,2009/S1,2009-01-01,2009-06-30,79.0,128.0,253.0
4992,2009.0,1.0,2009/S1,2009-01-01,2009-06-30,80.0,128.0,253.0
4993,2009.0,1.0,2009/S1,2009-01-01,2009-06-30,81.0,128.0,253.0
4994,2009.0,1.0,2009/S1,2009-01-01,2009-06-30,82.0,128.0,253.0
4995,2009.0,1.0,2009/S1,2009-01-01,2009-06-30,83.0,128.0,253.0
4996,2009.0,1.0,2009/S1,2009-01-01,2009-06-30,84.0,128.0,253.0
4997,2009.0,1.0,2009/S1,2009-01-01,2009-06-30,85.0,128.0,253.0
4998,2009.0,1.0,2009/S1,2009-01-01,2009-06-30,86.0,128.0,253.0
4999,2009.0,1.0,2009/S1,2009-01-01,2009-06-30,87.0,128.0,253.0
5000,2009.0,1.0,2009/S1,2009-01-01,2009-06-30,88.0,128.0,253.0
5001,2009.0,1.0,2009/S1,2009-01-01,2009-06-30,89.0,128.0,253.0
5002,2009.0,1.0,2009/S1,2009-01-01,2009-06-30,90.0,128.0,253.0
5003,2009.0,1.0,2009/S1,2009-01-01,2009-06-30,91.0,128.0,253.0
5004,2009.0,1.0,2009/S1,2009-01-01,2009-06-30,92.0,128.0,253.0
5005,2009.0,1.0,2009/S1,2009-01-01,2009-06-30,93.0,128.0,253.0
5006,2009.0,1.0,2009/S1,2009-01-01,2009-06-30,94.0,128.0,253.0
5007,2009.0,1.0,2009/S1,2009-01-01,2009-06-30,95.0,128.0,253.0
5008,2009.0,1.0,2009/S1,2009-01-01,2009-06-30,96.0,128.0,253.0
5009,2009.0,1.0,2009/S1,2009-01-01,2009-06-30,97.0,128.0,253.0
5010,2009.0,1.0,2009/S1,2009-01-01,2009-06-30,98.0,128.0,253.0
5011,2009.0,1.0,2009/S1,2009-01-01,2009-06-30,99.0,128.0,253.0
5012,2009.0,1.0,2009/S1,2009-01-01,2009-06-30,100.0,128.0,253.0
5013,2009.0,1.0,2009/S1,2009-01-01,2009-06-30,101.0,128.0,253.0
5014,2009.0,1.0,2009/S1,2009-01-01,2009-06-30,102.0,128.0,253.0
5015,2009.0,1.0,2009/S1,2009-01-01,2009-06-30,103.0,128.0,253.0
5016,2009.0,1.0,2009/S1,2009-01-01,2009-06-30,104.0,128.0,253.0
5017,2009.0,1.0,2009/S1,2009-01-01,2009-06-30,105.0,128.0,253.0
5018,2009.0,1.0,2009/S1,2009-01-01,2009-06-30,106.0,128.0,253.0
5019,2009.0,1.0,2009/S1,2009-01-01,2009-06-30,107.0,128.0,253.0
5020,2009.0,1.0,2009/S1,2009-01-01,2009-06-30,108.0,128.0,253.0
5021,2009.0,1.0,2009/S1,2009-01-01,2009-06-30,109.0,128.0,253.0
5022,2009.0,1.0,2009/S1,2009-01-01,2009-06-30,110.0,128.0,253.0
5023,2009.0,1.0,2009/S1,2009-01-01,2009-06-30,111.0,128.0,253.0
5024,2009.0,1.0,2009/S1,2009-01-01,2009-06-30,112.0,128.0,253.0
5025,2009.0,1.0,2009/S1,2009-01-01,2009-06-30,113.0,128.0,253.0
5026,2009.0,1.0,2009/S1,2009-01-01,2009-06-30,114.0,128.0,253.0
5027,2009.0,1.0,2009/S1,2009-01-01,2009-06-30,115.0,128.0,253.0
5028,2009.0,1.0,2009/S1,2009-01-01,2009-06-30,116.0,128.0,253.0
5029,2009.0,1.0,2009/S1,2009-01-01,2009-06-30,117.0,128.0,253.0
5030,2009.0,1.0,2009/S1,2009-01-01,2009-06-30,118.0,128.0,253.0
5031,2009.0,1.0,2009/S1,2009-01-01,2009-06-30,119.0,128.0,253.0
5032,2009.0,1.0,2009/S1,2009-01-01,2009-06-30,120.0,128.0,253.0
5033,2009.0,1.0,2009/S1,2009-01-01,2009-06-30,121.0,128.0,253.0
5034,2009.0,1.0,2009/S1,2009-01-01,2009-06-30,122.0,128.0,253.0
5035,2009.0,1.0,2009/S1,2009-01-01,2009-06-30,123.0,128.0,253.0
5036,2009.0,1.0,2009/S1,2009-01-01,2009-06-30,124.0,128.0,253.0
5037,2009.0,1.0,2009/S1,2009-01-01,2009-06-30,125.0,128.0,253.0
5038,2009.0,1.0,2009/S1,2009-01-01,2009-06-30,126.0,128.0,253.0
5039,2009.0,1.0,2009/S1,2009-01-01,2009-06-30,127.0,128.0,253.0
5040,2009.0,1.0,2009/S1,2009-01-01,2009-06-30,128.0,128.0,253.0
5041,2010.0,2.0,2010/S2,2010-07-01,2010-12-31,1.0,125.0,252.0
5042,2010.0,2.0,2010/S2,2010-07-01,2010-12-31,2.0,125.0,252.0
5043,2010.0,2.0,2010/S2,2010-07-01,2010-12-31,3.0,125.0,252.0
5044,2010.0,2.0,2010/S2,2010-07-01,2010-12-31,4.0,125.0,252.0
5045,2010.0,2.0,2010/S2,2010-07-01,2010-12-31,5.0,125.0,252.0
5046,2010.0,2.0,2010/S2,2010-07-01,2010-12-31,6.0,125.0,252.0
5047,2010.0,2.0,2010/S2,2010-07-01,2010-12-31,7.0,125.0,252.0
5048,2010.0,2.0,2010/S2,2010-07-01,2010-12-31,8.0,125.0,252.0
5049,2010.0,2.0,2010/S2,2010-07-01,2010-12-31,9.0,125.0,252.0
5050,2010.0,2.0,2010/S2,2010-07-01,2010-12-31,10.0,125.0,252.0
5051,2010.0,2.0,2010/S2,2010-07-01,2010-12-31,11.0,125.0,252.0
5052,2010.0,2.0,2010/S2,2010-07-01,2010-12-31,12.0,125.0,252.0
5053,2010.0,2.0,2010/S2,2010-07-01,2010-12-31,13.0,125.0,252.0
5054,2010.0,2.0,2010/S2,2010-07-01,2010-12-31,14.0,125.0,252.0
5055,2010.0,2.0,2010/S2,2010-07-01,2010-12-31,15.0,125.0,252.0
5056,2010.0,2.0,2010/S2,2010-07-01,2010-12-31,16.0,125.0,252.0
5057,2010.0,2.0,2010/S2,2010-07-01,2010-12-31,17.0,125.0,252.0
5058,2010.0,2.0,2010/S2,2010-07-01,2010-12-31,18.0,125.0,252.0
5059,2010.0,2.0,2010/S2,2010-07-01,2010-12-31,19.0,125.0,252.0
5060,2010.0,2.0,2010/S2,2010-07-01,2010-12-31,20.0,125.0,252.0
5061,2010.0,2.0,2010/S2,2010-07-01,2010-12-31,21.0,125.0,252.0
5062,2010.0,2.0,2010/S2,2010-07-01,2010-12-31,22.0,125.0,252.0
5063,2010.0,2.0,2010/S2,2010-07-01,2010-12-31,23.0,125.0,252.0
5064,2010.0,2.0,2010/S2,2010-07-01,2010-12-31,24.0,125.0,252.0
5065,2010.0,2.0,2010/S2,2010-07-01,2010-12-31,25.0,125.0,252.0
5066,2010.0,2.0,2010/S2,2010-07-01,2010-12-31,26.0,125.0,252.0
5067,2010.0,2.0,2010/S2,2010-07-01,2010-12-31,27.0,125.0,252.0
5068,2010.0,2.0,2010/S2,2010-07-01,2010-12-31,28.0,125.0,252.0
5069,2010.0,2.0,2010/S2,2010-07-01,2010-12-31,29.0,125.0,252.0
5070,2010.0,2.0,2010/S2,2010-07-01,2010-12-31,30.0,125.0,252.0
5071,2010.0,2.0,2010/S2,2010-07-01,2010-12-31,31.0,125.0,252.0
5072,2010.0,2.0,2010/S2,2010-07-01,2010-12-31,32.0,125.0,252.0
5073,2010.0,2.0,2010/S2,2010-07-01,2010-12-31,33.0,125.0,252.0
5074,2010.0,2.0,2010/S2,2010-07-01,2010-12-31,34.0,125.0,252.0
5075,2010.0,2.0,2010/S2,2010-07-01,2010-12-31,35.0,125.0,252.0
5076,2010.0,2.0,2010/S2,2010-07-01,2010-12-31,36.0,125.0,252.0
5077,2010.0,2.0,2010/S2,2010-07-01,2010-12-31,37.0,125.0,252.0
5078,2010.0,2.0,2010/S2,2010-07-01,2010-12-31,38.0,125.0,252.0
5079,2010.0,2.0,2010/S2,2010-07-01,2010-12-31,39.0,125.0,252.0
5080,2010.0,2.0,2010/S2,2010-07-01,2010-12-31,40.0,125.0,252.0
5081,2010.0,2.0,2010/S2,2010-07-01,2010-12-31,41.0,125.0,252.0
5082,2010.0,2.0,2010/S2,2010-07-01,2010-12-31,42.0,125.0,252.0
5083,2010.0,2.0,2010/S2,2010-07-01,2010-12-31,43.0,125.0,252.0
5084,2010.0,2.0,2010/S2,2010-07-01,2010-12-31,44.0,125.0,252.0
5085,2010.0,2.0,2010/S2,2010-07-01,2010-12-31,45.0,125.0,252.0
5086,2010.0,2.0,2010/S2,2010-07-01,2010-12-31,46.0,125.0,252.0
5087,2010.0,2.0,2010/S2,2010-07-01,2010-12-31,47.0,125.0,252.0
5088,2010.0,2.0,2010/S2,2010-07-01,2010-12-31,48.0,125.0,252.0
5089,2010.0,2.0,2010/S2,2010-07-01,2010-12-31,49.0,125.0,252.0
5090,2010.0,2.0,2010/S2,2010-07-01,2010-12-31,50.0,125.0,252.0
5091,2010.0,2.0,2010/S2,2010-07-01,2010-12-31,51.0,125.0,252.0
5092,2010.0,2.0,2010/S2,2010-07-01,2010-12-31,52.0,125.0,252.0
5093,2010.0,2.0,2010/S2,2010-07-01,2010-12-31,53.0,125.0,252.0
5094,2010.0,2.0,2010/S2,2010-07-01,2010-12-31,54.0,125.0,252.0
5095,2010.0,2.0,2010/S2,2010-07-01,2010-12-31,55.0,125.0,252.0
5096,2010.0,2.0,2010/S2,2010-07-01,2010-12-31,56.0,125.0,252.0
5097,2010.0,2.0,2010/S2,2010-07-01,2010-12-31,57.0,125.0,252.0
5098,2010.0,2.0,2010/S2,2010-07-01,2010-12-31,58.0,125.0,252.0
5099,2010.0,2.0,2010/S2,2010-07-01,2010-12-31,59.0,125.0,252.0
5100,2010.0,2.0,2010/S2,2010-07-01,2010-12-31,60.0,125.0,252.0
5101,2010.0,2.0,2010/S2,2010-07-01,2010-12-31,61.0,125.0,252.0
5102,2010.0,2.0,2010/S2,2010-07-01,2010-12-31,62.0,125.0,252.0
5103,2010.0,2.0,2010/S2,2010-07-01,2010-12-31,63.0,125.0,252.0
5104,2010.0,2.0,2010/S2,2010-07-01,2010-12-31,64.0,125.0,252.0
5105,2010.0,2.0,2010/S2,2010-07-01,2010-12-31,65.0,125.0,252.0
5106,2010.0,2.0,2010/S2,2010-07-01,2010-12-31,66.0,125.0,252.0
5107,2010.0,2.0,2010/S2,2010-07-01,2010-12-31,67.0,125.0,252.0
5108,2010.0,2.0,2010/S2,2010-07-01,2010-12-31,68.0,125.0,252.0
5109,2010.0,2.0,2010/S2,2010-07-01,2010-12-31,69.0,125.0,252.0
5110,2010.0,2.0,2010/S2,2010-07-01,2010-12-31,70.0,125.0,252.0
5111,2010.0,2.0,2010/S2,2010-07-01,2010-12-31,71.0,125.0,252.0
5112,2010.0,2.0,2010/S2,2010-07-01,2010-12-31,72.0,125.0,252.0
5113,2010.0,2.0,2010/S2,2010-07-01,2010-12-31,73.0,125.0,252.0
5114,2010.0,2.0,2010/S2,2010-07-01,2010-12-31,74.0,125.0,252.0
5115,2010.0,2.0,2010/S2,2010-07-01,2010-12-31,75.0,125.0,252.0
5116,2010.0,2.0,2010/S2,2010-07-01,2010-12-31,76.0,125.0,252.0
5117,2010.0,2.0,2010/S2,2010-07-01,2010-12-31,77.0,125.0,252.0
5118,2010.0,2.0,2010/S2,2010-07-01,2010-12-31,78.0,125.0,252.0
5119,2010.0,2.0,2010/S2,2010-07-01,2010-12-31,79.0,125.0,252.0
5120,2010.0,2.0,2010/S2,2010-07-01,2010-12-31,80.0,125.0,252.0
5121,2010.0,2.0,2010/S2,2010-07-01,2010-12-31,81.0,125.0,252.0
5122,2010.0,2.0,2010/S2,2010-07-01,2010-12-31,82.0,125.0,252.0
5123,2010.0,2.0,2010/S2,2010-07-01,2010-12-31,83.0,125.0,252.0
5124,2010.0,2.0,2010/S2,2010-07-01,2010-12-31,84.0,125.0,252.0
5125,2010.0,2.0,2010/S2,2010-07-01,2010-12-31,85.0,125.0,252.0
5126,2010.0,2.0,2010/S2,2010-07-01,2010-12-31,86.0,125.0,252.0
5127,2010.0,2.0,2010/S2,2010-07-01,2010-12-31,87.0,125.0,252.0
5128,2010.0,2.0,2010/S2,2010-07-01,2010-12-31,88.0,125.0,252.0
5129,2010.0,2.0,2010/S2,2010-07-01,2010-12-31,89.0,125.0,252.0
5130,2010.0,2.0,2010/S2,2010-07-01,2010-12-31,90.0,125.0,252.0
5131,2010.0,2.0,2010/S2,2010-07-01,2010-12-31,91.0,125.0,252.0
5132,2010.0,2.0,2010/S2,2010-07-01,2010-12-31,92.0,125.0,252.0
5133,2010.0,2.0,2010/S2,2010-07-01,2010-12-31,93.0,125.0,252.0
5134,2010.0,2.0,2010/S2,2010-07-01,2010-12-31,94.0,125.0,252.0
5135,2010.0,2.0,2010/S2,2010-07-01,2010-12-31,95.0,125.0,252.0
5136,2010.0,2.0,2010/S2,2010-07-01,2010-12-31,96.0,125.0,252.0
5137,2010.0,2.0,2010/S2,2010-07-01,2010-12-31,97.0,125.0,252.0
5138,2010.0,2.0,2010/S2,2010-07-01,2010-12-31,98.0,125.0,252.0
5139,2010.0,2.0,2010/S2,2010-07-01,2010-12-31,99.0,125.0,252.0
5140,2010.0,2.0,2010/S2,2010-07-01,2010-12-31,100.0,125.0,252.0
5141,2010.0,2.0,2010/S2,2010-07-01,2010-12-31,101.0,125.0,252.0
5142,2010.0,2.0,2010/S2,2010-07-01,2010-12-31,102.0,125.0,252.0
5143,2010.0,2.0,2010/S2,2010-07-01,2010-12-31,103.0,125.0,252.0
5144,2010.0,2.0,2010/S2,2010-07-01,2010-12-31,104.0,125.0,252.0
5145,2010.0,2.0,2010/S2,2010-07-01,2010-12-31,105.0,125.0,252.0
5146,2010.0,2.0,2010/S2,2010-07-01,2010-12-31,106.0,125.0,252.0
5147,2010.0,2.0,2010/S2,2010-07-01,2010-12-31,107.0,125.0,252.0
5148,2010.0,2.0,2010/S2,2010-07-01,2010-12-31,108.0,125.0,252.0
5149,2010.0,2.0,2010/S2,2010-07-01,2010-12-31,109.0,125.0,252.0
5150,2010.0,2.0,2010/S2,2010-07-01,2010-12-31,110.0,125.0,252.0
5151,2010.0,2.0,2010/S2,2010-07-01,2010-12-31,111.0,125.0,252.0
5152,2010.0,2.0,2010/S2,2010-07-01,2010-12-31,112.0,125.0,252.0
5153,2010.0,2.0,2010/S2,2010-07-01,2010-12-31,113.0,125.0,252.0
5154,2010.0,2.0,2010/S2,2010-07-01,2010-12-31,114.0,125.0,252.0
5155,2010.0,2.0,2010/S2,2010-07-01,2010-12-31,115.0,125.0,252.0
5156,2010.0,2.0,2010/S2,2010-07-01,2010-12-31,116.0,125.0,252.0
5157,2010.0,2.0,2010/S2,2010-07-01,2010-12-31,117.0,125.0,252.0
5158,2010.0,2.0,2010/S2,2010-07-01,2010-12-31,118.0,125.0,252.0
5159,2010.0,2.0,2010/S2,2010-07-01,2010-12-31,119.0,125.0,252.0
5160,2010.0,2.0,2010/S2,2010-07-01,2010-12-31,120.0,125.0,252.0
5161,2010.0,2.0,2010/S2,2010-07-01,2010-12-31,121.0,125.0,252.0
5162,2010.0,2.0,2010/S2,2010-07-01,2010-12-31,122.0,125.0,252.0
5163,2010.0,2.0,2010/S2,2010-07-01,2010-12-31,123.0,125.0,252.0
5164,2010.0,2.0,2010/S2,2010-07-01,2010-12-31,124.0,125.0,252.0
5165,2010.0,2.0,2010/S2,2010-07-01,2010-12-31,125.0,125.0,252.0
5166,2010.0,1.0,2010/S1,2010-01-01,2010-06-30,1.0,127.0,252.0
5167,2010.0,1.0,2010/S1,2010-01-01,2010-06-30,2.0,127.0,252.0
5168,2010.0,1.0,2010/S1,2010-01-01,2010-06-30,3.0,127.0,252.0
5169,2010.0,1.0,2010/S1,2010-01-01,2010-06-30,4.0,127.0,252.0
5170,2010.0,1.0,2010/S1,2010-01-01,2010-06-30,5.0,127.0,252.0
5171,2010.0,1.0,2010/S1,2010-01-01,2010-06-30,6.0,127.0,252.0
5172,2010.0,1.0,2010/S1,2010-01-01,2010-06-30,7.0,127.0,252.0
5173,2010.0,1.0,2010/S1,2010-01-01,2010-06-30,8.0,127.0,252.0
5174,2010.0,1.0,2010/S1,2010-01-01,2010-06-30,9.0,127.0,252.0
5175,2010.0,1.0,2010/S1,2010-01-01,2010-06-30,10.0,127.0,252.0
5176,2010.0,1.0,2010/S1,2010-01-01,2010-06-30,11.0,127.0,252.0
5177,2010.0,1.0,2010/S1,2010-01-01,2010-06-30,12.0,127.0,252.0
5178,2010.0,1.0,2010/S1,2010-01-01,2010-06-30,13.0,127.0,252.0
5179,2010.0,1.0,2010/S1,2010-01-01,2010-06-30,14.0,127.0,252.0
5180,2010.0,1.0,2010/S1,2010-01-01,2010-06-30,15.0,127.0,252.0
5181,2010.0,1.0,2010/S1,2010-01-01,2010-06-30,16.0,127.0,252.0
5182,2010.0,1.0,2010/S1,2010-01-01,2010-06-30,17.0,127.0,252.0
5183,2010.0,1.0,2010/S1,2010-01-01,2010-06-30,18.0,127.0,252.0
5184,2010.0,1.0,2010/S1,2010-01-01,2010-06-30,19.0,127.0,252.0
5185,2010.0,1.0,2010/S1,2010-01-01,2010-06-30,20.0,127.0,252.0
5186,2010.0,1.0,2010/S1,2010-01-01,2010-06-30,21.0,127.0,252.0
5187,2010.0,1.0,2010/S1,2010-01-01,2010-06-30,22.0,127.0,252.0
5188,2010.0,1.0,2010/S1,2010-01-01,2010-06-30,23.0,127.0,252.0
5189,2010.0,1.0,2010/S1,2010-01-01,2010-06-30,24.0,127.0,252.0
5190,2010.0,1.0,2010/S1,2010-01-01,2010-06-30,25.0,127.0,252.0
5191,2010.0,1.0,2010/S1,2010-01-01,2010-06-30,26.0,127.0,252.0
5192,2010.0,1.0,2010/S1,2010-01-01,2010-06-30,27.0,127.0,252.0
5193,2010.0,1.0,2010/S1,2010-01-01,2010-06-30,28.0,127.0,252.0
5194,2010.0,1.0,2010/S1,2010-01-01,2010-06-30,29.0,127.0,252.0
5195,2010.0,1.0,2010/S1,2010-01-01,2010-06-30,30.0,127.0,252.0
5196,2010.0,1.0,2010/S1,2010-01-01,2010-06-30,31.0,127.0,252.0
5197,2010.0,1.0,2010/S1,2010-01-01,2010-06-30,32.0,127.0,252.0
5198,2010.0,1.0,2010/S1,2010-01-01,2010-06-30,33.0,127.0,252.0
5199,2010.0,1.0,2010/S1,2010-01-01,2010-06-30,34.0,127.0,252.0
5200,2010.0,1.0,2010/S1,2010-01-01,2010-06-30,35.0,127.0,252.0
5201,2010.0,1.0,2010/S1,2010-01-01,2010-06-30,36.0,127.0,252.0
5202,2010.0,1.0,2010/S1,2010-01-01,2010-06-30,37.0,127.0,252.0
5203,2010.0,1.0,2010/S1,2010-01-01,2010-06-30,38.0,127.0,252.0
5204,2010.0,1.0,2010/S1,2010-01-01,2010-06-30,39.0,127.0,252.0
5205,2010.0,1.0,2010/S1,2010-01-01,2010-06-30,40.0,127.0,252.0
5206,2010.0,1.0,2010/S1,2010-01-01,2010-06-30,41.0,127.0,252.0
5207,2010.0,1.0,2010/S1,2010-01-01,2010-06-30,42.0,127.0,252.0
5208,2010.0,1.0,2010/S1,2010-01-01,2010-06-30,43.0,127.0,252.0
5209,2010.0,1.0,2010/S1,2010-01-01,2010-06-30,44.0,127.0,252.0
5210,2010.0,1.0,2010/S1,2010-01-01,2010-06-30,45.0,127.0,252.0
5211,2010.0,1.0,2010/S1,2010-01-01,2010-06-30,46.0,127.0,252.0
5212,2010.0,1.0,2010/S1,2010-01-01,2010-06-30,47.0,127.0,252.0
5213,2010.0,1.0,2010/S1,2010-01-01,2010-06-30,48.0,127.0,252.0
5214,2010.0,1.0,2010/S1,2010-01-01,2010-06-30,49.0,127.0,252.0
5215,2010.0,1.0,2010/S1,2010-01-01,2010-06-30,50.0,127.0,252.0
5216,2010.0,1.0,2010/S1,2010-01-01,2010-06-30,51.0,127.0,252.0
5217,2010.0,1.0,2010/S1,2010-01-01,2010-06-30,52.0,127.0,252.0
5218,2010.0,1.0,2010/S1,2010-01-01,2010-06-30,53.0,127.0,252.0
5219,2010.0,1.0,2010/S1,2010-01-01,2010-06-30,54.0,127.0,252.0
5220,2010.0,1.0,2010/S1,2010-01-01,2010-06-30,55.0,127.0,252.0
5221,2010.0,1.0,2010/S1,2010-01-01,2010-06-30,56.0,127.0,252.0
5222,2010.0,1.0,2010/S1,2010-01-01,2010-06-30,57.0,127.0,252.0
5223,2010.0,1.0,2010/S1,2010-01-01,2010-06-30,58.0,127.0,252.0
5224,2010.0,1.0,2010/S1,2010-01-01,2010-06-30,59.0,127.0,252.0
5225,2010.0,1.0,2010/S1,2010-01-01,2010-06-30,60.0,127.0,252.0
5226,2010.0,1.0,2010/S1,2010-01-01,2010-06-30,61.0,127.0,252.0
5227,2010.0,1.0,2010/S1,2010-01-01,2010-06-30,62.0,127.0,252.0
5228,2010.0,1.0,2010/S1,2010-01-01,2010-06-30,63.0,127.0,252.0
5229,2010.0,1.0,2010/S1,2010-01-01,2010-06-30,64.0,127.0,252.0
5230,2010.0,1.0,2010/S1,2010-01-01,2010-06-30,65.0,127.0,252.0
5231,2010.0,1.0,2010/S1,2010-01-01,2010-06-30,66.0,127.0,252.0
5232,2010.0,1.0,2010/S1,2010-01-01,2010-06-30,67.0,127.0,252.0
5233,2010.0,1.0,2010/S1,2010-01-01,2010-06-30,68.0,127.0,252.0
5234,2010.0,1.0,2010/S1,2010-01-01,2010-06-30,69.0,127.0,252.0
5235,2010.0,1.0,2010/S1,2010-01-01,2010-06-30,70.0,127.0,252.0
5236,2010.0,1.0,2010/S1,2010-01-01,2010-06-30,71.0,127.0,252.0
5237,2010.0,1.0,2010/S1,2010-01-01,2010-06-30,72.0,127.0,252.0
5238,2010.0,1.0,2010/S1,2010-01-01,2010-06-30,73.0,127.0,252.0
5239,2010.0,1.0,2010/S1,2010-01-01,2010-06-30,74.0,127.0,252.0
5240,2010.0,1.0,2010/S1,2010-01-01,2010-06-30,75.0,127.0,252.0
5241,2010.0,1.0,2010/S1,2010-01-01,2010-06-30,76.0,127.0,252.0
5242,2010.0,1.0,2010/S1,2010-01-01,2010-06-30,77.0,127.0,252.0
5243,2010.0,1.0,2010/S1,2010-01-01,2010-06-30,78.0,127.0,252.0
5244,2010.0,1.0,2010/S1,2010-01-01,2010-06-30,79.0,127.0,252.0
5245,2010.0,1.0,2010/S1,2010-01-01,2010-06-30,80.0,127.0,252.0
5246,2010.0,1.0,2010/S1,2010-01-01,2010-06-30,81.0,127.0,252.0
5247,2010.0,1.0,2010/S1,2010-01-01,2010-06-30,82.0,127.0,252.0
5248,2010.0,1.0,2010/S1,2010-01-01,2010-06-30,83.0,127.0,252.0
5249,2010.0,1.0,2010/S1,2010-01-01,2010-06-30,84.0,127.0,252.0
5250,2010.0,1.0,2010/S1,2010-01-01,2010-06-30,85.0,127.0,252.0
5251,2010.0,1.0,2010/S1,2010-01-01,2010-06-30,86.0,127.0,252.0
5252,2010.0,1.0,2010/S1,2010-01-01,2010-06-30,87.0,127.0,252.0
5253,2010.0,1.0,2010/S1,2010-01-01,2010-06-30,88.0,127.0,252.0
5254,2010.0,1.0,2010/S1,2010-01-01,2010-06-30,89.0,127.0,252.0
5255,2010.0,1.0,2010/S1,2010-01-01,2010-06-30,90.0,127.0,252.0
5256,2010.0,1.0,2010/S1,2010-01-01,2010-06-30,91.0,127.0,252.0
5257,2010.0,1.0,2010/S1,2010-01-01,2010-06-30,92.0,127.0,252.0
5258,2010.0,1.0,2010/S1,2010-01-01,2010-06-30,93.0,127.0,252.0
5259,2010.0,1.0,2010/S1,2010-01-01,2010-06-30,94.0,127.0,252.0
5260,2010.0,1.0,2010/S1,2010-01-01,2010-06-30,95.0,127.0,252.0
5261,2010.0,1.0,2010/S1,2010-01-01,2010-06-30,96.0,127.0,252.0
5262,2010.0,1.0,2010/S1,2010-01-01,2010-06-30,97.0,127.0,252.0
5263,2010.0,1.0,2010/S1,2010-01-01,2010-06-30,98.0,127.0,252.0
5264,2010.0,1.0,2010/S1,2010-01-01,2010-06-30,99.0,127.0,252.0
5265,2010.0,1.0,2010/S1,2010-01-01,2010-06-30,100.0,127.0,252.0
5266,2010.0,1.0,2010/S1,2010-01-01,2010-06-30,101.0,127.0,252.0
5267,2010.0,1.0,2010/S1,2010-01-01,2010-06-30,102.0,127.0,252.0
5268,2010.0,1.0,2010/S1,2010-01-01,2010-06-30,103.0,127.0,252.0
5269,2010.0,1.0,2010/S1,2010-01-01,2010-06-30,104.0,127.0,252.0
5270,2010.0,1.0,2010/S1,2010-01-01,2010-06-30,105.0,127.0,252.0
5271,2010.0,1.0,2010/S1,2010-01-01,2010-06-30,106.0,127.0,252.0
5272,2010.0,1.0,2010/S1,2010-01-01,2010-06-30,107.0,127.0,252.0
5273,2010.0,1.0,2010/S1,2010-01-01,2010-06-30,108.0,127.0,252.0
5274,2010.0,1.0,2010/S1,2010-01-01,2010-06-30,109.0,127.0,252.0
5275,2010.0,1.0,2010/S1,2010-01-01,2010-06-30,110.0,127.0,252.0
5276,2010.0,1.0,2010/S1,2010-01-01,2010-06-30,111.0,127.0,252.0
5277,2010.0,1.0,2010/S1,2010-01-01,2010-06-30,112.0,127.0,252.0
5278,2010.0,1.0,2010/S1,2010-01-01,2010-06-30,113.0,127.0,252.0
5279,2010.0,1.0,2010/S1,2010-01-01,2010-06-30,114.0,127.0,252.0
5280,2010.0,1.0,2010/S1,2010-01-01,2010-06-30,115.0,127.0,252.0
5281,2010.0,1.0,2010/S1,2010-01-01,2010-06-30,116.0,127.0,252.0
5282,2010.0,1.0,2010/S1,2010-01-01,2010-06-30,117.0,127.0,252.0
5283,2010.0,1.0,2010/S1,2010-01-01,2010-06-30,118.0,127.0,252.0
5284,2010.0,1.0,2010/S1,2010-01-01,2010-06-30,119.0,127.0,252.0
5285,2010.0,1.0,2010/S1,2010-01-01,2010-06-30,120.0,127.0,252.0
5286,2010.0,1.0,2010/S1,2010-01-01,2010-06-30,121.0,127.0,252.0
5287,2010.0,1.0,2010/S1,2010-01-01,2010-06-30,122.0,127.0,252.0
5288,2010.0,1.0,2010/S1,2010-01-01,2010-06-30,123.0,127.0,252.0
5289,2010.0,1.0,2010/S1,2010-01-01,2010-06-30,124.0,127.0,252.0
5290,2010.0,1.0,2010/S1,2010-01-01,2010-06-30,125.0,127.0,252.0
5291,2010.0,1.0,2010/S1,2010-01-01,2010-06-30,126.0,127.0,252.0
5292,2010.0,1.0,2010/S1,2010-01-01,2010-06-30,127.0,127.0,252.0
5293,2011.0,2.0,2011/S2,2011-07-01,2011-12-31,1.0,125.0,250.0
5294,2011.0,2.0,2011/S2,2011-07-01,2011-12-31,2.0,125.0,250.0
5295,2011.0,2.0,2011/S2,2011-07-01,2011-12-31,3.0,125.0,250.0
5296,2011.0,2.0,2011/S2,2011-07-01,2011-12-31,4.0,125.0,250.0
5297,2011.0,2.0,2011/S2,2011-07-01,2011-12-31,5.0,125.0,250.0
5298,2011.0,2.0,2011/S2,2011-07-01,2011-12-31,6.0,125.0,250.0
5299,2011.0,2.0,2011/S2,2011-07-01,2011-12-31,7.0,125.0,250.0
5300,2011.0,2.0,2011/S2,2011-07-01,2011-12-31,8.0,125.0,250.0
5301,2011.0,2.0,2011/S2,2011-07-01,2011-12-31,9.0,125.0,250.0
5302,2011.0,2.0,2011/S2,2011-07-01,2011-12-31,10.0,125.0,250.0
5303,2011.0,2.0,2011/S2,2011-07-01,2011-12-31,11.0,125.0,250.0
5304,2011.0,2.0,2011/S2,2011-07-01,2011-12-31,12.0,125.0,250.0
5305,2011.0,2.0,2011/S2,2011-07-01,2011-12-31,13.0,125.0,250.0
5306,2011.0,2.0,2011/S2,2011-07-01,2011-12-31,14.0,125.0,250.0
5307,2011.0,2.0,2011/S2,2011-07-01,2011-12-31,15.0,125.0,250.0
5308,2011.0,2.0,2011/S2,2011-07-01,2011-12-31,16.0,125.0,250.0
5309,2011.0,2.0,2011/S2,2011-07-01,2011-12-31,17.0,125.0,250.0
5310,2011.0,2.0,2011/S2,2011-07-01,2011-12-31,18.0,125.0,250.0
5311,2011.0,2.0,2011/S2,2011-07-01,2011-12-31,19.0,125.0,250.0
5312,2011.0,2.0,2011/S2,2011-07-01,2011-12-31,20.0,125.0,250.0
5313,2011.0,2.0,2011/S2,2011-07-01,2011-12-31,21.0,125.0,250.0
5314,2011.0,2.0,2011/S2,2011-07-01,2011-12-31,22.0,125.0,250.0
5315,2011.0,2.0,2011/S2,2011-07-01,2011-12-31,23.0,125.0,250.0
5316,2011.0,2.0,2011/S2,2011-07-01,2011-12-31,24.0,125.0,250.0
5317,2011.0,2.0,2011/S2,2011-07-01,2011-12-31,25.0,125.0,250.0
5318,2011.0,2.0,2011/S2,2011-07-01,2011-12-31,26.0,125.0,250.0
5319,2011.0,2.0,2011/S2,2011-07-01,2011-12-31,27.0,125.0,250.0
5320,2011.0,2.0,2011/S2,2011-07-01,2011-12-31,28.0,125.0,250.0
5321,2011.0,2.0,2011/S2,2011-07-01,2011-12-31,29.0,125.0,250.0
5322,2011.0,2.0,2011/S2,2011-07-01,2011-12-31,30.0,125.0,250.0
5323,2011.0,2.0,2011/S2,2011-07-01,2011-12-31,31.0,125.0,250.0
5324,2011.0,2.0,2011/S2,2011-07-01,2011-12-31,32.0,125.0,250.0
5325,2011.0,2.0,2011/S2,2011-07-01,2011-12-31,33.0,125.0,250.0
5326,2011.0,2.0,2011/S2,2011-07-01,2011-12-31,34.0,125.0,250.0
5327,2011.0,2.0,2011/S2,2011-07-01,2011-12-31,35.0,125.0,250.0
5328,2011.0,2.0,2011/S2,2011-07-01,2011-12-31,36.0,125.0,250.0
5329,2011.0,2.0,2011/S2,2011-07-01,2011-12-31,37.0,125.0,250.0
5330,2011.0,2.0,2011/S2,2011-07-01,2011-12-31,38.0,125.0,250.0
5331,2011.0,2.0,2011/S2,2011-07-01,2011-12-31,39.0,125.0,250.0
5332,2011.0,2.0,2011/S2,2011-07-01,2011-12-31,40.0,125.0,250.0
5333,2011.0,2.0,2011/S2,2011-07-01,2011-12-31,41.0,125.0,250.0
5334,2011.0,2.0,2011/S2,2011-07-01,2011-12-31,42.0,125.0,250.0
5335,2011.0,2.0,2011/S2,2011-07-01,2011-12-31,43.0,125.0,250.0
5336,2011.0,2.0,2011/S2,2011-07-01,2011-12-31,44.0,125.0,250.0
5337,2011.0,2.0,2011/S2,2011-07-01,2011-12-31,45.0,125.0,250.0
5338,2011.0,2.0,2011/S2,2011-07-01,2011-12-31,46.0,125.0,250.0
5339,2011.0,2.0,2011/S2,2011-07-01,2011-12-31,47.0,125.0,250.0
5340,2011.0,2.0,2011/S2,2011-07-01,2011-12-31,48.0,125.0,250.0
5341,2011.0,2.0,2011/S2,2011-07-01,2011-12-31,49.0,125.0,250.0
5342,2011.0,2.0,2011/S2,2011-07-01,2011-12-31,50.0,125.0,250.0
5343,2011.0,2.0,2011/S2,2011-07-01,2011-12-31,51.0,125.0,250.0
5344,2011.0,2.0,2011/S2,2011-07-01,2011-12-31,52.0,125.0,250.0
5345,2011.0,2.0,2011/S2,2011-07-01,2011-12-31,53.0,125.0,250.0
5346,2011.0,2.0,2011/S2,2011-07-01,2011-12-31,54.0,125.0,250.0
5347,2011.0,2.0,2011/S2,2011-07-01,2011-12-31,55.0,125.0,250.0
5348,2011.0,2.0,2011/S2,2011-07-01,2011-12-31,56.0,125.0,250.0
5349,2011.0,2.0,2011/S2,2011-07-01,2011-12-31,57.0,125.0,250.0
5350,2011.0,2.0,2011/S2,2011-07-01,2011-12-31,58.0,125.0,250.0
5351,2011.0,2.0,2011/S2,2011-07-01,2011-12-31,59.0,125.0,250.0
5352,2011.0,2.0,2011/S2,2011-07-01,2011-12-31,60.0,125.0,250.0
5353,2011.0,2.0,2011/S2,2011-07-01,2011-12-31,61.0,125.0,250.0
5354,2011.0,2.0,2011/S2,2011-07-01,2011-12-31,62.0,125.0,250.0
5355,2011.0,2.0,2011/S2,2011-07-01,2011-12-31,63.0,125.0,250.0
5356,2011.0,2.0,2011/S2,2011-07-01,2011-12-31,64.0,125.0,250.0
5357,2011.0,2.0,2011/S2,2011-07-01,2011-12-31,65.0,125.0,250.0
5358,2011.0,2.0,2011/S2,2011-07-01,2011-12-31,66.0,125.0,250.0
5359,2011.0,2.0,2011/S2,2011-07-01,2011-12-31,67.0,125.0,250.0
5360,2011.0,2.0,2011/S2,2011-07-01,2011-12-31,68.0,125.0,250.0
5361,2011.0,2.0,2011/S2,2011-07-01,2011-12-31,69.0,125.0,250.0
5362,2011.0,2.0,2011/S2,2011-07-01,2011-12-31,70.0,125.0,250.0
5363,2011.0,2.0,2011/S2,2011-07-01,2011-12-31,71.0,125.0,250.0
5364,2011.0,2.0,2011/S2,2011-07-01,2011-12-31,72.0,125.0,250.0
5365,2011.0,2.0,2011/S2,2011-07-01,2011-12-31,73.0,125.0,250.0
5366,2011.0,2.0,2011/S2,2011-07-01,2011-12-31,74.0,125.0,250.0
5367,2011.0,2.0,2011/S2,2011-07-01,2011-12-31,75.0,125.0,250.0
5368,2011.0,2.0,2011/S2,2011-07-01,2011-12-31,76.0,125.0,250.0
5369,2011.0,2.0,2011/S2,2011-07-01,2011-12-31,77.0,125.0,250.0
5370,2011.0,2.0,2011/S2,2011-07-01,2011-12-31,78.0,125.0,250.0
5371,2011.0,2.0,2011/S2,2011-07-01,2011-12-31,79.0,125.0,250.0
5372,2011.0,2.0,2011/S2,2011-07-01,2011-12-31,80.0,125.0,250.0
5373,2011.0,2.0,2011/S2,2011-07-01,2011-12-31,81.0,125.0,250.0
5374,2011.0,2.0,2011/S2,2011-07-01,2011-12-31,82.0,125.0,250.0
5375,2011.0,2.0,2011/S2,2011-07-01,2011-12-31,83.0,125.0,250.0
5376,2011.0,2.0,2011/S2,2011-07-01,2011-12-31,84.0,125.0,250.0
5377,2011.0,2.0,2011/S2,2011-07-01,2011-12-31,85.0,125.0,250.0
5378,2011.0,2.0,2011/S2,2011-07-01,2011-12-31,86.0,125.0,250.0
5379,2011.0,2.0,2011/S2,2011-07-01,2011-12-31,87.0,125.0,250.0
5380,2011.0,2.0,2011/S2,2011-07-01,2011-12-31,88.0,125.0,250.0
5381,2011.0,2.0,2011/S2,2011-07-01,2011-12-31,89.0,125.0,250.0
5382,2011.0,2.0,2011/S2,2011-07-01,2011-12-31,90.0,125.0,250.0
5383,2011.0,2.0,2011/S2,2011-07-01,2011-12-31,91.0,125.0,250.0
5384,2011.0,2.0,2011/S2,2011-07-01,2011-12-31,92.0,125.0,250.0
5385,2011.0,2.0,2011/S2,2011-07-01,2011-12-31,93.0,125.0,250.0
5386,2011.0,2.0,2011/S2,2011-07-01,2011-12-31,94.0,125.0,250.0
5387,2011.0,2.0,2011/S2,2011-07-01,2011-12-31,95.0,125.0,250.0
5388,2011.0,2.0,2011/S2,2011-07-01,2011-12-31,96.0,125.0,250.0
5389,2011.0,2.0,2011/S2,2011-07-01,2011-12-31,97.0,125.0,250.0
5390,2011.0,2.0,2011/S2,2011-07-01,2011-12-31,98.0,125.0,250.0
5391,2011.0,2.0,2011/S2,2011-07-01,2011-12-31,99.0,125.0,250.0
5392,2011.0,2.0,2011/S2,2011-07-01,2011-12-31,100.0,125.0,250.0
5393,2011.0,2.0,2011/S2,2011-07-01,2011-12-31,101.0,125.0,250.0
5394,2011.0,2.0,2011/S2,2011-07-01,2011-12-31,102.0,125.0,250.0
5395,2011.0,2.0,2011/S2,2011-07-01,2011-12-31,103.0,125.0,250.0
5396,2011.0,2.0,2011/S2,2011-07-01,2011-12-31,104.0,125.0,250.0
5397,2011.0,2.0,2011/S2,2011-07-01,2011-12-31,105.0,125.0,250.0
5398,2011.0,2.0,2011/S2,2011-07-01,2011-12-31,106.0,125.0,250.0
5399,2011.0,2.0,2011/S2,2011-07-01,2011-12-31,107.0,125.0,250.0
5400,2011.0,2.0,2011/S2,2011-07-01,2011-12-31,108.0,125.0,250.0
5401,2011.0,2.0,2011/S2,2011-07-01,2011-12-31,109.0,125.0,250.0
5402,2011.0,2.0,2011/S2,2011-07-01,2011-12-31,110.0,125.0,250.0
5403,2011.0,2.0,2011/S2,2011-07-01,2011-12-31,111.0,125.0,250.0
5404,2011.0,2.0,2011/S2,2011-07-01,2011-12-31,112.0,125.0,250.0
5405,2011.0,2.0,2011/S2,2011-07-01,2011-12-31,113.0,125.0,250.0
5406,2011.0,2.0,2011/S2,2011-07-01,2011-12-31,114.0,125.0,250.0
5407,2011.0,2.0,2011/S2,2011-07-01,2011-12-31,115.0,125.0,250.0
5408,2011.0,2.0,2011/S2,2011-07-01,2011-12-31,116.0,125.0,250.0
5409,2011.0,2.0,2011/S2,2011-07-01,2011-12-31,117.0,125.0,250.0
5410,2011.0,2.0,2011/S2,2011-07-01,2011-12-31,118.0,125.0,250.0
5411,2011.0,2.0,2011/S2,2011-07-01,2011-12-31,119.0,125.0,250.0
5412,2011.0,2.0,2011/S2,2011-07-01,2011-12-31,120.0,125.0,250.0
5413,2011.0,2.0,2011/S2,2011-07-01,2011-12-31,121.0,125.0,250.0
5414,2011.0,2.0,2011/S2,2011-07-01,2011-12-31,122.0,125.0,250.0
5415,2011.0,2.0,2011/S2,2011-07-01,2011-12-31,123.0,125.0,250.0
5416,2011.0,2.0,2011/S2,2011-07-01,2011-12-31,124.0,125.0,250.0
5417,2011.0,2.0,2011/S2,2011-07-01,2011-12-31,125.0,125.0,250.0
5418,2011.0,1.0,2011/S1,2011-01-01,2011-06-30,1.0,125.0,249.0
5419,2011.0,1.0,2011/S1,2011-01-01,2011-06-30,2.0,125.0,249.0
5420,2011.0,1.0,2011/S1,2011-01-01,2011-06-30,3.0,125.0,249.0
5421,2011.0,1.0,2011/S1,2011-01-01,2011-06-30,4.0,125.0,249.0
5422,2011.0,1.0,2011/S1,2011-01-01,2011-06-30,5.0,125.0,249.0
5423,2011.0,1.0,2011/S1,2011-01-01,2011-06-30,6.0,125.0,249.0
5424,2011.0,1.0,2011/S1,2011-01-01,2011-06-30,7.0,125.0,249.0
5425,2011.0,1.0,2011/S1,2011-01-01,2011-06-30,8.0,125.0,249.0
5426,2011.0,1.0,2011/S1,2011-01-01,2011-06-30,9.0,125.0,249.0
5427,2011.0,1.0,2011/S1,2011-01-01,2011-06-30,10.0,125.0,249.0
5428,2011.0,1.0,2011/S1,2011-01-01,2011-06-30,11.0,125.0,249.0
5429,2011.0,1.0,2011/S1,2011-01-01,2011-06-30,12.0,125.0,249.0
5430,2011.0,1.0,2011/S1,2011-01-01,2011-06-30,13.0,125.0,249.0
5431,2011.0,1.0,2011/S1,2011-01-01,2011-06-30,14.0,125.0,249.0
5432,2011.0,1.0,2011/S1,2011-01-01,2011-06-30,15.0,125.0,249.0
5433,2011.0,1.0,2011/S1,2011-01-01,2011-06-30,16.0,125.0,249.0
5434,2011.0,1.0,2011/S1,2011-01-01,2011-06-30,17.0,125.0,249.0
5435,2011.0,1.0,2011/S1,2011-01-01,2011-06-30,18.0,125.0,249.0
5436,2011.0,1.0,2011/S1,2011-01-01,2011-06-30,19.0,125.0,249.0
5437,2011.0,1.0,2011/S1,2011-01-01,2011-06-30,20.0,125.0,249.0
5438,2011.0,1.0,2011/S1,2011-01-01,2011-06-30,21.0,125.0,249.0
5439,2011.0,1.0,2011/S1,2011-01-01,2011-06-30,22.0,125.0,249.0
5440,2011.0,1.0,2011/S1,2011-01-01,2011-06-30,23.0,125.0,249.0
5441,2011.0,1.0,2011/S1,2011-01-01,2011-06-30,24.0,125.0,249.0
5442,2011.0,1.0,2011/S1,2011-01-01,2011-06-30,25.0,125.0,249.0
5443,2011.0,1.0,2011/S1,2011-01-01,2011-06-30,26.0,125.0,249.0
5444,2011.0,1.0,2011/S1,2011-01-01,2011-06-30,27.0,125.0,249.0
5445,2011.0,1.0,2011/S1,2011-01-01,2011-06-30,28.0,125.0,249.0
5446,2011.0,1.0,2011/S1,2011-01-01,2011-06-30,29.0,125.0,249.0
5447,2011.0,1.0,2011/S1,2011-01-01,2011-06-30,30.0,125.0,249.0
5448,2011.0,1.0,2011/S1,2011-01-01,2011-06-30,31.0,125.0,249.0
5449,2011.0,1.0,2011/S1,2011-01-01,2011-06-30,32.0,125.0,249.0
5450,2011.0,1.0,2011/S1,2011-01-01,2011-06-30,33.0,125.0,249.0
5451,2011.0,1.0,2011/S1,2011-01-01,2011-06-30,34.0,125.0,249.0
5452,2011.0,1.0,2011/S1,2011-01-01,2011-06-30,35.0,125.0,249.0
5453,2011.0,1.0,2011/S1,2011-01-01,2011-06-30,36.0,125.0,249.0
5454,2011.0,1.0,2011/S1,2011-01-01,2011-06-30,37.0,125.0,249.0
5455,2011.0,1.0,2011/S1,2011-01-01,2011-06-30,38.0,125.0,249.0
5456,2011.0,1.0,2011/S1,2011-01-01,2011-06-30,39.0,125.0,249.0
5457,2011.0,1.0,2011/S1,2011-01-01,2011-06-30,40.0,125.0,249.0
5458,2011.0,1.0,2011/S1,2011-01-01,2011-06-30,41.0,125.0,249.0
5459,2011.0,1.0,2011/S1,2011-01-01,2011-06-30,42.0,125.0,249.0
5460,2011.0,1.0,2011/S1,2011-01-01,2011-06-30,43.0,125.0,249.0
5461,2011.0,1.0,2011/S1,2011-01-01,2011-06-30,44.0,125.0,249.0
5462,2011.0,1.0,2011/S1,2011-01-01,2011-06-30,45.0,125.0,249.0
5463,2011.0,1.0,2011/S1,2011-01-01,2011-06-30,46.0,125.0,249.0
5464,2011.0,1.0,2011/S1,2011-01-01,2011-06-30,47.0,125.0,249.0
5465,2011.0,1.0,2011/S1,2011-01-01,2011-06-30,48.0,125.0,249.0
5466,2011.0,1.0,2011/S1,2011-01-01,2011-06-30,49.0,125.0,249.0
5467,2011.0,1.0,2011/S1,2011-01-01,2011-06-30,50.0,125.0,249.0
5468,2011.0,1.0,2011/S1,2011-01-01,2011-06-30,51.0,125.0,249.0
5469,2011.0,1.0,2011/S1,2011-01-01,2011-06-30,52.0,125.0,249.0
5470,2011.0,1.0,2011/S1,2011-01-01,2011-06-30,53.0,125.0,249.0
5471,2011.0,1.0,2011/S1,2011-01-01,2011-06-30,54.0,125.0,249.0
5472,2011.0,1.0,2011/S1,2011-01-01,2011-06-30,55.0,125.0,249.0
5473,2011.0,1.0,2011/S1,2011-01-01,2011-06-30,56.0,125.0,249.0
5474,2011.0,1.0,2011/S1,2011-01-01,2011-06-30,57.0,125.0,249.0
5475,2011.0,1.0,2011/S1,2011-01-01,2011-06-30,58.0,125.0,249.0
5476,2011.0,1.0,2011/S1,2011-01-01,2011-06-30,59.0,125.0,249.0
5477,2011.0,1.0,2011/S1,2011-01-01,2011-06-30,60.0,125.0,249.0
5478,2011.0,1.0,2011/S1,2011-01-01,2011-06-30,61.0,125.0,249.0
5479,2011.0,1.0,2011/S1,2011-01-01,2011-06-30,62.0,125.0,249.0
5480,2011.0,1.0,2011/S1,2011-01-01,2011-06-30,63.0,125.0,249.0
5481,2011.0,1.0,2011/S1,2011-01-01,2011-06-30,64.0,125.0,249.0
5482,2011.0,1.0,2011/S1,2011-01-01,2011-06-30,65.0,125.0,249.0
5483,2011.0,1.0,2011/S1,2011-01-01,2011-06-30,66.0,125.0,249.0
5484,2011.0,1.0,2011/S1,2011-01-01,2011-06-30,67.0,125.0,249.0
5485,2011.0,1.0,2011/S1,2011-01-01,2011-06-30,68.0,125.0,249.0
5486,2011.0,1.0,2011/S1,2011-01-01,2011-06-30,69.0,125.0,249.0
5487,2011.0,1.0,2011/S1,2011-01-01,2011-06-30,70.0,125.0,249.0
5488,2011.0,1.0,2011/S1,2011-01-01,2011-06-30,71.0,125.0,249.0
5489,2011.0,1.0,2011/S1,2011-01-01,2011-06-30,72.0,125.0,249.0
5490,2011.0,1.0,2011/S1,2011-01-01,2011-06-30,73.0,125.0,249.0
5491,2011.0,1.0,2011/S1,2011-01-01,2011-06-30,74.0,125.0,249.0
5492,2011.0,1.0,2011/S1,2011-01-01,2011-06-30,75.0,125.0,249.0
5493,2011.0,1.0,2011/S1,2011-01-01,2011-06-30,76.0,125.0,249.0
5494,2011.0,1.0,2011/S1,2011-01-01,2011-06-30,77.0,125.0,249.0
5495,2011.0,1.0,2011/S1,2011-01-01,2011-06-30,78.0,125.0,249.0
5496,2011.0,1.0,2011/S1,2011-01-01,2011-06-30,79.0,125.0,249.0
5497,2011.0,1.0,2011/S1,2011-01-01,2011-06-30,80.0,125.0,249.0
5498,2011.0,1.0,2011/S1,2011-01-01,2011-06-30,81.0,125.0,249.0
5499,2011.0,1.0,2011/S1,2011-01-01,2011-06-30,82.0,125.0,249.0
5500,2011.0,1.0,2011/S1,2011-01-01,2011-06-30,83.0,125.0,249.0
5501,2011.0,1.0,2011/S1,2011-01-01,2011-06-30,84.0,125.0,249.0
5502,2011.0,1.0,2011/S1,2011-01-01,2011-06-30,85.0,125.0,249.0
5503,2011.0,1.0,2011/S1,2011-01-01,2011-06-30,86.0,125.0,249.0
5504,2011.0,1.0,2011/S1,2011-01-01,2011-06-30,87.0,125.0,249.0
5505,2011.0,1.0,2011/S1,2011-01-01,2011-06-30,88.0,125.0,249.0
5506,2011.0,1.0,2011/S1,2011-01-01,2011-06-30,89.0,125.0,249.0
5507,2011.0,1.0,2011/S1,2011-01-01,2011-06-30,90.0,125.0,249.0
5508,2011.0,1.0,2011/S1,2011-01-01,2011-06-30,91.0,125.0,249.0
5509,2011.0,1.0,2011/S1,2011-01-01,2011-06-30,92.0,125.0,249.0
5510,2011.0,1.0,2011/S1,2011-01-01,2011-06-30,93.0,125.0,249.0
5511,2011.0,1.0,2011/S1,2011-01-01,2011-06-30,94.0,125.0,249.0
5512,2011.0,1.0,2011/S1,2011-01-01,2011-06-30,95.0,125.0,249.0
5513,2011.0,1.0,2011/S1,2011-01-01,2011-06-30,96.0,125.0,249.0
5514,2011.0,1.0,2011/S1,2011-01-01,2011-06-30,97.0,125.0,249.0
5515,2011.0,1.0,2011/S1,2011-01-01,2011-06-30,98.0,125.0,249.0
5516,2011.0,1.0,2011/S1,2011-01-01,2011-06-30,99.0,125.0,249.0
5517,2011.0,1.0,2011/S1,2011-01-01,2011-06-30,100.0,125.0,249.0
5518,2011.0,1.0,2011/S1,2011-01-01,2011-06-30,101.0,125.0,249.0
5519,2011.0,1.0,2011/S1,2011-01-01,2011-06-30,102.0,125.0,249.0
5520,2011.0,1.0,2011/S1,2011-01-01,2011-06-30,103.0,125.0,249.0
5521,2011.0,1.0,2011/S1,2011-01-01,2011-06-30,104.0,125.0,249.0
5522,2011.0,1.0,2011/S1,2011-01-01,2011-06-30,105.0,125.0,249.0
5523,2011.0,1.0,2011/S1,2011-01-01,2011-06-30,106.0,125.0,249.0
5524,2011.0,1.0,2011/S1,2011-01-01,2011-06-30,107.0,125.0,249.0
5525,2011.0,1.0,2011/S1,2011-01-01,2011-06-30,108.0,125.0,249.0
5526,2011.0,1.0,2011/S1,2011-01-01,2011-06-30,109.0,125.0,249.0
5527,2011.0,1.0,2011/S1,2011-01-01,2011-06-30,110.0,125.0,249.0
5528,2011.0,1.0,2011/S1,2011-01-01,2011-06-30,111.0,125.0,249.0
5529,2011.0,1.0,2011/S1,2011-01-01,2011-06-30,112.0,125.0,249.0
5530,2011.0,1.0,2011/S1,2011-01-01,2011-06-30,113.0,125.0,249.0
5531,2011.0,1.0,2011/S1,2011-01-01,2011-06-30,114.0,125.0,249.0
5532,2011.0,1.0,2011/S1,2011-01-01,2011-06-30,115.0,125.0,249.0
5533,2011.0,1.0,2011/S1,2011-01-01,2011-06-30,116.0,125.0,249.0
5534,2011.0,1.0,2011/S1,2011-01-01,2011-06-30,117.0,125.0,249.0
5535,2011.0,1.0,2011/S1,2011-01-01,2011-06-30,118.0,125.0,249.0
5536,2011.0,1.0,2011/S1,2011-01-01,2011-06-30,119.0,125.0,249.0
5537,2011.0,1.0,2011/S1,2011-01-01,2011-06-30,120.0,125.0,249.0
5538,2011.0,1.0,2011/S1,2011-01-01,2011-06-30,121.0,125.0,249.0
5539,2011.0,1.0,2011/S1,2011-01-01,2011-06-30,122.0,125.0,249.0
5540,2011.0,1.0,2011/S1,2011-01-01,2011-06-30,123.0,125.0,249.0
5541,2011.0,1.0,2011/S1,2011-01-01,2011-06-30,124.0,125.0,249.0
5542,2011.0,1.0,2011/S1,2011-01-01,2011-06-30,125.0,125.0,249.0
5543,2012.0,2.0,2012/S2,2012-07-01,2012-12-31,1.0,124.0,252.0
5544,2012.0,2.0,2012/S2,2012-07-01,2012-12-31,2.0,124.0,252.0
5545,2012.0,2.0,2012/S2,2012-07-01,2012-12-31,3.0,124.0,252.0
5546,2012.0,2.0,2012/S2,2012-07-01,2012-12-31,4.0,124.0,252.0
5547,2012.0,2.0,2012/S2,2012-07-01,2012-12-31,5.0,124.0,252.0
5548,2012.0,2.0,2012/S2,2012-07-01,2012-12-31,6.0,124.0,252.0
5549,2012.0,2.0,2012/S2,2012-07-01,2012-12-31,7.0,124.0,252.0
5550,2012.0,2.0,2012/S2,2012-07-01,2012-12-31,8.0,124.0,252.0
5551,2012.0,2.0,2012/S2,2012-07-01,2012-12-31,9.0,124.0,252.0
5552,2012.0,2.0,2012/S2,2012-07-01,2012-12-31,10.0,124.0,252.0
5553,2012.0,2.0,2012/S2,2012-07-01,2012-12-31,11.0,124.0,252.0
5554,2012.0,2.0,2012/S2,2012-07-01,2012-12-31,12.0,124.0,252.0
5555,2012.0,2.0,2012/S2,2012-07-01,2012-12-31,13.0,124.0,252.0
5556,2012.0,2.0,2012/S2,2012-07-01,2012-12-31,14.0,124.0,252.0
5557,2012.0,2.0,2012/S2,2012-07-01,2012-12-31,15.0,124.0,252.0
5558,2012.0,2.0,2012/S2,2012-07-01,2012-12-31,16.0,124.0,252.0
5559,2012.0,2.0,2012/S2,2012-07-01,2012-12-31,17.0,124.0,252.0
5560,2012.0,2.0,2012/S2,2012-07-01,2012-12-31,18.0,124.0,252.0
5561,2012.0,2.0,2012/S2,2012-07-01,2012-12-31,19.0,124.0,252.0
5562,2012.0,2.0,2012/S2,2012-07-01,2012-12-31,20.0,124.0,252.0
5563,2012.0,2.0,2012/S2,2012-07-01,2012-12-31,21.0,124.0,252.0
5564,2012.0,2.0,2012/S2,2012-07-01,2012-12-31,22.0,124.0,252.0
5565,2012.0,2.0,2012/S2,2012-07-01,2012-12-31,23.0,124.0,252.0
5566,2012.0,2.0,2012/S2,2012-07-01,2012-12-31,24.0,124.0,252.0
5567,2012.0,2.0,2012/S2,2012-07-01,2012-12-31,25.0,124.0,252.0
5568,2012.0,2.0,2012/S2,2012-07-01,2012-12-31,26.0,124.0,252.0
5569,2012.0,2.0,2012/S2,2012-07-01,2012-12-31,27.0,124.0,252.0
5570,2012.0,2.0,2012/S2,2012-07-01,2012-12-31,28.0,124.0,252.0
5571,2012.0,2.0,2012/S2,2012-07-01,2012-12-31,29.0,124.0,252.0
5572,2012.0,2.0,2012/S2,2012-07-01,2012-12-31,30.0,124.0,252.0
5573,2012.0,2.0,2012/S2,2012-07-01,2012-12-31,31.0,124.0,252.0
5574,2012.0,2.0,2012/S2,2012-07-01,2012-12-31,32.0,124.0,252.0
5575,2012.0,2.0,2012/S2,2012-07-01,2012-12-31,33.0,124.0,252.0
5576,2012.0,2.0,2012/S2,2012-07-01,2012-12-31,34.0,124.0,252.0
5577,2012.0,2.0,2012/S2,2012-07-01,2012-12-31,35.0,124.0,252.0
5578,2012.0,2.0,2012/S2,2012-07-01,2012-12-31,36.0,124.0,252.0
5579,2012.0,2.0,2012/S2,2012-07-01,2012-12-31,37.0,124.0,252.0
5580,2012.0,2.0,2012/S2,2012-07-01,2012-12-31,38.0,124.0,252.0
5581,2012.0,2.0,2012/S2,2012-07-01,2012-12-31,39.0,124.0,252.0
5582,2012.0,2.0,2012/S2,2012-07-01,2012-12-31,40.0,124.0,252.0
5583,2012.0,2.0,2012/S2,2012-07-01,2012-12-31,41.0,124.0,252.0
5584,2012.0,2.0,2012/S2,2012-07-01,2012-12-31,42.0,124.0,252.0
5585,2012.0,2.0,2012/S2,2012-07-01,2012-12-31,43.0,124.0,252.0
5586,2012.0,2.0,2012/S2,2012-07-01,2012-12-31,44.0,124.0,252.0
5587,2012.0,2.0,2012/S2,2012-07-01,2012-12-31,45.0,124.0,252.0
5588,2012.0,2.0,2012/S2,2012-07-01,2012-12-31,46.0,124.0,252.0
5589,2012.0,2.0,2012/S2,2012-07-01,2012-12-31,47.0,124.0,252.0
5590,2012.0,2.0,2012/S2,2012-07-01,2012-12-31,48.0,124.0,252.0
5591,2012.0,2.0,2012/S2,2012-07-01,2012-12-31,49.0,124.0,252.0
5592,2012.0,2.0,2012/S2,2012-07-01,2012-12-31,50.0,124.0,252.0
5593,2012.0,2.0,2012/S2,2012-07-01,2012-12-31,51.0,124.0,252.0
5594,2012.0,2.0,2012/S2,2012-07-01,2012-12-31,52.0,124.0,252.0
5595,2012.0,2.0,2012/S2,2012-07-01,2012-12-31,53.0,124.0,252.0
5596,2012.0,2.0,2012/S2,2012-07-01,2012-12-31,54.0,124.0,252.0
5597,2012.0,2.0,2012/S2,2012-07-01,2012-12-31,55.0,124.0,252.0
5598,2012.0,2.0,2012/S2,2012-07-01,2012-12-31,56.0,124.0,252.0
5599,2012.0,2.0,2012/S2,2012-07-01,2012-12-31,57.0,124.0,252.0
5600,2012.0,2.0,2012/S2,2012-07-01,2012-12-31,58.0,124.0,252.0
5601,2012.0,2.0,2012/S2,2012-07-01,2012-12-31,59.0,124.0,252.0
5602,2012.0,2.0,2012/S2,2012-07-01,2012-12-31,60.0,124.0,252.0
5603,2012.0,2.0,2012/S2,2012-07-01,2012-12-31,61.0,124.0,252.0
5604,2012.0,2.0,2012/S2,2012-07-01,2012-12-31,62.0,124.0,252.0
5605,2012.0,2.0,2012/S2,2012-07-01,2012-12-31,63.0,124.0,252.0
5606,2012.0,2.0,2012/S2,2012-07-01,2012-12-31,64.0,124.0,252.0
5607,2012.0,2.0,2012/S2,2012-07-01,2012-12-31,65.0,124.0,252.0
5608,2012.0,2.0,2012/S2,2012-07-01,2012-12-31,66.0,124.0,252.0
5609,2012.0,2.0,2012/S2,2012-07-01,2012-12-31,67.0,124.0,252.0
5610,2012.0,2.0,2012/S2,2012-07-01,2012-12-31,68.0,124.0,252.0
5611,2012.0,2.0,2012/S2,2012-07-01,2012-12-31,69.0,124.0,252.0
5612,2012.0,2.0,2012/S2,2012-07-01,2012-12-31,70.0,124.0,252.0
5613,2012.0,2.0,2012/S2,2012-07-01,2012-12-31,71.0,124.0,252.0
5614,2012.0,2.0,2012/S2,2012-07-01,2012-12-31,72.0,124.0,252.0
5615,2012.0,2.0,2012/S2,2012-07-01,2012-12-31,73.0,124.0,252.0
5616,2012.0,2.0,2012/S2,2012-07-01,2012-12-31,74.0,124.0,252.0
5617,2012.0,2.0,2012/S2,2012-07-01,2012-12-31,75.0,124.0,252.0
5618,2012.0,2.0,2012/S2,2012-07-01,2012-12-31,76.0,124.0,252.0
5619,2012.0,2.0,2012/S2,2012-07-01,2012-12-31,77.0,124.0,252.0
5620,2012.0,2.0,2012/S2,2012-07-01,2012-12-31,78.0,124.0,252.0
5621,2012.0,2.0,2012/S2,2012-07-01,2012-12-31,79.0,124.0,252.0
5622,2012.0,2.0,2012/S2,2012-07-01,2012-12-31,80.0,124.0,252.0
5623,2012.0,2.0,2012/S2,2012-07-01,2012-12-31,81.0,124.0,252.0
5624,2012.0,2.0,2012/S2,2012-07-01,2012-12-31,82.0,124.0,252.0
5625,2012.0,2.0,2012/S2,2012-07-01,2012-12-31,83.0,124.0,252.0
5626,2012.0,2.0,2012/S2,2012-07-01,2012-12-31,84.0,124.0,252.0
5627,2012.0,2.0,2012/S2,2012-07-01,2012-12-31,85.0,124.0,252.0
5628,2012.0,2.0,2012/S2,2012-07-01,2012-12-31,86.0,124.0,252.0
5629,2012.0,2.0,2012/S2,2012-07-01,2012-12-31,87.0,124.0,252.0
5630,2012.0,2.0,2012/S2,2012-07-01,2012-12-31,88.0,124.0,252.0
5631,2012.0,2.0,2012/S2,2012-07-01,2012-12-31,89.0,124.0,252.0
5632,2012.0,2.0,2012/S2,2012-07-01,2012-12-31,90.0,124.0,252.0
5633,2012.0,2.0,2012/S2,2012-07-01,2012-12-31,91.0,124.0,252.0
5634,2012.0,2.0,2012/S2,2012-07-01,2012-12-31,92.0,124.0,252.0
5635,2012.0,2.0,2012/S2,2012-07-01,2012-12-31,93.0,124.0,252.0
5636,2012.0,2.0,2012/S2,2012-07-01,2012-12-31,94.0,124.0,252.0
5637,2012.0,2.0,2012/S2,2012-07-01,2012-12-31,95.0,124.0,252.0
5638,2012.0,2.0,2012/S2,2012-07-01,2012-12-31,96.0,124.0,252.0
5639,2012.0,2.0,2012/S2,2012-07-01,2012-12-31,97.0,124.0,252.0
5640,2012.0,2.0,2012/S2,2012-07-01,2012-12-31,98.0,124.0,252.0
5641,2012.0,2.0,2012/S2,2012-07-01,2012-12-31,99.0,124.0,252.0
5642,2012.0,2.0,2012/S2,2012-07-01,2012-12-31,100.0,124.0,252.0
5643,2012.0,2.0,2012/S2,2012-07-01,2012-12-31,101.0,124.0,252.0
5644,2012.0,2.0,2012/S2,2012-07-01,2012-12-31,102.0,124.0,252.0
5645,2012.0,2.0,2012/S2,2012-07-01,2012-12-31,103.0,124.0,252.0
5646,2012.0,2.0,2012/S2,2012-07-01,2012-12-31,104.0,124.0,252.0
5647,2012.0,2.0,2012/S2,2012-07-01,2012-12-31,105.0,124.0,252.0
5648,2012.0,2.0,2012/S2,2012-07-01,2012-12-31,106.0,124.0,252.0
5649,2012.0,2.0,2012/S2,2012-07-01,2012-12-31,107.0,124.0,252.0
5650,2012.0,2.0,2012/S2,2012-07-01,2012-12-31,108.0,124.0,252.0
5651,2012.0,2.0,2012/S2,2012-07-01,2012-12-31,109.0,124.0,252.0
5652,2012.0,2.0,2012/S2,2012-07-01,2012-12-31,110.0,124.0,252.0
5653,2012.0,2.0,2012/S2,2012-07-01,2012-12-31,111.0,124.0,252.0
5654,2012.0,2.0,2012/S2,2012-07-01,2012-12-31,112.0,124.0,252.0
5655,2012.0,2.0,2012/S2,2012-07-01,2012-12-31,113.0,124.0,252.0
5656,2012.0,2.0,2012/S2,2012-07-01,2012-12-31,114.0,124.0,252.0
5657,2012.0,2.0,2012/S2,2012-07-01,2012-12-31,115.0,124.0,252.0
5658,2012.0,2.0,2012/S2,2012-07-01,2012-12-31,116.0,124.0,252.0
5659,2012.0,2.0,2012/S2,2012-07-01,2012-12-31,117.0,124.0,252.0
5660,2012.0,2.0,2012/S2,2012-07-01,2012-12-31,118.0,124.0,252.0
5661,2012.0,2.0,2012/S2,2012-07-01,2012-12-31,119.0,124.0,252.0
5662,2012.0,2.0,2012/S2,2012-07-01,2012-12-31,120.0,124.0,252.0
5663,2012.0,2.0,2012/S2,2012-07-01,2012-12-31,121.0,124.0,252.0
5664,2012.0,2.0,2012/S2,2012-07-01,2012-12-31,122.0,124.0,252.0
5665,2012.0,2.0,2012/S2,2012-07-01,2012-12-31,123.0,124.0,252.0
5666,2012.0,2.0,2012/S2,2012-07-01,2012-12-31,124.0,124.0,252.0
5667,2012.0,1.0,2012/S1,2012-01-01,2012-06-30,1.0,128.0,252.0
5668,2012.0,1.0,2012/S1,2012-01-01,2012-06-30,2.0,128.0,252.0
5669,2012.0,1.0,2012/S1,2012-01-01,2012-06-30,3.0,128.0,252.0
5670,2012.0,1.0,2012/S1,2012-01-01,2012-06-30,4.0,128.0,252.0
5671,2012.0,1.0,2012/S1,2012-01-01,2012-06-30,5.0,128.0,252.0
5672,2012.0,1.0,2012/S1,2012-01-01,2012-06-30,6.0,128.0,252.0
5673,2012.0,1.0,2012/S1,2012-01-01,2012-06-30,7.0,128.0,252.0
5674,2012.0,1.0,2012/S1,2012-01-01,2012-06-30,8.0,128.0,252.0
5675,2012.0,1.0,2012/S1,2012-01-01,2012-06-30,9.0,128.0,252.0
5676,2012.0,1.0,2012/S1,2012-01-01,2012-06-30,10.0,128.0,252.0
5677,2012.0,1.0,2012/S1,2012-01-01,2012-06-30,11.0,128.0,252.0
5678,2012.0,1.0,2012/S1,2012-01-01,2012-06-30,12.0,128.0,252.0
5679,2012.0,1.0,2012/S1,2012-01-01,2012-06-30,13.0,128.0,252.0
5680,2012.0,1.0,2012/S1,2012-01-01,2012-06-30,14.0,128.0,252.0
5681,2012.0,1.0,2012/S1,2012-01-01,2012-06-30,15.0,128.0,252.0
5682,2012.0,1.0,2012/S1,2012-01-01,2012-06-30,16.0,128.0,252.0
5683,2012.0,1.0,2012/S1,2012-01-01,2012-06-30,17.0,128.0,252.0
5684,2012.0,1.0,2012/S1,2012-01-01,2012-06-30,18.0,128.0,252.0
5685,2012.0,1.0,2012/S1,2012-01-01,2012-06-30,19.0,128.0,252.0
5686,2012.0,1.0,2012/S1,2012-01-01,2012-06-30,20.0,128.0,252.0
5687,2012.0,1.0,2012/S1,2012-01-01,2012-06-30,21.0,128.0,252.0
5688,2012.0,1.0,2012/S1,2012-01-01,2012-06-30,22.0,128.0,252.0
5689,2012.0,1.0,2012/S1,2012-01-01,2012-06-30,23.0,128.0,252.0
5690,2012.0,1.0,2012/S1,2012-01-01,2012-06-30,24.0,128.0,252.0
5691,2012.0,1.0,2012/S1,2012-01-01,2012-06-30,25.0,128.0,252.0
5692,2012.0,1.0,2012/S1,2012-01-01,2012-06-30,26.0,128.0,252.0
5693,2012.0,1.0,2012/S1,2012-01-01,2012-06-30,27.0,128.0,252.0
5694,2012.0,1.0,2012/S1,2012-01-01,2012-06-30,28.0,128.0,252.0
5695,2012.0,1.0,2012/S1,2012-01-01,2012-06-30,29.0,128.0,252.0
5696,2012.0,1.0,2012/S1,2012-01-01,2012-06-30,30.0,128.0,252.0
5697,2012.0,1.0,2012/S1,2012-01-01,2012-06-30,31.0,128.0,252.0
5698,2012.0,1.0,2012/S1,2012-01-01,2012-06-30,32.0,128.0,252.0
5699,2012.0,1.0,2012/S1,2012-01-01,2012-06-30,33.0,128.0,252.0
5700,2012.0,1.0,2012/S1,2012-01-01,2012-06-30,34.0,128.0,252.0
5701,2012.0,1.0,2012/S1,2012-01-01,2012-06-30,35.0,128.0,252.0
5702,2012.0,1.0,2012/S1,2012-01-01,2012-06-30,36.0,128.0,252.0
5703,2012.0,1.0,2012/S1,2012-01-01,2012-06-30,37.0,128.0,252.0
5704,2012.0,1.0,2012/S1,2012-01-01,2012-06-30,38.0,128.0,252.0
5705,2012.0,1.0,2012/S1,2012-01-01,2012-06-30,39.0,128.0,252.0
5706,2012.0,1.0,2012/S1,2012-01-01,2012-06-30,40.0,128.0,252.0
5707,2012.0,1.0,2012/S1,2012-01-01,2012-06-30,41.0,128.0,252.0
5708,2012.0,1.0,2012/S1,2012-01-01,2012-06-30,42.0,128.0,252.0
5709,2012.0,1.0,2012/S1,2012-01-01,2012-06-30,43.0,128.0,252.0
5710,2012.0,1.0,2012/S1,2012-01-01,2012-06-30,44.0,128.0,252.0
5711,2012.0,1.0,2012/S1,2012-01-01,2012-06-30,45.0,128.0,252.0
5712,2012.0,1.0,2012/S1,2012-01-01,2012-06-30,46.0,128.0,252.0
5713,2012.0,1.0,2012/S1,2012-01-01,2012-06-30,47.0,128.0,252.0
5714,2012.0,1.0,2012/S1,2012-01-01,2012-06-30,48.0,128.0,252.0
5715,2012.0,1.0,2012/S1,2012-01-01,2012-06-30,49.0,128.0,252.0
5716,2012.0,1.0,2012/S1,2012-01-01,2012-06-30,50.0,128.0,252.0
5717,2012.0,1.0,2012/S1,2012-01-01,2012-06-30,51.0,128.0,252.0
5718,2012.0,1.0,2012/S1,2012-01-01,2012-06-30,52.0,128.0,252.0
5719,2012.0,1.0,2012/S1,2012-01-01,2012-06-30,53.0,128.0,252.0
5720,2012.0,1.0,2012/S1,2012-01-01,2012-06-30,54.0,128.0,252.0
5721,2012.0,1.0,2012/S1,2012-01-01,2012-06-30,55.0,128.0,252.0
5722,2012.0,1.0,2012/S1,2012-01-01,2012-06-30,56.0,128.0,252.0
5723,2012.0,1.0,2012/S1,2012-01-01,2012-06-30,57.0,128.0,252.0
5724,2012.0,1.0,2012/S1,2012-01-01,2012-06-30,58.0,128.0,252.0
5725,2012.0,1.0,2012/S1,2012-01-01,2012-06-30,59.0,128.0,252.0
5726,2012.0,1.0,2012/S1,2012-01-01,2012-06-30,60.0,128.0,252.0
5727,2012.0,1.0,2012/S1,2012-01-01,2012-06-30,61.0,128.0,252.0
5728,2012.0,1.0,2012/S1,2012-01-01,2012-06-30,62.0,128.0,252.0
5729,2012.0,1.0,2012/S1,2012-01-01,2012-06-30,63.0,128.0,252.0
5730,2012.0,1.0,2012/S1,2012-01-01,2012-06-30,64.0,128.0,252.0
5731,2012.0,1.0,2012/S1,2012-01-01,2012-06-30,65.0,128.0,252.0
5732,2012.0,1.0,2012/S1,2012-01-01,2012-06-30,66.0,128.0,252.0
5733,2012.0,1.0,2012/S1,2012-01-01,2012-06-30,67.0,128.0,252.0
5734,2012.0,1.0,2012/S1,2012-01-01,2012-06-30,68.0,128.0,252.0
5735,2012.0,1.0,2012/S1,2012-01-01,2012-06-30,69.0,128.0,252.0
5736,2012.0,1.0,2012/S1,2012-01-01,2012-06-30,70.0,128.0,252.0
5737,2012.0,1.0,2012/S1,2012-01-01,2012-06-30,71.0,128.0,252.0
5738,2012.0,1.0,2012/S1,2012-01-01,2012-06-30,72.0,128.0,252.0
5739,2012.0,1.0,2012/S1,2012-01-01,2012-06-30,73.0,128.0,252.0
5740,2012.0,1.0,2012/S1,2012-01-01,2012-06-30,74.0,128.0,252.0
5741,2012.0,1.0,2012/S1,2012-01-01,2012-06-30,75.0,128.0,252.0
5742,2012.0,1.0,2012/S1,2012-01-01,2012-06-30,76.0,128.0,252.0
5743,2012.0,1.0,2012/S1,2012-01-01,2012-06-30,77.0,128.0,252.0
5744,2012.0,1.0,2012/S1,2012-01-01,2012-06-30,78.0,128.0,252.0
5745,2012.0,1.0,2012/S1,2012-01-01,2012-06-30,79.0,128.0,252.0
5746,2012.0,1.0,2012/S1,2012-01-01,2012-06-30,80.0,128.0,252.0
5747,2012.0,1.0,2012/S1,2012-01-01,2012-06-30,81.0,128.0,252.0
5748,2012.0,1.0,2012/S1,2012-01-01,2012-06-30,82.0,128.0,252.0
5749,2012.0,1.0,2012/S1,2012-01-01,2012-06-30,83.0,128.0,252.0
5750,2012.0,1.0,2012/S1,2012-01-01,2012-06-30,84.0,128.0,252.0
5751,2012.0,1.0,2012/S1,2012-01-01,2012-06-30,85.0,128.0,252.0
5752,2012.0,1.0,2012/S1,2012-01-01,2012-06-30,86.0,128.0,252.0
5753,2012.0,1.0,2012/S1,2012-01-01,2012-06-30,87.0,128.0,252.0
5754,2012.0,1.0,2012/S1,2012-01-01,2012-06-30,88.0,128.0,252.0
5755,2012.0,1.0,2012/S1,2012-01-01,2012-06-30,89.0,128.0,252.0
5756,2012.0,1.0,2012/S1,2012-01-01,2012-06-30,90.0,128.0,252.0
5757,2012.0,1.0,2012/S1,2012-01-01,2012-06-30,91.0,128.0,252.0
5758,2012.0,1.0,2012/S1,2012-01-01,2012-06-30,92.0,128.0,252.0
5759,2012.0,1.0,2012/S1,2012-01-01,2012-06-30,93.0,128.0,252.0
5760,2012.0,1.0,2012/S1,2012-01-01,2012-06-30,94.0,128.0,252.0
5761,2012.0,1.0,2012/S1,2012-01-01,2012-06-30,95.0,128.0,252.0
5762,2012.0,1.0,2012/S1,2012-01-01,2012-06-30,96.0,128.0,252.0
5763,2012.0,1.0,2012/S1,2012-01-01,2012-06-30,97.0,128.0,252.0
5764,2012.0,1.0,2012/S1,2012-01-01,2012-06-30,98.0,128.0,252.0
5765,2012.0,1.0,2012/S1,2012-01-01,2012-06-30,99.0,128.0,252.0
5766,2012.0,1.0,2012/S1,2012-01-01,2012-06-30,100.0,128.0,252.0
5767,2012.0,1.0,2012/S1,2012-01-01,2012-06-30,101.0,128.0,252.0
5768,2012.0,1.0,2012/S1,2012-01-01,2012-06-30,102.0,128.0,252.0
5769,2012.0,1.0,2012/S1,2012-01-01,2012-06-30,103.0,128.0,252.0
5770,2012.0,1.0,2012/S1,2012-01-01,2012-06-30,104.0,128.0,252.0
5771,2012.0,1.0,2012/S1,2012-01-01,2012-06-30,105.0,128.0,252.0
5772,2012.0,1.0,2012/S1,2012-01-01,2012-06-30,106.0,128.0,252.0
5773,2012.0,1.0,2012/S1,2012-01-01,2012-06-30,107.0,128.0,252.0
5774,2012.0,1.0,2012/S1,2012-01-01,2012-06-30,108.0,128.0,252.0
5775,2012.0,1.0,2012/S1,2012-01-01,2012-06-30,109.0,128.0,252.0
5776,2012.0,1.0,2012/S1,2012-01-01,2012-06-30,110.0,128.0,252.0
5777,2012.0,1.0,2012/S1,2012-01-01,2012-06-30,111.0,128.0,252.0
5778,2012.0,1.0,2012/S1,2012-01-01,2012-06-30,112.0,128.0,252.0
5779,2012.0,1.0,2012/S1,2012-01-01,2012-06-30,113.0,128.0,252.0
5780,2012.0,1.0,2012/S1,2012-01-01,2012-06-30,114.0,128.0,252.0
5781,2012.0,1.0,2012/S1,2012-01-01,2012-06-30,115.0,128.0,252.0
5782,2012.0,1.0,2012/S1,2012-01-01,2012-06-30,116.0,128.0,252.0
5783,2012.0,1.0,2012/S1,2012-01-01,2012-06-30,117.0,128.0,252.0
5784,2012.0,1.0,2012/S1,2012-01-01,2012-06-30,118.0,128.0,252.0
5785,2012.0,1.0,2012/S1,2012-01-01,2012-06-30,119.0,128.0,252.0
5786,2012.0,1.0,2012/S1,2012-01-01,2012-06-30,120.0,128.0,252.0
5787,2012.0,1.0,2012/S1,2012-01-01,2012-06-30,121.0,128.0,252.0
5788,2012.0,1.0,2012/S1,2012-01-01,2012-06-30,122.0,128.0,252.0
5789,2012.0,1.0,2012/S1,2012-01-01,2012-06-30,123.0,128.0,252.0
5790,2012.0,1.0,2012/S1,2012-01-01,2012-06-30,124.0,128.0,252.0
5791,2012.0,1.0,2012/S1,2012-01-01,2012-06-30,125.0,128.0,252.0
5792,2012.0,1.0,2012/S1,2012-01-01,2012-06-30,126.0,128.0,252.0
5793,2012.0,1.0,2012/S1,2012-01-01,2012-06-30,127.0,128.0,252.0
5794,2012.0,1.0,2012/S1,2012-01-01,2012-06-30,128.0,128.0,252.0
5795,2013.0,2.0,2013/S2,2013-07-01,2013-12-31,1.0,124.0,252.0
5796,2013.0,2.0,2013/S2,2013-07-01,2013-12-31,2.0,124.0,252.0
5797,2013.0,2.0,2013/S2,2013-07-01,2013-12-31,3.0,124.0,252.0
5798,2013.0,2.0,2013/S2,2013-07-01,2013-12-31,4.0,124.0,252.0
5799,2013.0,2.0,2013/S2,2013-07-01,2013-12-31,5.0,124.0,252.0
5800,2013.0,2.0,2013/S2,2013-07-01,2013-12-31,6.0,124.0,252.0
5801,2013.0,2.0,2013/S2,2013-07-01,2013-12-31,7.0,124.0,252.0
5802,2013.0,2.0,2013/S2,2013-07-01,2013-12-31,8.0,124.0,252.0
5803,2013.0,2.0,2013/S2,2013-07-01,2013-12-31,9.0,124.0,252.0
5804,2013.0,2.0,2013/S2,2013-07-01,2013-12-31,10.0,124.0,252.0
5805,2013.0,2.0,2013/S2,2013-07-01,2013-12-31,11.0,124.0,252.0
5806,2013.0,2.0,2013/S2,2013-07-01,2013-12-31,12.0,124.0,252.0
5807,2013.0,2.0,2013/S2,2013-07-01,2013-12-31,13.0,124.0,252.0
5808,2013.0,2.0,2013/S2,2013-07-01,2013-12-31,14.0,124.0,252.0
5809,2013.0,2.0,2013/S2,2013-07-01,2013-12-31,15.0,124.0,252.0
5810,2013.0,2.0,2013/S2,2013-07-01,2013-12-31,16.0,124.0,252.0
5811,2013.0,2.0,2013/S2,2013-07-01,2013-12-31,17.0,124.0,252.0
5812,2013.0,2.0,2013/S2,2013-07-01,2013-12-31,18.0,124.0,252.0
5813,2013.0,2.0,2013/S2,2013-07-01,2013-12-31,19.0,124.0,252.0
5814,2013.0,2.0,2013/S2,2013-07-01,2013-12-31,20.0,124.0,252.0
5815,2013.0,2.0,2013/S2,2013-07-01,2013-12-31,21.0,124.0,252.0
5816,2013.0,2.0,2013/S2,2013-07-01,2013-12-31,22.0,124.0,252.0
5817,2013.0,2.0,2013/S2,2013-07-01,2013-12-31,23.0,124.0,252.0
5818,2013.0,2.0,2013/S2,2013-07-01,2013-12-31,24.0,124.0,252.0
5819,2013.0,2.0,2013/S2,2013-07-01,2013-12-31,25.0,124.0,252.0
5820,2013.0,2.0,2013/S2,2013-07-01,2013-12-31,26.0,124.0,252.0
5821,2013.0,2.0,2013/S2,2013-07-01,2013-12-31,27.0,124.0,252.0
5822,2013.0,2.0,2013/S2,2013-07-01,2013-12-31,28.0,124.0,252.0
5823,2013.0,2.0,2013/S2,2013-07-01,2013-12-31,29.0,124.0,252.0
5824,2013.0,2.0,2013/S2,2013-07-01,2013-12-31,30.0,124.0,252.0
5825,2013.0,2.0,2013/S2,2013-07-01,2013-12-31,31.0,124.0,252.0
5826,2013.0,2.0,2013/S2,2013-07-01,2013-12-31,32.0,124.0,252.0
5827,2013.0,2.0,2013/S2,2013-07-01,2013-12-31,33.0,124.0,252.0
5828,2013.0,2.0,2013/S2,2013-07-01,2013-12-31,34.0,124.0,252.0
5829,2013.0,2.0,2013/S2,2013-07-01,2013-12-31,35.0,124.0,252.0
5830,2013.0,2.0,2013/S2,2013-07-01,2013-12-31,36.0,124.0,252.0
5831,2013.0,2.0,2013/S2,2013-07-01,2013-12-31,37.0,124.0,252.0
5832,2013.0,2.0,2013/S2,2013-07-01,2013-12-31,38.0,124.0,252.0
5833,2013.0,2.0,2013/S2,2013-07-01,2013-12-31,39.0,124.0,252.0
5834,2013.0,2.0,2013/S2,2013-07-01,2013-12-31,40.0,124.0,252.0
5835,2013.0,2.0,2013/S2,2013-07-01,2013-12-31,41.0,124.0,252.0
5836,2013.0,2.0,2013/S2,2013-07-01,2013-12-31,42.0,124.0,252.0
5837,2013.0,2.0,2013/S2,2013-07-01,2013-12-31,43.0,124.0,252.0
5838,2013.0,2.0,2013/S2,2013-07-01,2013-12-31,44.0,124.0,252.0
5839,2013.0,2.0,2013/S2,2013-07-01,2013-12-31,45.0,124.0,252.0
5840,2013.0,2.0,2013/S2,2013-07-01,2013-12-31,46.0,124.0,252.0
5841,2013.0,2.0,2013/S2,2013-07-01,2013-12-31,47.0,124.0,252.0
5842,2013.0,2.0,2013/S2,2013-07-01,2013-12-31,48.0,124.0,252.0
5843,2013.0,2.0,2013/S2,2013-07-01,2013-12-31,49.0,124.0,252.0
5844,2013.0,2.0,2013/S2,2013-07-01,2013-12-31,50.0,124.0,252.0
5845,2013.0,2.0,2013/S2,2013-07-01,2013-12-31,51.0,124.0,252.0
5846,2013.0,2.0,2013/S2,2013-07-01,2013-12-31,52.0,124.0,252.0
5847,2013.0,2.0,2013/S2,2013-07-01,2013-12-31,53.0,124.0,252.0
5848,2013.0,2.0,2013/S2,2013-07-01,2013-12-31,54.0,124.0,252.0
5849,2013.0,2.0,2013/S2,2013-07-01,2013-12-31,55.0,124.0,252.0
5850,2013.0,2.0,2013/S2,2013-07-01,2013-12-31,56.0,124.0,252.0
5851,2013.0,2.0,2013/S2,2013-07-01,2013-12-31,57.0,124.0,252.0
5852,2013.0,2.0,2013/S2,2013-07-01,2013-12-31,58.0,124.0,252.0
5853,2013.0,2.0,2013/S2,2013-07-01,2013-12-31,59.0,124.0,252.0
5854,2013.0,2.0,2013/S2,2013-07-01,2013-12-31,60.0,124.0,252.0
5855,2013.0,2.0,2013/S2,2013-07-01,2013-12-31,61.0,124.0,252.0
5856,2013.0,2.0,2013/S2,2013-07-01,2013-12-31,62.0,124.0,252.0
5857,2013.0,2.0,2013/S2,2013-07-01,2013-12-31,63.0,124.0,252.0
5858,2013.0,2.0,2013/S2,2013-07-01,2013-12-31,64.0,124.0,252.0
5859,2013.0,2.0,2013/S2,2013-07-01,2013-12-31,65.0,124.0,252.0
5860,2013.0,2.0,2013/S2,2013-07-01,2013-12-31,66.0,124.0,252.0
5861,2013.0,2.0,2013/S2,2013-07-01,2013-12-31,67.0,124.0,252.0
5862,2013.0,2.0,2013/S2,2013-07-01,2013-12-31,68.0,124.0,252.0
5863,2013.0,2.0,2013/S2,2013-07-01,2013-12-31,69.0,124.0,252.0
5864,2013.0,2.0,2013/S2,2013-07-01,2013-12-31,70.0,124.0,252.0
5865,2013.0,2.0,2013/S2,2013-07-01,2013-12-31,71.0,124.0,252.0
5866,2013.0,2.0,2013/S2,2013-07-01,2013-12-31,72.0,124.0,252.0
5867,2013.0,2.0,2013/S2,2013-07-01,2013-12-31,73.0,124.0,252.0
5868,2013.0,2.0,2013/S2,2013-07-01,2013-12-31,74.0,124.0,252.0
5869,2013.0,2.0,2013/S2,2013-07-01,2013-12-31,75.0,124.0,252.0
5870,2013.0,2.0,2013/S2,2013-07-01,2013-12-31,76.0,124.0,252.0
5871,2013.0,2.0,2013/S2,2013-07-01,2013-12-31,77.0,124.0,252.0
5872,2013.0,2.0,2013/S2,2013-07-01,2013-12-31,78.0,124.0,252.0
5873,2013.0,2.0,2013/S2,2013-07-01,2013-12-31,79.0,124.0,252.0
5874,2013.0,2.0,2013/S2,2013-07-01,2013-12-31,80.0,124.0,252.0
5875,2013.0,2.0,2013/S2,2013-07-01,2013-12-31,81.0,124.0,252.0
5876,2013.0,2.0,2013/S2,2013-07-01,2013-12-31,82.0,124.0,252.0
5877,2013.0,2.0,2013/S2,2013-07-01,2013-12-31,83.0,124.0,252.0
5878,2013.0,2.0,2013/S2,2013-07-01,2013-12-31,84.0,124.0,252.0
5879,2013.0,2.0,2013/S2,2013-07-01,2013-12-31,85.0,124.0,252.0
5880,2013.0,2.0,2013/S2,2013-07-01,2013-12-31,86.0,124.0,252.0
5881,2013.0,2.0,2013/S2,2013-07-01,2013-12-31,87.0,124.0,252.0
5882,2013.0,2.0,2013/S2,2013-07-01,2013-12-31,88.0,124.0,252.0
5883,2013.0,2.0,2013/S2,2013-07-01,2013-12-31,89.0,124.0,252.0
5884,2013.0,2.0,2013/S2,2013-07-01,2013-12-31,90.0,124.0,252.0
5885,2013.0,2.0,2013/S2,2013-07-01,2013-12-31,91.0,124.0,252.0
5886,2013.0,2.0,2013/S2,2013-07-01,2013-12-31,92.0,124.0,252.0
5887,2013.0,2.0,2013/S2,2013-07-01,2013-12-31,93.0,124.0,252.0
5888,2013.0,2.0,2013/S2,2013-07-01,2013-12-31,94.0,124.0,252.0
5889,2013.0,2.0,2013/S2,2013-07-01,2013-12-31,95.0,124.0,252.0
5890,2013.0,2.0,2013/S2,2013-07-01,2013-12-31,96.0,124.0,252.0
5891,2013.0,2.0,2013/S2,2013-07-01,2013-12-31,97.0,124.0,252.0
5892,2013.0,2.0,2013/S2,2013-07-01,2013-12-31,98.0,124.0,252.0
5893,2013.0,2.0,2013/S2,2013-07-01,2013-12-31,99.0,124.0,252.0
5894,2013.0,2.0,2013/S2,2013-07-01,2013-12-31,100.0,124.0,252.0
5895,2013.0,2.0,2013/S2,2013-07-01,2013-12-31,101.0,124.0,252.0
5896,2013.0,2.0,2013/S2,2013-07-01,2013-12-31,102.0,124.0,252.0
5897,2013.0,2.0,2013/S2,2013-07-01,2013-12-31,103.0,124.0,252.0
5898,2013.0,2.0,2013/S2,2013-07-01,2013-12-31,104.0,124.0,252.0
5899,2013.0,2.0,2013/S2,2013-07-01,2013-12-31,105.0,124.0,252.0
5900,2013.0,2.0,2013/S2,2013-07-01,2013-12-31,106.0,124.0,252.0
5901,2013.0,2.0,2013/S2,2013-07-01,2013-12-31,107.0,124.0,252.0
5902,2013.0,2.0,2013/S2,2013-07-01,2013-12-31,108.0,124.0,252.0
5903,2013.0,2.0,2013/S2,2013-07-01,2013-12-31,109.0,124.0,252.0
5904,2013.0,2.0,2013/S2,2013-07-01,2013-12-31,110.0,124.0,252.0
5905,2013.0,2.0,2013/S2,2013-07-01,2013-12-31,111.0,124.0,252.0
5906,2013.0,2.0,2013/S2,2013-07-01,2013-12-31,112.0,124.0,252.0
5907,2013.0,2.0,2013/S2,2013-07-01,2013-12-31,113.0,124.0,252.0
5908,2013.0,2.0,2013/S2,2013-07-01,2013-12-31,114.0,124.0,252.0
5909,2013.0,2.0,2013/S2,2013-07-01,2013-12-31,115.0,124.0,252.0
5910,2013.0,2.0,2013/S2,2013-07-01,2013-12-31,116.0,124.0,252.0
5911,2013.0,2.0,2013/S2,2013-07-01,2013-12-31,117.0,124.0,252.0
5912,2013.0,2.0,2013/S2,2013-07-01,2013-12-31,118.0,124.0,252.0
5913,2013.0,2.0,2013/S2,2013-07-01,2013-12-31,119.0,124.0,252.0
5914,2013.0,2.0,2013/S2,2013-07-01,2013-12-31,120.0,124.0,252.0
5915,2013.0,2.0,2013/S2,2013-07-01,2013-12-31,121.0,124.0,252.0
5916,2013.0,2.0,2013/S2,2013-07-01,2013-12-31,122.0,124.0,252.0
5917,2013.0,2.0,2013/S2,2013-07-01,2013-12-31,123.0,124.0,252.0
5918,2013.0,2.0,2013/S2,2013-07-01,2013-12-31,124.0,124.0,252.0
5919,2013.0,1.0,2013/S1,2013-01-01,2013-06-30,1.0,128.0,252.0
5920,2013.0,1.0,2013/S1,2013-01-01,2013-06-30,2.0,128.0,252.0
5921,2013.0,1.0,2013/S1,2013-01-01,2013-06-30,3.0,128.0,252.0
5922,2013.0,1.0,2013/S1,2013-01-01,2013-06-30,4.0,128.0,252.0
5923,2013.0,1.0,2013/S1,2013-01-01,2013-06-30,5.0,128.0,252.0
5924,2013.0,1.0,2013/S1,2013-01-01,2013-06-30,6.0,128.0,252.0
5925,2013.0,1.0,2013/S1,2013-01-01,2013-06-30,7.0,128.0,252.0
5926,2013.0,1.0,2013/S1,2013-01-01,2013-06-30,8.0,128.0,252.0
5927,2013.0,1.0,2013/S1,2013-01-01,2013-06-30,9.0,128.0,252.0
5928,2013.0,1.0,2013/S1,2013-01-01,2013-06-30,10.0,128.0,252.0
5929,2013.0,1.0,2013/S1,2013-01-01,2013-06-30,11.0,128.0,252.0
5930,2013.0,1.0,2013/S1,2013-01-01,2013-06-30,12.0,128.0,252.0
5931,2013.0,1.0,2013/S1,2013-01-01,2013-06-30,13.0,128.0,252.0
5932,2013.0,1.0,2013/S1,2013-01-01,2013-06-30,14.0,128.0,252.0
5933,2013.0,1.0,2013/S1,2013-01-01,2013-06-30,15.0,128.0,252.0
5934,2013.0,1.0,2013/S1,2013-01-01,2013-06-30,16.0,128.0,252.0
5935,2013.0,1.0,2013/S1,2013-01-01,2013-06-30,17.0,128.0,252.0
5936,2013.0,1.0,2013/S1,2013-01-01,2013-06-30,18.0,128.0,252.0
5937,2013.0,1.0,2013/S1,2013-01-01,2013-06-30,19.0,128.0,252.0
5938,2013.0,1.0,2013/S1,2013-01-01,2013-06-30,20.0,128.0,252.0
5939,2013.0,1.0,2013/S1,2013-01-01,2013-06-30,21.0,128.0,252.0
5940,2013.0,1.0,2013/S1,2013-01-01,2013-06-30,22.0,128.0,252.0
5941,2013.0,1.0,2013/S1,2013-01-01,2013-06-30,23.0,128.0,252.0
5942,2013.0,1.0,2013/S1,2013-01-01,2013-06-30,24.0,128.0,252.0
5943,2013.0,1.0,2013/S1,2013-01-01,2013-06-30,25.0,128.0,252.0
5944,2013.0,1.0,2013/S1,2013-01-01,2013-06-30,26.0,128.0,252.0
5945,2013.0,1.0,2013/S1,2013-01-01,2013-06-30,27.0,128.0,252.0
5946,2013.0,1.0,2013/S1,2013-01-01,2013-06-30,28.0,128.0,252.0
5947,2013.0,1.0,2013/S1,2013-01-01,2013-06-30,29.0,128.0,252.0
5948,2013.0,1.0,2013/S1,2013-01-01,2013-06-30,30.0,128.0,252.0
5949,2013.0,1.0,2013/S1,2013-01-01,2013-06-30,31.0,128.0,252.0
5950,2013.0,1.0,2013/S1,2013-01-01,2013-06-30,32.0,128.0,252.0
5951,2013.0,1.0,2013/S1,2013-01-01,2013-06-30,33.0,128.0,252.0
5952,2013.0,1.0,2013/S1,2013-01-01,2013-06-30,34.0,128.0,252.0
5953,2013.0,1.0,2013/S1,2013-01-01,2013-06-30,35.0,128.0,252.0
5954,2013.0,1.0,2013/S1,2013-01-01,2013-06-30,36.0,128.0,252.0
5955,2013.0,1.0,2013/S1,2013-01-01,2013-06-30,37.0,128.0,252.0
5956,2013.0,1.0,2013/S1,2013-01-01,2013-06-30,38.0,128.0,252.0
5957,2013.0,1.0,2013/S1,2013-01-01,2013-06-30,39.0,128.0,252.0
5958,2013.0,1.0,2013/S1,2013-01-01,2013-06-30,40.0,128.0,252.0
5959,2013.0,1.0,2013/S1,2013-01-01,2013-06-30,41.0,128.0,252.0
5960,2013.0,1.0,2013/S1,2013-01-01,2013-06-30,42.0,128.0,252.0
5961,2013.0,1.0,2013/S1,2013-01-01,2013-06-30,43.0,128.0,252.0
5962,2013.0,1.0,2013/S1,2013-01-01,2013-06-30,44.0,128.0,252.0
5963,2013.0,1.0,2013/S1,2013-01-01,2013-06-30,45.0,128.0,252.0
5964,2013.0,1.0,2013/S1,2013-01-01,2013-06-30,46.0,128.0,252.0
5965,2013.0,1.0,2013/S1,2013-01-01,2013-06-30,47.0,128.0,252.0
5966,2013.0,1.0,2013/S1,2013-01-01,2013-06-30,48.0,128.0,252.0
5967,2013.0,1.0,2013/S1,2013-01-01,2013-06-30,49.0,128.0,252.0
5968,2013.0,1.0,2013/S1,2013-01-01,2013-06-30,50.0,128.0,252.0
5969,2013.0,1.0,2013/S1,2013-01-01,2013-06-30,51.0,128.0,252.0
5970,2013.0,1.0,2013/S1,2013-01-01,2013-06-30,52.0,128.0,252.0
5971,2013.0,1.0,2013/S1,2013-01-01,2013-06-30,53.0,128.0,252.0
5972,2013.0,1.0,2013/S1,2013-01-01,2013-06-30,54.0,128.0,252.0
5973,2013.0,1.0,2013/S1,2013-01-01,2013-06-30,55.0,128.0,252.0
5974,2013.0,1.0,2013/S1,2013-01-01,2013-06-30,56.0,128.0,252.0
5975,2013.0,1.0,2013/S1,2013-01-01,2013-06-30,57.0,128.0,252.0
5976,2013.0,1.0,2013/S1,2013-01-01,2013-06-30,58.0,128.0,252.0
5977,2013.0,1.0,2013/S1,2013-01-01,2013-06-30,59.0,128.0,252.0
5978,2013.0,1.0,2013/S1,2013-01-01,2013-06-30,60.0,128.0,252.0
5979,2013.0,1.0,2013/S1,2013-01-01,2013-06-30,61.0,128.0,252.0
5980,2013.0,1.0,2013/S1,2013-01-01,2013-06-30,62.0,128.0,252.0
5981,2013.0,1.0,2013/S1,2013-01-01,2013-06-30,63.0,128.0,252.0
5982,2013.0,1.0,2013/S1,2013-01-01,2013-06-30,64.0,128.0,252.0
5983,2013.0,1.0,2013/S1,2013-01-01,2013-06-30,65.0,128.0,252.0
5984,2013.0,1.0,2013/S1,2013-01-01,2013-06-30,66.0,128.0,252.0
5985,2013.0,1.0,2013/S1,2013-01-01,2013-06-30,67.0,128.0,252.0
5986,2013.0,1.0,2013/S1,2013-01-01,2013-06-30,68.0,128.0,252.0
5987,2013.0,1.0,2013/S1,2013-01-01,2013-06-30,69.0,128.0,252.0
5988,2013.0,1.0,2013/S1,2013-01-01,2013-06-30,70.0,128.0,252.0
5989,2013.0,1.0,2013/S1,2013-01-01,2013-06-30,71.0,128.0,252.0
5990,2013.0,1.0,2013/S1,2013-01-01,2013-06-30,72.0,128.0,252.0
5991,2013.0,1.0,2013/S1,2013-01-01,2013-06-30,73.0,128.0,252.0
5992,2013.0,1.0,2013/S1,2013-01-01,2013-06-30,74.0,128.0,252.0
5993,2013.0,1.0,2013/S1,2013-01-01,2013-06-30,75.0,128.0,252.0
5994,2013.0,1.0,2013/S1,2013-01-01,2013-06-30,76.0,128.0,252.0
5995,2013.0,1.0,2013/S1,2013-01-01,2013-06-30,77.0,128.0,252.0
5996,2013.0,1.0,2013/S1,2013-01-01,2013-06-30,78.0,128.0,252.0
5997,2013.0,1.0,2013/S1,2013-01-01,2013-06-30,79.0,128.0,252.0
5998,2013.0,1.0,2013/S1,2013-01-01,2013-06-30,80.0,128.0,252.0
5999,2013.0,1.0,2013/S1,2013-01-01,2013-06-30,81.0,128.0,252.0
6000,2013.0,1.0,2013/S1,2013-01-01,2013-06-30,82.0,128.0,252.0
6001,2013.0,1.0,2013/S1,2013-01-01,2013-06-30,83.0,128.0,252.0
6002,2013.0,1.0,2013/S1,2013-01-01,2013-06-30,84.0,128.0,252.0
6003,2013.0,1.0,2013/S1,2013-01-01,2013-06-30,85.0,128.0,252.0
6004,2013.0,1.0,2013/S1,2013-01-01,2013-06-30,86.0,128.0,252.0
6005,2013.0,1.0,2013/S1,2013-01-01,2013-06-30,87.0,128.0,252.0
6006,2013.0,1.0,2013/S1,2013-01-01,2013-06-30,88.0,128.0,252.0
6007,2013.0,1.0,2013/S1,2013-01-01,2013-06-30,89.0,128.0,252.0
6008,2013.0,1.0,2013/S1,2013-01-01,2013-06-30,90.0,128.0,252.0
6009,2013.0,1.0,2013/S1,2013-01-01,2013-06-30,91.0,128.0,252.0
6010,2013.0,1.0,2013/S1,2013-01-01,2013-06-30,92.0,128.0,252.0
6011,2013.0,1.0,2013/S1,2013-01-01,2013-06-30,93.0,128.0,252.0
6012,2013.0,1.0,2013/S1,2013-01-01,2013-06-30,94.0,128.0,252.0
6013,2013.0,1.0,2013/S1,2013-01-01,2013-06-30,95.0,128.0,252.0
6014,2013.0,1.0,2013/S1,2013-01-01,2013-06-30,96.0,128.0,252.0
6015,2013.0,1.0,2013/S1,2013-01-01,2013-06-30,97.0,128.0,252.0
6016,2013.0,1.0,2013/S1,2013-01-01,2013-06-30,98.0,128.0,252.0
6017,2013.0,1.0,2013/S1,2013-01-01,2013-06-30,99.0,128.0,252.0
6018,2013.0,1.0,2013/S1,2013-01-01,2013-06-30,100.0,128.0,252.0
6019,2013.0,1.0,2013/S1,2013-01-01,2013-06-30,101.0,128.0,252.0
6020,2013.0,1.0,2013/S1,2013-01-01,2013-06-30,102.0,128.0,252.0
6021,2013.0,1.0,2013/S1,2013-01-01,2013-06-30,103.0,128.0,252.0
6022,2013.0,1.0,2013/S1,2013-01-01,2013-06-30,104.0,128.0,252.0
6023,2013.0,1.0,2013/S1,2013-01-01,2013-06-30,105.0,128.0,252.0
6024,2013.0,1.0,2013/S1,2013-01-01,2013-06-30,106.0,128.0,252.0
6025,2013.0,1.0,2013/S1,2013-01-01,2013-06-30,107.0,128.0,252.0
6026,2013.0,1.0,2013/S1,2013-01-01,2013-06-30,108.0,128.0,252.0
6027,2013.0,1.0,2013/S1,2013-01-01,2013-06-30,109.0,128.0,252.0
6028,2013.0,1.0,2013/S1,2013-01-01,2013-06-30,110.0,128.0,252.0
6029,2013.0,1.0,2013/S1,2013-01-01,2013-06-30,111.0,128.0,252.0
6030,2013.0,1.0,2013/S1,2013-01-01,2013-06-30,112.0,128.0,252.0
6031,2013.0,1.0,2013/S1,2013-01-01,2013-06-30,113.0,128.0,252.0
6032,2013.0,1.0,2013/S1,2013-01-01,2013-06-30,114.0,128.0,252.0
6033,2013.0,1.0,2013/S1,2013-01-01,2013-06-30,115.0,128.0,252.0
6034,2013.0,1.0,2013/S1,2013-01-01,2013-06-30,116.0,128.0,252.0
6035,2013.0,1.0,2013/S1,2013-01-01,2013-06-30,117.0,128.0,252.0
6036,2013.0,1.0,2013/S1,2013-01-01,2013-06-30,118.0,128.0,252.0
6037,2013.0,1.0,2013/S1,2013-01-01,2013-06-30,119.0,128.0,252.0
6038,2013.0,1.0,2013/S1,2013-01-01,2013-06-30,120.0,128.0,252.0
6039,2013.0,1.0,2013/S1,2013-01-01,2013-06-30,121.0,128.0,252.0
6040,2013.0,1.0,2013/S1,2013-01-01,2013-06-30,122.0,128.0,252.0
6041,2013.0,1.0,2013/S1,2013-01-01,2013-06-30,123.0,128.0,252.0
6042,2013.0,1.0,2013/S1,2013-01-01,2013-06-30,124.0,128.0,252.0
6043,2013.0,1.0,2013/S1,2013-01-01,2013-06-30,125.0,128.0,252.0
6044,2013.0,1.0,2013/S1,2013-01-01,2013-06-30,126.0,128.0,252.0
6045,2013.0,1.0,2013/S1,2013-01-01,2013-06-30,127.0,128.0,252.0
6046,2013.0,1.0,2013/S1,2013-01-01,2013-06-30,128.0,128.0,252.0
6047,2014.0,2.0,2014/S2,2014-07-01,2014-12-31,1.0,124.0,251.0
6048,2014.0,2.0,2014/S2,2014-07-01,2014-12-31,2.0,124.0,251.0
6049,2014.0,2.0,2014/S2,2014-07-01,2014-12-31,3.0,124.0,251.0
6050,2014.0,2.0,2014/S2,2014-07-01,2014-12-31,4.0,124.0,251.0
6051,2014.0,2.0,2014/S2,2014-07-01,2014-12-31,5.0,124.0,251.0
6052,2014.0,2.0,2014/S2,2014-07-01,2014-12-31,6.0,124.0,251.0
6053,2014.0,2.0,2014/S2,2014-07-01,2014-12-31,7.0,124.0,251.0
6054,2014.0,2.0,2014/S2,2014-07-01,2014-12-31,8.0,124.0,251.0
6055,2014.0,2.0,2014/S2,2014-07-01,2014-12-31,9.0,124.0,251.0
6056,2014.0,2.0,2014/S2,2014-07-01,2014-12-31,10.0,124.0,251.0
6057,2014.0,2.0,2014/S2,2014-07-01,2014-12-31,11.0,124.0,251.0
6058,2014.0,2.0,2014/S2,2014-07-01,2014-12-31,12.0,124.0,251.0
6059,2014.0,2.0,2014/S2,2014-07-01,2014-12-31,13.0,124.0,251.0
6060,2014.0,2.0,2014/S2,2014-07-01,2014-12-31,14.0,124.0,251.0
6061,2014.0,2.0,2014/S2,2014-07-01,2014-12-31,15.0,124.0,251.0
6062,2014.0,2.0,2014/S2,2014-07-01,2014-12-31,16.0,124.0,251.0
6063,2014.0,2.0,2014/S2,2014-07-01,2014-12-31,17.0,124.0,251.0
6064,2014.0,2.0,2014/S2,2014-07-01,2014-12-31,18.0,124.0,251.0
6065,2014.0,2.0,2014/S2,2014-07-01,2014-12-31,19.0,124.0,251.0
6066,2014.0,2.0,2014/S2,2014-07-01,2014-12-31,20.0,124.0,251.0
6067,2014.0,2.0,2014/S2,2014-07-01,2014-12-31,21.0,124.0,251.0
6068,2014.0,2.0,2014/S2,2014-07-01,2014-12-31,22.0,124.0,251.0
6069,2014.0,2.0,2014/S2,2014-07-01,2014-12-31,23.0,124.0,251.0
6070,2014.0,2.0,2014/S2,2014-07-01,2014-12-31,24.0,124.0,251.0
6071,2014.0,2.0,2014/S2,2014-07-01,2014-12-31,25.0,124.0,251.0
6072,2014.0,2.0,2014/S2,2014-07-01,2014-12-31,26.0,124.0,251.0
6073,2014.0,2.0,2014/S2,2014-07-01,2014-12-31,27.0,124.0,251.0
6074,2014.0,2.0,2014/S2,2014-07-01,2014-12-31,28.0,124.0,251.0
6075,2014.0,2.0,2014/S2,2014-07-01,2014-12-31,29.0,124.0,251.0
6076,2014.0,2.0,2014/S2,2014-07-01,2014-12-31,30.0,124.0,251.0
6077,2014.0,2.0,2014/S2,2014-07-01,2014-12-31,31.0,124.0,251.0
6078,2014.0,2.0,2014/S2,2014-07-01,2014-12-31,32.0,124.0,251.0
6079,2014.0,2.0,2014/S2,2014-07-01,2014-12-31,33.0,124.0,251.0
6080,2014.0,2.0,2014/S2,2014-07-01,2014-12-31,34.0,124.0,251.0
6081,2014.0,2.0,2014/S2,2014-07-01,2014-12-31,35.0,124.0,251.0
6082,2014.0,2.0,2014/S2,2014-07-01,2014-12-31,36.0,124.0,251.0
6083,2014.0,2.0,2014/S2,2014-07-01,2014-12-31,37.0,124.0,251.0
6084,2014.0,2.0,2014/S2,2014-07-01,2014-12-31,38.0,124.0,251.0
6085,2014.0,2.0,2014/S2,2014-07-01,2014-12-31,39.0,124.0,251.0
6086,2014.0,2.0,2014/S2,2014-07-01,2014-12-31,40.0,124.0,251.0
6087,2014.0,2.0,2014/S2,2014-07-01,2014-12-31,41.0,124.0,251.0
6088,2014.0,2.0,2014/S2,2014-07-01,2014-12-31,42.0,124.0,251.0
6089,2014.0,2.0,2014/S2,2014-07-01,2014-12-31,43.0,124.0,251.0
6090,2014.0,2.0,2014/S2,2014-07-01,2014-12-31,44.0,124.0,251.0
6091,2014.0,2.0,2014/S2,2014-07-01,2014-12-31,45.0,124.0,251.0
6092,2014.0,2.0,2014/S2,2014-07-01,2014-12-31,46.0,124.0,251.0
6093,2014.0,2.0,2014/S2,2014-07-01,2014-12-31,47.0,124.0,251.0
6094,2014.0,2.0,2014/S2,2014-07-01,2014-12-31,48.0,124.0,251.0
6095,2014.0,2.0,2014/S2,2014-07-01,2014-12-31,49.0,124.0,251.0
6096,2014.0,2.0,2014/S2,2014-07-01,2014-12-31,50.0,124.0,251.0
6097,2014.0,2.0,2014/S2,2014-07-01,2014-12-31,51.0,124.0,251.0
6098,2014.0,2.0,2014/S2,2014-07-01,2014-12-31,52.0,124.0,251.0
6099,2014.0,2.0,2014/S2,2014-07-01,2014-12-31,53.0,124.0,251.0
6100,2014.0,2.0,2014/S2,2014-07-01,2014-12-31,54.0,124.0,251.0
6101,2014.0,2.0,2014/S2,2014-07-01,2014-12-31,55.0,124.0,251.0
6102,2014.0,2.0,2014/S2,2014-07-01,2014-12-31,56.0,124.0,251.0
6103,2014.0,2.0,2014/S2,2014-07-01,2014-12-31,57.0,124.0,251.0
6104,2014.0,2.0,2014/S2,2014-07-01,2014-12-31,58.0,124.0,251.0
6105,2014.0,2.0,2014/S2,2014-07-01,2014-12-31,59.0,124.0,251.0
6106,2014.0,2.0,2014/S2,2014-07-01,2014-12-31,60.0,124.0,251.0
6107,2014.0,2.0,2014/S2,2014-07-01,2014-12-31,61.0,124.0,251.0
6108,2014.0,2.0,2014/S2,2014-07-01,2014-12-31,62.0,124.0,251.0
6109,2014.0,2.0,2014/S2,2014-07-01,2014-12-31,63.0,124.0,251.0
6110,2014.0,2.0,2014/S2,2014-07-01,2014-12-31,64.0,124.0,251.0
6111,2014.0,2.0,2014/S2,2014-07-01,2014-12-31,65.0,124.0,251.0
6112,2014.0,2.0,2014/S2,2014-07-01,2014-12-31,66.0,124.0,251.0
6113,2014.0,2.0,2014/S2,2014-07-01,2014-12-31,67.0,124.0,251.0
6114,2014.0,2.0,2014/S2,2014-07-01,2014-12-31,68.0,124.0,251.0
6115,2014.0,2.0,2014/S2,2014-07-01,2014-12-31,69.0,124.0,251.0
6116,2014.0,2.0,2014/S2,2014-07-01,2014-12-31,70.0,124.0,251.0
6117,2014.0,2.0,2014/S2,2014-07-01,2014-12-31,71.0,124.0,251.0
6118,2014.0,2.0,2014/S2,2014-07-01,2014-12-31,72.0,124.0,251.0
6119,2014.0,2.0,2014/S2,2014-07-01,2014-12-31,73.0,124.0,251.0
6120,2014.0,2.0,2014/S2,2014-07-01,2014-12-31,74.0,124.0,251.0
6121,2014.0,2.0,2014/S2,2014-07-01,2014-12-31,75.0,124.0,251.0
6122,2014.0,2.0,2014/S2,2014-07-01,2014-12-31,76.0,124.0,251.0
6123,2014.0,2.0,2014/S2,2014-07-01,2014-12-31,77.0,124.0,251.0
6124,2014.0,2.0,2014/S2,2014-07-01,2014-12-31,78.0,124.0,251.0
6125,2014.0,2.0,2014/S2,2014-07-01,2014-12-31,79.0,124.0,251.0
6126,2014.0,2.0,2014/S2,2014-07-01,2014-12-31,80.0,124.0,251.0
6127,2014.0,2.0,2014/S2,2014-07-01,2014-12-31,81.0,124.0,251.0
6128,2014.0,2.0,2014/S2,2014-07-01,2014-12-31,82.0,124.0,251.0
6129,2014.0,2.0,2014/S2,2014-07-01,2014-12-31,83.0,124.0,251.0
6130,2014.0,2.0,2014/S2,2014-07-01,2014-12-31,84.0,124.0,251.0
6131,2014.0,2.0,2014/S2,2014-07-01,2014-12-31,85.0,124.0,251.0
6132,2014.0,2.0,2014/S2,2014-07-01,2014-12-31,86.0,124.0,251.0
6133,2014.0,2.0,2014/S2,2014-07-01,2014-12-31,87.0,124.0,251.0
6134,2014.0,2.0,2014/S2,2014-07-01,2014-12-31,88.0,124.0,251.0
6135,2014.0,2.0,2014/S2,2014-07-01,2014-12-31,89.0,124.0,251.0
6136,2014.0,2.0,2014/S2,2014-07-01,2014-12-31,90.0,124.0,251.0
6137,2014.0,2.0,2014/S2,2014-07-01,2014-12-31,91.0,124.0,251.0
6138,2014.0,2.0,2014/S2,2014-07-01,2014-12-31,92.0,124.0,251.0
6139,2014.0,2.0,2014/S2,2014-07-01,2014-12-31,93.0,124.0,251.0
6140,2014.0,2.0,2014/S2,2014-07-01,2014-12-31,94.0,124.0,251.0
6141,2014.0,2.0,2014/S2,2014-07-01,2014-12-31,95.0,124.0,251.0
6142,2014.0,2.0,2014/S2,2014-07-01,2014-12-31,96.0,124.0,251.0
6143,2014.0,2.0,2014/S2,2014-07-01,2014-12-31,97.0,124.0,251.0
6144,2014.0,2.0,2014/S2,2014-07-01,2014-12-31,98.0,124.0,251.0
6145,2014.0,2.0,2014/S2,2014-07-01,2014-12-31,99.0,124.0,251.0
6146,2014.0,2.0,2014/S2,2014-07-01,2014-12-31,100.0,124.0,251.0
6147,2014.0,2.0,2014/S2,2014-07-01,2014-12-31,101.0,124.0,251.0
6148,2014.0,2.0,2014/S2,2014-07-01,2014-12-31,102.0,124.0,251.0
6149,2014.0,2.0,2014/S2,2014-07-01,2014-12-31,103.0,124.0,251.0
6150,2014.0,2.0,2014/S2,2014-07-01,2014-12-31,104.0,124.0,251.0
6151,2014.0,2.0,2014/S2,2014-07-01,2014-12-31,105.0,124.0,251.0
6152,2014.0,2.0,2014/S2,2014-07-01,2014-12-31,106.0,124.0,251.0
6153,2014.0,2.0,2014/S2,2014-07-01,2014-12-31,107.0,124.0,251.0
6154,2014.0,2.0,2014/S2,2014-07-01,2014-12-31,108.0,124.0,251.0
6155,2014.0,2.0,2014/S2,2014-07-01,2014-12-31,109.0,124.0,251.0
6156,2014.0,2.0,2014/S2,2014-07-01,2014-12-31,110.0,124.0,251.0
6157,2014.0,2.0,2014/S2,2014-07-01,2014-12-31,111.0,124.0,251.0
6158,2014.0,2.0,2014/S2,2014-07-01,2014-12-31,112.0,124.0,251.0
6159,2014.0,2.0,2014/S2,2014-07-01,2014-12-31,113.0,124.0,251.0
6160,2014.0,2.0,2014/S2,2014-07-01,2014-12-31,114.0,124.0,251.0
6161,2014.0,2.0,2014/S2,2014-07-01,2014-12-31,115.0,124.0,251.0
6162,2014.0,2.0,2014/S2,2014-07-01,2014-12-31,116.0,124.0,251.0
6163,2014.0,2.0,2014/S2,2014-07-01,2014-12-31,117.0,124.0,251.0
6164,2014.0,2.0,2014/S2,2014-07-01,2014-12-31,118.0,124.0,251.0
6165,2014.0,2.0,2014/S2,2014-07-01,2014-12-31,119.0,124.0,251.0
6166,2014.0,2.0,2014/S2,2014-07-01,2014-12-31,120.0,124.0,251.0
6167,2014.0,2.0,2014/S2,2014-07-01,2014-12-31,121.0,124.0,251.0
6168,2014.0,2.0,2014/S2,2014-07-01,2014-12-31,122.0,124.0,251.0
6169,2014.0,2.0,2014/S2,2014-07-01,2014-12-31,123.0,124.0,251.0
6170,2014.0,2.0,2014/S2,2014-07-01,2014-12-31,124.0,124.0,251.0
6171,2014.0,1.0,2014/S1,2014-01-01,2014-06-30,1.0,127.0,
6172,2014.0,1.0,2014/S1,2014-01-01,2014-06-30,2.0,127.0,
6173,2014.0,1.0,2014/S1,2014-01-01,2014-06-30,3.0,127.0,
6174,2014.0,1.0,2014/S1,2014-01-01,2014-06-30,4.0,127.0,
6175,2014.0,1.0,2014/S1,2014-01-01,2014-06-30,5.0,127.0,
6176,2014.0,1.0,2014/S1,2014-01-01,2014-06-30,6.0,127.0,
6177,2014.0,1.0,2014/S1,2014-01-01,2014-06-30,7.0,127.0,
6178,2014.0,1.0,2014/S1,2014-01-01,2014-06-30,8.0,127.0,
6179,2014.0,1.0,2014/S1,2014-01-01,2014-06-30,9.0,127.0,
6180,2014.0,1.0,2014/S1,2014-01-01,2014-06-30,10.0,127.0,
6181,2014.0,1.0,2014/S1,2014-01-01,2014-06-30,11.0,127.0,
6182,2014.0,1.0,2014/S1,2014-01-01,2014-06-30,12.0,127.0,
6183,2014.0,1.0,2014/S1,2014-01-01,2014-06-30,13.0,127.0,
6184,2014.0,1.0,2014/S1,2014-01-01,2014-06-30,14.0,127.0,
6185,2014.0,1.0,2014/S1,2014-01-01,2014-06-30,15.0,127.0,
6186,2014.0,1.0,2014/S1,2014-01-01,2014-06-30,16.0,127.0,
6187,2014.0,1.0,2014/S1,2014-01-01,2014-06-30,17.0,127.0,
6188,2014.0,1.0,2014/S1,2014-01-01,2014-06-30,18.0,127.0,
6189,2014.0,1.0,2014/S1,2014-01-01,2014-06-30,19.0,127.0,
6190,2014.0,1.0,2014/S1,2014-01-01,2014-06-30,20.0,127.0,
6191,2014.0,1.0,2014/S1,2014-01-01,2014-06-30,21.0,127.0,
6192,2014.0,1.0,2014/S1,2014-01-01,2014-06-30,22.0,127.0,
6193,2014.0,1.0,2014/S1,2014-01-01,2014-06-30,23.0,127.0,
6194,2014.0,1.0,2014/S1,2014-01-01,2014-06-30,24.0,127.0,
6195,2014.0,1.0,2014/S1,2014-01-01,2014-06-30,25.0,127.0,
6196,2014.0,1.0,2014/S1,2014-01-01,2014-06-30,26.0,127.0,
6197,2014.0,1.0,2014/S1,2014-01-01,2014-06-30,27.0,127.0,
6198,2014.0,1.0,2014/S1,2014-01-01,2014-06-30,28.0,127.0,
6199,2014.0,1.0,2014/S1,2014-01-01,2014-06-30,29.0,127.0,
6200,2014.0,1.0,2014/S1,2014-01-01,2014-06-30,30.0,127.0,
6201,2014.0,1.0,2014/S1,2014-01-01,2014-06-30,31.0,127.0,
6202,2014.0,1.0,2014/S1,2014-01-01,2014-06-30,32.0,127.0,
6203,2014.0,1.0,2014/S1,2014-01-01,2014-06-30,33.0,127.0,
6204,2014.0,1.0,2014/S1,2014-01-01,2014-06-30,34.0,127.0,
6205,2014.0,1.0,2014/S1,2014-01-01,2014-06-30,35.0,127.0,
6206,2014.0,1.0,2014/S1,2014-01-01,2014-06-30,36.0,127.0,
6207,2014.0,1.0,2014/S1,2014-01-01,2014-06-30,37.0,127.0,
6208,2014.0,1.0,2014/S1,2014-01-01,2014-06-30,38.0,127.0,
6209,2014.0,1.0,2014/S1,2014-01-01,2014-06-30,39.0,127.0,
6210,2014.0,1.0,2014/S1,2014-01-01,2014-06-30,40.0,127.0,
6211,2014.0,1.0,2014/S1,2014-01-01,2014-06-30,41.0,127.0,
6212,2014.0,1.0,2014/S1,2014-01-01,2014-06-30,42.0,127.0,
6213,2014.0,1.0,2014/S1,2014-01-01,2014-06-30,43.0,127.0,
6214,2014.0,1.0,2014/S1,2014-01-01,2014-06-30,44.0,127.0,
6215,2014.0,1.0,2014/S1,2014-01-01,2014-06-30,45.0,127.0,
6216,2014.0,1.0,2014/S1,2014-01-01,2014-06-30,46.0,127.0,
6217,2014.0,1.0,2014/S1,2014-01-01,2014-06-30,47.0,127.0,
6218,2014.0,1.0,2014/S1,2014-01-01,2014-06-30,48.0,127.0,
6219,2014.0,1.0,2014/S1,2014-01-01,2014-06-30,49.0,127.0,
6220,2014.0,1.0,2014/S1,2014-01-01,2014-06-30,50.0,127.0,
6221,2014.0,1.0,2014/S1,2014-01-01,2014-06-30,51.0,127.0,
6222,2014.0,1.0,2014/S1,2014-01-01,2014-06-30,52.0,127.0,
6223,2014.0,1.0,2014/S1,2014-01-01,2014-06-30,53.0,127.0,
6224,2014.0,1.0,2014/S1,2014-01-01,2014-06-30,54.0,127.0,
6225,2014.0,1.0,2014/S1,2014-01-01,2014-06-30,55.0,127.0,
6226,2014.0,1.0,2014/S1,2014-01-01,2014-06-30,56.0,127.0,
6227,2014.0,1.0,2014/S1,2014-01-01,2014-06-30,57.0,127.0,
6228,2014.0,1.0,2014/S1,2014-01-01,2014-06-30,58.0,127.0,
6229,2014.0,1.0,2014/S1,2014-01-01,2014-06-30,59.0,127.0,
6230,2014.0,1.0,2014/S1,2014-01-01,2014-06-30,60.0,127.0,
6231,2014.0,1.0,2014/S1,2014-01-01,2014-06-30,61.0,127.0,
6232,2014.0,1.0,2014/S1,2014-01-01,2014-06-30,62.0,127.0,
6233,2014.0,1.0,2014/S1,2014-01-01,2014-06-30,63.0,127.0,
6234,2014.0,1.0,2014/S1,2014-01-01,2014-06-30,64.0,127.0,
6235,2014.0,1.0,2014/S1,2014-01-01,2014-06-30,65.0,127.0,
6236,2014.0,1.0,2014/S1,2014-01-01,2014-06-30,66.0,127.0,
6237,2014.0,1.0,2014/S1,2014-01-01,2014-06-30,67.0,127.0,
6238,2014.0,1.0,2014/S1,2014-01-01,2014-06-30,68.0,127.0,
6239,2014.0,1.0,2014/S1,2014-01-01,2014-06-30,69.0,127.0,
6240,2014.0,1.0,2014/S1,2014-01-01,2014-06-30,70.0,127.0,
6241,2014.0,1.0,2014/S1,2014-01-01,2014-06-30,71.0,127.0,
6242,2014.0,1.0,2014/S1,2014-01-01,2014-06-30,72.0,127.0,
6243,2014.0,1.0,2014/S1,2014-01-01,2014-06-30,73.0,127.0,
6244,2014.0,1.0,2014/S1,2014-01-01,2014-06-30,74.0,127.0,
6245,2014.0,1.0,2014/S1,2014-01-01,2014-06-30,75.0,127.0,
6246,2014.0,1.0,2014/S1,2014-01-01,2014-06-30,76.0,127.0,
6247,2014.0,1.0,2014/S1,2014-01-01,2014-06-30,77.0,127.0,
6248,2014.0,1.0,2014/S1,2014-01-01,2014-06-30,78.0,127.0,
6249,2014.0,1.0,2014/S1,2014-01-01,2014-06-30,79.0,127.0,
6250,2014.0,1.0,2014/S1,2014-01-01,2014-06-30,80.0,127.0,
6251,2014.0,1.0,2014/S1,2014-01-01,2014-06-30,81.0,127.0,
6252,2014.0,1.0,2014/S1,2014-01-01,2014-06-30,82.0,127.0,
6253,2014.0,1.0,2014/S1,2014-01-01,2014-06-30,83.0,127.0,
6254,2014.0,1.0,2014/S1,2014-01-01,2014-06-30,84.0,127.0,
6255,2014.0,1.0,2014/S1,2014-01-01,2014-06-30,85.0,127.0,
6256,2014.0,1.0,2014/S1,2014-01-01,2014-06-30,86.0,127.0,
6257,2014.0,1.0,2014/S1,2014-01-01,2014-06-30,87.0,127.0,
6258,2014.0,1.0,2014/S1,2014-01-01,2014-06-30,88.0,127.0,
6259,2014.0,1.0,2014/S1,2014-01-01,2014-06-30,89.0,127.0,
6260,2014.0,1.0,2014/S1,2014-01-01,2014-06-30,90.0,127.0,
6261,2014.0,1.0,2014/S1,2014-01-01,2014-06-30,91.0,127.0,
6262,2014.0,1.0,2014/S1,2014-01-01,2014-06-30,92.0,127.0,
6263,2014.0,1.0,2014/S1,2014-01-01,2014-06-30,93.0,127.0,
6264,2014.0,1.0,2014/S1,2014-01-01,2014-06-30,94.0,127.0,
6265,2014.0,1.0,2014/S1,2014-01-01,2014-06-30,95.0,127.0,
6266,2014.0,1.0,2014/S1,2014-01-01,2014-06-30,96.0,127.0,
6267,2014.0,1.0,2014/S1,2014-01-01,2014-06-30,97.0,127.0,
6268,2014.0,1.0,2014/S1,2014-01-01,2014-06-30,98.0,127.0,
6269,2014.0,1.0,2014/S1,2014-01-01,2014-06-30,99.0,127.0,
6270,2014.0,1.0,2014/S1,2014-01-01,2014-06-30,100.0,127.0,
6271,2014.0,1.0,2014/S1,2014-01-01,2014-06-30,101.0,127.0,
6272,2014.0,1.0,2014/S1,2014-01-01,2014-06-30,102.0,127.0,
6273,2014.0,1.0,2014/S1,2014-01-01,2014-06-30,103.0,127.0,
6274,2014.0,1.0,2014/S1,2014-01-01,2014-06-30,104.0,127.0,
6275,2014.0,1.0,2014/S1,2014-01-01,2014-06-30,105.0,127.0,
6276,2014.0,1.0,2014/S1,2014-01-01,2014-06-30,106.0,127.0,
6277,2014.0,1.0,2014/S1,2014-01-01,2014-06-30,107.0,127.0,
6278,2014.0,1.0,2014/S1,2014-01-01,2014-06-30,108.0,127.0,
6279,2014.0,1.0,2014/S1,2014-01-01,2014-06-30,109.0,127.0,
6280,2014.0,1.0,2014/S1,2014-01-01,2014-06-30,110.0,127.0,
6281,2014.0,1.0,2014/S1,2014-01-01,2014-06-30,111.0,127.0,
6282,2014.0,1.0,2014/S1,2014-01-01,2014-06-30,112.0,127.0,
6283,2014.0,1.0,2014/S1,2014-01-01,2014-06-30,113.0,127.0,
6284,2014.0,1.0,2014/S1,2014-01-01,2014-06-30,114.0,127.0,
6285,2014.0,1.0,2014/S1,2014-01-01,2014-06-30,115.0,127.0,
6286,2014.0,1.0,2014/S1,2014-01-01,2014-06-30,116.0,127.0,
6287,2014.0,1.0,2014/S1,2014-01-01,2014-06-30,117.0,127.0,
6288,2014.0,1.0,2014/S1,2014-01-01,2014-06-30,118.0,127.0,
6289,2014.0,1.0,2014/S1,2014-01-01,2014-06-30,119.0,127.0,
6290,2014.0,1.0,2014/S1,2014-01-01,2014-06-30,120.0,127.0,
6291,2014.0,1.0,2014/S1,2014-01-01,2014-06-30,121.0,127.0,
6292,2014.0,1.0,2014/S1,2014-01-01,2014-06-30,122.0,127.0,
6293,2014.0,1.0,2014/S1,2014-01-01,2014-06-30,123.0,127.0,
6294,2014.0,1.0,2014/S1,2014-01-01,2014-06-30,124.0,127.0,
6295,2014.0,1.0,2014/S1,2014-01-01,2014-06-30,125.0,127.0,
6296,2014.0,1.0,2014/S1,2014-01-01,2014-06-30,126.0,127.0,
6297,2014.0,1.0,2014/S1,2014-01-01,2014-06-30,127.0,127.0,
6298,,,,,,,,
6299,,,,,,,,
6300,,,,,,,,
6301,,,,,,,,
6302,,,,,,,,
6303,,,,,,,,
6304,,,,,,,,
6305,,,,,,,,
6306,,,,,,,,
6307,,,,,,,,
6308,,,,,,,,
6309,,,,,,,,
6310,,,,,,,,
6311,,,,,,,,
6312,,,,,,,,
6313,,,,,,,,
6314,,,,,,,,
6315,,,,,,,,
6316,,,,,,,,
6317,,,,,,,,
6318,,,,,,,,
6319,,,,,,,,
6320,,,,,,,,
6321,,,,,,,,
6322,,,,,,,,
6323,,,,,,,,
6324,,,,,,,,
6325,,,,,,,,
6326,,,,,,,,
6327,,,,,,,,
6328,,,,,,,,
6329,,,,,,,,
6330,,,,,,,,
6331,,,,,,,,
6332,,,,,,,,
6333,,,,,,,,
6334,,,,,,,,
6335,,,,,,,,
6336,,,,,,,,
6337,,,,,,,,
6338,,,,,,,,
6339,,,,,,,,
6340,,,,,,,,
6341,,,,,,,,
6342,,,,,,,,
6343,,,,,,,,
6344,,,,,,,,
6345,,,,,,,,
6346,,,,,,,,
6347,,,,,,,,
6348,,,,,,,,
6349,,,,,,,,
6350,,,,,,,,
6351,,,,,,,,
6352,,,,,,,,
6353,,,,,,,,
6354,,,,,,,,
6355,,,,,,,,
6356,,,,,,,,
6357,,,,,,,,
6358,,,,,,,,
6359,,,,,,,,
6360,,,,,,,,
6361,,,,,,,,
6362,,,,,,,,
6363,,,,,,,,
6364,,,,,,,,
6365,,,,,,,,
6366,,,,,,,,
6367,,,,,,,,
6368,,,,,,,,
6369,,,,,,,,
6370,,,,,,,,
6371,,,,,,,,
6372,,,,,,,,
6373,,,,,,,,
6374,,,,,,,,
6375,,,,,,,,
6376,,,,,,,,
6377,,,,,,,,
6378,,,,,,,,
6379,,,,,,,,
6380,,,,,,,,
6381,,,,,,,,
6382,,,,,,,,
6383,,,,,,,,
6384,,,,,,,,
6385,,,,,,,,
6386,,,,,,,,
6387,,,,,,,,
6388,,,,,,,,
6389,,,,,,,,
6390,,,,,,,,
6391,,,,,,,,
6392,,,,,,,,
6393,,,,,,,,
6394,,,,,,,,
6395,,,,,,,,
6396,,,,,,,,
6397,,,,,,,,
6398,,,,,,,,
6399,,,,,,,,
6400,,,,,,,,
6401,,,,,,,,
6402,,,,,,,,
6403,,,,,,,,
6404,,,,,,,,
6405,,,,,,,,
6406,,,,,,,,
6407,,,,,,,,
6408,,,,,,,,
6409,,,,,,,,
6410,,,,,,,,
6411,,,,,,,,
6412,,,,,,,,
6413,,,,,,,,
6414,,,,,,,,
6415,,,,,,,,
6416,,,,,,,,
6417,,,,,,,,
6418,,,,,,,,
6419,,,,,,,,
6420,,,,,,,,
6421,,,,,,,,
6422,,,,,,,,
6423,,,,,,,,
6424,,,,,,,,
6425,,,,,,,,
