,retorno_diario
1991-07-01,0.0
1991-07-02,-6.416238395097423e-05
1991-07-03,0.0008398630194792426
1991-07-05,-0.0012182774558899558
1991-07-08,0.0008427968643561134
1991-07-09,0.0014297962827341019
1991-07-10,0.0007143724722423816
1991-07-11,0.0008598563893482489
1991-07-12,0.0008666795422978106
1991-07-15,0.0006503460011168423
1991-07-16,0.0006993691109769678
1991-07-17,0.0004393938145629397
1991-07-18,0.0006069878274471481
1991-07-19,0.00041189921056385034
1991-07-22,-0.00040612530162691015
1991-07-23,-0.0003180322888034127
1991-07-24,0.00048654315893502663
1991-07-25,-0.00043098012908098556
1991-07-26,0.0007526009432163919
1991-07-29,0.0006753256801846919
1991-07-30,-0.00028016272746043193
1991-07-31,-2.0297663216295795e-05
1991-08-01,7.726953781679995e-05
1991-08-02,0.0006100636758740445
1991-08-05,-0.0004200090097017693
1991-08-06,-0.00030610402365465676
1991-08-07,-0.0013483814143410325
1991-08-08,-0.0008149803651756259
1991-08-09,0.0004304779375675885
1991-08-12,0.0008731243681204366
1991-08-13,0.0007607018439677428
1991-08-14,-0.0004546135661321313
1991-08-15,-0.0009646011622873034
1991-08-16,0.0003506129637461684
1991-08-19,0.00044227637606356773
1991-08-20,-0.0031216461662387967
1991-08-21,0.003158966722611605
1991-08-22,0.004285430871696292
1991-08-23,-0.0002882904939856305
1991-08-26,-0.004658732320282306
1991-08-27,0.0009393283078044665
1991-08-28,0.0021713545862085478
1991-08-29,-0.00017921570701033164
1991-08-30,-0.0009720402086344428
1991-09-03,-0.001002426391123243
1991-09-04,-0.0007635066993365111
1991-09-05,0.0028431360647588107
1991-09-06,-0.00027862928730176123
1991-09-09,0.0006961503522336763
1991-09-10,-0.001835656772924766
1991-09-11,0.00041713589332319364
1991-09-12,0.0011286643772782019
1991-09-13,0.0013681265143177725
1991-09-16,-0.0008179154434198169
1991-09-17,-0.0008185269139217445
1991-09-18,-0.00018641370923595755
1991-09-19,0.0036178044833851675
1991-09-20,-0.0027481377146277293
1991-09-23,-0.001972355493754417
1991-09-24,0.004173599772614303
1991-09-25,0.00244581318592581
1991-09-26,-0.001065675296412248
1991-09-27,0.00027807547351059594
1991-09-30,0.0012734090318811337
1991-10-01,0.003215830787198742
1991-10-02,0.0011743546135170937
1991-10-03,0.0007747184843266014
1991-10-04,0.0011052377231636392
1991-10-07,-0.0040366950752037615
1991-10-08,0.003493359404176445
1991-10-09,0.0017021567654973372
1991-10-10,0.0008913157943251898
1991-10-11,0.002050986146700799
1991-10-14,0.004463431257188795
1991-10-15,0.001344179887180683
1991-10-16,-0.002200669301706613
1991-10-17,-0.0008695871829207544
1991-10-18,0.0006002382566885657
1991-10-21,0.0015132989398346675
1991-10-22,-0.002122392820195823
1991-10-23,-0.0001355285949904382
1991-10-24,-0.0005247646119572073
1991-10-25,0.0008855692042569734
1991-10-28,0.0016165928465238747
1991-10-29,-0.0038312093044669945
1991-10-30,0.0024997287791697995
1991-10-31,0.003139659342129816
1991-11-01,-0.002767727605256025
1991-11-04,0.0002985184201552252
1991-11-05,-0.0003952215729694765
1991-11-06,-3.6096399832451254e-05
1991-11-07,-0.0017863091845552843
1991-11-08,0.0028625921207885187
1991-11-11,-0.0012723245792087654
1991-11-12,-0.003152263251560436
1991-11-13,-0.006593932908384885
1991-11-14,-0.0005110053894281885
1991-11-15,0.0007604332133554159
1991-11-18,-0.0007769574118996881
1991-11-19,0.0001312248824149661
1991-11-20,0.001080682841592267
1991-11-21,0.0008336646534796535
1991-11-22,0.001609058066979001
1991-11-25,-0.0007368066030646874
1991-11-26,0.004570750026280547
1991-11-27,0.0017504521437573567
1991-11-29,0.003727271442345502
1991-12-02,0.0009513762996439024
1991-12-03,-0.0011114141581644286
1991-12-04,0.001000947037094146
1991-12-05,-4.9634813199341564e-05
1991-12-06,-9.548371794374644e-05
1991-12-09,0.0008320083167973233
1991-12-10,-0.0038891619813062207
1991-12-11,0.003095109954811907
1991-12-12,0.0011904449928397166
1991-12-13,0.0031025762592610203
1991-12-16,0.0009453264355365382
1991-12-17,-0.002257800915307954
1991-12-18,0.00035957254427904117
1991-12-19,0.0009671357030329934
1991-12-20,-0.0003368837908358793
1991-12-23,-0.0005383200070987239
1991-12-24,0.005987733720033468
1991-12-26,0.002608734902465991
1991-12-27,0.0005702296900468644
1991-12-30,-0.0003755177832628758
1991-12-31,-7.012007316434708e-05
1992-01-02,-0.0009526678190677617
1992-01-03,0.0006249658274179991
1992-01-06,0.0018272205000466448
1992-01-07,0.004318472681553557
1992-01-08,0.001559907198563597
1992-01-09,0.0015188063002625652
1992-01-10,0.0021062640861227843
1992-01-13,0.0003211461549850063
1992-01-14,-0.0027944618194913878
1992-01-15,0.0013041246651780754
1992-01-16,0.0013556673782751819
1992-01-17,0.0014872913329168878
1992-01-20,-0.0003280828670363485
1992-01-21,0.003540836817565828
1992-01-22,-0.001834314903772015
1992-01-23,-0.001107644711357106
1992-01-24,-0.0014925370953145257
1992-01-27,0.000952045931438178
1992-01-28,-0.0006332170008040425
1992-01-29,0.0023027673490410225
1992-01-30,-0.0021794667056712212
1992-01-31,-0.004160564062717463
1992-02-03,-5.852311436747738e-05
1992-02-04,-0.00158024995135944
1992-02-05,0.0030064875868494683
1992-02-06,0.0004971641306888264
1992-02-07,5.421048089017157e-06
1992-02-10,0.0017838208049035585
1992-02-11,-0.0011794859601741464
1992-02-12,-0.0037210972246376106
1992-02-13,0.002102814616997085
1992-02-14,-0.0027395257139359017
1992-02-18,0.0007513513978355869
1992-02-19,-0.0011263581474320235
1992-02-20,-0.0003636447018065144
1992-02-21,0.0007579220998760262
1992-02-24,0.0013969138297453534
1992-02-25,0.004289248196862561
1992-02-26,-0.0022741395918264027
1992-02-27,0.005170927625330471
1992-02-28,0.0003154357453234973
1992-03-02,0.0016624710368652175
1992-03-03,-0.00019264439514761166
1992-03-04,-0.0014245801497329807
1992-03-05,4.5220721503227806e-05
1992-03-06,0.0014441683391977073
1992-03-09,0.0016151214514111755
1992-03-10,-0.00010174079139084203
1992-03-11,-0.002017819931427043
1992-03-12,0.0016749606231456229
1992-03-13,0.0016814866389691817
1992-03-16,-1.6822273724846655e-05
1992-03-17,-0.002227394139917558
1992-03-18,0.004656198876047302
1992-03-19,-0.0010238043940053838
1992-03-20,0.0006970350244642014
1992-03-23,-0.0028889827097447482
1992-03-24,0.002587913240662521
1992-03-25,-0.0008656725576638238
1992-03-26,0.0022011587547015946
1992-03-27,-0.0009851874151367243
1992-03-30,0.0010074600186304897
1992-03-31,-0.0018007090660931103
1992-04-01,0.002545787159134995
1992-04-02,-0.0006889911520441134
1992-04-03,-0.000337615259185115
1992-04-06,0.0015649314454583105
1992-04-07,-0.002469299648715234
1992-04-08,-0.00046978065518806563
1992-04-09,0.0030444378949946336
1992-04-10,0.001444547199057449
1992-04-13,-0.0006835508945535593
1992-04-14,-0.0011598125674897152
1992-04-15,0.0018799099632946605
1992-04-16,0.002030577758451911
1992-04-20,0.0018133831736708767
1992-04-21,0.0006978723238621515
1992-04-22,0.0017014494803717097
1992-04-23,0.0024445456524904868
1992-04-24,-8.774592342442217e-06
1992-04-27,-0.000575336488236732
1992-04-28,9.398800143622527e-07
1992-04-29,0.0003984487598558902
1992-04-30,0.0021624551354035544
1992-05-01,0.0008044236659235153
1992-05-04,2.0434283962214627e-05
1992-05-05,-6.70391620996448e-05
1992-05-06,0.0008293253358060191
1992-05-07,-0.0003460975475096989
1992-05-08,-0.000939814254233496
1992-05-11,-0.000511963818667161
1992-05-12,0.0007426039598641441
1992-05-13,-0.00022163319494252496
1992-05-14,0.0014853587308512088
1992-05-15,-2.279705944000073e-05
1992-05-18,0.0013701153466412217
1992-05-19,0.0012544449855960728
1992-05-20,-0.0006771021048509441
1992-05-21,-4.73333741656782e-05
1992-05-22,0.0018244068847611393
1992-05-26,-0.002808901873969628
1992-05-27,-0.00034600236123465854
1992-05-28,0.0014955849920159456
1992-05-29,0.0013046532831877265
1992-06-01,0.0030946968264228946
1992-06-02,0.0015458382504338387
1992-06-03,1.3121773362328079e-05
1992-06-04,0.0009527250204472675
1992-06-05,0.0003478664178059646
1992-06-08,-1.439957104046365e-05
1992-06-09,0.0007249998057634923
1992-06-10,0.0003483853877957814
1992-06-11,0.0023893321731653563
1992-06-12,-0.0003709912374260259
1992-06-15,-0.000917885841920733
1992-06-16,-0.0001856360532119994
1992-06-17,0.0001807802264174631
1992-06-18,0.0033916991970331226
1992-06-19,-0.0009012385051843991
1992-06-22,0.0023152063595371594
1992-06-23,-0.004675894607370964
1992-06-24,0.00206665168251006
1992-06-25,-0.00033041975181190617
1992-06-26,0.00065080586441702
1992-06-29,-0.0008532795690847757
1992-06-30,0.0018597297519455246
1992-07-01,-0.0020894179695194566
1992-07-02,-0.0003629105445320538
1992-07-06,-0.00263945415224951
1992-07-07,-0.0010527964316299915
1992-07-08,0.0035436328487927224
1992-07-09,0.0022182111678513655
1992-07-10,-0.00098494453506133
1992-07-13,6.783788857340593e-05
1992-07-14,0.0021217017217648763
1992-07-15,0.0014220991114778847
1992-07-16,-0.0008058506812619988
1992-07-17,0.0012779650349423637
1992-07-20,-3.943896595592784e-05
1992-07-21,0.00011004651249234883
1992-07-22,0.003227558084336577
1992-07-23,-0.002618466341939964
1992-07-24,-0.002003285320195427
1992-07-27,0.0006567015320040002
1992-07-28,0.0017992136093425584
1992-07-29,-0.00019267539600633412
1992-07-30,0.0005161116473332423
1992-07-31,-0.0012193125093756597
1992-08-03,0.002446902523468954
1992-08-04,-3.4583657089795257e-06
1992-08-05,-0.0004467111381824895
1992-08-06,0.00010762345048815162
1992-08-07,0.0005323250077404112
1992-08-10,0.0008205062727249697
1992-08-11,0.00167349518121382
1992-08-12,0.0013577533294155065
1992-08-13,0.0007531161493550307
1992-08-14,-0.002076350637767705
1992-08-17,0.0006225748164255094
1992-08-18,0.00307437556931938
1992-08-19,-0.0014885355589233124
1992-08-20,-0.0006096963045304694
1992-08-21,-0.0014532359036060107
1992-08-24,-0.0002749935912077247
1992-08-25,-0.0011266038173810872
1992-08-26,-0.0009201722748194841
1992-08-27,0.0015559483392058196
1992-08-28,-0.0019003993582811264
1992-08-31,0.0005856358745274086
1992-09-01,-0.0005262660896630332
1992-09-02,0.0007694853473109187
1992-09-03,0.0008170374182217683
1992-09-04,-0.00033471754401125374
1992-09-08,0.0034134259447414733
1992-09-09,-0.00048486436902377475
1992-09-10,0.0006244162220533158
1992-09-11,0.0012272035439260494
1992-09-14,0.0014179289115615946
1992-09-15,-0.0014888244327376293
1992-09-16,0.0030925857956188778
1992-09-17,-0.0003391176557182259
1992-09-18,0.001999786040833658
1992-09-21,-0.0001358657175603369
1992-09-22,0.0019569464532025863
1992-09-23,-0.002250759884873356
1992-09-24,-0.00035499922629026625
1992-09-25,-4.9316618580158335e-05
1992-09-28,-0.005146728923567301
1992-09-29,0.003133765425864729
1992-09-30,0.0007169238267065577
1992-10-01,0.0014717477942064886
1992-10-02,-0.00195406159168018
1992-10-05,0.0005408941401034782
1992-10-06,-0.0007150241990377093
1992-10-07,-0.0008586521422441544
1992-10-08,0.0009260652195224411
1992-10-09,0.0013296913772952608
1992-10-12,0.0004695881176493077
1992-10-13,0.00047199936006995277
1992-10-14,0.0016353661866011214
1992-10-15,-0.0007372457505895706
1992-10-16,-0.0006386076629939422
1992-10-19,0.0011866920675104578
1992-10-20,0.001297039435516456
1992-10-21,0.00016764274996186626
1992-10-22,0.0021155368490800653
1992-10-23,-0.002293619230815703
1992-10-26,0.0019265645709091602
1992-10-27,-0.0012202932614883033
1992-10-28,1.4253161305081165e-05
1992-10-29,-0.0003907144193615878
1992-10-30,0.00034172041834609377
1992-11-02,-0.0019064229460318998
1992-11-03,0.002288978010220276
1992-11-04,-0.0009447840702540128
1992-11-05,-0.0009332105327588181
1992-11-06,0.003092931594484578
1992-11-09,-0.0029932083959523636
1992-11-10,-0.00037788478295629956
1992-11-11,0.003088739230776313
1992-11-12,-0.0010144727152962114
1992-11-13,-0.0026254444506764747
1992-11-16,0.0004849775415869932
1992-11-17,-0.00017125448288587497
1992-11-18,0.0029711596640104375
1992-11-19,-0.0013853658584814315
1992-11-20,0.0011390491222643222
1992-11-23,-0.00299829870813365
1992-11-24,0.00030344856825123713
1992-11-25,-0.0026093044925799853
1992-11-27,0.0008162634290329836
1992-11-30,-0.0006309170501208987
1992-12-01,-0.000161960808070301
1992-12-02,-6.883624137628761e-05
1992-12-03,0.0003312503589934963
1992-12-04,0.001468795770084301
1992-12-07,-0.0013432854224002173
1992-12-08,0.0028321088727721903
1992-12-09,0.0021851281340299973
1992-12-10,0.002492319979448627
1992-12-11,-0.002266738904439926
1992-12-14,0.0010161835677981424
1992-12-15,0.0011549186445345243
1992-12-16,0.0002684840513957611
1992-12-17,-0.00034709430493900465
1992-12-18,0.0007205618461974856
1992-12-21,0.0001560202754355927
1992-12-22,0.00014839707388151254
1992-12-23,0.0004961923364720033
1992-12-24,-0.0015566486738773366
1992-12-28,0.0020872777067495333
1992-12-29,0.0029935953121404076
1992-12-30,-0.0007732060467625373
1992-12-31,0.00014203366695389436
1993-01-04,0.0005483797993918794
1993-01-05,0.00015236520449958527
1993-01-06,-0.0001315792015718953
1993-01-07,0.000769794981966862
1993-01-08,0.0003812837993379335
1993-01-11,0.0008800082267895455
1993-01-12,0.0033511552291963487
1993-01-13,-0.0003104522189646656
1993-01-14,-8.100759737282309e-05
1993-01-15,0.0018889661101008347
1993-01-18,-0.0020107727442298063
1993-01-19,-0.0005453256795959388
1993-01-20,0.002612706787725873
1993-01-21,-0.00037980796072725135
1993-01-22,0.0013338313525004797
1993-01-25,-0.0003943356871321888
1993-01-26,0.003158114578057198
1993-01-27,0.0004785857161426856
1993-01-28,-0.0005876247696700406
1993-01-29,0.0005446750721225791
1993-02-01,0.002204515004716758
1993-02-02,0.0017346968182844077
1993-02-03,0.001781529501776812
1993-02-04,-0.0015277254130359312
1993-02-05,0.0030274346767439017
1993-02-08,-0.001372422400515831
1993-02-09,0.0010005125443092197
1993-02-10,0.0010067133779989986
1993-02-11,0.0013141783900555682
1993-02-12,-0.0003064984768636595
1993-02-16,0.0004162566515464847
1993-02-17,-0.001258870107760129
1993-02-18,0.00018696978155791267
1993-02-19,0.0005196120467127753
1993-02-22,-0.00074853747390783
1993-02-23,0.0046117478705741495
1993-02-24,0.0007363829721914285
1993-02-25,6.164788181373296e-05
1993-02-26,0.00047238838345562404
1993-03-01,0.0013984902261621646
1993-03-02,-0.0007343122883871176
1993-03-03,-1.7615571375703512e-05
1993-03-04,0.00030217772534806475
1993-03-05,-0.0005030028272021438
1993-03-08,0.0022082225051834096
1993-03-09,1.344751555426814e-05
1993-03-10,0.0009121657254521497
1993-03-11,-0.0004374643431152686
1993-03-12,-0.001168480913083053
1993-03-15,-0.0005526277266656613
1993-03-16,0.0011975216828275113
1993-03-17,3.8970235794356704e-05
1993-03-18,-0.000181503037552366
1993-03-19,-0.0019734806015229704
1993-03-22,0.001107613898273446
1993-03-23,-0.001820105535609427
1993-03-24,-0.0003472187911810745
1993-03-25,-0.0005061454287510609
1993-03-26,-0.0023052630069989285
1993-03-29,0.00098154191127233
1993-03-30,-0.0006473063778106333
1993-03-31,-0.0011742563865674576
1993-04-01,0.0018446026853914006
1993-04-02,-0.0007644385355618425
1993-04-05,0.0012511352118601505
1993-04-06,0.001071504683722423
1993-04-07,-0.0011629396180752821
1993-04-08,0.00045802451218700653
1993-04-12,0.00025314466209565826
1993-04-13,0.0007194001335274847
1993-04-14,0.00029500210178180043
1993-04-15,-0.002412353395849523
1993-04-16,-0.0005378103417865012
1993-04-19,-0.0022408167944599584
1993-04-20,0.0004385120783269508
1993-04-21,0.002184709875160972
1993-04-22,0.0021836427807492655
1993-04-23,-0.00391098354462718
1993-04-26,8.487514297633933e-05
1993-04-27,0.00037018186303005684
1993-04-28,-2.8467550343441785e-05
1993-04-29,-0.001128258933866854
1993-04-30,0.001924921570432871
1993-05-03,-0.00032619660122259624
1993-05-04,0.0004058569892407468
1993-05-05,-0.0011266487222476398
1993-05-06,0.0016505421496160802
1993-05-07,0.00046725318261021736
1993-05-10,-0.0014678400887986893
1993-05-11,-0.00024160173594791283
1993-05-12,0.0018815824445517872
1993-05-13,0.005039181231347206
1993-05-14,-0.002870769753251686
1993-05-17,-0.0009169616901230668
1993-05-18,0.00016059518101622765
1993-05-19,-0.0007241476203992173
1993-05-20,0.00031831546956512995
1993-05-21,3.514204903055508e-05
1993-05-24,0.0003496751479927522
1993-05-25,-0.0005384121507110274
1993-05-26,-0.001023293330231037
1993-05-27,0.0008216507515563671
1993-05-28,-0.0005730111018220059
1993-06-01,0.0010715774890568033
1993-06-02,0.0007703951883363621
1993-06-03,-0.0012473828717973806
1993-06-04,-0.0023224789297110458
1993-06-07,0.002433042512929558
1993-06-08,-0.0005496555449242585
1993-06-09,0.0010719864129737277
1993-06-10,0.0013600646016869976
1993-06-11,-0.0009161396877052335
1993-06-14,0.0011233785912889787
1993-06-15,0.0012803063004618402
1993-06-16,-0.002181403013233377
1993-06-17,0.0011208305283254406
1993-06-18,-0.00022459398444285063
1993-06-21,-0.0010987444830005688
1993-06-22,-0.0012066438976715268
1993-06-23,0.003237722042759478
1993-06-24,0.002363047356791979
1993-06-25,-0.0006323760238232608
1993-06-28,0.0018809306110849954
1993-06-29,-0.0020383111142087294
1993-06-30,-0.0023828047855224245
1993-07-01,0.0003314985697360112
1993-07-02,0.0020916816292947523
1993-07-06,-0.0015052928026166917
1993-07-07,0.0005154854075644452
1993-07-08,0.0012591246969701835
1993-07-09,-0.0013625403945311866
1993-07-12,-0.002136894959960756
1993-07-13,0.001950640214857131
1993-07-14,-0.0012566075161278163
1993-07-15,-0.0013341552142016975
1993-07-16,-0.0007687577722347706
1993-07-19,-0.0003453395890570085
1993-07-20,-0.0007747874179813969
1993-07-21,8.204946444570497e-05
1993-07-22,0.001360252050430411
1993-07-23,0.0012418508023570843
1993-07-26,0.00024176164415739748
1993-07-27,0.0008474751862303405
1993-07-28,-0.0012509315165177013
1993-07-29,0.0014068877675343647
1993-07-30,0.0010761961605510956
1993-08-02,0.00043369404486511947
1993-08-03,-0.001520718201778999
1993-08-04,0.0021981209815320566
1993-08-05,-0.0015656371800216843
1993-08-06,0.0007205250071605022
1993-08-09,0.0024220605743264724
1993-08-10,0.0009220463141910717
1993-08-11,-0.0011199765349692305
1993-08-12,-0.00042838523533109916
1993-08-13,0.0014188826854765113
1993-08-16,-0.00013436531540523736
1993-08-17,-0.0014967724310065724
1993-08-18,-0.0003631426800898899
1993-08-19,-0.0003385499815390533
1993-08-20,-0.001591952049050273
1993-08-23,-0.0008281831760129857
1993-08-24,-0.0006460664467010278
1993-08-25,0.001705503581013848
1993-08-26,0.00396824480924603
1993-08-27,-0.00012044187051717676
1993-08-30,-0.0009707435277604752
1993-08-31,0.0014692448926929504
1993-09-01,-0.00032712259382196757
1993-09-02,0.0002721125553493443
1993-09-03,-0.0009391750734098672
1993-09-07,-0.00039775028784830595
1993-09-08,0.00045745120522536475
1993-09-09,-0.0005976395794697054
1993-09-10,-0.0009997447206796081
1993-09-13,-8.334694727770445e-05
1993-09-14,0.003298503529818462
1993-09-15,0.0002291521952727895
1993-09-16,-0.0004726457047588326
1993-09-17,0.000664363584231277
1993-09-20,6.266500297201366e-05
1993-09-21,0.0003856290223694672
1993-09-22,3.728038825916356e-05
1993-09-23,-0.0007447670746514944
1993-09-24,0.0004066601153127301
1993-09-27,0.000374284852158033
1993-09-28,-0.00016040162441164775
1993-09-29,0.0018174926817191614
1993-09-30,-5.40251016002763e-06
1993-10-01,-0.0012344567681441209
1993-10-04,0.000911170241995381
1993-10-05,-9.257763389882941e-05
1993-10-06,-0.0016345632976444448
1993-10-07,0.0032026373008969124
1993-10-08,-2.2836866080563785e-06
1993-10-11,0.001396554400312409
1993-10-12,-0.0015298373884533737
1993-10-13,-0.0007653222575974089
1993-10-14,-0.000644413889947541
1993-10-15,0.001968806318588559
1993-10-18,-0.0015079099188278007
1993-10-19,0.00033970197173726827
1993-10-20,0.00045870429824592193
1993-10-21,-0.0033567704814383057
1993-10-22,0.0040919507730491685
1993-10-25,-0.0019753500452752695
1993-10-26,-0.0024769485268596693
1993-10-27,0.0005727398165157237
1993-10-28,-0.001218332709937787
1993-10-29,0.0015613304245216725
1993-11-01,-0.00022668793062715975
1993-11-02,-0.00134628451964615
1993-11-03,-0.0015190353862349613
1993-11-04,-0.0006171757428980985
1993-11-05,0.0034096906350388413
1993-11-08,-0.001939957431021449
1993-11-09,0.001417791749976259
1993-11-10,-0.0029208643090069247
1993-11-11,0.0035299078995980134
1993-11-12,-0.0003826755023532229
1993-11-15,-0.001599084825377396
1993-11-16,-0.000124279511745536
1993-11-17,-0.0012243479221805199
1993-11-18,-0.0022467333937005083
1993-11-19,-0.0016188954924727433
1993-11-22,0.0038117598397632876
1993-11-23,0.003927705358295921
1993-11-24,-0.0008169853424807326
1993-11-26,0.0006009113752620215
1993-11-29,0.0015050547453723936
1993-11-30,-0.0019153137946271179
1993-12-01,0.001987394053035323
1993-12-02,6.574117356744043e-05
1993-12-03,0.0006826428871841407
1993-12-06,0.00029621822493214783
1993-12-07,0.00276060418297906
1993-12-08,0.0005349068426843351
1993-12-09,0.0003697197364819922
1993-12-10,-0.002141313695338939
1993-12-13,0.002068536471996024
1993-12-14,-0.0006431221944313662
1993-12-15,-0.0008270514715973596
1993-12-16,0.0010929374347819116
1993-12-17,0.001226214852976514
1993-12-20,0.0015221223939452793
1993-12-21,-0.0006943540553404022
1993-12-22,0.0015490298698388782
1993-12-23,0.0017375137783041518
1993-12-27,-0.003328634236684899
1993-12-28,0.0012584259434301817
1993-12-29,0.000610480969687925
1993-12-30,-0.002132861218346507
1993-12-31,0.002075391131192359
1994-01-03,0.0014334141541968407
1994-01-04,-0.0018152570865491435
1994-01-05,0.000689106270813014
1994-01-06,-0.001717168769040743
1994-01-07,-0.0009516415047103671
1994-01-10,-0.0013070962478604969
1994-01-11,0.0046948954254219044
1994-01-12,-0.0046756173177711635
1994-01-13,0.0010683294110108963
1994-01-14,-0.002292255616792285
1994-01-17,0.002236531434770669
1994-01-18,-0.0007237630434356937
1994-01-19,0.0005765488020824482
1994-01-20,-0.0012020726966423248
1994-01-21,-0.0033760210441779004
1994-01-24,0.00025629895234915377
1994-01-25,0.0028017171375202903
1994-01-26,0.0029192174431882946
1994-01-27,0.0007077438779625022
1994-01-28,-0.0015278648096786062
1994-01-31,8.610275855860441e-05
1994-02-01,-0.0020404927413060856
1994-02-02,0.0028764706884081056
1994-02-03,0.0032236526475999372
1994-02-04,-0.00016799383799524353
1994-02-07,0.0005235440096001239
1994-02-08,0.003195854056765221
1994-02-09,0.0014851718235096049
1994-02-10,0.0011198214605786358
1994-02-11,0.00031718804052236193
1994-02-14,0.00043061525171365114
1994-02-15,-0.0015479394405997619
1994-02-16,0.004998582440150504
1994-02-17,-0.00017593844700594587
1994-02-18,0.00032052814983956983
1994-02-22,0.0011486430822280867
1994-02-23,0.0027134344602869395
1994-02-24,0.0004645172107836145
1994-02-25,0.0027951488814892053
1994-02-28,-0.000772736360815839
1994-03-01,-0.001191200577911375
1994-03-02,0.00042877450063690594
1994-03-03,-0.0017983702474899592
1994-03-04,8.711588851361901e-05
1994-03-07,0.0035270333017458294
1994-03-08,-0.0007154525712610236
1994-03-09,0.002109308596932124
1994-03-10,0.00040398451973883744
1994-03-11,-0.0003710544740757255
1994-03-14,-0.0025309655793940436
1994-03-15,0.0001962699023684553
1994-03-16,0.001578558879519787
1994-03-17,0.0013538781889638784
1994-03-18,0.0019488131037846195
1994-03-21,-0.0029963145382681483
1994-03-22,0.0012524058986438053
1994-03-23,-0.0002342826136606207
1994-03-24,-3.862822072263032e-05
1994-03-25,0.0034184821153555676
1994-03-28,0.0014075401848292763
1994-03-29,0.0004871432326348755
1994-03-30,-0.0027635039392280023
1994-03-31,0.00079511397835483
1994-04-04,-0.0017682193166763144
1994-04-05,0.003857536072688523
1994-04-06,-0.0028273674018683497
1994-04-07,0.0010272514151027266
1994-04-08,-0.002705235928462922
1994-04-11,-0.0010301560350434596
1994-04-12,-3.043886228029476e-05
1994-04-13,0.002225520953433905
1994-04-14,-0.0005593479383621225
1994-04-15,0.00020975285700053844
1994-04-18,0.0006982011407679113
1994-04-19,-2.7302573058328333e-05
1994-04-20,0.00014523785593767246
1994-04-21,0.0007800289118938988
1994-04-22,-0.0060045122520267745
1994-04-25,-0.0009386742652429991
1994-04-26,0.00030132416410148474
1994-04-28,0.0006128893338394508
1994-04-29,-0.0021147939254597004
1994-05-02,-0.0004976555864437704
1994-05-03,-0.0033632585077441614
1994-05-04,0.0016854601505771143
1994-05-05,0.0013869769401880455
1994-05-06,-0.0012945261304674674
1994-05-09,-0.009644755186421364
1994-05-10,-0.0015435412597146383
1994-05-11,-0.0017171580974927496
1994-05-12,0.004481928760386098
1994-05-13,0.0015544492196454035
1994-05-16,-0.00122947805489962
1994-05-17,0.002733656796835184
1994-05-18,-0.00019845892517117634
1994-05-19,0.004201907924240766
1994-05-20,0.0013914741056735651
1994-05-23,-0.0006220285218683595
1994-05-24,-0.002058733016330468
1994-05-25,0.0011777933493956388
1994-05-26,0.0012735658868558643
1994-05-27,0.003036866244049333
1994-05-31,-3.14150617119634e-05
1994-06-01,-0.001875824850782941
1994-06-02,-0.0011800246803977494
1994-06-03,0.004709161099821964
1994-06-06,0.000341016948655385
1994-06-07,-0.0009393808655215867
1994-06-08,0.0002792138180922817
1994-06-09,-0.0007592876369198545
1994-06-10,-0.0007141151421821784
1994-06-13,0.001549280500465003
1994-06-14,0.004150839220466851
1994-06-15,0.00030639001875295397
1994-06-16,-0.000801124887750911
1994-06-17,-0.0025636701844507477
1994-06-20,0.0007890403645238554
1994-06-21,0.0031505859185821726
1994-06-22,-9.96451555048262e-05
1994-06-23,-0.003062155566788007
1994-06-24,0.0015156914627883291
1994-06-27,-0.0004022535365404381
1994-06-28,0.0016604621450801705
1994-06-29,0.0004233324508792205
1994-06-30,-0.00017005073018232046
1994-07-01,-0.0003125830133318697
1994-07-05,0.00019907316126375397
1994-07-06,0.0015640613177052387
1994-07-07,0.0026501994016766236
1994-07-08,0.0006834497029082464
1994-07-11,0.000434097166056516
1994-07-12,-0.0015765155244512605
1994-07-13,0.0022197074587898954
1994-07-14,0.0018192713406266537
1994-07-15,0.00015680553429221812
1994-07-18,-0.00035648537693045785
1994-07-19,-0.0013513849652702524
1994-07-20,0.0007087130066866342
1994-07-21,-0.0010341644401399594
1994-07-22,-0.001212870252590441
1994-07-25,0.0031902895035181927
1994-07-26,-0.0011378645559365983
1994-07-27,0.0010419855617639087
1994-07-28,0.001413266951853774
1994-07-29,-0.0006089650517047263
1994-08-01,0.0007581741786786286
1994-08-02,-0.002009952117375404
1994-08-03,0.0029509701371424153
1994-08-04,9.166624684675145e-05
1994-08-05,0.0007641923464069764
1994-08-08,-0.0015218068872752935
1994-08-09,7.129841279562634e-05
1994-08-10,0.0002971741087634107
1994-08-11,-0.00022332540087303086
1994-08-12,0.00014237624505787064
1994-08-15,0.0019946711396262072
1994-08-16,-0.0009371273038769029
1994-08-17,-0.0003605033957496846
1994-08-18,0.001554073023612613
1994-08-19,-0.00021912943834255806
1994-08-22,0.0015407912456098876
1994-08-23,-0.00024625638538698945
1994-08-24,-0.00023823501306017834
1994-08-25,-0.00024021382626866498
1994-08-26,0.0013127281341990306
1994-08-29,0.0003059504498635303
1994-08-30,-0.00016473112200511198
1994-08-31,-0.0020037082917630693
1994-09-01,-0.0025709392653284592
1994-09-02,0.0005649794290136146
1994-09-06,-2.144494721456677e-05
1994-09-07,-0.000917367509004526
1994-09-08,-0.0008923922582388393
1994-09-09,-0.000276224496321479
1994-09-12,-0.00039292778829846703
1994-09-13,0.00028798494121647615
1994-09-14,0.0010056256018537767
1994-09-15,0.0015440909785628088
1994-09-16,-0.0007163147857084713
1994-09-19,0.003978969759389771
1994-09-20,-0.0020258518483632507
1994-09-21,-0.0014500528161430863
1994-09-22,0.0006024249899872308
1994-09-23,0.0012807307755931135
1994-09-26,0.00045415010536273303
1994-09-27,0.0013396008340209676
1994-09-28,0.0020863387277474375
1994-09-29,0.0019065701300258785
1994-09-30,-0.0021887445070664997
1994-10-03,-0.0005229763806898666
1994-10-04,-0.002859912602208482
1994-10-05,0.0010710202357516504
1994-10-06,0.0044800683834339905
1994-10-07,0.0030966152688202474
1994-10-10,-0.0004773435359429695
1994-10-11,0.0025684302634173825
1994-10-12,0.0017631792602076678
1994-10-13,0.0010787477598747245
1994-10-14,0.0006642354240458694
1994-10-17,0.0006205270500540691
1994-10-18,-0.0019769614252653834
1994-10-19,0.00017661933182099588
1994-10-20,0.00011544312995865533
1994-10-21,0.0006103318768238516
1994-10-24,-0.0022124038806312046
1994-10-25,0.0011098562899350584
1994-10-26,-0.0021052206308342907
1994-10-27,0.0009035571982051249
1994-10-28,2.3456564328694594e-05
1994-10-31,-0.002032566467043502
1994-11-01,0.0019248001304943848
1994-11-02,0.00043572198669553975
1994-11-03,-0.0015610721495663321
1994-11-04,0.0014722190593320604
1994-11-07,0.0009687767272026739
1994-11-08,-0.0017157156194410406
1994-11-09,0.0020832924597329523
1994-11-10,0.00011644935381648546
1994-11-11,0.001281314082621541
1994-11-14,0.0010968435075261694
1994-11-15,-0.0017712207299703617
1994-11-16,-0.002094243565323994
1994-11-17,0.00010633951807794608
1994-11-18,0.002657838505153839
1994-11-21,-0.0032646757254891005
1994-11-22,-0.0022217328215994223
1994-11-23,0.0004243809935265121
1994-11-25,0.002163775072831
1994-11-28,-0.001510633869079765
1994-11-29,0.002098826953203539
1994-11-30,0.0018253464027254307
1994-12-01,0.0021784838501386072
1994-12-02,-0.0016061307780275375
1994-12-05,-0.0013303456298296304
1994-12-06,-0.0004590336953541458
1994-12-07,-0.0005094021481670566
1994-12-08,0.0033627272986738324
1994-12-09,0.0007020897459343486
1994-12-12,4.922653495332202e-05
1994-12-13,0.002120954540339449
1994-12-14,0.005037352969099074
1994-12-15,-0.0006032905769985761
1994-12-16,0.0015468716951610867
1994-12-19,0.0007217192458798166
1994-12-20,0.0033835470971621882
1994-12-21,-0.00228572375776079
1994-12-22,0.00207495055060167
1994-12-23,-0.0002826302550524174
1994-12-27,-0.0009675505888597877
1994-12-28,0.0007737982091411073
1994-12-29,0.0015039479288179068
1994-12-30,0.00026320095121505984
1995-01-03,0.0017812378530454348
1995-01-04,0.0004619056965574788
1995-01-05,0.000908309871188447
1995-01-06,-0.00016044868143064387
1995-01-09,-0.0005783904917672528
1995-01-10,0.0005750991296773085
1995-01-11,0.0007819909073938085
1995-01-12,-0.0006756037031032744
1995-01-13,0.0018922860125526835
1995-01-16,0.0031603311106231714
1995-01-17,-0.0013290317042975797
1995-01-18,0.00014994347354300522
1995-01-19,-0.0010752771430624073
1995-01-20,0.0007080392592263021
1995-01-23,0.0005303873039739698
1995-01-24,0.000311061801999417
1995-01-25,2.963079244732575e-05
1995-01-26,0.0025212813107180283
1995-01-27,0.0024159367468146536
1995-01-30,-0.00013245867474174204
1995-01-31,-0.000814043372253895
1995-02-01,0.001668599342417744
1995-02-02,0.0005047492712806867
1995-02-03,1.7717381258244268e-05
1995-02-06,3.411937232800424e-05
1995-02-07,0.0007878240198784331
1995-02-08,0.0007552470369060119
1995-02-09,0.003575163143920483
1995-02-10,-0.00019804800768074524
1995-02-13,-0.000717052948334305
1995-02-14,0.0022744651825251385
1995-02-15,-0.0011343993476626163
1995-02-16,0.001993558333067225
1995-02-17,0.0010256060919316054
1995-02-21,-0.0004932261045878385
1995-02-22,-1.1359304666374876e-06
1995-02-23,0.0014052039172004073
1995-02-24,-0.0004252214214275119
1995-02-27,2.18426961337168e-05
1995-02-28,0.0011366084779219287
1995-03-01,0.002780317151564427
1995-03-02,0.0023305542923397165
1995-03-03,-0.0006213619862881143
1995-03-06,-0.0014229561415658764
1995-03-07,0.0019044460115464337
1995-03-08,0.0008560438043687117
1995-03-09,0.000615908183473095
1995-03-10,-0.0010208206926885443
1995-03-13,-1.4352706886851484e-05
1995-03-14,0.0010545739280822149
1995-03-15,0.0005725004944805895
1995-03-16,0.0006243487576050242
1995-03-17,-0.0006567463542573712
1995-03-20,0.0010393118159177635
1995-03-21,-0.000105714293535044
1995-03-22,-0.0005270216170912128
1995-03-23,0.0005567084186058345
1995-03-24,0.00085247911769842
1995-03-27,-0.0003236760975582575
1995-03-28,0.0004185663196842753
1995-03-29,-0.0009334122282133329
1995-03-30,0.0011386545171621991
1995-03-31,-0.00056113434535195
1995-04-03,0.0027672234128673697
1995-04-04,-0.00035028394429056984
1995-04-05,0.0024815777812838133
1995-04-06,-0.00039006434651345
1995-04-07,0.00033863631935634325
1995-04-10,-0.0008953090841164271
1995-04-11,-0.0009204872131171874
1995-04-12,0.0011410257487279502
1995-04-13,0.0022023139856870966
1995-04-17,-0.0007484859121107758
1995-04-18,0.0022104365740105983
1995-04-19,0.001834046298347202
1995-04-20,-0.0007501361976867377
1995-04-21,0.0011477095208326062
1995-04-24,0.00020602732882756518
1995-04-25,0.0003408230210793321
1995-04-26,-9.827001206618226e-05
1995-04-27,-0.0001985097876878762
1995-04-28,0.0003426918676060701
1995-05-01,-0.001211925391872068
1995-05-02,0.0006982594684861996
1995-05-03,0.00037459099941838985
1995-05-04,0.00040130214911571877
1995-05-05,-2.968917064106932e-05
1995-05-08,-0.0026512051692165186
1995-05-09,0.0026011859217809755
1995-05-10,-0.0016766718041391292
1995-05-11,-0.0007907776309561484
1995-05-12,0.0018404520455430925
1995-05-15,-0.0012008975739401066
1995-05-16,0.001546581640439783
1995-05-17,0.0010025704013760378
1995-05-18,0.0028168746686398436
1995-05-19,0.00013728447023186088
1995-05-22,-0.0012118760971963972
1995-05-23,0.0016025862238986152
1995-05-24,0.0009388761564555796
1995-05-25,-0.002342993999135466
1995-05-26,0.000508091411059168
1995-05-30,0.00027147363528084734
1995-05-31,0.0018041610137310047
1995-06-01,0.0017040547199570063
1995-06-02,-0.0004919050382728934
1995-06-05,0.0005016423878422582
1995-06-06,-0.0002448727264220244
1995-06-07,0.0011840938323928402
1995-06-08,0.0007797612552386229
1995-06-09,0.0014497923177880488
1995-06-12,0.00017869781813625597
1995-06-13,-0.0014026734329625574
1995-06-14,-0.0009402674003816855
1995-06-15,0.0004038506646749474
1995-06-16,0.002763541717109614
1995-06-19,0.0009287291808380287
1995-06-20,-0.0014925446998633302
1995-06-21,0.00029214432385596157
1995-06-22,-0.0009180495820947024
1995-06-23,0.0018166419994063
1995-06-26,0.0005776730496558739
1995-06-27,4.714575963599965e-05
1995-06-28,-0.0023656012635761632
1995-06-29,-0.0005260624765488453
1995-06-30,0.0029484534815920403
1995-07-03,-0.0010810723297133308
1995-07-05,0.0010427249746506092
1995-07-06,-0.0001217266864110038
1995-07-07,0.0013277739990814157
1995-07-10,-0.002823467153035329
1995-07-11,0.0020403462346800243
1995-07-12,-0.0021194356517201473
1995-07-13,1.2506716120708426e-05
1995-07-14,0.00016784401797556535
1995-07-17,0.0025661339381526627
1995-07-18,-0.001832828067397972
1995-07-19,0.0005207702226382976
1995-07-20,-0.0003278621066723355
1995-07-21,0.001460471351077523
1995-07-24,-0.003048939491222105
1995-07-25,-0.0010901302895263865
1995-07-26,0.001186135459732789
1995-07-27,-0.00024229179330401978
1995-07-28,0.0018093619105713607
1995-07-31,-0.0005803398257391766
1995-08-01,-1.7387991564563257e-05
1995-08-02,-0.0003467004274551623
1995-08-03,0.0008222916658472778
1995-08-04,-0.0001429965597550157
1995-08-07,-0.0005507063994984531
1995-08-08,-0.001185162949376359
1995-08-09,0.0004116438990260663
1995-08-10,0.0007276703867759594
1995-08-11,0.0017556267550009228
1995-08-14,-0.004068522952982481
1995-08-15,-0.00020108703546843195
1995-08-16,-0.001851654176525123
1995-08-17,0.00310720019030474
1995-08-18,0.001258520010535982
1995-08-21,-0.0008921458988521036
1995-08-22,-0.0009448716834110344
1995-08-23,-0.00015504997722306333
1995-08-24,0.0008215577457181967
1995-08-25,-0.0004352036369498715
1995-08-28,-0.003503515646840541
1995-08-29,0.00016021437775255604
1995-08-30,-0.0008297472917636479
1995-08-31,0.0015232581749082658
1995-09-01,-0.0017347563053972679
1995-09-05,-0.0002102529898125331
1995-09-06,-0.0012456937171527133
1995-09-07,-3.6418107944265664e-05
1995-09-08,-0.0019477498440844002
1995-09-11,0.0027973982386075235
1995-09-12,-0.0010007568521786787
1995-09-13,0.0009397922249621373
1995-09-14,-0.0009804307942642499
1995-09-15,-0.0014371613607833235
1995-09-18,0.0015672217002661868
1995-09-19,0.006250890878932232
1995-09-20,-0.0023971385811664514
1995-09-21,0.0030244456723739644
1995-09-22,0.00047760288300140527
1995-09-25,0.0012677028126559992
1995-09-26,0.0008586772142037941
1995-09-27,0.0008940225323684194
1995-09-28,-0.0024933276721699443
1995-09-29,0.0014589135510901833
1995-10-02,0.000954393365845079
1995-10-03,0.0003052579733679977
1995-10-04,0.0014517370660149492
1995-10-05,0.0021184599319330113
1995-10-06,-0.0023586804804328087
1995-10-09,0.0010980300529422151
1995-10-10,0.0008404261594972171
1995-10-11,0.0017205668004385527
1995-10-12,-0.0005793433374763732
1995-10-13,0.001609054522713846
1995-10-16,-0.0008903949207648206
1995-10-17,0.000556021896545867
1995-10-18,-0.002498443312765671
1995-10-19,0.0006435090221499804
1995-10-20,0.001919527646479241
1995-10-23,0.0007034931144393214
1995-10-24,0.000712135394324238
1995-10-25,0.0026110383200009845
1995-10-26,0.003025087302879801
1995-10-27,0.0006127467541574642
1995-10-30,0.001723812456260341
1995-10-31,0.0021192325088336722
1995-11-01,-0.00020786841372488185
1995-11-02,-0.001480004478294424
1995-11-03,0.0018268899950454754
1995-11-06,0.0009094060992969435
1995-11-07,0.0013670190206357328
1995-11-08,-0.0008137234533647477
1995-11-09,0.00023475218064826584
1995-11-10,0.0006683212718823015
1995-11-13,0.00048313928078769566
1995-11-14,-0.0002083522005242744
1995-11-15,0.002089368692712701
1995-11-16,0.0016810282051662794
1995-11-17,0.0002090477228874526
1995-11-20,0.000999766560142156
1995-11-21,0.0013205812801662835
1995-11-22,0.0007148596296702111
1995-11-24,0.00031786661700641626
1995-11-27,-0.00028765601905172034
1995-11-28,0.0022648452090301796
1995-11-29,0.0008553370221803959
1995-11-30,-0.0004054320468529735
1995-12-01,-0.00012048803911077361
1995-12-04,-0.00029496188843552187
1995-12-05,0.0017069685153373354
1995-12-06,-0.00024314677025100278
1995-12-07,-2.2514450594674635e-05
1995-12-08,-0.000495465690010331
1995-12-11,-0.0006708793696279865
1995-12-12,0.0016906374119715795
1995-12-13,0.0025839030594397754
1995-12-14,0.0023450494278327455
1995-12-15,0.0024130075462215532
1995-12-18,0.0023399161993975376
1995-12-19,0.0019978764995065832
1995-12-20,0.0002244453567950893
1995-12-21,0.0008598214823559611
1995-12-22,-0.0012955460700708817
1995-12-26,-0.0009160359693677976
1995-12-27,0.00010405316377994657
1995-12-28,0.0003270081116028882
1995-12-29,0.0008197631852502665
1996-01-02,0.002133522305429623
1996-01-03,0.004299296669763134
1996-01-04,0.0010620637439111979
1996-01-05,4.522097774473763e-05
1996-01-08,-0.003477083627990996
1996-01-09,0.003287874442822698
1996-01-10,0.0026118229119993126
1996-01-11,0.0011963359713431229
1996-01-12,0.0016207866548330486
1996-01-15,0.00026801795325348776
1996-01-16,-0.0017015778478115264
1996-01-17,0.0023106854208120755
1996-01-18,-0.0011806051673559532
1996-01-19,-0.0013394467074880694
1996-01-22,0.002170636373660346
1996-01-23,-0.0020568918259935044
1996-01-24,0.002086718315791576
1996-01-25,0.001400477160931689
1996-01-26,0.0008716788616826831
1996-01-29,-0.0005048860216100768
1996-01-30,-0.0009366103135246261
1996-01-31,0.001441379409173432
1996-02-01,0.0010928644564660317
1996-02-02,0.0002616504653478825
1996-02-05,-0.000769384985387783
1996-02-06,0.0012131760731994483
1996-02-07,-0.005794430444267542
1996-02-08,0.0016127226814895387
1996-02-09,0.0017702843547724072
1996-02-12,-0.0022728950466044326
1996-02-13,0.004568456111842969
1996-02-14,-0.00029063243764679416
1996-02-15,0.0015142056029086963
1996-02-16,0.0014517700599905284
1996-02-20,0.0003284940592551814
1996-02-21,-0.0013788505670573113
1996-02-22,0.0010107580466933476
1996-02-23,7.825656222218324e-05
1996-02-26,0.003303244072106867
1996-02-27,-0.001926623565485681
1996-02-28,0.0015419293917799252
1996-02-29,0.0024965857928217904
1996-03-01,-0.004282251476706791
1996-03-04,-0.00429310115530268
1996-03-05,0.008165127674116101
1996-03-06,-0.007953838744646871
1996-03-07,-0.004443235209446417
1996-03-08,0.00448510882185484
1996-03-11,0.003933406734277237
1996-03-12,-0.0001742420947050346
1996-03-13,0.0018576309684236755
1996-03-14,-0.0026225464643025334
1996-03-15,0.00678986611448477
1996-03-18,0.0019581171523669655
1996-03-19,-0.000552717062548921
1996-03-20,-0.0038538764349021525
1996-03-21,-0.005530735862786779
1996-03-22,-0.0008235414806031746
1996-03-25,0.0009188710693052049
1996-03-26,-0.005886111924046772
1996-03-27,0.006760352627370344
1996-03-28,0.00065660172954939
1996-03-29,0.003771946098013243
1996-04-01,-0.00019565784937942084
1996-04-02,-0.0013521901669802249
1996-04-03,-0.002925365043048517
1996-04-04,0.0009528250903662563
1996-04-08,0.00037347143365732766
1996-04-09,0.0025811097846616593
1996-04-10,0.005802423143664332
1996-04-11,0.000649109009862506
1996-04-12,-0.002357020122925405
1996-04-15,-3.8305005772137136e-05
1996-04-16,0.0031749681610718
1996-04-17,0.0015528644488895201
1996-04-18,0.003013724490515862
1996-04-19,0.0034554742864383718
1996-04-22,0.0012507409158904123
1996-04-23,0.002905647664493419
1996-04-24,0.0018573392739175563
1996-04-25,-0.00017899800098846935
1996-04-26,0.0019010609733791227
1996-04-29,-0.0009729421275947131
1996-04-30,-0.0010243997287732553
1996-05-01,0.0005587382134472445
1996-05-02,0.002357244291474358
1996-05-03,0.001183819187126771
1996-05-06,0.001789788614657348
1996-05-07,-0.0007012610296670733
1996-05-08,0.002271538484093666
1996-05-09,0.002808891233997995
1996-05-10,-0.0014065112484238662
1996-05-13,-0.0018487029735157522
1996-05-14,-0.0007192524079878095
1996-05-15,-0.0004412104891107588
1996-05-16,0.0011591581974827532
1996-05-17,0.0012084100093426773
1996-05-20,-0.001917623464524581
1996-05-21,0.0004822263135921333
1996-05-22,-0.0009396029301618517
1996-05-23,0.000561615823728465
1996-05-24,-0.001605425674910335
1996-05-28,0.001385657027832081
1996-05-29,-0.001923738157278056
1996-05-30,0.0013088635681708057
1996-05-31,2.649201992338244e-05
1996-06-03,0.002094962967248573
1996-06-04,-0.00020487295980132456
1996-06-05,0.0006270844638108604
1996-06-06,-0.0014993325630648852
1996-06-07,0.0002103524566475535
1996-06-10,-0.00020924314282458177
1996-06-11,-0.0002087358639465668
1996-06-12,0.0030319157214987037
1996-06-13,-0.001617557423342681
1996-06-14,-0.0011060871852855048
1996-06-17,-0.0018390203988054594
1996-06-18,0.0005867496364613348
1996-06-19,0.0017439114373157879
1996-06-20,0.0005266990351841957
1996-06-21,-0.0014247411345312683
1996-06-24,0.0014473465245924651
1996-06-25,0.0015893294785577204
1996-06-26,0.0016778938277767425
1996-06-27,-0.0001756157273256225
1996-06-28,0.002707736114882341
1996-07-01,0.0004548278053031627
1996-07-02,-0.0003697644850266631
1996-07-03,-0.0012038985482259637
1996-07-05,-0.00235449238851931
1996-07-08,0.003657209456965096
1996-07-09,0.000440436515360527
1996-07-10,-0.0013877955345654078
1996-07-11,-0.0017660134784611675
1996-07-12,-0.0005938950486775806
1996-07-15,-0.006759553552775839
1996-07-16,0.0024962163076640976
1996-07-17,-0.001737214509805309
1996-07-18,0.005533304532392021
1996-07-19,0.0006622663093105515
1996-07-22,0.00023656369977422125
1996-07-23,-0.001416695166485442
1996-07-24,0.001888174799207871
1996-07-25,0.0013059787912024882
1996-07-26,0.003921362502392531
1996-07-29,-0.0009127677430229498
1996-07-30,0.0024411636227753297
1996-07-31,0.000398210194224016
1996-08-01,0.004051272162765562
1996-08-02,0.00010125508444992152
1996-08-05,0.00019867182166039042
1996-08-06,0.0003374209322052243
1996-08-07,-0.0002839994044317517
1996-08-08,0.0017179850037577415
1996-08-09,-0.0013124775764736005
1996-08-12,0.0009436487913172999
1996-08-13,0.002314156863592792
1996-08-14,4.920266661213785e-06
1996-08-15,-0.002422777510542479
1996-08-16,-0.0008251978844254735
1996-08-19,0.0010949370301804877
1996-08-20,0.000893683980908873
1996-08-21,0.004325435222014522
1996-08-22,-0.0007232258433477203
1996-08-23,0.0005736119354811588
1996-08-26,0.0012076157681809188
1996-08-27,0.003170671962946058
1996-08-28,0.0005295371750998935
1996-08-29,-0.0005985038440013559
1996-08-30,-0.0027309602887879173
1996-09-03,0.001367755486945108
1996-09-04,-0.0007544529563393334
1996-09-05,-0.0022743672792092003
1996-09-06,0.0019815409078855362
1996-09-09,0.001971790380354854
1996-09-10,-0.0007034033607237138
1996-09-11,-0.002449737872284847
1996-09-12,-0.000911449296590995
1996-09-13,0.0015537612917198875
1996-09-16,-0.0032877502707751778
1996-09-17,0.0008396364326631328
1996-09-18,0.000321398965275971
1996-09-19,0.0038484589619589915
1996-09-20,0.00025705197020732155
1996-09-23,0.0021175938969424653
1996-09-24,0.0018839761963224922
1996-09-25,-0.003510721889498719
1996-09-26,0.0007557800629349786
1996-09-27,-0.00038543578141183996
1996-09-30,-0.0017486898504444047
1996-10-01,0.002050066307378152
1996-10-02,0.0008396090262820202
1996-10-03,-0.0005400116262503414
1996-10-04,-0.0002891581103053678
1996-10-07,0.0024093139484752677
1996-10-08,0.0033324942741204985
1996-10-09,0.0007276922283059594
1996-10-10,-0.0018787023524362513
1996-10-11,-0.0023219722906875286
1996-10-14,-0.0014813629660816996
1996-10-15,0.0002845208083932541
1996-10-16,0.002860530732650813
1996-10-17,-0.000804067645634507
1996-10-18,0.0027675184351043185
1996-10-21,0.0005593892131394404
1996-10-22,0.0013962341586635965
1996-10-23,0.0008383602705513916
1996-10-24,0.0004863996444167702
1996-10-25,0.003189197070253704
1996-10-28,-0.0034377743617827147
1996-10-29,0.0007729002275431567
1996-10-30,-0.0015221759281516642
1996-10-31,-0.0013290748404453814
1996-11-01,0.00024295929722207944
1996-11-04,0.0011338529027491104
1996-11-05,-0.0013628298351443914
1996-11-06,0.0003498001775194804
1996-11-07,4.919237642428974e-06
1996-11-08,-0.0008523411088514075
1996-11-11,7.610294167857085e-05
1996-11-12,0.00038366445884056264
1996-11-13,0.0015555428074218623
1996-11-14,0.003440915552772556
1996-11-15,-0.0019138877682054356
1996-11-18,0.0018912161510422144
1996-11-19,-0.0031613530855971756
1996-11-20,-0.0008387494401166458
1996-11-21,-0.0021371615331663586
1996-11-22,0.0002838682860831223
1996-11-25,-0.0012117016833742694
1996-11-26,0.0031693554434208873
1996-11-27,0.0021252424068010224
1996-11-29,0.0017002403898214067
1996-12-02,-0.001865179346091438
1996-12-03,0.00023602959751466425
1996-12-04,-0.00022529441279069942
1996-12-05,0.00027480310315633423
1996-12-06,0.0005513833921190033
1996-12-09,-0.0007870654425733102
1996-12-10,0.0017989429932775765
1996-12-11,0.0009660407986522832
1996-12-12,0.0012583038214745864
1996-12-13,0.0007715563016626741
1996-12-16,0.0021138912586260565
1996-12-17,-0.001050819081571005
1996-12-18,0.0006065795832335158
1996-12-19,0.0004707468628351224
1996-12-20,-0.0016427604307095755
1996-12-23,-0.0015400549980131122
1996-12-24,-0.0019717307433664358
1996-12-26,0.000686329877564037
1996-12-27,0.003334076293945924
1996-12-30,0.0008632958528747952
1996-12-31,-0.002657487950720602
1997-01-02,0.0012955078779059604
1997-01-03,0.0015607745123628015
1997-01-06,0.002639350176044708
1997-01-07,-6.798533817924195e-05
1997-01-08,0.00043587226963858345
1997-01-09,-0.00021352073868472808
1997-01-10,0.0012562569229379779
1997-01-13,-0.00017841995243147595
1997-01-14,-0.001196119229788482
1997-01-15,-0.0015809734972997364
1997-01-16,0.00023987960624330404
1997-01-17,3.1635597324500685e-05
1997-01-20,-0.001969216386970112
1997-01-21,8.558282458843407e-06
1997-01-22,-0.0003400366273488793
1997-01-23,0.0012217153603450886
1997-01-24,0.0025094383171270713
1997-01-27,-7.891613231440841e-05
1997-01-28,-0.0009964663303828002
1997-01-29,0.00027952867169035034
1997-01-30,-0.0003581842355672796
1997-01-31,-0.0015740994244416034
1997-02-03,0.0007317168301397058
1997-02-04,4.4595181733109656e-05
1997-02-05,-0.00019365541129267523
1997-02-06,-0.00393232502457672
1997-02-07,0.00045566834603398033
1997-02-10,0.0013412903388736377
1997-02-11,0.0002551499622705472
1997-02-12,0.0040491868452971385
1997-02-13,0.0008546445873156443
1997-02-14,-0.0009737939388558578
1997-02-18,0.0008567372023024101
1997-02-19,-0.004260333528835322
1997-02-20,0.003962922020240931
1997-02-21,0.002919935758144342
1997-02-24,-0.0023858291335981242
1997-02-25,0.0003352042453935254
1997-02-26,-0.0001849802926877487
1997-02-27,0.0014624342615787256
1997-02-28,0.001553936853416863
1997-03-03,9.697811452138484e-05
1997-03-04,0.00033588435105404244
1997-03-05,0.001097898826675316
1997-03-06,-0.00023161610657210224
1997-03-07,-0.0009060212781348753
1997-03-10,-0.002157131499661399
1997-03-11,-4.4594004659517374e-05
1997-03-12,-0.0010832937256153635
1997-03-13,-0.00024281115446754843
1997-03-14,-0.002351977605305316
1997-03-17,0.004804965954048307
1997-03-18,0.0002983871953943463
1997-03-19,-0.0008515227594216116
1997-03-20,0.004068743048110966
1997-03-21,-0.001737313440516646
1997-03-24,0.0025823052162363934
1997-03-25,0.0029960076490219995
1997-03-26,-0.004531115588842681
1997-03-27,0.004367551591709047
1997-03-31,0.004279448955133755
1997-04-01,0.0013080148538446095
1997-04-02,0.0012505975962669006
1997-04-03,0.0004648638647746268
1997-04-04,-0.002050940355954371
1997-04-07,0.0008470431110107293
1997-04-08,-0.00010650140808262298
1997-04-09,-0.0016428220346133612
1997-04-10,0.0013200911243688458
1997-04-11,-0.001059509745453493
1997-04-14,0.00047145258229130466
1997-04-15,-0.0017068315248017843
1997-04-16,-0.0013031997988830317
1997-04-17,0.0006483375407938522
1997-04-18,-5.616633756110437e-05
1997-04-21,-0.0033915486484717297
1997-04-22,0.0003453514551081906
1997-04-23,0.0018260932761541362
1997-04-24,-0.0011474767624379614
1997-04-25,0.003137777195080106
1997-04-28,0.0024605936734178476
1997-04-29,0.0018224821782627401
1997-04-30,-0.0005370978436876134
1997-05-01,0.0005063337879881711
1997-05-02,0.0005330936823394738
1997-05-05,0.004450629816084198
1997-05-06,0.006428187277658475
1997-05-07,-0.0035706023736916982
1997-05-08,-0.0002686428464562099
1997-05-09,-0.0015032224124108568
1997-05-12,-0.0015223640553793123
1997-05-13,0.0012472648300651712
1997-05-14,-0.0014677453826518446
1997-05-15,0.0004901912145629329
1997-05-16,0.00125902961693992
1997-05-19,-0.0003894445761896955
1997-05-20,-0.002068287279512255
1997-05-21,-0.0026381521971873003
1997-05-22,0.0007201724295999961
1997-05-23,0.0007275629553340271
1997-05-27,-0.0005656011666732652
1997-05-28,-0.0003015065337313417
1997-05-29,0.001845858093692477
1997-05-30,0.000511556006916328
1997-06-02,0.001135172676990258
1997-06-03,0.002353349985843677
1997-06-04,-2.3054940759739793e-05
1997-06-05,-4.687575335476672e-05
1997-06-06,0.003559594844958528
1997-06-09,0.0020250411601566917
1997-06-10,-0.0009479219716386088
1997-06-11,-0.0015746728524434225
1997-06-12,-0.0006135690949245062
1997-06-13,0.0017623019638509881
1997-06-16,-0.0010121950066170559
1997-06-17,-0.0008539771785670755
1997-06-18,-0.001917969274640524
1997-06-19,0.00016190867464034312
1997-06-20,0.000747369496845836
1997-06-23,0.0005598595969674745
1997-06-24,0.0005595746534881673
1997-06-25,0.0015142224248582657
1997-06-26,-0.0010879321611822746
1997-06-27,0.0035453980203357487
1997-06-30,0.0019844954997545773
1997-07-01,0.001501393016765232
1997-07-02,-0.001307985749774164
1997-07-03,0.0008927805247294589
1997-07-07,0.0024166917965522993
1997-07-08,-0.001242427994030573
1997-07-09,0.0017245397774741512
1997-07-10,-0.0016222742407313395
1997-07-11,0.0010500869316051515
1997-07-14,0.0024576929465059275
1997-07-15,0.001239538985638796
1997-07-16,-0.0025135704264729313
1997-07-17,0.004239151500587217
1997-07-18,0.0028009895818941585
1997-07-21,-0.0018531610595609543
1997-07-22,0.0013116857761341818
1997-07-23,-0.00030650769364906014
1997-07-24,-0.0010466610127657229
1997-07-25,0.0036076020131289694
1997-07-28,0.0019044187242072566
1997-07-29,0.001722671291412973
1997-07-30,0.0006706316458018838
1997-07-31,0.0014918347472823242
1997-08-01,-0.0001401118082263838
1997-08-04,0.0008407412499294405
1997-08-05,0.0005451993325124858
1997-08-06,-0.0012208040760933877
1997-08-07,0.0011237713696466323
1997-08-08,0.0003629444738634279
1997-08-11,0.00011640115905594284
1997-08-12,0.001711288860944957
1997-08-13,-0.0005861300217042165
1997-08-14,-0.0009021711535001168
1997-08-15,0.001375418294657895
1997-08-18,0.0024332261590269085
1997-08-19,-0.00039168413866809057
1997-08-20,0.0004974502327461252
1997-08-21,-0.0009888364888245816
1997-08-22,0.0016477597282517588
1997-08-25,-0.001044935579793201
1997-08-26,0.0004998390158522263
1997-08-27,0.0013107129628586113
1997-08-28,0.0012090529970742332
1997-08-29,0.001373882002543576
1997-09-02,0.0013491931824286083
1997-09-03,0.0019514538597838707
1997-09-04,-0.0011218414468987423
1997-09-05,-7.761484622957176e-05
1997-09-08,0.0021830190289814206
1997-09-09,-0.0006620506102719519
1997-09-10,-0.0005293422794689424
1997-09-11,0.0006976375242337673
1997-09-12,0.0006972142114104432
1997-09-15,-0.0012787539342302904
1997-09-16,0.003614219592114965
1997-09-17,9.713798529540476e-05
1997-09-18,5.110866821238155e-05
1997-09-19,0.00033409744062839835
1997-09-22,0.0013593494398970963
1997-09-23,0.0010378018915360705
1997-09-24,-0.0009328368480687431
1997-09-25,0.0013642856733500639
1997-09-26,-0.0008211515683766128
1997-09-29,0.004653737015396699
1997-09-30,-0.0015275963542673854
1997-10-01,0.0005429449415690122
1997-10-02,-0.0007343112726264069
1997-10-03,0.0029710377045521603
1997-10-06,-0.0016785899880445313
1997-10-07,0.0021504378107222296
1997-10-08,0.0011480795412135444
1997-10-09,-0.00099938478676485
1997-10-10,0.00030326476922413076
1997-10-13,0.0012717542175887677
1997-10-14,0.0009710794033178537
1997-10-15,-0.0014131607216643395
1997-10-16,-0.0017403691754928022
1997-10-17,0.0014993740072399768
1997-10-20,0.003468984354685988
1997-10-21,-0.0027876715139010964
1997-10-22,-0.0009435670683023202
1997-10-23,0.00024921602940378704
1997-10-24,0.0017828149022279022
1997-10-27,-0.0010080986350208471
1997-10-28,0.005123379263414268
1997-10-29,0.00016415036235820906
1997-10-30,4.451646385243337e-05
1997-10-31,0.001617063406693135
1997-11-03,-0.0021711639276367567
1997-11-04,-0.000537820384844379
1997-11-05,0.002194844777884436
1997-11-06,0.0002320969118238254
1997-11-07,0.0009477739925695621
1997-11-10,0.00030648469137009376
1997-11-11,0.0033631380019295324
1997-11-12,-0.002942630223495989
1997-11-13,0.0018006835202749663
1997-11-14,0.0026075119644368904
1997-11-17,0.0012020876813584993
1997-11-18,-0.0004911546633079726
1997-11-19,0.0011201758577041086
1997-11-20,-0.003811951350988163
1997-11-21,0.005430822829746379
1997-11-24,-0.0015869804372818349
1997-11-25,-0.003032492715550461
1997-11-26,0.001968308562226235
1997-11-28,-0.00032069689565421164
1997-12-01,0.0021709134851771515
1997-12-02,0.0010204797719568115
1997-12-03,0.0003297656781439874
1997-12-04,-0.0009786098257926008
1997-12-05,0.0003477602173031997
1997-12-08,0.0014287991216097727
1997-12-09,-0.0010869874602795532
1997-12-10,-0.0011537631970753022
1997-12-11,-0.0008099670683098986
1997-12-12,-0.0018479414051619672
1997-12-15,0.0016122364393786831
1997-12-16,-0.0015166717810175963
1997-12-17,0.0034602745612866653
1997-12-18,-0.000376813714320137
1997-12-19,-0.001312724945900416
1997-12-22,0.0014625687238019806
1997-12-23,-0.00248799411944164
1997-12-24,-0.0014795890931613236
1997-12-26,-0.0006497938979693019
1997-12-29,0.00011142381049154213
1997-12-30,0.002450273722456366
1997-12-31,-0.0023822879358949695
1998-01-02,0.0033992629743508527
1998-01-05,0.0024046451820960942
1998-01-06,0.0015975291950151053
1998-01-07,-0.00015746650414738065
1998-01-08,-0.0030639460154858063
1998-01-09,0.0003930437665183634
1998-01-12,0.0028766624530027446
1998-01-13,0.004399012868133748
1998-01-14,0.0006373323912917903
1998-01-15,0.0047312216792544754
1998-01-16,0.0030420473095435826
1998-01-20,-9.632111331866542e-06
1998-01-21,0.0006524896339919354
1998-01-22,-0.001370311181466499
1998-01-23,0.0005188970012511866
1998-01-26,0.00014403886854602092
1998-01-27,0.002091745649157966
1998-01-28,0.0023585451727240817
1998-01-29,0.0023157098471169833
1998-01-30,0.00211154829046944
1998-02-02,0.0017254741833329205
1998-02-03,0.0006199063984966207
1998-02-04,0.0018014282991251592
1998-02-05,-0.0002237524905348087
1998-02-06,-0.000752232404837633
1998-02-09,-9.910151619363985e-05
1998-02-10,0.0010178335625215921
1998-02-11,-0.0004519778022102787
1998-02-12,-0.002227651704994823
1998-02-13,0.001506213010601109
1998-02-17,0.0004851272571199742
1998-02-18,0.0005295140323821562
1998-02-19,-0.0012866038830689455
1998-02-20,-0.0004880363196919364
1998-02-23,0.0007068355536852315
1998-02-24,0.0009972595441190245
1998-02-25,-0.0014689599477306966
1998-02-26,0.0024766892144894776
1998-02-27,0.002209972205311764
1998-03-02,-0.0033659409094508896
1998-03-03,0.0009069711729221879
1998-03-04,0.00027712896742747235
1998-03-05,-0.0011880868727568805
1998-03-06,-0.0026344023068314887
1998-03-09,-0.000184315346256983
1998-03-10,-0.003256761009330373
1998-03-11,-0.0010523144372741853
1998-03-12,0.0009064112578284801
1998-03-13,0.0015867626353649022
1998-03-16,-0.00043393994187020145
1998-03-17,-0.0024535568885612653
1998-03-18,-0.0005174057830244346
1998-03-19,-0.0015656293123430696
1998-03-20,-0.0036648898565797977
1998-03-23,0.0036988468172211263
1998-03-24,-0.00024962675553724114
1998-03-25,0.001121562708940732
1998-03-26,-0.00017840501106638964
1998-03-27,0.0024291977845169515
1998-03-30,-0.0006510759810616399
1998-03-31,5.227468416601122e-05
1998-04-01,0.0011996245622908147
1998-04-02,-0.0020568551730769766
1998-04-03,0.00043740015926183707
1998-04-06,-0.0010347891508599575
1998-04-07,0.00026611863042404893
1998-04-08,0.0003369917100621188
1998-04-09,-0.0015877948039261778
1998-04-13,0.0002653873297468563
1998-04-14,0.0023463040419973904
1998-04-15,0.0004508035382613143
1998-04-16,0.0009535844466974615
1998-04-17,0.0015816513773559066
1998-04-20,0.0015516587617514677
1998-04-21,0.0029750902238776912
1998-04-22,0.000392148343815265
1998-04-23,0.001389893968486329
1998-04-24,0.0017962518648267588
1998-04-27,-0.0023961094238388087
1998-04-28,0.0003231916937895724
1998-04-29,0.0007358957693234873
1998-04-30,-0.0012567822742328553
1998-05-01,0.0028983815635833235
1998-05-04,-0.0021450255073960415
1998-05-05,-8.225461089081095e-05
1998-05-06,0.0011518158458990223
1998-05-07,-0.00036445139984918903
1998-05-08,0.003373854436200057
1998-05-11,0.0003829415863935037
1998-05-12,0.0004525677606264786
1998-05-13,-0.0008227319859131145
1998-05-14,-0.0006336615771513308
1998-05-15,-0.00157474555773356
1998-05-18,0.0006328171387233195
1998-05-19,-0.0020412810345653283
1998-05-20,-0.00034165543371144616
1998-05-21,-9.116875714219714e-05
1998-05-22,-0.0008022802098692632
1998-05-26,0.001665741928543299
1998-05-27,0.0017279808861223691
1998-05-28,0.001987677251194861
1998-05-29,-0.0008402677517807434
1998-06-01,0.0029768001513985525
1998-06-02,-0.0005332409561282085
1998-06-03,0.0023376210072452615
1998-06-04,0.00039228447209908103
1998-06-05,-2.362395377124617e-05
1998-06-08,-0.001326797748334539
1998-06-09,0.0010184077447800372
1998-06-10,-0.0010322991403372624
1998-06-11,-1.2082909817425406e-05
1998-06-12,0.0027987788422973374
1998-06-15,0.0016554892055219684
1998-06-16,0.0019305426816001415
1998-06-17,0.004683344286250886
1998-06-18,-0.001801496369832491
1998-06-19,0.0029043079296607985
1998-06-22,0.0016401107908727876
1998-06-23,9.565016009145141e-05
1998-06-24,-0.0011022046475077458
1998-06-25,0.002819017169192509
1998-06-26,0.001621440754406663
1998-06-29,-0.00036428745907901095
1998-06-30,0.001714325647702874
1998-07-01,0.001369314493305598
1998-07-02,0.002056000053565225
1998-07-06,-0.002400609708831071
1998-07-07,0.0011136998227140827
1998-07-08,-0.0020077758473397702
1998-07-09,-0.00045328990420618215
1998-07-10,-0.0006124364443354058
1998-07-13,-2.9423355992139158e-05
1998-07-14,-0.000142473429784021
1998-07-15,0.0007877994263498923
1998-07-16,0.002930250240142514
1998-07-17,-0.00091350308841784
1998-07-20,4.5605700759564215e-05
1998-07-21,0.002128890023123167
1998-07-22,0.00035969123116841295
1998-07-23,0.0004097390537916653
1998-07-24,0.0002940192483065583
1998-07-27,-0.003938865778535646
1998-07-28,0.002450353781890688
1998-07-29,0.0037920794203919472
1998-07-30,0.0035863790547954215
1998-07-31,-0.0021987452335021297
1998-08-03,-0.0028686227534742742
1998-08-04,-0.0009586375361618668
1998-08-05,0.0026160948954723254
1998-08-06,0.0008971618381993262
1998-08-07,0.004801407479600274
1998-08-10,-0.003018633527793823
1998-08-11,-0.002146067691073531
1998-08-12,0.0034187383245550245
1998-08-13,0.003960525565345912
1998-08-14,0.0027181640694398297
1998-08-17,-0.0010153158494646739
1998-08-18,0.006029634277282362
1998-08-19,-0.0017704372603357934
1998-08-20,0.000382897445993226
1998-08-21,-0.0034026308297613068
1998-08-24,0.00040499666156496944
1998-08-25,-0.0016706868101270143
1998-08-26,-0.003163035660558605
1998-08-27,-0.005838890063932071
1998-08-28,0.0016184708613841193
1998-08-31,-0.0023805402310675032
1998-09-01,0.004741629325076114
1998-09-02,0.0097470802593606
1998-09-03,-0.0005033889010603431
1998-09-04,0.0010864846679000677
1998-09-08,0.006952294688164886
1998-09-09,-0.0018456084105583548
1998-09-10,2.8286950039475498e-05
1998-09-11,0.003993776552818564
1998-09-14,0.003413943887050028
1998-09-15,-0.002038236063084479
1998-09-16,0.004336370632524482
1998-09-17,-0.0019522901596154198
1998-09-18,0.00445336421896672
1998-09-21,-0.0012069988653002023
1998-09-22,-0.0033883026008084006
1998-09-23,0.005365692710878348
1998-09-24,0.007471713982252192
1998-09-25,-0.001039208078632073
1998-09-28,0.00019830082278879206
1998-09-29,0.0005515606159463798
1998-09-30,0.0005647018337424407
1998-10-01,-0.002223906671103789
1998-10-02,0.003957634924210814
1998-10-05,-0.0010881536396145635
1998-10-06,-0.0009125517372862276
1998-10-07,0.0004135652532320835
1998-10-08,-0.001171279819012927
1998-10-09,0.003730361422547949
1998-10-12,0.0037264586466364425
1998-10-13,-0.0011427905229537446
1998-10-14,-0.0017709587170296264
1998-10-15,0.005106949846675493
1998-10-16,0.008504168603712408
1998-10-19,0.005724905128401768
1998-10-20,0.004497068135207167
1998-10-21,1.4417231443042175e-05
1998-10-22,0.003869978932886219
1998-10-23,0.0003597325410487491
1998-10-26,8.766402613325208e-05
1998-10-27,0.003504324685927128
1998-10-28,0.001330827965024047
1998-10-29,0.00036155631206743333
1998-10-30,0.0009662111173611168
1998-11-02,0.0031128177201832623
1998-11-03,0.002850025324987047
1998-11-04,0.0015380180670996253
1998-11-05,0.0014328306581842002
1998-11-06,0.0005916009442374578
1998-11-09,0.0013761425987432949
1998-11-10,-0.0017926337672074736
1998-11-11,0.0026764352559390187
1998-11-12,0.00028426765197366185
1998-11-13,-0.0006801847090390559
1998-11-16,0.0002484077793860286
1998-11-17,-0.0007212731721933685
1998-11-18,0.0013655384769245865
1998-11-19,0.0025040224686775385
1998-11-20,0.0009097158415364941
1998-11-23,0.0015778258668741865
1998-11-24,0.0015206803081241832
1998-11-25,0.00045568048049553054
1998-11-27,0.0001854598778162362
1998-11-30,0.0026286369637549935
1998-12-01,-0.00224181760025764
1998-12-02,0.0023571488271645273
1998-12-03,0.000574287693290126
1998-12-04,0.00029688620787509377
1998-12-07,0.00023427135721091697
1998-12-08,0.00625492089876638
1998-12-09,0.0024935606629690596
1998-12-10,0.0015637100689031124
1998-12-11,0.0009079570555897818
1998-12-14,0.0020739303541124137
1998-12-15,0.0030298478282453295
1998-12-16,0.0004121710157646325
1998-12-17,-8.020608542425023e-05
1998-12-18,-0.0006494191394259471
1998-12-21,-0.00366754672019994
1998-12-22,0.0013464202157587475
1998-12-23,0.002220182091268759
1998-12-24,0.00040741733647829594
1998-12-28,-0.000704453025635119
1998-12-29,0.00025455198298629896
1998-12-30,0.002266774020252999
1998-12-31,0.0004643340542602207
1999-01-04,0.0008006839984953266
1999-01-05,0.00042236009648312047
1999-01-06,0.000953635592939677
1999-01-07,-0.00011845224139159966
1999-01-08,-0.0009685979222901406
1999-01-11,-2.7263520615341124e-05
1999-01-12,0.002113730925551159
1999-01-13,0.0008977058417265845
1999-01-14,0.002864051959041033
1999-01-15,0.0003236486513516396
1999-01-19,-0.0008727373611017517
1999-01-20,-0.002160241017047627
1999-01-21,0.0024461398500396974
1999-01-22,0.0019524743068688986
1999-01-25,0.0004458670388741201
1999-01-26,0.0009972208702590409
1999-01-27,0.0017466565972443953
1999-01-28,7.1347355727287375e-06
1999-01-29,-0.0012283835643745102
1999-02-01,-0.002295104624105094
1999-02-02,-0.0006658383481418554
1999-02-03,0.0017753943922464465
1999-02-04,0.0013350955096611999
1999-02-05,0.0012648563555617569
1999-02-08,0.0031924060591901767
1999-02-09,-0.0025941107839934853
1999-02-10,0.0018254292129223997
1999-02-11,-0.0016624710081672193
1999-02-12,-0.001020586679261071
1999-02-16,0.0018804322799935826
1999-02-17,-0.0012720533789837701
1999-02-18,1.0420737424544171e-05
1999-02-19,-0.0003692315116069108
1999-02-22,0.0018215196813221187
1999-02-23,0.0017261032476420634
1999-02-24,0.0013404276727025939
1999-02-25,0.0036339316474702874
1999-02-26,5.361457340114806e-05
1999-03-01,0.001452199101930189
1999-03-02,0.00284752974383542
1999-03-03,-0.0005759593810317729
1999-03-04,0.0001973742636183853
1999-03-05,0.0014561438288007867
1999-03-08,-0.0015231244660444852
1999-03-09,-0.0022963048805083198
1999-03-10,9.11059208399122e-06
1999-03-11,-0.0006590075868576864
1999-03-12,0.001250296067768927
1999-03-15,-0.0012116351394588815
1999-03-16,-0.002274581981976161
1999-03-17,0.006482938277161726
1999-03-18,-0.001696404463080473
1999-03-19,-0.0037292624020422525
1999-03-22,0.0009639371997365027
1999-03-23,0.004507770985841375
1999-03-24,0.006891683364810666
1999-03-25,-0.0033735404219728572
1999-03-26,0.002954767481521499
1999-03-29,0.0007921424707050843
1999-03-30,-0.0034843511995366868
1999-03-31,-0.0034204171518153075
1999-04-01,0.004158276918894826
1999-04-05,-0.00023563884330356436
1999-04-06,0.004437427124323393
1999-04-07,0.0004190050562841003
1999-04-08,-0.0013943722252834833
1999-04-09,0.002528787119306039
1999-04-12,0.00565890429420051
1999-04-13,0.002375677436441872
1999-04-14,0.006101673430169213
1999-04-15,0.00219641183500255
1999-04-16,0.0009996526101876022
1999-04-19,-0.0023644223114191072
1999-04-20,0.002255916154174151
1999-04-21,0.0029494483275503674
1999-04-22,2.2724160832506938e-05
1999-04-23,0.0014194341038034706
1999-04-26,0.001506602576083458
1999-04-27,-0.001364328592411211
1999-04-28,-0.0002793946373357147
1999-04-29,9.477356560725303e-05
1999-04-30,-0.0019023980768434739
1999-05-03,-0.0010208852467455955
1999-05-04,0.0009115223182918107
1999-05-05,0.001907802211224117
1999-05-06,-0.0003547917799131251
1999-05-07,-0.0009855995858788517
1999-05-10,0.003511812699557892
1999-05-11,0.003376795881604367
1999-05-12,0.0021294133491795092
1999-05-13,-9.515887641708227e-05
1999-05-14,-0.0004193479562043646
1999-05-17,0.0010319498470249225
1999-05-18,-0.00011382207155143593
1999-05-19,0.0010161753105125593
1999-05-20,0.0025664632069381647
1999-05-21,9.642782894518744e-05
1999-05-24,-0.0014722827447318525
1999-05-25,0.00012032319698513784
1999-05-26,0.0014654900189725584
1999-05-27,0.003268726133664302
1999-05-28,0.0019803394142521606
1999-06-01,0.0029994899506525616
1999-06-02,0.001303969048633591
1999-06-03,-6.416776891574698e-05
1999-06-04,0.0015596241482368003
1999-06-07,-0.0002881958863768838
1999-06-08,-0.0012582521320370376
1999-06-09,0.002164828064487442
1999-06-10,0.0028311945706458548
1999-06-11,0.00304065373184483
1999-06-14,0.0005195312387989937
1999-06-15,-0.0002253155216670096
1999-06-16,0.000776086974875664
1999-06-17,0.0011401578200505925
1999-06-18,-0.0004185880384160061
1999-06-21,0.001997404724585634
1999-06-22,0.0006346821708516819
1999-06-23,-0.0007240769961829297
1999-06-24,-0.0003743058737951367
1999-06-25,-0.002804901671392412
1999-06-28,-0.0013275863965711262
1999-06-29,-0.001176000067194035
1999-06-30,-0.00339275894847609
1999-07-01,0.005078320550759305
1999-07-02,-0.003479044794676109
1999-07-06,-0.0006988979982464152
1999-07-07,0.0007991172422353476
1999-07-08,-0.0012981076575836101
1999-07-09,0.0005313369962112076
1999-07-12,-0.001903200370702354
1999-07-13,0.00036943780533640517
1999-07-14,-0.0006914772232392433
1999-07-15,0.003482121545530206
1999-07-16,0.000708739940770497
1999-07-19,-0.0027658351390449525
1999-07-20,-0.0018137925385981507
1999-07-21,-0.0008763906251754239
1999-07-22,0.0007629414409649017
1999-07-23,-0.00012928016038189717
1999-07-26,0.00015826182148308068
1999-07-27,-0.003923395187071568
1999-07-28,-0.0004922978418925389
1999-07-29,0.0001325223858270849
1999-07-30,0.002660295957469931
1999-08-02,0.0026426651581428233
1999-08-03,0.00010331976123460971
1999-08-04,0.0019003499973679462
1999-08-05,0.0028589106649700245
1999-08-06,0.0006757120733556258
1999-08-09,0.0010726520764685328
1999-08-10,0.0021555079232955746
1999-08-11,0.0025852847073771596
1999-08-12,0.001316728200997038
1999-08-13,-0.002304755320073945
1999-08-16,-0.0006680432652026754
1999-08-17,-0.0019127277227428906
1999-08-18,0.00037156345270444863
1999-08-19,0.004015214120292876
1999-08-20,0.005154078586726235
1999-08-23,-0.002940396729713913
1999-08-24,0.004855357810987243
1999-08-25,0.0019163044349072844
1999-08-26,0.0003831695943455769
1999-08-27,0.0007722381493670414
1999-08-30,0.00039000653630306633
1999-08-31,7.465633596920422e-05
1999-09-01,0.00026981558279755096
1999-09-02,0.0011487480617439327
1999-09-03,-0.0031583682112105806
1999-09-07,0.0007797010920191301
1999-09-08,-7.708314265950699e-05
1999-09-09,-0.002291282353315311
1999-09-10,0.0005143571430301394
1999-09-13,0.0015453857729220825
1999-09-14,-4.9623498842236245e-05
1999-09-15,-0.0013975382914568676
1999-09-16,0.001547552765240994
1999-09-17,0.006319195543076656
1999-09-20,-0.000643074841616275
1999-09-21,-0.0006040334922495251
1999-09-22,-0.001979301087257468
1999-09-23,7.931459352504856e-05
1999-09-24,-0.0010667213310359082
1999-09-27,0.002411927334451061
1999-09-28,-0.0011815685060264666
1999-09-29,-0.003248238991399649
1999-09-30,-0.0007435520786773975
1999-10-01,0.0038936381163371466
1999-10-04,0.0023621489552334103
1999-10-05,-0.00035550065956119236
1999-10-06,0.00024145484380967176
1999-10-07,-0.0015856493283388743
1999-10-08,0.0008064835997960577
1999-10-11,-0.001991293864667969
1999-10-12,-0.0032488726953407406
1999-10-13,-0.0007537735607694622
1999-10-14,-0.002715008302458705
1999-10-15,0.0031990330945522974
1999-10-18,0.0023077034234815054
1999-10-19,-0.00020349005299680062
1999-10-20,-0.002278704289467743
1999-10-21,-0.000718878830715715
1999-10-22,0.0032590303985205477
1999-10-25,-0.0006088342594200982
1999-10-26,0.0008627278423810372
1999-10-27,-0.0005046673274077013
1999-10-28,0.0055811699700912395
1999-10-29,0.0021161630792404336
1999-11-01,0.0017410609810090984
1999-11-02,0.0006237230521835935
1999-11-03,0.0001821045096293566
1999-11-04,0.0010882615687148101
1999-11-05,0.0005657061803524006
1999-11-08,0.0018220906688797107
1999-11-09,0.002136156065527777
1999-11-10,-0.0012367063266395487
1999-11-11,-0.0011853699743543276
1999-11-12,0.00012588295006713633
1999-11-15,0.0015593282161675283
1999-11-16,-0.0006812694701253262
1999-11-17,-1.9237897585897083e-05
1999-11-18,-0.00011218496287179366
1999-11-19,2.9150590284493547e-05
1999-11-22,0.003147303724971498
1999-11-23,0.0032450109013446803
1999-11-24,0.0028329578730596936
1999-11-26,-0.0002858984383222618
1999-11-29,0.0005650186777210437
1999-11-30,0.0002664103401911625
1999-12-01,0.0017863148027690758
1999-12-02,-5.3857262342043606e-05
1999-12-03,0.0009744459232471756
1999-12-06,-0.0007439127469963021
1999-12-07,-0.0011590663651084082
1999-12-08,-0.0009297734240325012
1999-12-09,-0.0018087597650751914
1999-12-10,0.0014909039118747413
1999-12-13,-0.003313704747774463
1999-12-14,-1.2840867645675136e-05
1999-12-15,0.004681586616236053
1999-12-16,-0.001980590879009467
1999-12-17,0.0010300491483581685
1999-12-20,0.0008925710074076187
1999-12-21,0.0032017432939595598
1999-12-22,-0.0031923173147674106
1999-12-23,0.0014451841942297995
1999-12-27,0.0002959717391311935
1999-12-28,-0.0013758236632056137
1999-12-29,0.0021114407180936367
1999-12-30,7.436773833675355e-05
1999-12-31,-0.0003644659550049557
2000-01-03,-0.00048000657926643565
2000-01-04,0.0014245067427989862
2000-01-05,0.003883490489533835
2000-01-06,-0.0013263889505835823
2000-01-07,0.00309130569358078
2000-01-10,-0.0049374772041831955
2000-01-11,0.005441815794521878
2000-01-12,0.0018713989548588452
2000-01-13,0.0006032399112219188
2000-01-14,0.00750788281783378
2000-01-18,-0.00042674097856683075
2000-01-19,0.0011724195282019516
2000-01-20,-0.0015860647640430574
2000-01-21,0.001369356030862907
2000-01-24,-0.00435612861648195
2000-01-25,-0.001685413231092463
2000-01-26,0.012111656822596774
2000-01-27,0.0005535020689703916
2000-01-28,-0.0023921274212345077
2000-01-31,0.0029739420536462483
2000-02-01,0.003492437359310847
2000-02-02,-0.001680220038607669
2000-02-03,0.002755896132712772
2000-02-04,-0.0011693367256460716
2000-02-07,0.0005593796211223528
2000-02-08,0.00024758586177326644
2000-02-09,0.0004391680531483896
2000-02-10,-0.0009741135157012167
2000-02-11,0.00043052975397381944
2000-02-14,0.0006368560368482083
2000-02-15,-0.0008339239651290679
2000-02-16,-0.000527587461780576
2000-02-17,-0.006447853111691973
2000-02-18,-0.005232378478910579
2000-02-22,0.0047197602690836615
2000-02-23,-0.00457096601206279
2000-02-24,-0.006823201446952143
2000-02-25,0.0020423036397438166
2000-02-28,0.006528350263735774
2000-02-29,-0.001961963204717951
2000-03-01,0.005831975038358858
2000-03-02,0.0006952919081094256
2000-03-03,-0.001669509091439825
2000-03-06,-0.005532623563695993
2000-03-07,-0.0011494150061904828
2000-03-08,-0.0017000138309222897
2000-03-09,0.0028230663132213247
2000-03-10,-0.0027011844597585447
2000-03-13,0.0028048588815924036
2000-03-14,0.005264148724730083
2000-03-15,0.014180852223767795
2000-03-16,0.018632116274173025
2000-03-17,0.00689348471625887
2000-03-20,0.003111719909798342
2000-03-21,0.004331349583333335
2000-03-22,-0.005859569767312962
2000-03-23,0.0035143278268335927
2000-03-24,-0.0006421609647179632
2000-03-27,-0.0007500799491127126
2000-03-28,0.0002890882076079145
2000-03-29,-0.002640830773315719
2000-03-30,-0.005016679017927397
2000-03-31,0.003147728979694083
2000-04-03,0.009410551092742006
2000-04-04,0.003961429929077671
2000-04-05,0.0014087724972197708
2000-04-06,-0.00206792403222147
2000-04-07,-0.005028108450413086
2000-04-10,0.0021809996802804182
2000-04-11,0.00025243214956901546
2000-04-12,0.005325685362080961
2000-04-13,-0.0008975511448932552
2000-04-14,-0.002579654419380609
2000-04-17,-0.0014877764715251342
2000-04-18,-0.0018235736500821918
2000-04-19,0.006045777795108271
2000-04-20,0.0054858923272459335
2000-04-24,-0.0005046073427715069
2000-04-25,0.0024977382576466755
2000-04-26,0.0005292102431462011
2000-04-27,0.0020694890056716904
2000-04-28,-0.004510036690507254
2000-05-01,0.004182998663216795
2000-05-02,0.0018702111251420975
2000-05-03,-0.0010425675177444607
2000-05-04,-0.0018258643299683562
2000-05-05,0.0007504198871716386
2000-05-08,0.00020441391127627473
2000-05-09,0.0014264185123016868
2000-05-10,0.0028381443606092095
2000-05-11,0.004386384526682258
2000-05-12,0.002798342516041017
2000-05-15,0.0019334953649252059
2000-05-16,-0.0010759415836651977
2000-05-17,0.0057659125579416475
2000-05-18,0.0020551863731698397
2000-05-19,0.0015727186232344394
2000-05-22,-0.00018660453566123387
2000-05-23,0.00205758388497032
2000-05-24,-1.8273517302489357e-05
2000-05-25,-0.0018876743970665045
2000-05-26,-0.000666318066727359
2000-05-30,-0.0003298506977830712
2000-05-31,0.002843343749270638
2000-06-01,0.0036230837702540862
2000-06-02,0.001135663349928702
2000-06-05,0.003770934942578424
2000-06-06,-0.002819034592786375
2000-06-07,-0.0009699870622205891
2000-06-08,0.0006012965204809628
2000-06-09,-0.0023095410962099003
2000-06-12,-0.0002525350254590635
2000-06-13,-0.004568368510723181
2000-06-14,0.0026846422405943614
2000-06-15,0.003615471382447261
2000-06-16,-0.0008557601347140064
2000-06-19,0.0002545163767728171
2000-06-20,0.00042793551423612764
2000-06-21,0.0007353409805018801
2000-06-22,0.0021160443536180425
2000-06-23,0.0034829260442921727
2000-06-26,0.00014764436509522434
2000-06-27,0.006287591337499557
2000-06-28,-0.002777300523093058
2000-06-29,4.366491866845031e-05
2000-06-30,0.006250872489061886
2000-07-03,0.004071202908403247
2000-07-05,0.00038399936141875543
2000-07-06,-0.0009212687592468598
2000-07-07,0.0030262216696330803
2000-07-10,-0.002167450875720036
2000-07-11,0.0010978396082607987
2000-07-12,-0.0006293606278784973
2000-07-13,-0.0010720808659173753
2000-07-14,0.0007533272702710299
2000-07-17,-0.002829943151715391
2000-07-18,-0.0003167128564800289
2000-07-19,-0.0025475561743646905
2000-07-20,0.00101391806638042
2000-07-21,-0.0045278751259701195
2000-07-24,0.0008924842053394472
2000-07-25,0.00042662321596126254
2000-07-26,-0.002842614988435203
2000-07-27,-0.00035659530436883653
2000-07-28,-0.0021221624097677787
2000-07-31,0.001729153494930336
2000-08-01,-0.0016699493887195667
2000-08-02,-0.0012441065117844254
2000-08-03,0.0016214556849765975
2000-08-04,0.0025596665372488677
2000-08-07,0.003130234193910921
2000-08-08,-0.0007265472114289586
2000-08-09,-0.0008818649535065915
2000-08-10,0.000551819736967801
2000-08-11,-0.0033694727461601463
2000-08-14,0.0004267681319367991
2000-08-15,-0.00024259808846638863
2000-08-16,0.0015112785832079544
2000-08-17,0.0004216461661962324
2000-08-18,0.0011029050606076334
2000-08-21,0.0009436187952763916
2000-08-22,0.0012416114176561238
2000-08-23,0.0024071619125757724
2000-08-24,-0.0007711734054476335
2000-08-25,0.0023353071342630447
2000-08-28,0.001688006271936886
2000-08-29,-0.001496194389726631
2000-08-30,-0.0019355339320807463
2000-08-31,-0.0005580219535794708
2000-09-01,4.10258438641855e-05
2000-09-05,0.0020487398513112415
2000-09-06,-0.0022458906940464995
2000-09-07,-0.0030938106045199894
2000-09-08,0.00010316871191054728
2000-09-11,-0.0043199579235919045
2000-09-12,0.0004909360588032495
2000-09-13,-0.0038377126002423216
2000-09-14,-0.002114863497350894
2000-09-15,-0.0002559204176175829
2000-09-18,-0.0009200370821440404
2000-09-19,0.003437785429704497
2000-09-20,0.0003213943072457752
2000-09-21,0.0010286250949428657
2000-09-22,-0.0025681635366237537
2000-09-25,-0.0058330851129336945
2000-09-26,-0.006326681980165795
2000-09-27,-2.048017964917398e-05
2000-09-28,0.0017584576810081157
2000-09-29,-0.0027349230426122724
2000-10-02,-0.006693531272763019
2000-10-03,0.0014297648613680837
2000-10-04,0.00017326578335310344
2000-10-05,-0.00013705365061192728
2000-10-06,-0.002695458323136196
2000-10-09,-0.0005309883812020537
2000-10-10,-0.002075582562839414
2000-10-11,0.0005420229426895057
2000-10-12,-0.0022277300031259303
2000-10-13,0.0009992086499416742
2000-10-16,7.670355466206498e-05
2000-10-17,-0.00010615082820653881
2000-10-18,0.0007128317966411161
2000-10-19,0.003264319706452852
2000-10-20,0.0007712370255004917
2000-10-23,0.0012940628012307563
2000-10-24,0.007238481693539821
2000-10-25,0.0043398056117483
2000-10-26,0.0030905412034969667
2000-10-27,0.0007941510138823243
2000-10-30,0.003226129641868549
2000-10-31,0.00017771827298886572
2000-11-01,0.0005830844764256387
2000-11-02,-0.0013467974974126719
2000-11-03,-0.0014989847757809517
2000-11-06,-0.00103527246058217
2000-11-07,-0.0009723430519035335
2000-11-08,-0.0021068208094146825
2000-11-09,0.0005354795370508612
2000-11-10,0.0037532937080725515
2000-11-13,-0.00029056704809254593
2000-11-14,0.00322028631165737
2000-11-15,-0.00045975429080698715
2000-11-16,0.007300672264166473
2000-11-17,-0.0006093071168220681
2000-11-20,0.01079964963558117
2000-11-21,-4.8831131798074306e-05
2000-11-22,-0.00044718659384770454
2000-11-24,0.00222355934445769
2000-11-27,-0.003745935007293415
2000-11-28,0.0011197353156344797
2000-11-29,0.00038545776509967585
2000-11-30,0.0011619815320367756
2000-12-01,0.0019438667703706206
2000-12-04,-0.0015614373090961288
2000-12-05,0.0001484064013001527
2000-12-06,0.0008882536984482324
2000-12-07,-0.001695081278525948
2000-12-08,0.0026331679040022486
2000-12-11,0.0027946403059869065
2000-12-12,-0.0010460792965009925
2000-12-13,-0.0006866387151615477
2000-12-14,0.0030309631005452594
2000-12-15,-0.0019534563925420394
2000-12-18,-0.0018858476086864712
2000-12-19,-0.004628099431016622
2000-12-20,-0.004058746745016406
2000-12-21,-0.004905974079743837
2000-12-22,-0.00039664567647022423
2000-12-26,0.0005787154404160625
2000-12-27,-0.0031178007189460533
2000-12-28,0.0011568328191329002
2000-12-29,0.0010378298389311666
2001-01-02,0.008771496242423914
2001-01-03,0.000683921254225123
2001-01-04,0.004122730880534943
2001-01-05,0.0031251749585413254
2001-01-08,-0.004748784037611932
2001-01-09,0.004287849194588345
2001-01-10,-0.0017009505905634078
2001-01-11,0.0023602823330444306
2001-01-12,0.005370713163032331
2001-01-16,-0.0010859118537186595
2001-01-17,-0.0026492489141506396
2001-01-18,0.003714771611235641
2001-01-19,-0.0001945377336169627
2001-01-22,-0.002551144793004091
2001-01-23,-0.0031617207611858325
2001-01-24,0.0028865789377931174
2001-01-25,-0.00018971338009130667
2001-01-26,0.00042844759955062344
2001-01-29,-0.0006846854093469739
2001-01-30,-0.0014183536949825667
2001-01-31,0.0007630049805500679
2001-02-01,-0.0019333778402915252
2001-02-02,0.0027384361217096466
2001-02-05,0.00012126750315690441
2001-02-06,0.0009478272612788171
2001-02-07,-0.0016708168094615216
2001-02-08,0.0013334400204437608
2001-02-09,-2.7782795998705066e-05
2001-02-12,-0.0014214383140379412
2001-02-13,-0.004659386422524594
2001-02-14,0.001277221242150207
2001-02-15,0.0034381063370356956
2001-02-16,-0.000692392389835317
2001-02-20,0.002292624872053532
2001-02-21,-0.003107308809055377
2001-02-22,0.0006004852584990732
2001-02-23,-9.825490541787926e-05
2001-02-26,0.0014000072403482246
2001-02-27,-0.0008158971917571189
2001-02-28,-0.0001479627585551338
2001-03-01,-0.002429570915483269
2001-03-02,-0.00023839980902875526
2001-03-05,-0.0004263703002513036
2001-03-06,-0.004639159394726828
2001-03-07,-0.0017788059810143052
2001-03-08,-0.0007256083668857619
2001-03-09,0.0018009697524477004
2001-03-12,0.003269198365782351
2001-03-13,0.0015869151232771376
2001-03-14,0.0030872406127050154
2001-03-15,0.002176499395346869
2001-03-16,0.0014011468367917913
2001-03-19,-0.007311717709036001
2001-03-20,0.002619862647058347
2001-03-21,0.006632581668516833
2001-03-22,0.003373804605293572
2001-03-23,-0.005494875030439586
2001-03-26,0.0011724259751121192
2001-03-27,-0.002250848859854896
2001-03-28,0.00022960198843359318
2001-03-29,5.321504900172736e-05
2001-03-30,1.850066154581619e-05
2001-04-02,-0.0020401101956821236
2001-04-03,0.0018561802577825948
2001-04-04,2.7464571823785723e-06
2001-04-05,-0.0032934945205846007
2001-04-06,0.0042430373327058575
2001-04-09,0.00036738105698322934
2001-04-10,-0.0011457876400606374
2001-04-11,0.0011269041819116081
2001-04-12,-0.0005000601450370734
2001-04-16,-0.001873056879478244
2001-04-17,0.00013698992269760296
2001-04-18,-0.0029167461152983945
2001-04-19,-0.0009098161597564644
2001-04-20,0.00113582356612193
2001-04-23,-0.002869404761684386
2001-04-24,-0.0025188165656820586
2001-04-25,-0.0016452745653782212
2001-04-26,0.004777719403156365
2001-04-27,-0.0015288332007173423
2001-04-30,-0.0015754887185551558
2001-05-01,-4.0512430984020724e-05
2001-05-02,0.0007110107469257668
2001-05-03,0.00023216816510291841
2001-05-04,-0.0009289936323097877
2001-05-07,5.579303538743977e-05
2001-05-08,-0.00099782348263331
2001-05-09,0.00040038023162924604
2001-05-10,-0.00021576773262371862
2001-05-11,0.002169171863942324
2001-05-14,0.0006832915993931954
2001-05-15,-0.0016724433763664658
2001-05-16,-0.0032684284465771306
2001-05-17,0.0018662622429117533
2001-05-18,0.0009519193949811564
2001-05-21,-4.693818945567931e-06
2001-05-22,0.002159407203668175
2001-05-23,0.003379900661129821
2001-05-24,0.0021620920307276552
2001-05-25,-0.0007168637578780884
2001-05-29,-0.001043969739519113
2001-05-30,0.0012665327122357614
2001-05-31,-0.0037194011956069527
2001-06-01,-0.0006220188723502194
2001-06-04,-0.0005273590505974917
2001-06-05,-0.0017309470263588242
2001-06-06,0.0005083675043208908
2001-06-07,0.00046933227450707596
2001-06-08,-0.0007978525555896336
2001-06-11,0.0015747372917336452
2001-06-12,0.0012125868623233923
2001-06-13,-0.001580418628274883
2001-06-14,0.0015555870612134236
2001-06-15,-0.00324868656736407
2001-06-18,0.0009585885221845726
2001-06-19,0.0013802999915562956
2001-06-20,-0.0012186148144043478
2001-06-21,0.002855640571250562
2001-06-22,0.001257599172218922
2001-06-25,0.0007767281937660249
2001-06-26,-0.002964714120308809
2001-06-27,-4.047121977369419e-05
2001-06-28,-0.00013321454055337717
2001-06-29,0.002454248979579542
2001-07-02,0.0025653152401520587
2001-07-03,0.0014157815651675235
2001-07-05,-0.0014735259051351264
2001-07-06,0.0002910361986941402
2001-07-09,0.0015280819386621915
2001-07-10,-0.0008396302202303754
2001-07-11,0.0012936309753986976
2001-07-12,0.002187611214344278
2001-07-13,0.001822359857265275
2001-07-16,0.0014483734343811476
2001-07-17,0.0021409227699937905
2001-07-18,-0.001682711025634308
2001-07-19,0.0034294553027792024
2001-07-20,0.0004757659199208614
2001-07-23,-0.0008727199629886831
2001-07-24,0.005480310921285932
2001-07-25,0.004536222800985698
2001-07-26,-0.0015208284269951466
2001-07-27,-0.0027828440084721314
2001-07-30,0.0008228869557390404
2001-07-31,0.0004518166786514905
2001-08-01,-0.0010615524146124235
2001-08-02,0.002097513719245666
2001-08-03,7.38790689110513e-05
2001-08-06,0.00091488362612971
2001-08-07,-0.000566832545438311
2001-08-08,-0.0002184002659357877
2001-08-09,-0.0005004756958020061
2001-08-10,-0.00013395393108615888
2001-08-13,-0.0008299634235541586
2001-08-14,-0.0021846268909961482
2001-08-15,-0.0014391511439755154
2001-08-16,-0.0014711596129211783
2001-08-17,0.004207836502657906
2001-08-20,5.8770304269469756e-05
2001-08-21,-0.0006925492439000425
2001-08-22,-0.0027423627077975236
2001-08-23,0.001479957839667297
2001-08-24,0.0026551259215950506
2001-08-27,0.00015526263404291524
2001-08-28,-0.0015233382206990102
2001-08-29,-0.002030032163978672
2001-08-30,-0.002941862584654118
2001-08-31,0.0020722053738616727
2001-09-04,0.0007089131006020052
2001-09-05,0.0012410889009769734
2001-09-06,-0.0022050859949786497
2001-09-07,0.001484386684463568
2001-09-10,0.0023243807005861685
2001-09-17,-0.0008950069125933939
2001-09-18,0.0030692288086756835
2001-09-19,0.000601862326001607
2001-09-20,-0.004255415816870311
2001-09-21,0.008609012943336858
2001-09-24,0.00750268327927188
2001-09-25,0.004065088852269961
2001-09-26,-0.005091399898738604
2001-09-27,-0.0025430273174029063
2001-09-28,0.004189167400133226
2001-10-01,-0.0029783814944096335
2001-10-02,0.0006130164912393596
2001-10-03,0.007101144449207081
2001-10-04,0.0023565182599698557
2001-10-05,-1.8279049052666364e-05
2001-10-08,0.00028992420202323294
2001-10-09,-4.9107862021905045e-05
2001-10-10,0.0006366461185926463
2001-10-11,0.006749159257450687
2001-10-12,0.0011177764557968872
2001-10-15,-0.0011277751805807085
2001-10-16,-8.533031485297913e-06
2001-10-17,-0.0005917131572504476
2001-10-18,-0.00010344293168795596
2001-10-19,-0.00031408854640736295
2001-10-22,0.003130670741106145
2001-10-23,-0.0006549182851460479
2001-10-24,0.00017153038951092913
2001-10-25,0.0024934514850028927
2001-10-26,0.00269030520371951
2001-10-29,-0.002736648712096203
2001-10-30,-0.0030796811215569953
2001-10-31,-0.0002718072417453392
2001-11-01,0.0016057611413911577
2001-11-02,0.002968171605105842
2001-11-05,0.00044185428567555427
2001-11-06,0.000503852214935103
2001-11-07,0.0025325562428878414
2001-11-08,0.0011619977657529865
2001-11-09,-8.167966107604357e-05
2001-11-12,-4.0311961151955417e-05
2001-11-13,0.002768291986515943
2001-11-14,0.003875467975692823
2001-11-15,0.0012436225090767152
2001-11-16,0.0017984472748910365
2001-11-19,0.0013598946230034361
2001-11-20,-0.001520884947309699
2001-11-21,-0.0002626622416089873
2001-11-23,0.002057845785410024
2001-11-26,0.0013462405440926883
2001-11-27,0.0004803774058074693
2001-11-28,-7.849817333112908e-05
2001-11-29,0.0008413742637556835
2001-11-30,-0.0001326597160006174
2001-12-03,-0.00011316758842391523
2001-12-04,0.0009714417606991244
2001-12-05,0.0022635317090598512
2001-12-06,-0.0006480598179404313
2001-12-07,0.0014127436173007025
2001-12-10,0.003179474394584299
2001-12-11,0.001757344829252538
2001-12-12,-0.0006712372114222582
2001-12-13,0.0007500604046783081
2001-12-14,0.00022247929774629285
2001-12-17,-0.00010707009719835905
2001-12-18,-9.802202325241427e-05
2001-12-19,-0.001229299458716998
2001-12-20,0.0010557629509737243
2001-12-21,0.0005322210965301823
2001-12-24,-0.0008353816280806305
2001-12-26,-0.0012672587020341815
2001-12-27,0.0005013152677112525
2001-12-28,0.000969299544565784
2001-12-31,-0.0007308026128285233
2002-01-02,-0.0012035743066435233
2002-01-03,-0.0013194118385617183
2002-01-04,0.0007507147279531016
2002-01-07,0.00020622490765320834
2002-01-08,0.003702374853351249
2002-01-09,-0.00017993132505443875
2002-01-10,-0.002010426615418953
2002-01-11,-0.00146903995276174
2002-01-14,-0.001275132958238468
2002-01-15,-0.0012584022019055383
2002-01-16,-0.0015216267522816672
2002-01-17,0.001792023264589643
2002-01-18,-0.0007099029861230751
2002-01-22,0.0014011648365309312
2002-01-23,0.0011656243264961798
2002-01-24,0.0013974206926784152
2002-01-25,-0.0010118325463974562
2002-01-28,0.0004905488712608438
2002-01-29,0.0010757776188366419
2002-01-30,0.0008774288572424801
2002-01-31,-0.0029971918368770323
2002-02-01,0.0006997685238464959
2002-02-04,-0.000872953845685025
2002-02-05,-4.679489075935959e-06
2002-02-06,-0.002465048393715943
2002-02-07,0.0011018320416827142
2002-02-08,0.003727971276631882
2002-02-11,0.0017039516796054273
2002-02-12,-0.0013577643287353669
2002-02-13,0.0022663268422792797
2002-02-14,2.9511623323429753e-05
2002-02-15,0.0017979877414904502
2002-02-19,0.0030352884167577057
2002-02-20,0.00016419923694628905
2002-02-21,1.0506173540501258e-05
2002-02-22,0.0006496587049863234
2002-02-25,0.00043652846367926197
2002-02-26,0.00027995579672169445
2002-02-27,0.0032733598513899555
2002-02-28,0.0020028350508750382
2002-03-01,-7.372157806188625e-05
2002-03-04,0.0004608551030768779
2002-03-05,0.0004055525196154741
2002-03-06,-0.0009380557285662938
2002-03-07,0.0010777943546844432
2002-03-08,0.000582161521444904
2002-03-11,0.0007450852793137353
2002-03-12,0.0011753186319855538
2002-03-13,0.0012692147448994935
2002-03-14,-0.0028680182960165164
2002-03-15,-0.0015828081938752839
2002-03-18,-0.00020350580551146266
2002-03-19,0.0012765332332882854
2002-03-20,0.0016133207903594052
2002-03-21,-0.005224395538066789
2002-03-22,-0.0005227109279451583
2002-03-25,0.0010205150120232644
2002-03-26,-0.0018026537612697965
2002-03-27,-0.0005862973062091261
2002-03-28,-0.00046293648092654913
2002-04-01,0.0004990806058667308
2002-04-02,-0.0020477730793531353
2002-04-03,0.0025686700908148273
2002-04-04,-0.00035978796222585583
2002-04-05,-8.318753580029353e-05
2002-04-08,-0.00227433299048853
2002-04-09,0.00010065363833624636
2002-04-10,-0.0013929892663078574
2002-04-11,-0.00027774859288741166
2002-04-12,-0.002509172337753026
2002-04-15,0.002103983892374657
2002-04-16,0.0005357432484645569
2002-04-17,0.0008975969174113544
2002-04-18,-0.0007418892157787053
2002-04-19,-0.0006203649379508667
2002-04-22,0.00017402913433936412
2002-04-23,0.0012571524665516936
2002-04-24,-0.001121439009154034
2002-04-25,-0.0012564387330021558
2002-04-26,0.004026679052983159
2002-04-29,-0.0022649506705425294
2002-04-30,-0.0022401343841388288
2002-05-01,-0.00040569886568830735
2002-05-02,-0.0007417890872285797
2002-05-03,0.00010605109528880786
2002-05-06,-0.0003729214596726402
2002-05-07,0.001763880786358689
2002-05-08,0.0014101428857171126
2002-05-09,0.001159038107039505
2002-05-10,-0.0009278366430330826
2002-05-13,0.001893049559522012
2002-05-14,0.0010154242588800173
2002-05-15,-0.0020333025062086695
2002-05-16,0.0031002220134161255
2002-05-17,-0.00019461458437612395
2002-05-20,-0.0010040061007203019
2002-05-21,-0.0003296020396972916
2002-05-22,0.0005989037569574474
2002-05-23,0.0008661918480913952
2002-05-24,-0.000260117416479182
2002-05-28,0.0005528058733802235
2002-05-29,-0.0010181307222713626
2002-05-30,-0.0017110894103048188
2002-05-31,0.0007921689548987531
2002-06-03,-0.0003795616166750568
2002-06-04,-0.001410516451149642
2002-06-05,0.001162389310776913
2002-06-06,0.00021193462522136223
2002-06-07,0.0003529935615190455
2002-06-10,0.00030310851662192375
2002-06-11,-0.001646591633717618
2002-06-12,0.0012421140767563293
2002-06-13,-0.0014507599339235646
2002-06-14,0.003338446467416979
2002-06-17,0.004109819707232534
2002-06-18,0.0021696524454322802
2002-06-19,0.003392741510202994
2002-06-20,-0.0014789043954169276
2002-06-21,-0.0009113370265304901
2002-06-24,-0.00017649551628005935
2002-06-25,0.0005951743500143298
2002-06-26,0.001538940099595013
2002-06-27,-0.0019409992543820505
2002-06-28,0.004509083107664995
2002-07-01,-0.00039530388525445905
2002-07-02,-0.003584075264600753
2002-07-03,0.00269071477370262
2002-07-05,0.0029088983817534535
2002-07-08,0.0003137860126175922
2002-07-09,-0.0019189570536423711
2002-07-10,-0.00018043557867961275
2002-07-11,0.005478620400207064
2002-07-12,0.0011558353144477636
2002-07-15,0.0015405871679512945
2002-07-16,0.00010370573099228643
2002-07-17,-0.0018372982153616038
2002-07-18,-0.002705150380319585
2002-07-19,-0.005619884329162802
2002-07-22,0.002807577224080478
2002-07-23,0.004931822468003052
2002-07-24,0.006812130846250344
2002-07-25,-0.00023945102043939072
2002-07-26,0.003924455767237791
2002-07-29,0.006062082274591964
2002-07-30,0.0033856494013120002
2002-07-31,-0.0006586984260608488
2002-08-01,0.0011057914811561781
2002-08-02,-0.00012814003954701007
2002-08-05,-3.4484823654924543e-06
2002-08-06,0.0003434843867382484
2002-08-07,0.00127627641608318
2002-08-08,0.002039608876277268
2002-08-09,0.0021553754594938472
2002-08-12,0.0010413671493288428
2002-08-13,-0.0007346468687112878
2002-08-14,0.0013756781770993551
2002-08-15,0.0026464290996086664
2002-08-16,0.0005782970610315343
2002-08-19,0.0007862555354113752
2002-08-20,0.0018262755446989414
2002-08-21,0.0006502398908120742
2002-08-22,0.0016215732040136366
2002-08-23,0.000794833837427259
2002-08-26,-0.0002783559815565145
2002-08-27,-0.001686585565128242
2002-08-28,-0.00028871991049777044
2002-08-29,-0.0011855513828175894
2002-08-30,0.0006850680043874607
2002-09-03,-0.0010957374397996978
2002-09-04,0.0008391328367132628
2002-09-05,-0.002297098904918751
2002-09-06,0.0023132114786130115
2002-09-09,0.0013155253627080605
2002-09-10,0.001151704033306512
2002-09-11,-0.00025103421103176907
2002-09-12,0.0008305889412525809
2002-09-13,-0.0008182973922779938
2002-09-16,0.00030107224469090425
2002-09-17,-0.00471692355593947
2002-09-18,-0.00020493015802484918
2002-09-19,0.0008693562307845459
2002-09-20,0.0019424103675826157
2002-09-23,0.00014361778734563432
2002-09-24,-0.002973183640556333
2002-09-25,0.00514172424473138
2002-09-26,0.0022060168448131126
2002-09-27,-0.0032371696601657934
2002-09-30,0.0006607990805221866
2002-10-01,0.006191787983898122
2002-10-02,-0.002303334560545515
2002-10-03,-0.0017469629076068943
2002-10-04,-0.002182465313479261
2002-10-07,-0.0029730435406418567
2002-10-08,0.003682390511343569
2002-10-09,-0.0007442674938929876
2002-10-10,0.008274784058209144
2002-10-11,0.0060907761370106485
2002-10-14,0.0016293108871297999
2002-10-15,0.002989930871014865
2002-10-16,0.003303034153007475
2002-10-17,0.0003830137190449249
2002-10-18,0.0024150698256361195
2002-10-21,-0.003222945394854138
2002-10-22,-0.00037095429223913616
2002-10-23,0.0017304805856415803
2002-10-24,-0.0002283115019054113
2002-10-25,-0.0007690709687734506
2002-10-28,0.003924989904351736
2002-10-29,-0.0003882664782500039
2002-10-30,0.0005719269787787048
2002-10-31,0.0019696004129057827
2002-11-01,0.0010959742596824925
2002-11-04,0.009362130704634786
2002-11-05,0.00122041809334088
2002-11-06,0.003944284609858988
2002-11-07,-0.0026625629018306165
2002-11-08,-0.00028514734873019904
2002-11-11,-0.0021847378001016134
2002-11-12,0.010578075436271801
2002-11-13,0.002370900611950698
2002-11-14,0.0008087661100510113
2002-11-15,-0.002361395405828132
2002-11-18,0.0016293881620115507
2002-11-19,0.0007577344794163368
2002-11-20,0.0009082434836128644
2002-11-21,0.002959454273578772
2002-11-22,-0.0004411363740357468
2002-11-25,0.0009175123658593498
2002-11-26,-0.0007649482029374764
2002-11-27,0.0020861986468384878
2002-11-29,0.0002113040779531039
2002-12-02,0.00120884957727977
2002-12-03,-0.0005956756780724897
2002-12-04,0.002275638823947256
2002-12-05,-0.0002664783706457236
2002-12-06,-0.00020878438707788667
2002-12-09,-0.0003167849434532931
2002-12-10,0.002473407812939105
2002-12-11,0.0013782415779872374
2002-12-12,0.00017042342588506788
2002-12-13,0.001207145661959672
2002-12-16,-0.0013000476062151305
2002-12-17,0.0006543687088721212
2002-12-18,-0.001023708802496425
2002-12-19,-0.001292101368368598
2002-12-20,0.000503283711141355
2002-12-23,0.0015586238039162629
2002-12-24,0.0008704771396905862
2002-12-26,9.928971789998381e-05
2002-12-27,0.0003222774946724649
2002-12-30,0.001340720306229667
2002-12-31,0.000545402611633328
2003-01-02,0.0008022471979496066
2003-01-03,-0.00047993299193253565
2003-01-06,0.0004609081599204036
2003-01-07,0.0012473178927510252
2003-01-08,0.0004066813161268832
2003-01-09,0.0021666698323247594
2003-01-10,0.0017559776045517534
2003-01-13,0.0021265071592742784
2003-01-14,0.0009285740658603402
2003-01-15,-0.0015703096364113596
2003-01-16,-0.0015673711241019099
2003-01-17,-0.0005022440604721964
2003-01-21,0.001747197929086664
2003-01-22,0.001287447287625358
2003-01-23,-0.000467257549373364
2003-01-24,0.0010468321395160083
2003-01-27,0.002905076308137568
2003-01-28,-0.00030518872612240127
2003-01-29,0.003380231699190849
2003-01-30,-0.00104439276438339
2003-01-31,0.00034092089126495223
2003-02-03,0.006444444780411847
2003-02-04,-0.0006018265274808312
2003-02-05,0.0004170454216745203
2003-02-06,-0.0002835125108499604
2003-02-07,0.0004150276110773681
2003-02-10,-0.0006717489615906103
2003-02-11,0.00015180782605308401
2003-02-12,0.0003465230741458771
2003-02-13,0.0012880847587334729
2003-02-14,0.002108440415348709
2003-02-18,0.0004756330262602296
2003-02-19,-0.0014971690508286358
2003-02-20,-0.001577949687163159
2003-02-21,0.0006697361551866675
2003-02-24,-0.0005883367340370644
2003-02-25,0.0013010117333457642
2003-02-26,-0.0023716046091705567
2003-02-27,-0.0005846765612428625
2003-02-28,0.00010219834637085023
2003-03-03,4.809558569450834e-05
2003-03-04,-0.001301371258859795
2003-03-05,0.0005652205349393835
2003-03-06,-0.001377871611575256
2003-03-07,0.00029380382653083946
2003-03-10,-0.00136468844172862
2003-03-11,0.0014559440790663175
2003-03-12,-0.0013692284742370464
2003-03-13,0.0037629467819139256
2003-03-14,0.002135195575576699
2003-03-17,0.0001165207818130522
2003-03-18,0.002985442200954938
2003-03-19,0.0003867049171649775
2003-03-20,-0.0013984988448336958
2003-03-21,0.0015102219072712561
2003-03-24,-0.0034117511727742795
2003-03-25,0.0004082993638927867
2003-03-26,-0.0019873322576780747
2003-03-27,0.0004018335273764962
2003-03-28,-0.002426924352429114
2003-03-31,-0.0035445680909830615
2003-04-01,0.00032643087647221843
2003-04-02,0.0036878373605143747
2003-04-03,-0.0014815083841663293
2003-04-04,0.0002350076540747326
2003-04-07,0.0010808056419823874
2003-04-08,0.0010147116905111333
2003-04-09,-0.0026331487364798763
2003-04-10,0.0002947740126563666
2003-04-11,0.0006447485490352645
2003-04-14,0.0022506258263117074
2003-04-15,0.0008792294914034008
2003-04-16,-0.003237155731964186
2003-04-17,-0.0004925670147526986
2003-04-21,-0.001491631976210878
2003-04-22,0.002227319097372016
2003-04-23,0.0008590323004988175
2003-04-24,0.000991063439461389
2003-04-25,0.001355626670037112
2003-04-28,0.002222916802171817
2003-04-29,0.0016154946814721076
2003-04-30,0.002344508265811805
2003-05-01,-2.32189680839473e-05
2003-05-02,-0.0011123228914814178
2003-05-05,0.00018225382405441323
2003-05-06,0.0015318690162055
2003-05-07,0.0002271562455632232
2003-05-08,-9.90075325356454e-05
2003-05-09,0.00013172629184438504
2003-05-12,0.0019982442598153846
2003-05-13,-0.00014009677304577608
2003-05-14,-0.0001883239398549247
2003-05-15,0.0007895141677392456
2003-05-16,-0.00020664262152461697
2003-05-19,-0.0003535813326069332
2003-05-20,0.0020335168698515696
2003-05-21,-0.0012973954092427385
2003-05-22,-0.000817129421896726
2003-05-23,-0.002437940825460357
2003-05-27,-0.0016182188804511684
2003-05-28,0.0028314861932526264
2003-05-29,0.0009098347505290536
2003-05-30,-0.003268251383461613
2003-06-02,0.00025538508189384783
2003-06-03,0.0011505534888010443
2003-06-04,0.0013933552691213573
2003-06-05,0.0014249209035547556
2003-06-06,0.0017978783443368196
2003-06-09,-0.0018442644197385909
2003-06-10,-0.00022091501136147702
2003-06-11,0.0001227986529325806
2003-06-12,0.0006383659827428094
2003-06-13,0.0027560630523698537
2003-06-16,-0.0005437735568075464
2003-06-17,0.0013794351113492153
2003-06-18,0.0015923349879390085
2003-06-19,0.0009350812168370706
2003-06-20,-0.0010976960032419963
2003-06-23,0.002766916279500549
2003-06-24,0.0007060398137142476
2003-06-25,0.0005916207296176801
2003-06-26,-0.00040032365492489026
2003-06-27,-0.0010916665558158912
2003-06-30,0.0019101456794590034
2003-07-01,-0.0005929934127071248
2003-07-02,-0.0008814948626480745
2003-07-03,-7.216574840207605e-05
2003-07-07,0.0003560572894894132
2003-07-08,0.0013306874273998626
2003-07-09,0.0016405820914774812
2003-07-10,0.0024309351541532925
2003-07-11,0.0004206188187834322
2003-07-14,0.0014342349593448882
2003-07-15,0.0021394395922056395
2003-07-16,-0.0005131713679034799
2003-07-17,-0.0008926917350663685
2003-07-18,-0.0013114155343194086
2003-07-21,-0.001888432710656073
2003-07-22,-0.0009472452251094151
2003-07-23,-0.000352866889345982
2003-07-24,0.0007316566336574382
2003-07-25,0.0023681570813568966
2003-07-28,0.0019858265949798865
2003-07-29,-0.00030560270799957626
2003-07-30,-0.0007153384581753416
2003-07-31,0.001589458098879689
2003-08-01,-0.0010266802156877904
2003-08-04,0.0008014713147307601
2003-08-05,-0.0009255385978285146
2003-08-06,-0.0005268078859965333
2003-08-07,0.000746805850299286
2003-08-08,0.0004206310197456965
2003-08-11,-0.0007968137337192819
2003-08-12,-0.00017017070972689247
2003-08-13,-0.0013339273421028352
2003-08-14,0.0011457835524874783
2003-08-15,-0.0002519414916572617
2003-08-18,-0.0004719866218553635
2003-08-19,0.0012646279870183526
2003-08-20,-0.0002950539080013051
2003-08-21,-0.00098004711501416
2003-08-22,0.0008779651800109271
2003-08-25,0.0012286824760423868
2003-08-26,0.0003480528368931913
2003-08-27,-0.0005370656449048033
2003-08-28,-0.00024845151380196507
2003-08-29,-0.0009117809173367846
2003-09-02,0.0016359283245890252
2003-09-03,0.0006613030846157974
2003-09-04,-0.0008858456896462737
2003-09-05,0.0005552050729534035
2003-09-08,0.00018643565425999786
2003-09-09,-0.0009699272555969866
2003-09-10,-0.0006083642863001408
2003-09-11,0.0009448585877875166
2003-09-12,0.000503931037153728
2003-09-15,-0.0008301337389259964
2003-09-16,0.00040474149034627234
2003-09-17,-0.0008236940792043846
2003-09-18,3.085036622339003e-05
2003-09-19,-0.000925918252441794
2003-09-22,2.4510974816375805e-05
2003-09-23,0.00010936870085565455
2003-09-24,0.0011488513443296564
2003-09-25,0.0007727985843798597
2003-09-26,0.0004514035445884901
2003-09-29,-6.366790068354013e-05
2003-09-30,0.0005818945319600618
2003-10-01,-0.0007819280100201296
2003-10-02,0.0003802765335546045
2003-10-03,-0.0006465556895707783
2003-10-06,0.0006368352574724114
2003-10-07,-0.0012459309902766958
2003-10-08,0.0009223332825392838
2003-10-09,-3.500082671818307e-05
2003-10-10,-0.0007485747945494754
2003-10-13,-0.0009236014891122161
2003-10-14,-0.0005001506505457197
2003-10-15,-0.002639920537013268
2003-10-16,-0.0006734268206622254
2003-10-17,0.00126704090016015
2003-10-20,-0.0005270362995467671
2003-10-21,-0.0013990173772003142
2003-10-22,0.0009429909572401165
2003-10-23,0.005181822971235296
2003-10-24,0.0022124120851704917
2003-10-27,0.0021916777839433594
2003-10-28,-0.000770692134794206
2003-10-29,-0.0026716837488716593
2003-10-30,0.0010434490886928414
2003-10-31,-0.00044480344043136094
2003-11-03,-0.0012211043406395972
2003-11-04,2.896846058785813e-05
2003-11-05,0.0012826066252931822
2003-11-06,-0.0007657983285954364
2003-11-07,0.0011629810225145965
2003-11-10,0.0011254576855625439
2003-11-11,-0.00035530034772168176
2003-11-12,-4.8336750666511704e-05
2003-11-13,-0.00040416683833896007
2003-11-14,0.00017070111786125197
2003-11-17,-0.0010326246893364273
2003-11-18,-0.0004105481629811931
2003-11-19,-0.00016331552571735575
2003-11-20,1.4351145890722724e-05
2003-11-21,0.0008339166422747153
2003-11-24,-0.0011076500418832982
2003-11-25,0.0010538779259494872
2003-11-26,0.0033032101689472707
2003-11-28,-0.0013574404560638374
2003-12-01,0.0006092161903518648
2003-12-02,-0.00031444072194484823
2003-12-03,-0.0007107379926719559
2003-12-04,-0.00016665480605095186
2003-12-05,0.0014060830926305053
2003-12-08,0.0024422676766330375
2003-12-09,0.0002378056165843217
2003-12-10,0.0007191271411038
2003-12-11,0.0008924551324330603
2003-12-12,-0.00027706671104710446
2003-12-15,0.0003349483469145446
2003-12-16,-0.00033122440457455634
2003-12-17,-0.0010729671675384262
2003-12-18,0.0004139828067902805
2003-12-19,0.00015798315686429187
2003-12-22,0.0007108172265076506
2003-12-23,-0.0005734814231569554
2003-12-24,-0.001586850293287496
2003-12-26,0.0002359372743557656
2003-12-29,-0.0003398916104415768
2003-12-30,0.0005269680684919525
2003-12-31,-0.00039585584551086425
2004-01-02,6.044564961147144e-05
2004-01-05,-0.0011783065674717084
2004-01-06,0.00012752077172724583
2004-01-07,0.0005699940991439641
2004-01-08,-0.0009283829797917637
2004-01-09,0.0016963905081491411
2004-01-12,-0.0017473417019652992
2004-01-13,-0.0013249309955460438
2004-01-14,-0.0006416684282272055
2004-01-15,-0.008058469223664412
2004-01-16,-0.003417385283989505
2004-01-20,0.0033525029352563687
2004-01-21,-0.0007736101514654143
2004-01-22,0.0026826872986358
2004-01-23,0.009120974971679846
2004-01-26,-0.005214970620194948
2004-01-27,7.416434545577434e-06
2004-01-28,0.001974415796474674
2004-01-29,-0.0007141153511577435
2004-01-30,0.00121459326154412
2004-02-02,-0.0011017911723544185
2004-02-03,-0.0017296109064043287
2004-02-04,-0.0005279150629222033
2004-02-05,0.0015799725916265089
2004-02-06,0.0005405261829801722
2004-02-09,0.0003984939465989918
2004-02-10,0.0004368911737921138
2004-02-11,-0.002782159337751119
2004-02-12,-0.0001191688607114696
2004-02-13,0.001811454087069297
2004-02-17,-0.0017429747465439384
2004-02-18,0.00027393406727755753
2004-02-19,-0.0008771857391228219
2004-02-20,8.031098904706687e-05
2004-02-23,-0.001048190524566696
2004-02-24,0.0027278285272587435
2004-02-25,-0.002765691009914876
2004-02-26,0.0008934132999984918
2004-02-27,0.0010259288600550558
2004-03-01,-0.001298666524351909
2004-03-02,-0.00024841461907971417
2004-03-03,-0.000483084498873313
2004-03-04,-0.001136054262075491
2004-03-05,0.0012053677610173827
2004-03-08,0.0003938816357611756
2004-03-09,0.0013072548525376985
2004-03-10,-0.0007309220462367973
2004-03-11,0.0014330329420413066
2004-03-12,0.0009266045323858587
2004-03-15,0.0032652192959179097
2004-03-16,-0.00032523763562372323
2004-03-17,-0.0009558018359829587
2004-03-18,-0.0011211472447511337
2004-03-19,0.0016754281758171656
2004-03-22,0.0004974754356969841
2004-03-23,0.0002646441172650118
2004-03-24,0.001201724673412729
2004-03-25,0.00037078749149936435
2004-03-26,0.0015427479126452757
2004-03-29,-0.000189001162745609
2004-03-30,0.0012819920025862407
2004-03-31,-0.0012256685021471453
2004-04-01,8.571658036378352e-05
2004-04-02,-0.0009137104525038993
2004-04-05,-0.0022743258274545313
2004-04-06,0.004738437589881366
2004-04-07,-0.0028319450626478455
2004-04-08,-0.0014217444318474497
2004-04-12,-0.003953118745211405
2004-04-13,0.0016534150532113237
2004-04-14,-0.0015729293178441738
2004-04-15,-8.580724527522908e-05
2004-04-16,0.0016741794350014702
2004-04-19,-0.0012249079595478632
2004-04-20,-0.00022532307452472486
2004-04-21,0.005705172214071082
2004-04-22,-0.002195663128649371
2004-04-23,-0.00022481503700150853
2004-04-26,-0.0016762518559291521
2004-04-27,0.0008431491996691811
2004-04-28,0.001174408127330284
2004-04-29,0.000549096896918024
2004-04-30,0.0014022391599109111
2004-05-03,0.0005421186560160936
2004-05-04,0.0015948134390205426
2004-05-05,0.0006899961324599733
2004-05-06,-0.00023388377508184167
2004-05-07,-0.0018855602431930524
2004-05-10,0.0003599702747532994
2004-05-11,0.0019720268978211182
2004-05-12,-0.0002854184708312264
2004-05-13,0.002015065506611954
2004-05-14,-0.00017590341399720242
2004-05-17,0.0006200687167576948
2004-05-18,0.000946022195646298
2004-05-19,-0.0004622339618038454
2004-05-20,-0.00016322781738218082
2004-05-21,0.0006718175545556955
2004-05-24,0.0008469871091376158
2004-05-25,0.0029284156971074943
2004-05-26,0.0022627438231303293
2004-05-27,0.00258636791892271
2004-05-28,0.000583589082681472
2004-06-01,-0.0007118485149357868
2004-06-02,0.0009643578420405939
2004-06-03,0.000978503058794293
2004-06-04,0.0009135209271699071
2004-06-07,0.000188638749180685
2004-06-08,-0.0009512033826531658
2004-06-09,0.00019110764245527543
2004-06-10,-0.0003557720539568691
2004-06-14,-0.0007014050352896578
2004-06-15,-0.0008722314986598982
2004-06-16,-2.244421404630618e-05
2004-06-17,-0.000287570131765922
2004-06-18,0.003464173362902074
2004-06-21,0.0008205084625326185
2004-06-22,-0.0010541576331006151
2004-06-23,0.0007026124667296083
2004-06-24,-0.0010469604425524968
2004-06-25,0.0009653467627845465
2004-06-28,0.001086701013756075
2004-06-29,-0.0001944771838658636
2004-06-30,-0.002368615833294513
2004-07-01,0.002426908455970293
2004-07-02,-0.00018833520985986056
2004-07-06,-0.000554102456954799
2004-07-07,-0.002173218184388347
2004-07-08,-1.53465174908851e-06
2004-07-09,0.0011966109781561046
2004-07-12,-0.0003090634001950833
2004-07-13,0.0016350118459749826
2004-07-14,-0.002306036583101395
2004-07-15,-0.0019190643244301028
2004-07-16,-0.003077182581237609
2004-07-19,-0.0005638978232238468
2004-07-20,-0.001304740996067391
2004-07-21,0.003397993140879397
2004-07-22,0.0017244989875905203
2004-07-23,-0.00044897591590042045
2004-07-26,-7.122181494166793e-05
2004-07-27,-0.0007730865781953758
2004-07-28,0.0022243972570880313
2004-07-29,-0.0024868417121597605
2004-07-30,0.002301334541502415
2004-08-02,-0.00011237622374150264
2004-08-03,0.0031815191158528415
2004-08-04,0.002861630951924839
2004-08-05,0.0008849510388330082
2004-08-06,0.0001978293083980905
2004-08-09,-0.0007553303553144515
2004-08-10,0.0009509028987792366
2004-08-11,-0.00044156047643747597
2004-08-12,0.000759239197015851
2004-08-13,0.0007677356863734454
2004-08-16,0.0005408408847254882
2004-08-17,0.0009074902511225349
2004-08-18,-0.00026412175992294036
2004-08-19,0.0017356445713332873
2004-08-20,-0.001206273446051956
2004-08-23,0.0007608045529235338
2004-08-24,-0.0007165713633331945
2004-08-25,0.0007531130566502213
2004-08-26,-0.0007021436598334009
2004-08-27,-0.0007793366827560709
2004-08-30,-0.0011430805607698198
2004-08-31,-0.0006963316498306644
2004-09-01,0.0008925549595173507
2004-09-02,0.0014417687697495772
2004-09-03,0.0001794824419052247
2004-09-07,0.0016887209838129427
2004-09-08,-0.0010178636153818966
2004-09-09,0.0009757394394000231
2004-09-10,0.0024313025786327504
2004-09-13,0.002571543686797233
2004-09-14,0.0025993744780418997
2004-09-15,-0.0015327933045946327
2004-09-16,-0.0011402511010012867
2004-09-17,0.0007519678359827278
2004-09-20,-0.0005732858149710626
2004-09-21,-0.0007514993186404573
2004-09-22,-0.002058820768966926
2004-09-23,0.0018417383769526164
2004-09-24,-0.00205609714082966
2004-09-27,0.0005980211048892405
2004-09-28,-0.0015867468173714375
2004-09-29,-0.0015936501581508711
2004-09-30,-0.0011199204999123495
2004-10-01,0.0010499467350920143
2004-10-04,0.0007583437664937741
2004-10-05,5.1026818305357404e-05
2004-10-06,-0.0010266808437624565
2004-10-07,0.0009173234220361146
2004-10-08,-0.0007980735814061454
2004-10-11,0.0011454648277576351
2004-10-12,0.00010456424867572367
2004-10-13,0.0013452358331638619
2004-10-14,4.262589870614644e-05
2004-10-15,-0.0002829196814750914
2004-10-18,0.00044693661839968085
2004-10-19,0.000945839674644595
2004-10-20,-0.0007157959193030384
2004-10-21,-0.0037027388666639673
2004-10-22,0.000834045718491278
2004-10-25,-0.00037217939365176574
2004-10-26,0.0005730900350633005
2004-10-27,0.0018751213397703089
2004-10-28,0.0013961453321325566
2004-10-29,-4.9287254811429604e-05
2004-11-01,-0.0021204622889493666
2004-11-02,0.004656807473334636
2004-11-03,-0.0017683108506072202
2004-11-04,-0.0010179754933682056
2004-11-05,0.004283843392881308
2004-11-08,8.656582003727959e-05
2004-11-09,0.0007423888330960419
2004-11-10,-0.0008200533793030344
2004-11-11,-0.00022606742955931313
2004-11-12,0.0016926297891134792
2004-11-15,0.00034891855311768586
2004-11-16,-0.00012949843810792225
2004-11-17,0.0014578496711914661
2004-11-18,0.0008968572565120669
2004-11-19,-0.0001247054715947488
2004-11-22,0.00023303451239894122
2004-11-23,-0.0004473674767811123
2004-11-24,-0.00017850189851007363
2004-11-26,-0.0005307860862597141
2004-11-29,0.0009066016546817752
2004-11-30,0.0012150109694772581
2004-12-01,-0.00027211211524680166
2004-12-02,0.0020789023868092774
2004-12-03,-0.0011745258814718222
2004-12-06,0.0013677514704158473
2004-12-07,8.448612083292859e-05
2004-12-08,-0.00022576469489936352
2004-12-09,-0.0010727681941604136
2004-12-10,0.001418565604291157
2004-12-13,0.0002320504820906874
2004-12-14,0.0005488933724152986
2004-12-15,0.0004601749974941059
2004-12-16,0.0010906537721111905
2004-12-17,0.0010839084892588146
2004-12-20,0.0010586282949693198
2004-12-21,0.00013507016092426105
2004-12-22,0.0010096762946250704
2004-12-23,0.0002707685642882995
2004-12-27,0.0002919411714513291
2004-12-28,-0.0012377364807100164
2004-12-29,-8.362541620378094e-05
2004-12-30,-0.0005873821472688676
2004-12-31,0.0001985569370336882
2005-01-03,0.0025069058520276227
2005-01-04,0.0005889667764636575
2005-01-05,0.0010892992896634366
2005-01-06,-2.6248571887595856e-05
2005-01-07,0.0003616671328955293
2005-01-10,0.0005251178539139198
2005-01-11,0.0014775423829119158
2005-01-12,-0.000361842916312633
2005-01-13,-0.0011852531534273217
2005-01-14,-0.000557842654326325
2005-01-18,0.0006730056337713951
2005-01-19,0.0004414274827033462
2005-01-20,0.0014299913148336073
2005-01-21,-0.00010056046473587528
2005-01-24,-0.0007835603466862258
2005-01-25,0.0013054683882794584
2005-01-26,-0.0013493535769862986
2005-01-27,-0.0005021419297839251
2005-01-28,-0.0024143892956801356
2005-01-31,-0.0041252310600568476
2005-02-01,0.000235501325463206
2005-02-02,-0.0017802581418755136
2005-02-03,0.00024313476656641385
2005-02-04,-0.0011111777582370553
2005-02-07,-0.0008919884567125991
2005-02-08,0.0003203826132924186
2005-02-09,0.0018960475160658698
2005-02-10,-0.0007172442986461178
2005-02-11,-0.000599685259607107
2005-02-14,-0.0008887793874495864
2005-02-15,0.0012609220998515691
2005-02-16,-0.0004003752014887601
2005-02-17,0.0017740098497362568
2005-02-18,0.0013606691150284606
2005-02-22,0.00020816341203717237
2005-02-23,0.0010308461722581149
2005-02-24,-0.0008180002854657075
2005-02-25,-0.0014991727243471103
2005-02-28,-0.000479254171991588
2005-03-01,0.001019186234277865
2005-03-02,-0.0015422519444237045
2005-03-03,-0.0013173116824388242
2005-03-04,-0.0014110539984897137
2005-03-07,-0.002569319661934691
2005-03-08,0.0014434910544545824
2005-03-09,0.0013819920870262654
2005-03-10,0.002374165949885238
2005-03-11,0.0034713475281814296
2005-03-14,-0.0052589174856160605
2005-03-15,0.0015943879193943847
2005-03-16,0.0009819223814520428
2005-03-17,-0.0013301273191605987
2005-03-18,-0.00229818530745223
2005-03-21,0.001370128664272998
2005-03-22,0.001723169085456809
2005-03-23,0.00018972505595273847
2005-03-24,0.0005950630421674456
2005-03-28,-0.002343836238987594
2005-03-29,0.0008902856377908786
2005-03-30,0.004293833816650341
2005-03-31,-0.00303107502886239
2005-04-01,0.0018820109113781118
2005-04-04,-0.002201652573098728
2005-04-05,0.0004940249085600013
2005-04-06,-0.0009112255345664276
2005-04-07,-0.0009946838436020703
2005-04-08,-0.00048031474684983677
2005-04-11,0.0015330888201092311
2005-04-12,-0.0025087137181218884
2005-04-13,0.0016553866598789993
2005-04-14,0.0022509002877259695
2005-04-15,0.0017445543571925788
2005-04-18,0.001767010315922379
2005-04-19,-0.0005895152847347443
2005-04-20,0.002920396811648044
2005-04-21,0.001615252757283088
2005-04-22,0.00081166557071396
2005-04-25,0.0011167324753659008
2005-04-26,-2.4384811079551174e-05
2005-04-27,-9.48156195364913e-05
2005-04-28,6.648080447308824e-05
2005-04-29,0.0002937586672503341
2005-05-02,0.0019427356697700464
2005-05-03,0.002614455019380377
2005-05-04,0.0009327817901098101
2005-05-05,0.0022867270333094027
2005-05-06,0.00045445517450556206
2005-05-09,-0.0010306337610594787
2005-05-10,0.004711004130556284
2005-05-11,0.0015676366803198019
2005-05-12,-0.0014484858321146168
2005-05-13,0.002979275301057902
2005-05-16,0.00013590855601814327
2005-05-17,0.0011340360646687779
2005-05-18,0.0038022975026408266
2005-05-19,0.0009082133365025325
2005-05-20,0.0021404197399505437
2005-05-23,-0.001996981785660557
2005-05-24,0.0011148887082780433
2005-05-25,0.0005137885710249629
2005-05-26,0.00117398766087596
2005-05-27,0.0020405260708404667
2005-05-31,-0.0007631022950745145
2005-06-01,0.0010379116369427393
2005-06-02,0.0006229860611784598
2005-06-03,0.0006036454678975594
2005-06-06,-0.0020327884124567725
2005-06-07,0.0019000282189731855
2005-06-08,0.0003534742626193497
2005-06-09,-0.0005336702261678072
2005-06-10,0.0003664693486814753
2005-06-13,0.0009101430966129417
2005-06-14,0.0013675026928335154
2005-06-15,0.0020261799763291025
2005-06-16,0.0004750848184763964
2005-06-17,-0.0017785284460356356
2005-06-20,4.0306903438200623e-05
2005-06-21,0.001393523551358986
2005-06-22,-0.0020514857191422406
2005-06-23,-0.0015848277628251002
2005-06-24,3.483826458082751e-05
2005-06-27,-0.0012856619792544
2005-06-28,0.00170501724214767
2005-06-29,0.001151574209147143
2005-06-30,-0.0016911905419023509
2005-07-01,-0.0019755047927594066
2005-07-05,-0.0001842365515148671
2005-07-06,0.0016040496321744519
2005-07-07,-0.0009298210300430541
2005-07-08,0.0003474654008140073
2005-07-11,-0.0004558624134784001
2005-07-12,0.0015893510061512188
2005-07-13,-0.0007317137577065473
2005-07-14,0.0004426276253880772
2005-07-15,0.0007466634618854274
2005-07-18,-0.001777687745804413
2005-07-19,-0.0006824749915270493
2005-07-20,-0.0016038834294732456
2005-07-21,0.0030105788579592404
2005-07-22,0.0011473124048215543
2005-07-25,-0.001516184640923612
2005-07-26,-0.001551251133309445
2005-07-27,0.002210321432572139
2005-07-28,0.00044247545775860696
2005-07-29,-0.0009229408999839057
2005-08-01,-0.0007943059496114326
2005-08-02,-0.0011724656726389397
2005-08-03,0.0009872134034387004
2005-08-04,0.001709909520163882
2005-08-05,4.592989861162751e-05
2005-08-08,0.0022724647772070206
2005-08-09,-0.001036719743612642
2005-08-10,-0.00046236799314558664
2005-08-11,-0.000506435103461762
2005-08-12,0.0019808150052140713
2005-08-15,0.0020005152831536997
2005-08-16,0.004609434277448446
2005-08-17,0.0005553247837485409
2005-08-18,0.0004515130789227039
2005-08-19,2.6291759602617483e-05
2005-08-22,0.0005423852222779313
2005-08-23,-0.0003937830302790689
2005-08-24,0.0004612289541010268
2005-08-25,0.00026891244535137227
2005-08-26,-0.0007316966955310966
2005-08-29,0.0012160285091693634
2005-08-30,-0.0015093768165265235
2005-08-31,-0.0012471251849783943
2005-09-01,-0.00021659220419542103
2005-09-02,0.0005238089393948644
2005-09-06,-0.0005008600102712956
2005-09-07,-0.0005831468714782938
2005-09-08,-0.0004972694969245308
2005-09-09,-0.0014197265411113418
2005-09-12,0.0036779465231912426
2005-09-13,-0.0005136441625662336
2005-09-14,-0.0013898626874759767
2005-09-15,-0.0008419982110227047
2005-09-16,0.004157570206230715
2005-09-19,0.0011774842096105844
2005-09-20,-0.00046305824561622134
2005-09-21,-0.0013318259018171318
2005-09-22,0.0002778856971571823
2005-09-23,-0.0009129943204063653
2005-09-26,0.00142939814571185
2005-09-27,-0.0009875880258688756
2005-09-28,-0.0026987756790320225
2005-09-29,0.0013842331976341002
2005-09-30,-0.0012977110063794057
2005-10-03,-0.00246199013769534
2005-10-04,-0.001746528918684402
2005-10-05,0.004780356472806374
2005-10-06,0.0033055873426685316
2005-10-07,0.002973124437400057
2005-10-10,-0.0016437902579519053
2005-10-11,0.00039085305975105743
2005-10-12,0.0018846736525436705
2005-10-13,0.0031037562478594826
2005-10-14,0.0011342879477341686
2005-10-17,-0.0015726745972136945
2005-10-18,-0.00024699326239164415
2005-10-19,0.0028466200367001635
2005-10-20,0.0006538446743389914
2005-10-21,-0.0011242759830770975
2005-10-24,0.0013991679657986466
2005-10-25,0.0007563459014197608
2005-10-26,-0.0004117866529149777
2005-10-27,0.0018185551867417385
2005-10-28,0.0024567347104792955
2005-10-31,0.00547415940292555
2005-11-01,-0.00010067754965895205
2005-11-02,0.000801677594473418
2005-11-03,0.0014814170974352078
2005-11-04,0.0003802229154733397
2005-11-07,-0.0009530825774491279
2005-11-08,0.00027139916682324355
2005-11-09,0.0007089747211254301
2005-11-10,0.00014763005449911008
2005-11-11,0.000687125256477992
2005-11-14,-0.0005101200495827775
2005-11-15,0.0015578577566102765
2005-11-16,0.001084218585929384
2005-11-17,-0.0001519707235489372
2005-11-18,0.0006171596706545581
2005-11-21,-0.0015595430110957084
2005-11-22,-0.00016129360901048816
2005-11-23,0.0011386246894799523
2005-11-25,-0.0003816762807056948
2005-11-28,-0.0013258048179406274
2005-11-29,0.0011095281395155643
2005-11-30,1.0462819130705935e-05
2005-12-01,0.00019577095519878222
2005-12-02,-0.0011901580735823075
2005-12-05,0.00036683695139488073
2005-12-06,-0.0004541879450517355
2005-12-07,0.001148088728865148
2005-12-08,-0.0003145981487779219
2005-12-09,-0.0005824766860677874
2005-12-12,-5.5202204227027275e-05
2005-12-13,0.0004662524688943435
2005-12-14,0.000797663726151629
2005-12-15,0.0006205406762769974
2005-12-16,-0.0009223217654974371
2005-12-19,0.0005502309646126608
2005-12-20,0.0006222685181434372
2005-12-21,-0.0019293461345453705
2005-12-22,0.00255203588584734
2005-12-23,-0.0007817571061936439
2005-12-27,0.0012611474591652278
2005-12-28,-0.0007440016248724963
2005-12-29,3.927697541119115e-05
2005-12-30,0.00014408069803847873
2006-01-03,0.0014288405747344686
2006-01-04,3.5862226627262634e-05
2006-01-05,0.0006901126451218081
2006-01-06,0.00019391631148136441
2006-01-09,-0.0009015875793832391
2006-01-10,-0.0011558851099094897
2006-01-11,0.002884569119452643
2006-01-12,0.0002864514064329606
2006-01-13,0.0027612933143531123
2006-01-17,0.0028243758207822387
2006-01-18,0.004153181621333663
2006-01-19,-5.837235209604007e-05
2006-01-20,-0.0010190499236949634
2006-01-23,-0.0007614462933736503
2006-01-24,-0.0024517434535909124
2006-01-25,-0.0017355373963457345
2006-01-26,0.0004887213052537286
2006-01-27,0.0022630769288972843
2006-01-30,5.238297095338981e-06
2006-01-31,-0.0010893960577559889
2006-02-01,-0.00036513833822612884
2006-02-02,-0.0006463966116927602
2006-02-03,-0.0001750083974651305
2006-02-06,-0.0005678669971036462
2006-02-07,0.0004873195200860328
2006-02-08,0.0009330915277526569
2006-02-09,0.00021729219444645702
2006-02-10,-0.0010614859853733758
2006-02-13,-0.00020189677095441274
2006-02-14,-0.002504714678708585
2006-02-15,0.0022702459495073843
2006-02-16,-0.00024011654985957109
2006-02-17,8.438910344810262e-05
2006-02-21,-6.461016781934484e-05
2006-02-22,3.8999411180001394e-05
2006-02-23,0.00021965545426091976
2006-02-24,0.000598170544321495
2006-02-27,0.0002690673823688543
2006-02-28,-0.00021544161327089457
2006-03-01,0.004380502468005274
2006-03-02,-0.0003778906051188686
2006-03-03,0.0013267354928887813
2006-03-06,-0.00046629722308067656
2006-03-07,0.00048776682120095293
2006-03-08,0.0007707942443644404
2006-03-09,0.0005815664031651501
2006-03-10,-0.00033410977455887653
2006-03-13,0.0005674468590514137
2006-03-14,-0.0003904177106624866
2006-03-15,-0.0008630363558843779
2006-03-16,0.002460181152018109
2006-03-17,-0.0005365022549834412
2006-03-20,0.001226097680111476
2006-03-21,0.0022800678285687065
2006-03-22,-0.0009016303483256353
2006-03-23,-0.0003558191248892345
2006-03-24,-5.92859421997878e-05
2006-03-27,0.0005575782814806557
2006-03-28,0.0017891835965498106
2006-03-29,0.0011354953382479184
2006-03-30,0.0014923685696581353
2006-03-31,-0.001172932347089936
2006-04-03,0.0010947104615979426
2006-04-04,-0.0018317216038634197
2006-04-05,-0.0002564136605306859
2006-04-06,-0.0010494999602347354
2006-04-07,-0.0015283377982621888
2006-04-10,-0.0005612423976956352
2006-04-11,0.0015058219591287771
2006-04-12,0.0007582760355270154
2006-04-13,-0.00040921338112620364
2006-04-17,-0.002066872717910683
2006-04-18,0.00026877495580005585
2006-04-19,0.0010755386006555824
2006-04-20,0.0012904439827370032
2006-04-21,-0.0022190873564393496
2006-04-24,0.000595781358010502
2006-04-25,-0.001973914260600698
2006-04-26,0.002165053250103939
2006-04-27,-0.0008347014758858755
2006-04-28,-0.00033862561950043603
2006-05-01,0.003448269467061215
2006-05-02,0.0007462272813941221
2006-05-03,-0.0005734479934364731
2006-05-04,6.878583182244319e-05
2006-05-05,0.0004682565875470701
2006-05-08,0.0018921103844486706
2006-05-09,-0.0012824887634624144
2006-05-10,-0.0006316377757837812
2006-05-11,-0.0002722017319682133
2006-05-12,0.0007525896637608349
2006-05-15,-0.0011625538403775152
2006-05-16,-0.0018308974424571846
2006-05-17,0.0018256844108639775
2006-05-18,0.0016830442224984952
2006-05-19,0.0011048451168970553
2006-05-22,0.0002585258160272108
2006-05-23,-0.002644659947038699
2006-05-24,0.0003199747204041002
2006-05-25,-0.001269900122972862
2006-05-26,-0.000456038475914145
2006-05-30,-0.0013589357462769267
2006-05-31,0.0007180547515520547
2006-06-01,0.0016017462232461779
2006-06-02,-0.0004901615091716716
2006-06-05,-0.00027984318092500924
2006-06-06,-0.0019006288861741557
2006-06-07,0.0006487332074677574
2006-06-08,0.001408355902780961
2006-06-09,-0.0006593071923404738
2006-06-12,2.8305607826387906e-05
2006-06-13,0.0014674354565314433
2006-06-14,0.001764728683004429
2006-06-15,0.0014124824258583458
2006-06-16,-0.00012298049193693738
2006-06-19,-0.0003446241624127671
2006-06-20,-0.001551781276099306
2006-06-21,0.0012218236172231748
2006-06-22,0.0004786418805262539
2006-06-23,0.0004850964623614531
2006-06-26,0.001935432431890902
2006-06-27,-0.001883377700713552
2006-06-28,0.0020699580621951026
2006-06-29,0.0004670189853903167
2006-06-30,2.486017267846709e-05
2006-07-03,-0.0015966453364877591
2006-07-05,0.0020222887019909416
2006-07-06,-2.988598124533725e-05
2006-07-07,-0.0013512791741500392
2006-07-10,0.0011112057400571888
2006-07-11,-0.005455112349844149
2006-07-12,-0.002810090011028505
2006-07-13,-0.0010411384446578607
2006-07-14,0.004130479422063314
2006-07-17,0.0005837895608544262
2006-07-18,-0.0030925416800798512
2006-07-19,0.005116902521872659
2006-07-20,0.0022009970281687097
2006-07-21,-0.0006939922286074002
2006-07-24,0.004835381945298489
2006-07-25,-0.001184269094010097
2006-07-26,0.002619778103604571
2006-07-27,-0.00040102210599847097
2006-07-28,0.0013840442588555248
2006-07-31,0.0014308604572680157
2006-08-01,-0.0017544564490126772
2006-08-02,0.00011144590687847242
2006-08-03,0.0027557208430383532
2006-08-04,0.001352663211817405
2006-08-07,-0.00043691788057148643
2006-08-08,-0.0020170729510687845
2006-08-09,0.0014945865971960888
2006-08-10,-0.00010365408635196816
2006-08-11,-0.0009406201170345943
2006-08-14,0.0009202058589070315
2006-08-15,0.001273093141743763
2006-08-16,0.0011652505357824957
2006-08-17,0.002319768971605912
2006-08-18,-0.001281093383869758
2006-08-21,-0.0023506436120347475
2006-08-22,0.00011830709122004948
2006-08-23,0.00023970567594730347
2006-08-24,-0.0008236938120178137
2006-08-25,-0.00022129427863688876
2006-08-28,-0.0006451833175869926
2006-08-29,0.0014334385431823606
2006-08-30,0.000793750552099979
2006-08-31,-0.000709793493551113
2006-09-01,0.0009614102626401061
2006-09-05,0.001302849242775184
2006-09-06,0.001929274621440402
2006-09-07,0.00015886437630832864
2006-09-08,-0.00046484502944330855
2006-09-11,0.0012476626760788499
2006-09-12,0.0009618461000213952
2006-09-13,0.0008459938592800208
2006-09-14,-0.0002875435499843877
2006-09-15,-0.0011165324659771572
2006-09-18,0.0001934358872161517
2006-09-19,-0.0010769957091816221
2006-09-20,-0.0010648539759156128
2006-09-21,0.0001250967672434207
2006-09-22,0.0005723557698409113
2006-09-25,-0.0015734179204115843
2006-09-26,-0.00035170123388782295
2006-09-27,-0.003250145959405918
2006-09-28,0.0013400562865112146
2006-09-29,-0.00010575510371419834
2006-10-02,-4.0774442101821806e-05
2006-10-03,0.0056682469630909655
2006-10-04,0.00036865112396451785
2006-10-05,-0.0006621109959687216
2006-10-06,-4.8980933301474775e-05
2006-10-09,-0.0003066764326802963
2006-10-10,-0.00029450257362730005
2006-10-11,0.0029126043495297854
2006-10-12,0.0018952397880568688
2006-10-13,0.00028395001408426104
2006-10-16,-0.0009698095913081447
2006-10-17,-0.00017061590879750626
2006-10-18,0.0008141191420545504
2006-10-19,0.0012762794812034876
2006-10-20,0.005218912166591066
2006-10-23,-0.0030063471310339835
2006-10-24,0.0021794529963523645
2006-10-25,-0.0013994270304754392
2006-10-26,0.0021098592846759386
2006-10-27,0.0018940367317050043
2006-10-30,-0.00022187627034506128
2006-10-31,-0.0008218521183166918
2006-11-01,0.0007391227500976584
2006-11-02,0.0014595761936220112
2006-11-03,0.00021684439746606147
2006-11-06,0.00044636664993861894
2006-11-07,-0.0003833812281706638
2006-11-08,-0.0005291039490221609
2006-11-09,-0.0018019245975358456
2006-11-10,0.00040628547508082027
2006-11-13,-0.0005054607945048031
2006-11-14,-0.0006205620983683182
2006-11-15,0.0006827778183537943
2006-11-16,4.896870087139316e-06
2006-11-17,0.0012881144612115682
2006-11-20,-0.001694014635647295
2006-11-21,-0.0012663200489335333
2006-11-22,-0.00029475320223922437
2006-11-24,-0.00012458890432391704
2006-11-27,-0.0008372198255021639
2006-11-28,-0.00012453023290229836
2006-11-29,-0.001781242365539641
2006-11-30,0.00106585703045202
2006-12-01,0.0020829841500439347
2006-12-04,-4.678698980425473e-05
2006-12-05,-0.0010687139958456746
2006-12-06,0.0005045432735823968
2006-12-07,0.0016877699976897695
2006-12-08,0.0014133006368501112
2006-12-11,0.0004119838261606111
2006-12-12,0.00031179051563344983
2006-12-13,-0.0024446288264929695
2006-12-14,-0.00015346997560702083
2006-12-15,0.001671847434529616
2006-12-18,-0.00015797972053868252
2006-12-19,-0.0008483687813244786
2006-12-20,-0.0021061189568233646
2006-12-21,0.0006932821331930985
2006-12-22,-0.000537550889519561
2006-12-26,0.0012847772144362662
2006-12-27,-0.00025901839473520353
2006-12-28,-0.0003535658052791473
2006-12-29,-0.0007206285135444688
2007-01-03,0.002418064032514343
2007-01-04,0.0006477858367089928
2007-01-05,0.0015672321169714698
2007-01-08,-0.0010469814356502615
2007-01-09,-3.8203563935340394e-06
2007-01-10,-0.0011237139819091704
2007-01-11,-8.415641514298468e-06
2007-01-12,0.0008041739093643012
2007-01-16,0.0014942716858382444
2007-01-17,0.0010465599678617637
2007-01-18,-0.00046441478053308664
2007-01-19,-0.0018164613674107723
2007-01-22,-0.00024081798985364753
2007-01-23,-0.00019772389288024814
2007-01-24,1.9914782480615204e-05
2007-01-25,0.0014718580816926053
2007-01-26,0.0019393770415113481
2007-01-29,0.0016325086857578743
2007-01-30,-0.0003740965940132023
2007-01-31,-0.0011136672740515604
2007-02-01,-0.0003570426039709995
2007-02-02,-0.0011123531642746392
2007-02-05,-0.0007482459311040096
2007-02-06,0.00014529503347677526
2007-02-07,0.0014612068671255392
2007-02-08,0.0013742410774141098
2007-02-09,0.0007844658554717755
2007-02-12,0.0013016565337931427
2007-02-13,0.0012649580517154842
2007-02-14,0.0010271027439227656
2007-02-15,-0.0002894069344621774
2007-02-16,-0.0006724633708287197
2007-02-20,0.0002788261437135579
2007-02-21,0.0007556063018112076
2007-02-22,-6.311512963312357e-05
2007-02-23,0.001051977848145759
2007-02-26,0.0012545447626081101
2007-02-27,0.003158681569807041
2007-02-28,0.002286995252284169
2007-03-01,-0.0005965630948635076
2007-03-02,0.00038076728883099337
2007-03-05,0.0003673007568388282
2007-03-06,-0.00010275646673482564
2007-03-07,-0.0005450316023173621
2007-03-08,0.0009526815399532125
2007-03-09,-8.263476635112655e-06
2007-03-12,-0.0017869634836811866
2007-03-13,-0.0009622589163069364
2007-03-14,0.0036930152010072725
2007-03-15,0.0006030340167141815
2007-03-16,0.0011424865066054061
2007-03-19,-0.0011903551398148437
2007-03-20,0.00011878854356979539
2007-03-21,0.0020909349868969813
2007-03-22,-0.0010097978453027612
2007-03-23,0.0005016607257442993
2007-03-26,-0.0010565237178397943
2007-03-27,0.0019524650650049576
2007-03-28,0.0003632314899295948
2007-03-29,-0.0002756343333995662
2007-03-30,-0.00048399009578950735
2007-04-02,-0.007157681801726749
2007-04-03,0.002674424366518295
2007-04-04,4.928768873533218e-05
2007-04-05,0.0014292692995254853
2007-04-09,-0.0018806532222871899
2007-04-10,0.001640186661982391
2007-04-11,0.00013426199542336097
2007-04-12,-0.0010975847814684461
2007-04-13,0.0029055495879763216
2007-04-16,0.002587557951454357
2007-04-17,0.00098826229486868
2007-04-18,0.0052070870621594946
2007-04-19,-0.0014628462788832694
2007-04-20,0.0005436253021874086
2007-04-23,-0.0014063725984855497
2007-04-24,-0.0006482115697642384
2007-04-25,0.0006106152485261731
2007-04-26,-0.0001638143883242655
2007-04-27,0.0010938442286354583
2007-04-30,0.0008112805654490193
2007-05-01,-0.0006780696859885315
2007-05-02,-0.001313974466034093
2007-05-03,8.657224357702287e-05
2007-05-04,0.0007494608492042041
2007-05-07,-0.0005415318327835095
2007-05-08,0.0004780561835527266
2007-05-09,0.0020630789593444124
2007-05-10,-0.0003049079075496876
2007-05-11,-0.0002784900161689618
2007-05-14,-0.0002900753214154208
2007-05-15,-0.001628032231386981
2007-05-16,0.00044810376256703826
2007-05-17,0.0010275517315966412
2007-05-18,-0.0004725536732885755
2007-05-21,-0.0005622012579350127
2007-05-22,-0.0005759962834499826
2007-05-23,0.0006211892602869373
2007-05-24,0.0019837459714708385
2007-05-25,-6.552559384820013e-05
2007-05-29,-0.0006127585164044603
2007-05-30,-0.0002764219185489358
2007-05-31,0.00016775223997654587
2007-06-01,0.000795897706732827
2007-06-04,-0.0006392364308663426
2007-06-05,0.0019744650757387064
2007-06-06,-0.0007892840891928135
2007-06-07,0.001072886372734602
2007-06-08,0.0008132861540829609
2007-06-11,0.0016661014627618808
2007-06-12,-0.000987312535855355
2007-06-13,0.003047738088324993
2007-06-14,-0.0008509941321874705
2007-06-15,0.0005540915243668732
2007-06-18,0.00040426010026080637
2007-06-19,0.0014842154362031585
2007-06-20,-0.0017075322909316142
2007-06-21,0.0008897548798562926
2007-06-22,-0.0008445644260903282
2007-06-25,0.0005141477956830477
2007-06-26,0.0008462258031443581
2007-06-27,0.0003936533652884016
2007-06-28,0.0007681249469198583
2007-06-29,-0.0009006501894527638
2007-07-02,0.001801472631732154
2007-07-03,0.0014576761465925113
2007-07-05,-0.0009664235560077706
2007-07-06,-0.0003885629767950644
2007-07-09,-0.00044242575695015526
2007-07-10,-0.001497288414843455
2007-07-11,0.0022631082846873546
2007-07-12,0.004067581870711735
2007-07-13,0.00042005705603492035
2007-07-16,-0.00040900180576281545
2007-07-17,0.0016299504538472374
2007-07-18,-0.001582221146684644
2007-07-19,0.0009856217387093267
2007-07-20,-0.003252945159516326
2007-07-23,-9.33083766595647e-05
2007-07-24,-0.007444430053480702
2007-07-25,0.007591904494970223
2007-07-26,-0.004492028006088628
2007-07-27,0.0007247446923922844
2007-07-30,-0.001498622693235062
2007-07-31,-0.0043686547473101075
2007-08-01,0.0011753980976378202
2007-08-02,0.0011007652258721128
2007-08-03,-0.013413771349161446
2007-08-06,0.009498358870569882
2007-08-07,0.0035524456386383687
2007-08-08,0.008939160272617902
2007-08-09,-0.009050218074341743
2007-08-10,0.006358413515718234
2007-08-13,0.0013286474933310373
2007-08-14,-0.0020978373752852035
2007-08-15,-0.0011925326480349877
2007-08-16,0.010429940688280886
2007-08-17,0.009328737322576981
2007-08-20,-0.002005503019303218
2007-08-21,-0.001668924655730633
2007-08-22,0.003045244430195195
2007-08-23,0.0017414142255049606
2007-08-24,0.000884142898282637
2007-08-27,-0.0013259536660923884
2007-08-28,-0.0037309447426874726
2007-08-29,0.00619504844214009
2007-08-30,-0.0032041161305362055
2007-08-31,0.002044806499603764
2007-09-04,0.0012462141787523164
2007-09-05,-0.003088395879308682
2007-09-06,0.00011330924879204065
2007-09-07,-0.0014236577334579014
2007-09-10,-0.0025980138755657034
2007-09-11,0.0019094207141385126
2007-09-12,0.00014644630546374138
2007-09-13,0.0038185561738876446
2007-09-14,0.0005482079278603643
2007-09-17,-0.0005900685158787618
2007-09-18,0.010541332867209173
2007-09-19,0.007343189334999469
2007-09-20,-0.002631023856308512
2007-09-21,-0.0035727225741140054
2007-09-24,-0.0032783883150122135
2007-09-25,-0.0029983181264936908
2007-09-26,-8.524174697028889e-05
2007-09-27,0.00045382559462094356
2007-09-28,0.0011242507583851446
2007-10-01,0.0030490234843925166
2007-10-02,0.0010441380490045413
2007-10-03,0.0009629725229868713
2007-10-04,0.0013965951522761566
2007-10-05,0.003649515388779104
2007-10-08,-0.0025220185653562267
2007-10-09,-0.000664810907056254
2007-10-10,-0.001416893878239306
2007-10-11,5.89556264793382e-05
2007-10-12,-0.0034245722254323827
2007-10-15,-0.00333187922246802
2007-10-16,-0.004042879818370497
2007-10-17,-0.0020410272760183275
2007-10-18,-0.002819197510806281
2007-10-19,-0.0034959993937906967
2007-10-22,-0.0004353085325487497
2007-10-23,0.0007026643889518533
2007-10-24,-0.00041249741669194446
2007-10-25,-0.004114312255966267
2007-10-26,0.00511193161716319
2007-10-29,-0.004701403855430553
2007-10-30,-0.003993337513403698
2007-10-31,-0.00046124233294794146
2007-11-01,-0.0025503704082465006
2007-11-02,-0.0011045748234286802
2007-11-05,-0.0016659938174117478
2007-11-06,0.0010914577712975396
2007-11-07,-0.007330372429799105
2007-11-08,0.0013543469926339986
2007-11-09,0.00721435774338174
2007-11-12,0.003044314610111103
2007-11-13,0.010564009087122777
2007-11-14,-0.003302478016086692
2007-11-15,-0.006263955794430565
2007-11-16,0.00011316263406566605
2007-11-19,-0.001604006837941456
2007-11-20,-0.0017267636860565233
2007-11-21,-0.000524941805132638
2007-11-23,0.006148915223799282
2007-11-26,-0.001211122205919829
2007-11-27,0.003925746064461149
2007-11-28,0.006321925200363454
2007-11-29,0.004244043020383647
2007-11-30,0.005348024004209815
2007-12-03,0.002842882429245202
2007-12-04,-0.0029959868405912203
2007-12-05,0.004624917525535169
2007-12-06,0.0017934195047654819
2007-12-07,-0.0023720756289340767
2007-12-10,0.0028555469053124552
2007-12-11,-0.0054242775230058824
2007-12-12,-0.0009020532084468263
2007-12-13,-0.0030526081039594023
2007-12-14,-0.0030969783377881974
2007-12-17,7.794905464042681e-05
2007-12-18,-0.0022461936057411197
2007-12-19,-0.0006309355173570156
2007-12-20,0.00027011602006993935
2007-12-21,0.002664866654740917
2007-12-24,0.0012512800193728317
2007-12-26,-0.0003314515137393456
2007-12-27,-0.0023702948604988673
2007-12-28,-0.0015381367164216389
2007-12-31,0.0009290994965561721
2008-01-02,0.0018141929270699523
2008-01-03,-0.0031989571015034694
2008-01-04,-0.0058485434451548595
2008-01-07,-0.0005768002926140027
2008-01-08,4.103351747356751e-05
2008-01-09,0.0003983839345907167
2008-01-10,0.00316830916530866
2008-01-11,0.0036466761461915725
2008-01-14,0.0028952944289719557
2008-01-15,-0.002281979959099631
2008-01-16,0.0035367481995172262
2008-01-17,0.00012372474384497663
2008-01-18,-0.0009622864949816291
2008-01-22,0.005590601601326345
2008-01-23,0.011734107229097996
2008-01-24,0.0018033045726372876
2008-01-25,0.005325410364234539
2008-01-28,0.005148222949988916
2008-01-29,0.002574443857008561
2008-01-30,0.002881910031982832
2008-01-31,0.004789915254888846
2008-02-01,0.006035485946484408
2008-02-04,-0.003687057426232904
2008-02-05,-0.0048918246944263406
2008-02-06,0.0012022339962838617
2008-02-07,-0.001455279297072974
2008-02-08,0.0018117812193935907
2008-02-11,0.0009049948875449872
2008-02-12,0.002845748522404317
2008-02-13,0.004588434964217962
2008-02-14,-0.0004726744763267034
2008-02-15,0.0028450324081072753
2008-02-19,-0.00306244782311281
2008-02-20,-0.00017848084476068668
2008-02-21,-0.004382904932732977
2008-02-22,0.0019152288433616882
2008-02-25,0.002153422116173024
2008-02-26,0.002513702307247657
2008-02-27,0.00042004361487399237
2008-02-28,-0.0009766500509736085
2008-02-29,-0.002226254207054811
2008-03-03,-0.0015400787712962177
2008-03-04,0.0028366243112373604
2008-03-05,0.0008355088663853023
2008-03-06,-0.0009666670966210464
2008-03-07,0.0005308344051495569
2008-03-10,-0.004207548550570518
2008-03-11,-0.0001677947200112316
2008-03-12,-0.006922571452209917
2008-03-13,0.0010894435662816473
2008-03-14,-0.003335098796324816
2008-03-17,0.004008440056667532
2008-03-18,0.006755860133824273
2008-03-19,0.0001517013484770558
2008-03-20,0.002342220830037364
2008-03-24,0.00364320156559877
2008-03-25,0.002129328550882062
2008-03-26,-0.001834916816624051
2008-03-27,-0.0016256417393721342
2008-03-28,-0.0037446760449603668
2008-03-31,0.001558224401851852
2008-04-01,0.005010643860286733
2008-04-02,0.0021554364190428674
2008-04-03,0.0011462784971345871
2008-04-04,5.896393174346222e-05
2008-04-07,-0.0012593416499222798
2008-04-08,-0.0011315873402718713
2008-04-09,-0.0007956523130860899
2008-04-10,0.002700200779548357
2008-04-11,0.0006216404351433117
2008-04-14,-0.0015160111043516363
2008-04-15,-0.0002860151282230583
2008-04-16,-0.0010263667160864598
2008-04-17,0.0024269189450354675
2008-04-18,-0.0009529987582939547
2008-04-21,-0.003861586283408799
2008-04-22,0.0004999276999481629
2008-04-23,-0.0012728016234217385
2008-04-24,0.005830296514641065
2008-04-25,0.0008771113089326766
2008-04-28,0.0011487438284368105
2008-04-29,-0.00129949338117831
2008-04-30,0.001963548327861852
2008-05-01,0.008303142951896202
2008-05-02,0.0003232196538336236
2008-05-05,-0.002304209190816341
2008-05-06,0.0012601236657083692
2008-05-07,-0.00030260680613898247
2008-05-08,-0.004135906092367449
2008-05-09,-7.040202915867177e-05
2008-05-12,0.0017640805397993984
2008-05-13,-5.447013435742174e-05
2008-05-14,0.0037133155672663355
2008-05-15,0.0008969362359360345
2008-05-16,0.0006694392655203659
2008-05-19,0.00035896438216061877
2008-05-20,4.077004172549746e-05
2008-05-21,-0.0005767350185971578
2008-05-22,0.0020185493555243553
2008-05-23,-0.002112377039716371
2008-05-27,0.0014100234466161838
2008-05-28,-0.00023845042493010152
2008-05-29,-0.0016567067014945625
2008-05-30,0.0006473528672893495
2008-06-02,-0.0029743005032885337
2008-06-03,0.0005488535576025497
2008-06-04,0.00012634782532459612
2008-06-05,0.0065514839690350955
2008-06-06,-0.0014510412384168448
2008-06-09,-0.0007647570323768186
2008-06-10,0.002359561166423284
2008-06-11,3.6430697122829944e-05
2008-06-12,0.001884374157901056
2008-06-13,0.0010422670274364387
2008-06-16,-0.00200676125308269
2008-06-17,-0.0003861775409337553
2008-06-18,-0.0005435192438793142
2008-06-19,0.0012302699177586208
2008-06-20,-0.0018247524445744762
2008-06-23,-0.00033802042833434474
2008-06-24,0.0004254137945899384
2008-06-25,0.0008189172465524018
2008-06-26,0.00035600311250307606
2008-06-27,-0.0017514092368764124
2008-06-30,-0.0006976342282258277
2008-07-01,-0.0014150898218026696
2008-07-02,0.004965600743350401
2008-07-03,0.0006717364508520052
2008-07-07,0.0010511833921117296
2008-07-08,0.0020498501519411916
2008-07-09,-0.0034498444366918833
2008-07-10,-0.003399205595633917
2008-07-11,0.000569264815807989
2008-07-14,0.002396600807025843
2008-07-15,-0.0006447377592858787
2008-07-16,0.005139598895823233
2008-07-17,0.003709880436945272
2008-07-18,0.00021918936592054376
2008-07-21,-0.003624274725836074
2008-07-22,0.0033719496526056483
2008-07-23,0.001965478667373484
2008-07-24,-0.0038223750937628437
2008-07-25,-0.00021284414432878719
2008-07-28,-9.505578395659839e-05
2008-07-29,-0.0011889290939794868
2008-07-30,0.001678051991616262
2008-07-31,0.0013012947857244156
2008-08-01,0.001273289714152987
2008-08-04,0.002598812703415397
2008-08-05,0.000272766597251378
2008-08-06,-0.0014422434935117963
2008-08-07,0.0037521609602765823
2008-08-08,0.002825675325985983
2008-08-11,0.00349383116557262
2008-08-12,-0.0009015957146310081
2008-08-13,0.0008815362015422791
2008-08-14,0.00195394454606542
2008-08-15,0.0011786511139468849
2008-08-18,0.001366043795361127
2008-08-19,-0.0008995732303120265
2008-08-20,0.0005418355154636914
2008-08-21,0.000401144813316541
2008-08-22,0.0013006897885163404
2008-08-25,0.0006546146192786209
2008-08-26,-0.0004886222249080647
2008-08-27,0.002211538951781265
2008-08-28,-0.0008047082073612081
2008-08-29,0.0027334493692785897
2008-09-02,-0.00026140763548719744
2008-09-03,0.00042198384479095997
2008-09-04,0.0031148915433415604
2008-09-05,0.0005610677387895196
2008-09-08,0.0010364198021352309
2008-09-09,0.0069639564425183174
2008-09-10,-0.0003782266143498393
2008-09-11,0.0017210509591056703
2008-09-12,0.001332085879852165
2008-09-15,-0.00037103663389331765
2008-09-16,-0.0028874839883103512
2008-09-17,-0.0012872065301751125
2008-09-18,0.0013704240368853883
2008-09-19,0.005949334293075602
2008-09-22,0.010188857799666546
2008-09-23,-0.0004662500395345198
2008-09-24,0.003768970100933659
2008-09-25,0.00020012338017127155
2008-09-26,0.003298256842889032
2008-09-29,0.0032855626426853547
2008-09-30,0.01444597958538787
2008-10-01,0.000500068259944694
2008-10-02,0.0013791143170423866
2008-10-03,-0.000247986767592962
2008-10-06,-0.0017244066578588969
2008-10-07,-0.005994339686147594
2008-10-08,-0.0031981692071265076
2008-10-09,-0.0010018838400027165
2008-10-10,0.006767041973281943
2008-10-13,0.041596974509145436
2008-10-14,0.003510510345211377
2008-10-15,-0.00618753703444628
2008-10-16,0.004736078176082498
2008-10-17,0.002813706320774868
2008-10-20,0.014918045165351633
2008-10-21,7.848393075121177e-06
2008-10-22,-0.007466081660284262
2008-10-23,-0.005090665519414267
2008-10-24,-0.005508412587746391
2008-10-27,-0.008479533193215637
2008-10-28,0.02150259282599678
2008-10-29,0.0017195128285979078
2008-10-30,0.010322411791784898
2008-10-31,0.0060281189894190275
2008-11-03,-0.0003862968848114033
2008-11-04,0.006575054240201807
2008-11-05,4.515316890320725e-05
2008-11-06,-0.00848876816034902
2008-11-07,0.003452912588778968
2008-11-10,-0.003147161864210745
2008-11-11,-0.008512680998503743
2008-11-12,-0.009142810324203044
2008-11-13,0.012285663632100909
2008-11-14,0.0019128436742684692
2008-11-17,-0.00668588596421596
2008-11-18,-0.0008334829953851954
2008-11-19,-0.0071215638539212775
2008-11-20,0.002246932594415604
2008-11-21,0.013330177753652134
2008-11-24,0.007453383326037618
2008-11-25,0.013683355253508531
2008-11-26,0.0012899862691218835
2008-11-28,0.010542172511886591
2008-12-01,-0.00814674917211844
2008-12-02,0.005628027867498615
2008-12-03,0.00385969927527999
2008-12-04,0.0019404766051783224
2008-12-05,0.004491064978789773
2008-12-08,0.005203655414487949
2008-12-09,0.009111834821510963
2008-12-10,0.01056077870186342
2008-12-11,-0.003470108628072142
2008-12-12,0.0010835776916124603
2008-12-15,-0.0063012561590908055
2008-12-16,0.00853076536993366
2008-12-17,0.0006736651032101989
2008-12-18,0.002934450981578102
2008-12-19,0.0022098680067291327
2008-12-22,-0.0018326888991195098
2008-12-23,-0.0028143579270069143
2008-12-24,0.002621450538954788
2008-12-26,0.0013656645872492628
2008-12-29,0.0009162020320018244
2008-12-30,0.0022419958538021163
2008-12-31,0.0058620202256394445
2009-01-02,0.005092117614177105
2009-01-05,0.005507801726574147
2009-01-06,0.005605057018213317
2009-01-07,-0.0017208024203820612
2009-01-08,-0.00011647062222701441
2009-01-09,0.0010364738466199872
2009-01-12,-0.0027609967337338904
2009-01-13,-0.001569714468309749
2009-01-14,0.001444234931513218
2009-01-15,0.0028542722495997013
2009-01-16,0.0038174227925735923
2009-01-20,-0.005268181781971113
2009-01-21,0.004710221129492552
2009-01-22,-0.0010028278286121082
2009-01-23,-0.0007825832374954656
2009-01-26,0.001071623339889017
2009-01-27,6.081862851721148e-05
2009-01-28,-0.00014958738236983023
2009-01-29,3.3205589801116907e-05
2009-01-30,-0.005806516382410769
2009-02-02,-0.004505058991508541
2009-02-03,0.003465210220782897
2009-02-04,-0.0040440107924529884
2009-02-05,-0.003259868972845392
2009-02-06,0.0037390112370255173
2009-02-09,0.003166754411893645
2009-02-10,0.0027463284069759297
2009-02-11,-0.0026108164162701717
2009-02-12,-0.004036619222697845
2009-02-13,-4.034782701088095e-05
2009-02-17,-0.005690243293364168
2009-02-18,0.0012404994937391938
2009-02-19,-0.0003444324354323571
2009-02-20,-0.000879477461656802
2009-02-23,-0.0012616218807919158
2009-02-24,-0.001385216210287552
2009-02-25,0.0022186543309409327
2009-02-26,-0.003475288150520847
2009-02-27,-0.004604359016910568
2009-03-02,-0.007904718244559898
2009-03-03,-0.0005744089756345264
2009-03-04,0.005882448235879717
2009-03-05,-0.0052922970700975125
2009-03-06,-0.0031694198144349684
2009-03-09,0.0011417274939946067
2009-03-10,0.011748415294529566
2009-03-11,-0.0023235235802099323
2009-03-12,0.004893934462112124
2009-03-13,-0.000793872607275333
2009-03-16,0.008383415860006968
2009-03-17,-0.00014589257537298787
2009-03-18,0.00605539938636032
2009-03-19,-0.003241062037149766
2009-03-20,-0.006487300376559456
2009-03-23,0.006357768269460068
2009-03-24,0.0018421407469559185
2009-03-25,0.005510693092515923
2009-03-26,0.00913082288449836
2009-03-27,-0.0010346350913589954
2009-03-30,-0.006374418485175679
2009-03-31,-0.001038871574540926
2009-04-01,0.0006340679073195539
2009-04-02,0.009271080038009262
2009-04-03,-0.0009556588527339153
2009-04-06,0.0033834122335217633
2009-04-07,-0.003717809983179841
2009-04-08,-0.0006619732068900288
2009-04-09,0.006657813689740078
2009-04-13,-0.001645373621055723
2009-04-14,-0.0008208998504035421
2009-04-15,0.0026546647229302753
2009-04-16,0.004650731508009683
2009-04-17,0.003119725435960445
2009-04-20,-0.003002672821570728
2009-04-21,0.0021509445067771998
2009-04-22,0.0014616046721205643
2009-04-23,-0.0014401763411304909
2009-04-24,0.004434660029413747
2009-04-27,0.0017598362914176245
2009-04-28,-0.0034334182309731518
2009-04-29,0.0036440789736528517
2009-04-30,0.0029032513114010663
2009-05-01,0.005891121360672876
2009-05-04,0.0003678339902795887
2009-05-05,0.005637229984503547
2009-05-06,0.0023265062496825636
2009-05-07,0.002505621272335704
2009-05-08,0.0011732542051866388
2009-05-11,0.00044833256442079603
2009-05-12,0.0005137893277955972
2009-05-13,0.004618984460143327
2009-05-14,0.0005068812585369335
2009-05-15,-0.0033544720634633204
2009-05-18,-0.0024065871708011354
2009-05-19,0.000924993316278012
2009-05-20,-0.00021268188901660783
2009-05-21,0.0019367125280411305
2009-05-22,0.0024152003055484036
2009-05-26,0.0006412207722461743
2009-05-27,5.423436257284439e-05
2009-05-28,0.0043311262732940925
2009-05-29,-0.002276769339659351
2009-06-01,0.0032574151476460218
2009-06-02,0.0009350004390053675
2009-06-03,-0.0014871621695438152
2009-06-04,-0.0019662226208214564
2009-06-05,0.00053414749836273
2009-06-08,-0.0006861045297188219
2009-06-09,-0.0003102445889461092
2009-06-10,0.002938959797034377
2009-06-11,-0.0001487991352859461
2009-06-12,0.002132683567487779
2009-06-15,-0.0007438122419271832
2009-06-16,0.0006568942545936828
2009-06-17,0.0018285284562912561
2009-06-18,-0.000204765272151844
2009-06-19,0.00022313986515129852
2009-06-22,0.002193805447443589
2009-06-23,-0.000658179293416605
2009-06-24,0.0004054684806578061
2009-06-25,0.0020219369046495087
2009-06-26,-0.002912695375603461
2009-06-29,0.0010509094857300255
2009-06-30,0.0016748750357986715
2009-07-01,-0.0006791608809731692
2009-07-02,-0.0038809137616320245
2009-07-06,0.001646474402193311
2009-07-07,0.0002873015478750948
2009-07-08,0.001070965932883834
2009-07-09,0.0006738385419340827
2009-07-10,-0.0009018524059650226
2009-07-13,-0.0011579558859809622
2009-07-14,-0.001930808138364663
2009-07-15,0.0003054427806699141
2009-07-16,0.0017494499767253036
2009-07-17,-0.0015954823411852552
2009-07-20,0.0007106932319596677
2009-07-21,0.00026089157642035016
2009-07-22,0.0007476611133894611
2009-07-23,-0.005560674478923557
2009-07-24,-5.5119037310456596e-05
2009-07-27,0.0019281071124360601
2009-07-28,0.0015843815553849365
2009-07-29,-0.0003117937749208411
2009-07-30,0.0016007024727077432
2009-07-31,-0.00988172351782151
2009-08-03,0.0016047406413698057
2009-08-04,0.0030988374122763087
2009-08-05,0.0024861043227585467
2009-08-06,-0.000924641142993957
2009-08-07,0.001625335385776456
2009-08-10,0.0012648517622498227
2009-08-11,0.0014998027136720485
2009-08-12,-0.0010233298529313919
2009-08-13,-0.00213813561505165
2009-08-14,0.0027608602952774704
2009-08-17,0.0018788422663549588
2009-08-18,0.0013796548417998045
2009-08-19,-0.0005973741268038803
2009-08-20,-0.002664135144631921
2009-08-21,0.0017750236972287046
2009-08-24,0.001608333768890643
2009-08-25,-0.0006507336698686595
2009-08-26,-0.001170421205133808
2009-08-27,0.0007031746009699985
2009-08-28,0.0009551115250942097
2009-08-31,-0.001532344692378134
2009-09-01,0.0018564424148871013
2009-09-02,0.0017906711828106266
2009-09-03,0.0017588147954555502
2009-09-04,0.004112103640399749
2009-09-08,0.0017515908205786533
2009-09-09,-0.0039697040443493125
2009-09-10,-0.0003355350119139999
2009-09-11,0.0028673289919681406
2009-09-14,0.002057599962046288
2009-09-15,0.0006136355117449633
2009-09-16,0.0010530569731399951
2009-09-17,0.00341583386527482
2009-09-18,0.00413774994941373
2009-09-21,0.0007051199865550012
2009-09-22,0.00045159984029971453
2009-09-23,0.0010767828328935279
2009-09-24,-0.0006740038089971328
2009-09-25,0.0018595458647859664
2009-09-28,-0.003403460859652142
2009-09-29,-0.00030582238182297946
2009-09-30,0.0007592348607862108
2009-10-01,-0.0010095758949827704
2009-10-02,-0.0006512789025074067
2009-10-05,-0.0008457146696368837
2009-10-06,0.00017822358142475234
2009-10-07,-0.0011754450223845656
2009-10-08,0.002336683924029291
2009-10-09,0.0025962950423042367
2009-10-12,0.0002928411712580477
2009-10-13,-9.279033699375934e-05
2009-10-14,0.0007849601209251109
2009-10-15,0.0015457178617416145
2009-10-16,-0.0012306592144226082
2009-10-19,-0.000973306399677865
2009-10-20,-0.0016038443730785022
2009-10-21,6.10452156549835e-05
2009-10-22,0.0022688969388644856
2009-10-23,0.002240396211302959
2009-10-26,0.002085443305652414
2009-10-27,-0.0009452618299305011
2009-10-28,0.0014075397034994908
2009-10-29,-0.0018396469465746237
2009-10-30,-0.002002069612726162
2009-11-02,-2.050061778940618e-05
2009-11-03,-0.0025990873111811186
2009-11-04,-4.313772955388097e-05
2009-11-05,0.00021820861651054653
2009-11-06,0.0012719479964276655
2009-11-09,0.001190343367768517
2009-11-10,-1.1298296969813042e-05
2009-11-11,0.0018066247455377328
2009-11-12,0.0017303404759987477
2009-11-13,-0.0017432991205500496
2009-11-16,0.0004619818265580202
2009-11-17,-6.730490379140697e-05
2009-11-18,-7.440323253190618e-05
2009-11-19,-0.0004139476216667265
2009-11-20,-0.00017321817583291558
2009-11-23,-0.00022945533843456403
2009-11-24,0.0020039573587671664
2009-11-25,-0.0004443100852346356
2009-11-27,0.0017119594554167617
2009-11-30,-0.0011051507618899533
2009-12-01,2.62423506439956e-05
2009-12-02,-0.00012013634327555714
2009-12-03,0.004532337413564536
2009-12-04,0.0003586393011243202
2009-12-07,0.001727129565713985
2009-12-08,0.0006691421592176516
2009-12-09,0.0010006597584849557
2009-12-10,-0.0003631445890246929
2009-12-11,-0.00032057846066142596
2009-12-14,0.0016897872242193056
2009-12-15,0.00013812478275917242
2009-12-16,-0.0008643478446678506
2009-12-17,0.000138602546504861
2009-12-18,-0.0006574579174136555
2009-12-21,0.001102908152300482
2009-12-22,0.0017567569623213222
2009-12-23,-0.0006264780280166767
2009-12-24,-0.0004475642342133999
2009-12-28,0.00037879119054343147
2009-12-29,-0.00014050605147959504
2009-12-30,0.00042676984466430537
2009-12-31,0.0005133545956272177
2010-01-04,0.0021380338304772327
2010-01-05,0.0013609297875921977
2010-01-06,-0.0006894459432867983
2010-01-07,-0.0003670693606995535
2010-01-08,-0.00017020229774391976
2010-01-11,-0.0019028166317819491
2010-01-12,0.0009022279248491807
2010-01-13,-0.0003134338174141025
2010-01-14,0.0008366882228624666
2010-01-15,0.0009589989480118924
2010-01-19,-0.000560949571733516
2010-01-20,0.0004951762791385104
2010-01-21,-0.000717915339804023
2010-01-22,0.002289009983964478
2010-01-25,-0.00015489860014844035
2010-01-26,0.001636243067568497
2010-01-27,0.0021850208477484363
2010-01-28,0.0008622113764434624
2010-01-29,0.0007108802618023454
2010-02-01,4.602120432418367e-05
2010-02-02,0.0003326561999383444
2010-02-03,-0.0001733833936344784
2010-02-04,0.0020868326573108397
2010-02-05,0.0040696368034924555
2010-02-08,0.00041696920548851845
2010-02-09,-0.00013174405535872365
2010-02-10,-0.00033284280560836796
2010-02-11,-0.0017235864838364735
2010-02-12,-0.00019297269771837827
2010-02-16,0.0003870878663568814
2010-02-17,-0.00021200074078170454
2010-02-18,-0.0008939282542116744
2010-02-19,0.00021957690041167656
2010-02-22,0.0011017461051294002
2010-02-23,0.000978848665680952
2010-02-24,0.0001132870339290915
2010-02-25,-0.00031493791364909653
2010-02-26,0.0008063752413767263
2010-03-01,-0.0006469396516981406
2010-03-02,-0.0007366216396217153
2010-03-03,0.0009677787001476191
2010-03-04,-0.0004414466392766498
2010-03-05,-0.0012558362955170594
2010-03-08,5.0150229002811e-05
2010-03-09,-1.9555624982740943e-05
2010-03-10,0.00012219226482783265
2010-03-11,0.0006062777910717916
2010-03-12,-0.0006670263380354617
2010-03-15,0.0001298293833871802
2010-03-16,-0.0005065400542296808
2010-03-17,0.0006320310375598948
2010-03-18,-0.00040437804497727494
2010-03-19,9.105418605428519e-05
2010-03-22,-0.0006281469269234984
2010-03-23,-0.0006924849786299027
2010-03-24,-0.0013873486511287979
2010-03-25,-0.00023556998858782478
2010-03-26,0.003287206361018651
2010-03-29,-0.001376436996670644
2010-03-30,-0.0013308612039557627
2010-03-31,-0.00011400631423429446
2010-04-01,1.6273440236327032e-05
2010-04-05,0.00039591632419485066
2010-04-06,0.0013667228757043984
2010-04-07,0.000351524800858765
2010-04-08,0.0009000229173329483
2010-04-09,0.0005880898035221405
2010-04-12,0.000581164746197415
2010-04-13,-0.0005568712996487125
2010-04-14,0.00032362553963089235
2010-04-15,8.727432348753119e-05
2010-04-16,0.001592449722272501
2010-04-19,0.0003504717564783767
2010-04-20,0.0011674036085030357
2010-04-21,0.0008920117323712488
2010-04-22,-0.0017095221050318057
2010-04-23,-0.0007353410740007208
2010-04-26,0.001806364805456758
2010-04-27,0.0023209727187165183
2010-04-28,0.003807078484773662
2010-04-29,-0.002880546778639766
2010-04-30,0.0025421077964362317
2010-05-03,0.0012267022476889545
2010-05-04,0.0012887374679835769
2010-05-05,0.00022209382647155797
2010-05-06,0.004152964437421013
2010-05-07,0.002148575796820508
2010-05-10,-0.0027055063891165605
2010-05-11,0.0012356335642809248
2010-05-12,0.0006305850856616076
2010-05-13,-0.001085158793770692
2010-05-14,0.0019859432596876004
2010-05-17,0.0016098804389663441
2010-05-18,0.0017327481434028958
2010-05-19,-0.00093226992170554
2010-05-20,0.0028324361028737328
2010-05-21,-0.0019126101300128468
2010-05-24,0.0007040518844247022
2010-05-25,0.0006904019516954611
2010-05-26,0.0010681595655787264
2010-05-27,0.0006702814182841731
2010-05-28,1.220980620039337e-05
2010-06-01,0.0006505001739690745
2010-06-02,-0.0006935912840043769
2010-06-03,0.00048333034006338774
2010-06-04,0.00017993631402699062
2010-06-07,0.00048431697204845463
2010-06-08,-0.0014465887836021569
2010-06-09,-0.0010821191525371345
2010-06-10,0.0007937139332028098
2010-06-11,0.00010410555927377067
2010-06-14,-0.0010639453219361285
2010-06-15,0.0009845618140772287
2010-06-16,0.0003377909737872597
2010-06-17,-0.0006463480055762413
2010-06-18,7.487069601718886e-05
2010-06-21,0.0017711561161360646
2010-06-22,0.0008449903852327347
2010-06-23,0.00042000886624709536
2010-06-24,-0.00011055450537299586
2010-06-25,-0.0005403867630825871
2010-06-28,0.0014417308671883303
2010-06-29,0.0007001961745852155
2010-06-30,0.002716168157368902
2010-07-01,0.0015139801408762634
2010-07-02,-8.891766622604937e-05
2010-07-06,-0.00028026931355464187
2010-07-07,0.0013299415414494628
2010-07-08,0.00032999819726748535
2010-07-09,0.0009624380177632622
2010-07-12,-0.0003636760724803816
2010-07-13,0.000569252763645151
2010-07-14,-0.00047305285229631513
2010-07-15,-6.662446760553284e-05
2010-07-16,-0.0016310462129732412
2010-07-19,-0.0009227539892440437
2010-07-20,5.776240742194916e-06
2010-07-21,0.00012701874815694485
2010-07-22,-0.0033466043248801267
2010-07-23,0.0027087582320935843
2010-07-26,0.0007566868623070821
2010-07-27,-0.0010433316795052522
2010-07-28,-0.00022229451464389623
2010-07-29,0.0026770301898395034
2010-07-30,0.0002225533168409095
2010-08-02,0.0011353410266820444
2010-08-03,0.0006907110113130523
2010-08-04,0.0015695522030414967
2010-08-05,0.00018122505887180993
2010-08-06,-0.0001036247540229474
2010-08-09,-0.0006255970060858888
2010-08-10,-0.0005827493590692858
2010-08-11,-0.0005337693340210991
2010-08-12,-0.0016950383207666776
2010-08-13,-0.00017713652183151834
2010-08-16,0.0012359217108793988
2010-08-17,0.0016616702274051777
2010-08-18,0.0022140296874648335
2010-08-19,0.0006906765426574999
2010-08-20,0.0001824968585028915
2010-08-23,-0.0022424421564223255
2010-08-24,-0.006611740302439739
2010-08-25,0.001988719658954655
2010-08-26,-0.0006693095703582948
2010-08-27,-0.0015634179686677646
2010-08-30,-0.000633168641792917
2010-08-31,-0.002854489258844269
2010-09-01,0.0037675272912801724
2010-09-02,0.002393454030858992
2010-09-03,0.003243927448995514
2010-09-07,-0.0019993835743065116
2010-09-08,0.0017037655362397983
2010-09-09,0.0006115383332306446
2010-09-10,0.004067852932407636
2010-09-13,-0.0024479982422737447
2010-09-14,0.0020500681058181953
2010-09-15,0.001492054517707443
2010-09-16,0.00168421211263725
2010-09-17,0.0028902342325147112
2010-09-20,-0.00030752480934766
2010-09-21,0.0016923052888655095
2010-09-22,0.00118026463320491
2010-09-23,0.0014089272757281954
2010-09-24,-0.00035682426254648135
2010-09-27,-0.0014217398682696697
2010-09-28,0.0010145410231366446
2010-09-29,0.0003724157614864037
2010-09-30,0.0005024496285479574
2010-10-01,0.00014641460044090358
2010-10-04,-0.001311713575062221
2010-10-05,7.394298538197381e-06
2010-10-06,-3.528539331760679e-05
2010-10-07,0.00018833102816290432
2010-10-08,1.5836547196302712e-06
2010-10-11,0.0010590589838851275
2010-10-12,-0.00038643273124585605
2010-10-13,0.0031658653049433305
2010-10-14,-0.0006516537830933524
2010-10-15,-0.0006896482757597252
2010-10-18,0.0009155615481150863
2010-10-19,-0.0007489893831026828
2010-10-20,0.00023328455190748225
2010-10-21,0.000982745856675228
2010-10-22,0.0005792819663817207
2010-10-25,-0.0012375590823870098
2010-10-26,-0.0012973846267839123
2010-10-27,3.45776423351412e-05
2010-10-28,-0.0018743322809049552
2010-10-29,0.0023188188717736483
2010-11-01,-0.00014311209644246378
2010-11-02,0.0008186961613136278
2010-11-03,0.0004925850122456168
2010-11-04,-0.0019747867130054148
2010-11-05,0.0007893490077228092
2010-11-08,0.000638517816890203
2010-11-09,0.0002014957630879868
2010-11-10,0.0015761157304534658
2010-11-11,-3.535349314680592e-05
2010-11-12,0.0014977653110469977
2010-11-15,-0.0001812104067016816
2010-11-16,0.0008783708836492173
2010-11-17,0.0009831451739951988
2010-11-18,-7.473594157316092e-05
2010-11-19,0.00032682848183899517
2010-11-22,-0.00021036180285997826
2010-11-23,-0.0003797597313302786
2010-11-24,-0.0007477534285383493
2010-11-26,-8.521507409424885e-06
2010-11-29,0.0009971539408980825
2010-11-30,0.0005128317491918306
2010-12-01,-0.0015133562173293498
2010-12-02,0.002404306181967947
2010-12-03,0.00010181696491468212
2010-12-06,0.0011990541633403703
2010-12-07,0.0008296471401180133
2010-12-08,0.00011383163550121654
2010-12-09,-3.9249358353449314e-05
2010-12-10,-0.0001508817397257024
2010-12-13,0.0011486640572260355
2010-12-14,-0.0007793578472580971
2010-12-15,-0.0009344383073560748
2010-12-16,-0.001295560994865412
2010-12-17,-0.00022270102132183057
2010-12-20,0.001578985925399256
2010-12-21,0.0006145549591017773
2010-12-22,0.0015311402895281472
2010-12-23,0.0007383570794048628
2010-12-27,-0.0001070569942722252
2010-12-28,0.0008614115616731386
2010-12-29,0.00020166441925833137
2010-12-30,-0.00013307819936257513
2010-12-31,0.0006175194891384652
2011-01-03,0.0009121988553245398
2011-01-04,0.0022029874023897
2011-01-05,-0.0009266897311796232
2011-01-06,-5.511091729267711e-05
2011-01-07,0.001069154201154728
2011-01-10,0.00028070695866044246
2011-01-11,0.00024096273613961433
2011-01-12,0.00039005837025871506
2011-01-13,0.000581468046380041
2011-01-14,0.0007995708347630486
2011-01-18,-0.0008874848715361587
2011-01-19,8.615954047748938e-05
2011-01-20,0.001314768944016539
2011-01-21,0.00017701400093376695
2011-01-24,-0.0005521682052876939
2011-01-25,-0.0017770935400979679
2011-01-26,-0.001415318635166342
2011-01-27,-0.000984927645508189
2011-01-28,-0.000801441072511231
2011-01-31,-0.0025252719781185054
2011-02-01,-0.0008182909124738452
2011-02-02,0.002637917225817939
2011-02-03,0.0016660782251027018
2011-02-04,-1.591492898355438e-05
2011-02-07,-0.0010701536583275716
2011-02-08,0.0015645410691509137
2011-02-09,0.0029124758642142413
2011-02-10,-0.0003023649382015816
2011-02-11,1.8250676711134214e-05
2011-02-14,0.0007442027674869484
2011-02-15,0.0007142055533824165
2011-02-16,-0.0010285820643543718
2011-02-17,0.00039549434854738586
2011-02-18,-0.0018996162970339495
2011-02-22,0.0005145863274635282
2011-02-23,0.003224560882916542
2011-02-24,0.00037165185522619224
2011-02-25,-0.0010616009286983576
2011-02-28,-0.00016947125957264021
2011-03-01,0.0012418984144303533
2011-03-02,0.0017334150229584991
2011-03-03,-0.0017192137986127114
2011-03-04,-0.00030122920985012195
2011-03-07,-2.7209207009533518e-05
2011-03-08,0.0028506435994333497
2011-03-09,0.0011319890083356311
2011-03-10,0.0020295900039835058
2011-03-11,-0.0007674839918935296
2011-03-14,-0.0017095775966195228
2011-03-15,0.0005371528213343082
2011-03-16,0.0021929780556094527
2011-03-17,0.0011175594680064448
2011-03-18,0.0010638846977827584
2011-03-21,-0.0004128095143434181
2011-03-22,-0.0004225593367919746
2011-03-23,-0.00031230863494619736
2011-03-24,-0.00045613474055515216
2011-03-25,-0.00020556193651928136
2011-03-28,-0.0006307129185176942
2011-03-29,-0.0017198885857974003
2011-03-30,0.001975028455545915
2011-03-31,-0.0007956751741308051
2011-04-01,-0.00027790615429704977
2011-04-04,0.0009040286061191801
2011-04-05,0.00019275154099819807
2011-04-06,3.667521126301072e-05
2011-04-07,1.3698463367750833e-05
2011-04-08,-0.0009771470811284358
2011-04-11,-0.0007112489580546115
2011-04-12,0.00314752557209213
2011-04-13,0.00047420635781865423
2011-04-14,-0.0011455920381176733
2011-04-15,0.00043614607337407526
2011-04-18,0.0011582436297886069
2011-04-19,0.0008397198616592179
2011-04-20,0.00020192822843583498
2011-04-21,-0.003411531219738286
2011-04-25,0.0009574800755825769
2011-04-26,0.001930923189262341
2011-04-27,-0.0012639427240065866
2011-04-28,0.0004624360051262759
2011-04-29,-0.0010340924154631358
2011-05-02,0.0008821474159732633
2011-05-03,0.0006754359075588727
2011-05-04,-0.0012849047946569996
2011-05-05,0.0005011847439652052
2011-05-06,-0.0017724521813601694
2011-05-09,-0.0007327466178075899
2011-05-10,0.0005548075753147857
2011-05-11,0.0005261402084559272
2011-05-12,0.002367404512409043
2011-05-13,0.0011071561047538345
2011-05-16,0.0014778148118967684
2011-05-17,-0.0010772310243730402
2011-05-18,-0.003963163785253681
2011-05-19,-0.0007268571038607658
2011-05-20,0.0006610441648008098
2011-05-23,-0.0004197004100006823
2011-05-24,0.00016156258148154485
2011-05-25,-0.0004852820533208638
2011-05-26,-0.0020522096913514515
2011-05-27,-0.0008089777096168722
2011-05-31,-0.0011235678413149947
2011-06-01,-0.0007965285436344117
2011-06-02,0.0017603038134220812
2011-06-03,4.6255801945582535e-05
2011-06-06,-0.0006157570888476021
2011-06-07,0.0011989066364950518
2011-06-08,0.0013789031616832752
2011-06-09,-0.0005276489418525577
2011-06-10,0.0006201156436539616
2011-06-13,0.0002988687234123884
2011-06-14,0.00045740570443969286
2011-06-15,0.001998805038989749
2011-06-16,-0.0008097749819524895
2011-06-17,0.0012479120615617317
2011-06-20,0.0015343096767918404
2011-06-21,-0.00015781962796564694
2011-06-22,-0.001118279532056443
2011-06-23,0.00010047536247821364
2011-06-24,0.0009217549495066463
2011-06-27,0.00045831607955309253
2011-06-28,-0.000733056287673737
2011-06-29,-0.00040688428125192804
2011-06-30,-0.00011331385059007409
2011-07-01,-0.00021476167498077545
2011-07-05,-0.0013613138485709672
2011-07-06,-0.0001371323397321896
2011-07-07,0.0011712311225312124
2011-07-08,-0.0002026920655868135
2011-07-11,-0.0004657353849731376
2011-07-12,0.0003543025092083891
2011-07-13,0.0004310938185544205
2011-07-14,0.0006239434145725513
2011-07-15,-0.0019477713564919922
2011-07-18,-0.0008196266574881986
2011-07-19,0.0003054621969258006
2011-07-20,-0.00024101453888692673
2011-07-21,0.004264200248566291
2011-07-22,0.003305399343136319
2011-07-25,0.0009644428937978461
2011-07-26,0.00013022538528685115
2011-07-27,-0.00018338017906637219
2011-07-28,-0.0030121748758585036
2011-07-29,-0.0017445916937337774
2011-08-01,-0.0012029136577922333
2011-08-02,0.0007952813731074628
2011-08-03,0.0008306311936655354
2011-08-04,0.0006532473088281056
2011-08-05,-0.0018109338076219487
2011-08-08,-0.001181994533352065
2011-08-09,0.00835807063418564
2011-08-10,-0.003214116731510165
2011-08-11,0.010337022455394607
2011-08-12,0.004041498917708636
2011-08-15,-0.000561166126045342
2011-08-16,0.0019944455367233364
2011-08-17,0.0026867382655836537
2011-08-18,0.001958627573649807
2011-08-19,-0.0020513349993308023
2011-08-22,0.0005780336779428278
2011-08-23,0.005205096910260444
2011-08-24,-0.0029529037995835103
2011-08-25,0.0028819114485170235
2011-08-26,0.002374519273339461
2011-08-29,0.005241169041815089
2011-08-30,0.0016030417860702652
2011-08-31,0.0021160759987042693
2011-09-01,-0.003928842255089295
2011-09-02,-0.00407372785313879
2011-09-06,8.22887558486018e-05
2011-09-07,0.0029001637603161814
2011-09-08,-0.0026781963218703198
2011-09-09,-0.0022136604246136508
2011-09-12,0.0024810845477591516
2011-09-13,0.00141355791685814
2011-09-14,0.0022067901828969174
2011-09-15,0.0025235164770421505
2011-09-16,0.000775509109891034
2011-09-19,-0.0031300608801166216
2011-09-20,0.000797122538464466
2011-09-21,-0.0030425761102112815
2011-09-22,-0.0013996777986517892
2011-09-23,0.001555414040089211
2011-09-26,0.003075921270076787
2011-09-27,0.005650969194231855
2011-09-28,-0.0031206494002318074
2011-09-29,0.0029767574392013272
2011-09-30,0.0017663515616130586
2011-10-03,-0.0020785350152884444
2011-10-04,0.004117250249409335
2011-10-05,0.005007256537062366
2011-10-06,0.002805076794300292
2011-10-07,-0.0017861036379814242
2011-10-10,0.0020735103154116345
2011-10-11,0.0011084673210701931
2011-10-12,0.005089602921838672
2011-10-13,0.0010571291047931919
2011-10-14,0.0004745667541930302
2011-10-17,-0.003467083132122474
2011-10-18,0.0045604163216631
2011-10-19,-0.0003601865601112778
2011-10-20,0.00044767918123144086
2011-10-21,-0.0007557018630298085
2011-10-24,0.006204333438809186
2011-10-25,0.0008724871918333762
2011-10-26,0.001375089294483659
2011-10-27,0.005015678565699811
2011-10-28,0.0038955785113027218
2011-10-31,-0.0028825282763583946
2011-11-01,0.001345206894471373
2011-11-02,0.001974551880853384
2011-11-03,-0.0008222538522877321
2011-11-04,-0.0007971949908623609
2011-11-07,-0.0012488021855048372
2011-11-08,0.0015430288977234682
2011-11-09,0.0007162096085740385
2011-11-10,0.0014605776795211824
2011-11-11,0.0014537340016823265
2011-11-14,0.00038231003857920284
2011-11-15,0.0023419531210731852
2011-11-16,0.002821239182904272
2011-11-17,0.0007351197119840853
2011-11-18,-0.0016438711519406425
2011-11-21,0.00010268637637736649
2011-11-22,0.0006119248113339502
2011-11-23,-0.00035368398425020107
2011-11-25,0.0011516920932479393
2011-11-28,0.0029913967485310816
2011-11-29,-0.0013608650055558858
2011-11-30,0.001687108415856901
2011-12-01,0.0007393995009177921
2011-12-02,0.0007398785493108856
2011-12-05,0.000981169956183193
2011-12-06,2.7617529707581306e-05
2011-12-07,0.001281726587188992
2011-12-08,3.2178657978118126e-05
2011-12-09,-8.896306416458453e-05
2011-12-12,0.000661238950891211
2011-12-13,-0.0001975090315170465
2011-12-14,-7.190628955800145e-05
2011-12-15,0.0006199931634082035
2011-12-16,0.0011195542789036843
2011-12-19,-6.741175854554956e-05
2011-12-20,-0.0012434520707924107
2011-12-21,-9.128169961498817e-05
2011-12-22,0.0007543500979947012
2011-12-23,7.554318174257092e-05
2011-12-27,-0.001641021932883202
2011-12-28,0.0009160835428843339
2011-12-29,-0.0006948570086548233
2011-12-30,0.0008467404174764038
2012-01-03,0.00206005494570616
2012-01-04,0.0006556680007724885
2012-01-05,-0.0006800794744267855
2012-01-06,0.0007318652586003939
2012-01-09,-0.00016125103055348404
2012-01-10,0.0007036870470301092
2012-01-11,0.0009831350159013646
2012-01-12,0.0013360323224823856
2012-01-13,-0.00033100427764616374
2012-01-17,-0.0015708733045610944
2012-01-18,0.00017063010125599568
2012-01-19,0.0017304775702164596
2012-01-20,-5.0109993296188564e-05
2012-01-23,-4.293511095556695e-05
2012-01-24,0.002177731220252212
2012-01-25,-0.0006973739289255057
2012-01-26,-0.002390587758546878
2012-01-27,0.0014109298709053073
2012-01-30,0.0010195435340673636
2012-01-31,-0.0006381668872744209
2012-02-01,-9.821734593716432e-05
2012-02-02,0.0007972541839017164
2012-02-03,-0.001304107843665136
2012-02-06,0.002268203425874122
2012-02-07,-0.002725104157177086
2012-02-08,-0.00035932486177329623
2012-02-09,0.000792885728349513
2012-02-10,0.000201513791883416
2012-02-13,0.00012139765242003564
2012-02-14,0.0004143133404608128
2012-02-15,0.0036676348861262842
2012-02-16,-0.0014365585330410708
2012-02-17,0.001607337944413485
2012-02-21,-0.002406558856965868
2012-02-22,0.0016530824957517874
2012-02-23,-0.0007996616784389325
2012-02-24,-0.001499560655332111
2012-02-27,0.0012174282047780656
2012-02-28,0.0001351014161206991
2012-02-29,-0.0005904420892535332
2012-03-01,-0.0009111725371929333
2012-03-02,-0.00026308530979838614
2012-03-05,-0.00024079464120286187
2012-03-06,8.08663896631657e-05
2012-03-07,-0.00031919801223507556
2012-03-08,-8.057302533030994e-05
2012-03-09,-0.0012723995393952524
2012-03-12,-0.0006800969744853381
2012-03-13,-0.0005882600935183343
2012-03-14,0.002799561542561619
2012-03-15,4.2078878729167636e-05
2012-03-16,0.0011962668382190405
2012-03-19,-0.000993206856481115
2012-03-20,-0.0009182249938784317
2012-03-21,-0.0008413304324438406
2012-03-22,-0.0008379122904825254
2012-03-23,-0.0010482870570317053
2012-03-26,-0.0017299361651631256
2012-03-27,0.00013579431453419592
2012-03-28,0.0006982365066060578
2012-03-29,-0.001160158004311585
2012-03-30,0.00043962574856094513
2012-04-02,0.0008442955560624304
2012-04-03,-0.000694841804472621
2012-04-04,-0.0003120803792728037
2012-04-05,-0.001350551888401328
2012-04-09,-0.0010530552144780566
2012-04-10,0.00207606454876145
2012-04-11,-0.00027282867299575637
2012-04-12,0.0007832077639133075
2012-04-13,-0.0009211943681914276
2012-04-16,0.00044146681585902157
2012-04-17,0.0007174828077606869
2012-04-18,-0.0019425178279071078
2012-04-19,0.0016879899586236672
2012-04-20,0.0006440461452057041
2012-04-23,-0.0005078381991941823
2012-04-24,-0.0005493981511279307
2012-04-25,0.00038907632003168103
2012-04-26,0.00044786958770080197
2012-04-27,-0.001264090199031274
2012-04-30,-0.00017654248116415124
2012-05-01,-0.0013204754893024816
2012-05-02,-0.0003441412054803045
2012-05-03,-0.0014584455458694565
2012-05-04,0.000598492288480478
2012-05-07,-0.000947017935343687
2012-05-08,-0.0002813088791662527
2012-05-09,0.0017807247277480487
2012-05-10,-0.0010434866743700172
2012-05-11,-0.0010306773764364883
2012-05-14,-0.001034299469127396
2012-05-15,-0.0021489318250146965
2012-05-16,-0.0007537988171337215
2012-05-17,0.0019254210720351414
2012-05-18,0.0025364183292182906
2012-05-21,0.0008879726988272575
2012-05-22,0.0010934390068585056
2012-05-23,0.001575099080323007
2012-05-24,-0.0007479338493007807
2012-05-25,-0.00046921750313537285
2012-05-29,-0.00021235580596945034
2012-05-30,-0.0005311096768778197
2012-05-31,-0.00120616204979965
2012-06-01,0.0035271676641987207
2012-06-04,0.0008103993355847649
2012-06-05,0.0025767259416913844
2012-06-06,0.0045151476317910905
2012-06-07,1.340923779617042e-05
2012-06-08,-0.0029795939647908223
2012-06-11,0.0006522394443933137
2012-06-12,-0.0005570959400711847
2012-06-13,0.0009141905315183549
2012-06-14,-0.0001592555466103233
2012-06-15,-0.00018759648110959723
2012-06-18,-0.0011611819261836424
2012-06-19,0.0023400920443835617
2012-06-20,-0.0002356706324652533
2012-06-21,-0.001466529066588156
2012-06-22,-0.0001797174567381653
2012-06-25,-0.0011146339561321768
2012-06-26,0.00016219782707480122
2012-06-27,0.0008896652928152307
2012-06-28,0.0007099948822845227
2012-06-29,0.0009734338318564701
2012-07-02,0.000548226331624203
2012-07-03,0.00022759599435903677
2012-07-05,-2.1915977251309172e-05
2012-07-06,-0.0015032075530722361
2012-07-09,-0.00034108291799205047
2012-07-10,-0.00028958438776177604
2012-07-11,0.0014293561291981644
2012-07-12,-0.00017139448475257736
2012-07-13,-0.0005038609833907688
2012-07-16,-0.0006524345392185407
2012-07-17,-0.00010532099256319362
2012-07-18,-0.0005588490290835415
2012-07-19,0.0006754807260081446
2012-07-20,-0.0006724124514458189
2012-07-23,0.001535521298289152
2012-07-24,-0.00123702780506458
2012-07-25,0.002255876571393006
2012-07-26,-0.0015891688988619859
2012-07-27,0.0021426244312522727
2012-07-30,0.002448433550790781
2012-07-31,-0.000695448077542025
2012-08-01,0.0010591955335543977
2012-08-02,-0.0010874229939916672
2012-08-03,0.0024290198583748635
2012-08-06,0.0009558496423075039
2012-08-07,0.0015220772134035584
2012-08-08,0.0005322444318322029
2012-08-09,0.001536500427543889
2012-08-10,-0.00030859845509504454
2012-08-13,2.411013491518526e-05
2012-08-14,-0.00046040388059602597
2012-08-15,-0.0023019950263654153
2012-08-16,0.0005418464247322122
2012-08-17,-0.0018471473347986898
2012-08-20,0.00118558769796462
2012-08-21,0.0012792045698444144
2012-08-22,-6.96572993872522e-05
2012-08-23,-0.000979006820000086
2012-08-24,0.0007557086592278858
2012-08-27,-0.00019909042981433532
2012-08-28,0.00010401442622082392
2012-08-29,0.00010687812071037833
2012-08-30,0.0001284600659119019
2012-08-31,0.0005470892722222476
2012-09-04,-6.431308207893114e-05
2012-09-05,0.00012209829967712235
2012-09-06,-0.00012388772942092653
2012-09-07,0.0010113250320091616
2012-09-10,0.001672072046100442
2012-09-11,-0.00012885146336931186
2012-09-12,1.8440897012360637e-05
2012-09-13,-0.001224622306777049
2012-09-14,-0.0005687464522723074
2012-09-17,-0.0014231418824343191
2012-09-18,0.0017699236249524468
2012-09-19,-0.0018092837058042307
2012-09-20,-0.0008367548853139082
2012-09-21,0.000886073599254859
2012-09-24,0.0016259689795062589
2012-09-25,0.0017690592536951343
2012-09-26,0.00025770300849136464
2012-09-27,-0.0004059532621528429
2012-09-28,0.0011057062085891333
2012-10-01,0.0020633428495441795
2012-10-02,0.00035691394923588666
2012-10-03,-0.000419009763968464
2012-10-04,-0.0004610733175100078
2012-10-05,-6.626820450999551e-05
2012-10-08,0.00023965948503011438
2012-10-09,0.0005185017004262225
2012-10-10,0.0008946139362548264
2012-10-11,0.000561485886455794
2012-10-12,-0.0003572788453151607
2012-10-15,-0.0013280913526923163
2012-10-16,-0.00013123734310663114
2012-10-17,0.001848454305639855
2012-10-18,0.000879703844832056
2012-10-19,0.0019460861311782702
2012-10-22,-0.00168986544696493
2012-10-23,0.0017468944017588006
2012-10-24,-3.2696939740165194e-05
2012-10-25,0.002459162901601203
2012-10-26,0.000490773768028021
2012-10-31,-9.666273702232623e-05
2012-11-01,-0.00013858430454249043
2012-11-02,0.00042027286857480986
2012-11-05,-0.0005425163612551739
2012-11-06,8.594582075987916e-05
2012-11-07,0.0009866472497641983
2012-11-08,0.001384434411634539
2012-11-09,-4.9626247223768694e-05
2012-11-12,-0.0011944750341285903
2012-11-13,-0.0012124578544655735
2012-11-14,-0.0005890048034315374
2012-11-15,-0.0014169186520712077
2012-11-16,-0.0012064917467548082
2012-11-19,-0.0022235158408379528
2012-11-20,-0.0026197716776572436
2012-11-21,-0.0011365471849133198
2012-11-23,-0.0015302427215798816
2012-11-26,0.0014147597788505587
2012-11-27,-0.0007864389971417417
2012-11-28,0.0004479848566954654
2012-11-29,0.0009668302575945038
2012-11-30,0.0002713673267301412
2012-12-03,-0.0017855268417599013
2012-12-04,-0.00036961917074131726
2012-12-05,0.00141718639916325
2012-12-06,6.254316936528818e-05
2012-12-07,0.0007711125195073808
2012-12-10,0.0018451246882014564
2012-12-11,0.0015791306516759714
2012-12-12,0.0010744205787830594
2012-12-13,0.0012813264252475754
2012-12-14,0.0008142016039086647
2012-12-17,-0.0005587513272659455
2012-12-18,0.001588368965605382
2012-12-19,-0.00012048428271078151
2012-12-20,0.001195729751790495
2012-12-21,0.0009341339656525683
2012-12-24,-0.0018463309312290483
2012-12-26,0.0012806723698779202
2012-12-27,0.00025573750803484935
2012-12-28,0.0007949123004582334
2012-12-31,-0.002632150021869347
2013-01-02,0.0012308975695262878
2013-01-03,0.0012115655104317836
2013-01-04,-0.001971883443673406
2013-01-07,0.0004102309256102109
2013-01-08,0.0016656146569507997
2013-01-09,-0.00210532689921681
2013-01-10,0.001716341482799643
2013-01-11,-0.001842027992990066
2013-01-14,-0.001397897640718634
2013-01-15,-0.0017540784564447904
2013-01-16,0.00017209835475792644
2013-01-17,-0.0025831517770920948
2013-01-18,0.0009538557961856627
2013-01-22,-0.0013271588102472494
2013-01-23,-0.003514744803369866
2013-01-24,0.0015696196330845023
2013-01-25,0.000992585896479515
2013-01-28,-0.0006563158370897323
2013-01-29,-3.8061357886384475e-05
2013-01-30,-0.0010105080517229179
2013-01-31,0.00033723927061865994
2013-02-01,-0.0016948172852186188
2013-02-04,0.0031263163792872375
2013-02-05,0.0006509709467805804
2013-02-06,0.0022977053314345757
2013-02-07,-0.0015276508829324333
2013-02-08,0.0005687661730189072
2013-02-11,-0.001300095281695702
2013-02-12,0.0019286821689870665
2013-02-13,-0.0013076474608000185
2013-02-14,-0.002458258612360674
2013-02-15,0.001924470505228985
2013-02-19,0.0005488676128017917
2013-02-20,0.0021302134152008053
2013-02-21,0.0007118935011362433
2013-02-22,-0.0022898684908671326
2013-02-25,0.002043532601080441
2013-02-26,-0.0008169967563401627
2013-02-27,-0.0007012051162688125
2013-02-28,0.00040347384818602424
2013-03-01,0.0003134999909287063
2013-03-04,0.002094504450870935
2013-03-05,-0.0020553447005989354
2013-03-06,-6.47646131952176e-05
2013-03-07,0.0015357799567245543
2013-03-08,-0.0006087769105179189
2013-03-11,-0.001165118491741872
2013-03-12,0.0022551187385803227
2013-03-13,-3.1142468457779486e-05
2013-03-14,0.0016764234512039395
2013-03-15,0.0012023832127114687
2013-03-18,-0.0008169215164539242
2013-03-19,-0.0007118932384594748
2013-03-20,2.922234482830652e-05
2013-03-21,-2.4838626063267897e-06
2013-03-22,2.455694705754818e-05
2013-03-25,0.0004804448612358489
2013-03-26,-0.0002876624932456488
2013-03-27,0.00028462560377996525
2013-03-28,-0.0015065532455566767
2013-04-01,0.0012689345915573246
2013-04-02,-0.002239441281588313
2013-04-03,0.003667735882958609
2013-04-04,0.0009146016003087736
2013-04-05,0.0005374859282887213
2013-04-08,-0.0020627807966263883
2013-04-09,-0.00013204560248031443
2013-04-10,-0.0010901985354167497
2013-04-11,0.00024164762736262815
2013-04-12,0.0005104440550040387
2013-04-15,0.002461804647767278
2013-04-16,6.486561865032229e-05
2013-04-17,0.0016996443946353612
2013-04-18,0.0009245648231422933
2013-04-19,-0.003968125539524913
2013-04-22,-0.00014854443551114897
2013-04-23,0.0009709602761165371
2013-04-24,0.004623172206540449
2013-04-25,0.0017857461955714323
2013-04-26,0.0017410252140548092
2013-04-29,0.0006946450332111927
2013-04-30,-0.00041123766601530997
2013-05-01,0.001627343295829727
2013-05-02,0.0008248786729770439
2013-05-03,-0.000245166201980102
2013-05-06,0.0009964405388961314
2013-05-07,-0.0006944608383857333
2013-05-08,-0.0008588792740813614
2013-05-09,4.047805661895881e-05
2013-05-10,-0.0019889754260725466
2013-05-13,-0.0011025600140297932
2013-05-14,-0.0009009520988248154
2013-05-15,0.0008576950215674815
2013-05-16,0.001046626351380399
2013-05-17,-0.0025451074490075035
2013-05-20,-0.00026930141922656113
2013-05-21,-0.0023295011285874383
2013-05-22,0.0024644819573225894
2013-05-23,0.001280346474150705
2013-05-24,-0.0007582377156976084
2013-05-28,-0.0012231131850242974
2013-05-29,0.00476691529532813
2013-05-30,-0.0021912808363664846
2013-05-31,0.003980743662332618
2013-06-03,9.339806665247518e-05
2013-06-04,0.0009861384959548043
2013-06-05,0.0007246724399791178
2013-06-06,0.0005443063905055963
2013-06-07,-0.0024010697555877075
2013-06-10,-0.0003801849181368384
2013-06-11,0.0004788936885584272
2013-06-12,-0.000508972498715114
2013-06-13,0.0019959256642402695
2013-06-14,0.0005424497702399812
2013-06-17,-0.002872982504838863
2013-06-18,0.0001264932838531614
2013-06-19,-0.00105675066344907
2013-06-20,0.0024666515683765544
2013-06-21,-5.340713344348172e-05
2013-06-24,-0.000671215083565873
2013-06-25,0.0015905488897211611
2013-06-26,-0.0006451799682696512
2013-06-27,0.0021554052441285694
2013-06-28,0.0016084776284711457
2013-07-01,-0.0027365756242006167
2013-07-02,0.0012952766430509271
2013-07-03,-0.001739417552026236
2013-07-05,-0.0023318548377287735
2013-07-08,0.0014888094838435867
2013-07-09,0.0014635583346496968
2013-07-10,0.0009094643590918919
2013-07-11,0.003920953499727175
2013-07-12,-0.002567717579327903
2013-07-15,0.0019278086724403391
2013-07-16,0.00012129339912482053
2013-07-17,0.0022436718561339598
2013-07-18,-0.0014074975830375147
2013-07-19,-1.1432662906264163e-05
2013-07-22,-0.0010199788092774308
2013-07-23,0.0009192955287968435
2013-07-24,-0.0012819195447075374
2013-07-25,-0.001253907872123989
2013-07-26,0.001781254537741539
2013-07-29,0.00043334103701472246
2013-07-30,-0.0002814829988619112
2013-07-31,-0.0023597659521830284
2013-08-01,-0.002976138973738435
2013-08-02,-0.0005397504826528296
2013-08-05,0.0010544305422994166
2013-08-06,0.00010508178052258151
2013-08-07,0.0010012281216246661
2013-08-08,-0.000328603658278973
2013-08-09,0.0015994942161287203
2013-08-12,-0.0010924545743829371
2013-08-13,-0.0011033985788860173
2013-08-14,0.0016108371670490412
2013-08-15,-0.00012632534534731416
2013-08-16,-0.0012018460678777851
2013-08-19,-0.00012704760423772767
2013-08-20,0.0008907037926637434
2013-08-21,0.0003643019958134894
2013-08-22,0.0009718856109197093
2013-08-23,0.00023043873413128952
2013-08-26,0.0004411745577222803
2013-08-27,0.00290502701836807
2013-08-28,1.886389680919591e-05
2013-08-29,-0.00048622924275286216
2013-08-30,0.0006695087933686489
2013-09-03,-0.001474667602489312
2013-09-04,0.00040591202469828305
2013-09-05,-0.0015055082834673638
2013-09-06,0.00128750209757774
2013-09-09,0.0013274908840403613
2013-09-10,-0.0011279550837666114
2013-09-11,-0.00229187057070019
2013-09-12,-0.0010557448552991574
2013-09-13,0.0001923139291575721
2013-09-16,-0.0005815520957840589
2013-09-17,-0.00021818722841712522
2013-09-18,0.003927776633877202
2013-09-19,-0.0003764399060100251
2013-09-20,-0.0016235470798297421
2013-09-23,0.0020657092226442795
2013-09-24,0.0013743736587210063
2013-09-25,-0.0006834870279436117
2013-09-26,-0.0021199249710845765
2013-09-27,-0.0003398802591819578
2013-09-30,-0.0010037812129257673
2013-10-01,0.0013356053875769333
2013-10-02,0.001541163863927862
2013-10-03,-0.0022525784222334143
2013-10-04,-0.001397307888715199
2013-10-07,0.0011852245586902567
2013-10-08,0.0018583361437742594
2013-10-09,-0.00032299000740899155
2013-10-10,0.0009258930824895874
2013-10-11,-7.75497158676155e-05
2013-10-14,-0.0009466133006513037
2013-10-15,-0.0011823165914489296
2013-10-16,-0.0007218481286468979
2013-10-17,-0.00027450373119925565
2013-10-18,-0.0017715416343129205
2013-10-21,-0.00022477220499341242
2013-10-22,0.0008693700278790564
2013-10-23,0.002126079103049616
2013-10-24,0.000646456772002684
2013-10-25,0.0005864354294433227
2013-10-28,-0.0012105369420624746
2013-10-29,-0.0013198982654069658
2013-10-30,9.857084467481166e-05
2013-10-31,4.502081034174499e-05
2013-11-01,-0.0007927173180359001
2013-11-04,0.000761797010777363
2013-11-05,-0.0018091941981416928
2013-11-06,0.0001361241292496809
2013-11-07,0.0003767984817861531
2013-11-08,-0.0023565151537002743
2013-11-11,-0.00010295955340427476
2013-11-12,-0.002651438151110451
2013-11-13,-0.0005326759652414256
2013-11-14,0.0007638894298151706
2013-11-15,0.0013341327906733716
2013-11-18,0.001153993673818964
2013-11-19,-0.000612178215455493
2013-11-20,-0.002207978999209872
2013-11-21,0.0009698470588709134
2013-11-22,-0.000215667168206564
2013-11-25,-0.001624215017345817
2013-11-26,-0.00040713754786204253
2013-11-27,8.051277808230322e-05
2013-11-29,-8.310045157180103e-05
2013-12-02,0.0026481860326874346
2013-12-03,-0.0002709909470710164
2013-12-04,0.002282906561243491
2013-12-05,4.469100249513901e-05
2013-12-06,0.002323758610888578
2013-12-09,0.0015625899842805525
2013-12-10,-0.0012447665751845105
2013-12-11,0.0006389608122698224
2013-12-12,0.00368475461205871
2013-12-13,0.000680064612403637
2013-12-16,0.0012437078856947657
2013-12-17,7.242828550628992e-05
2013-12-18,0.0009523554014052115
2013-12-19,-0.0003515845322560022
2013-12-20,-0.0004461646526403496
2013-12-23,-0.0002010747601986029
2013-12-24,0.0001321464621727624
2013-12-26,-0.001886120242644081
2013-12-27,-0.0008146544432019637
2013-12-30,-7.397284619891788e-05
2013-12-31,0.0012389541473024146
2014-01-02,-0.0008336662077984906
2014-01-03,2.4278232237756197e-05
2014-01-06,0.00010951356907322037
2014-01-07,-0.0006392379616697047
2014-01-08,-0.0010996980856815763
2014-01-09,0.0018348916297428453
2014-01-10,-0.0008653039531220211
2014-01-13,0.0003744436298958458
2014-01-14,-7.253620823618261e-05
2014-01-15,-0.0025884979811425703
2014-01-16,-0.0008648986964174906
2014-01-17,-0.0011183498016797758
2014-01-21,0.0006507801100990911
2014-01-22,0.00044853518909335313
2014-01-23,-0.000235478931154766
2014-01-24,-0.00038411828534128703
2014-01-27,0.000736668798968172
2014-01-28,-1.4798958588245105e-05
2014-01-29,9.302110665887487e-06
2014-01-30,0.0017837937712286375
2014-01-31,-0.001846961525399313
2014-02-03,-0.0025172761210529807
2014-02-04,0.0019386273919818342
2014-02-05,-0.0013775598719881692
2014-02-06,0.004686853221040803
2014-02-07,-0.0006246889447856116
2014-02-10,-0.0001496790600452254
2014-02-11,-9.562631100551313e-05
2014-02-12,-0.0013575019606309367
2014-02-13,0.00016602830242799227
2014-02-14,0.0009639326967581509
2014-02-18,-0.0008183045144683705
2014-02-19,-2.7010043724101536e-05
2014-02-20,-0.00090947369268219
2014-02-21,-0.003057813836027252
2014-02-24,-0.0015611309499380314
2014-02-25,0.0019764761367191534
2014-02-26,0.0013992868505720245
2014-02-27,0.0007095957056658032
2014-02-28,-0.0011361514045320077
2014-03-03,-0.0005569446803454823
2014-03-04,-0.0006525497294560045
2014-03-05,0.0008208753342592873
2014-03-06,0.0011983068909031701
2014-03-07,0.001144592431309407
2014-03-10,0.001990699157965309
2014-03-11,0.00017873157813173956
2014-03-12,0.00031591982373618306
2014-03-13,0.0004019470731520327
2014-03-14,-0.0013637872266461977
2014-03-17,-0.0005844564437178613
2014-03-18,0.00035959471668925273
2014-03-19,0.0014943193727071204
2014-03-20,0.0021327779828205578
2014-03-21,0.000856204442941537
2014-03-24,0.0017245671073860907
2014-03-25,-0.00033425960486402584
2014-03-26,-0.0003082457305135414
2014-03-27,0.0016340679902282292
2014-03-28,-0.0006679434831617532
2014-03-31,-0.0005479426454790371
2014-04-01,-0.0008096352547620196
2014-04-02,0.0010364992440197907
2014-04-03,-0.00040880721776859994
2014-04-04,0.0019473272910543217
2014-04-07,0.0011115338582482666
2014-04-08,-0.000922073909371048
2014-04-09,-0.0008644206295257589
2014-04-10,0.0005717292587507014
2014-04-11,0.0016085962108546871
2014-04-14,0.0021845766326092325
2014-04-15,0.0003438584679480904
2014-04-16,0.0012791129675475304
2014-04-17,0.001156759535218676
2014-04-21,-7.326887345500046e-05
2014-04-22,0.0005618069971874483
2014-04-23,-0.0008150663997789954
2014-04-24,0.0009137977734844344
2014-04-25,-0.0007269307747302986
2014-04-28,0.0004218970683474651
2014-04-29,-0.001171300800027767
2014-04-30,-0.003256943817938324
2014-05-01,-0.0004957501423216181
2014-05-02,0.0012026560785788965
2014-05-05,-0.0012272507319595087
2014-05-06,0.00010631111317303847
2014-05-07,-0.0006899649522482874
2014-05-08,0.0020172707432827767
2014-05-09,0.001109504168711218
2014-05-12,-0.002166170313625018
2014-05-13,-0.0007716269601921106
2014-05-14,-1.7619842032874065e-05
2014-05-15,-0.00037672590897024034
2014-05-16,-0.0009221969532469016
2014-05-19,0.0004137680044497691
2014-05-20,0.0026900621490606965
2014-05-21,-0.0016177568252480597
2014-05-22,0.0010349187506504675
2014-05-23,3.3657102566706694e-05
2014-05-27,0.0005464789814417076
2014-05-28,0.0009860289821969378
2014-05-29,-0.0009722645400373202
2014-05-30,-0.0005930976048260701
2014-06-02,-0.001292666727783994
2014-06-03,0.00030082137090410983
2014-06-04,0.0005968137798433415
2014-06-05,0.00034570747727667776
2014-06-06,0.0004983774521801677
2014-06-09,0.0007601571462456255
2014-06-10,-0.0011341734802571008
2014-06-11,-0.0007723792851370044
2014-06-12,0.000406437377290615
2014-06-13,-5.053836385940889e-06
2014-06-16,0.0005823759903945247
2014-06-17,-0.00034842143817992064
2014-06-18,0.0017904664692862434
2014-06-19,0.00023304701438696827
2014-06-20,-0.0005960928183919282
2014-06-23,-0.0005461547686890036
2014-06-24,0.0014128834341319652
2014-06-25,0.0005750669841061651
2014-06-26,0.0009356435630927896
2014-06-27,-0.00035399748742984035
2014-06-30,0.0005415040186867936
2014-07-01,0.00022392528415581374
2014-07-02,-0.0008143709421362854
2014-07-03,-0.00016807693084465875
2014-07-07,0.0015931996285055367
2014-07-08,0.0008092732071103695
2014-07-09,0.0002039861610492663
2014-07-10,0.0013221320411363892
2014-07-11,-0.0006567620647573052
2014-07-14,-0.0005418735129881652
2014-07-15,0.0002343865203360658
2014-07-16,-0.0006542794788929996
2014-07-17,-0.001762414574234608
2014-07-18,0.0007046458519968763
2014-07-21,0.0008643148931073044
2014-07-22,-0.00013639698601661398
2014-07-23,0.0006891115089226736
2014-07-24,-0.0006243194322732498
2014-07-25,0.0009651363353568705
2014-07-28,8.085722127927515e-05
2014-07-29,-0.002354172499286732
2014-07-30,4.602649394221265e-05
2014-07-31,0.0012045253925551057
2014-08-01,0.001521336079556844
2014-08-04,-0.0010139149773500384
2014-08-05,0.0008754030762465232
2014-08-06,0.0016449445327679155
2014-08-07,0.0008488222712671908
2014-08-08,0.00032169393704800637
2014-08-11,-0.0006286519701123451
2014-08-12,-0.00042790941699604807
2014-08-13,-0.0006020667672886761
2014-08-14,-0.00032728660600157117
2014-08-15,-1.8476298776162394e-05
2014-08-18,0.0007942468966753085
2014-08-19,8.805228821519047e-05
2014-08-20,-2.487358430626286e-05
2014-08-21,0.0011524217467972803
2014-08-22,0.0006513604903980904
2014-08-25,0.0006830387087761942
2014-08-26,0.00011573199971466062
2014-08-27,0.00011403547720441395
2014-08-28,0.0006096870950350139
2014-08-29,-0.0006533987923363468
2014-09-02,-0.0020590269076260852
2014-09-03,0.0006159453665065879
2014-09-04,8.450262252108162e-05
2014-09-05,0.00018908893387336649
2014-09-08,-0.00046851174729170894
2014-09-09,-0.0002882726759545653
2014-09-10,0.0004928479235214014
2014-09-11,0.0003585737587050521
2014-09-12,0.0007872078146148421
2014-09-15,-0.00025994127381355584
2014-09-16,0.0001971839439832647
2014-09-17,3.944388490201486e-05
2014-09-18,-0.0002868691176509891
2014-09-19,0.0007098016579711878
2014-09-22,-0.00014544171847661764
2014-09-23,0.002023253567425836
2014-09-24,0.0003507632901357284
2014-09-25,0.0015236376617393443
2014-09-26,-7.396578580124441e-05
2014-09-29,0.0005462038251105045
2014-09-30,-0.001673082012951976
2014-10-01,0.001712683430675987
2014-10-02,0.0012790393727323403
2014-10-03,-0.0010708963537688497
2014-10-06,0.0013384327762123612
2014-10-07,0.0005834300770360102
2014-10-08,0.001125161784126844
2014-10-09,0.002382048441791926
2014-10-10,-0.0019314468757029672
2014-10-13,-0.00040568559809232656
2014-10-14,0.00045994625245530837
2014-10-15,0.001617938509892179
2014-10-16,0.003687823734010186
2014-10-17,0.0041831698166454765
2014-10-20,-0.001765453219813481
2014-10-21,0.002334569582329518
2014-10-22,0.0002653870625427984
2014-10-23,-0.0001648488769781746
2014-10-24,0.0008826894181760528
2014-10-27,-0.00168797777457115
2014-10-28,0.001721036159243637
2014-10-29,0.002600776112993607
2014-10-30,-0.0025144148823962914
2014-10-31,0.002702538725822585
2014-11-03,-0.001408288912079871
2014-11-04,-0.00167356507054241
2014-11-05,0.0022026097533451427
2014-11-06,0.0009164687512452265
2014-11-07,0.0021884815116167064
2014-11-10,-0.0010125603285903097
2014-11-11,-0.0006468185745924117
2014-11-12,0.0017705713298985723
2014-11-13,-0.00014334194474318704
2014-11-14,0.0006459973727263898
2014-11-17,-0.0013915430154822044
2014-11-18,-3.3719498625637186e-05
2014-11-19,0.0005827841241401999
2014-11-20,0.0011050737392738865
2014-11-21,0.0005073903857633036
2014-11-24,-0.0005409824191961198
2014-11-25,-0.00043126193716528836
2014-11-26,-0.0028208403984012224
2014-11-28,-0.0011111557051794254
2014-12-01,-0.0023470740585978026
2014-12-02,0.0009078952912358905
2014-12-03,0.002218316748439369
2014-12-04,-0.000662437996654244
2014-12-05,0.0006483114009461912
2014-12-08,-0.0021901575012306792
2014-12-09,0.0002591961256411447
2014-12-10,0.0013202281152486816
2014-12-11,-0.0011702579826779445
2014-12-12,-0.001075772663380791
2014-12-15,-0.000784898709807235
2014-12-16,0.0007943802797308196
2014-12-17,0.0025571705723300047
2014-12-18,0.005079437388164792
2014-12-19,0.0030642195171726727
2014-12-22,-0.00013244636047890813
2014-12-23,0.0018592463233319102
2014-12-24,-0.0017774727614346798
2014-12-26,-0.0003199488161960741
2014-12-29,-0.00041824644155686783
2014-12-30,0.0024145092523888472
2014-12-31,-0.00016916865746651328
2015-01-02,-0.000306329542853631
2015-01-05,-0.002082678935728452
2015-01-06,-0.0017545468585091956
2015-01-07,-0.002769951568801859
2015-01-08,0.0001838444501868949
2015-01-09,-0.0020660321947838568
2015-01-12,-0.0006919084643121437
2015-01-13,-0.0012930579158641547
2015-01-14,-0.000270398530955279
2015-01-15,-0.00023219972381022656
2015-01-16,-0.0007798867902896272
2015-01-20,0.0022526147262395897
2015-01-21,0.0011477516435543281
2015-01-22,-0.0010264180624275409
2015-01-23,0.00044009851142560937
2015-01-26,-0.00041263831266034694
2015-01-27,-0.000816046096605583
2015-01-28,-0.0014320050884985786
2015-01-29,0.0024886271924270563
2015-01-30,0.0017715252572235757
2015-02-02,0.0028761372476194397
2015-02-03,-0.0008603494672664037
2015-02-04,0.0010694944504094617
2015-02-05,0.001417829686644193
2015-02-06,0.0005072901838981715
2015-02-09,0.0017543735978338972
2015-02-10,1.0663065151099814e-05
2015-02-11,0.0004903738989916268
2015-02-12,-0.0004937673879763492
2015-02-13,0.0037047347201684057
2015-02-17,-0.0012773649270078845
2015-02-18,0.0004451017971221976
2015-02-19,0.0023365461430969897
2015-02-20,-0.000858923297084903
2015-02-23,-0.0009463756431894024
2015-02-24,0.0014860091295124183
2015-02-25,0.0011953226364387816
2015-02-26,-8.94148228575765e-05
2015-02-27,0.0004038498207488773
2015-03-02,-0.0009325377812657025
2015-03-03,0.0015081418526782006
2015-03-04,-0.0009569220578769922
2015-03-05,-8.792815682249947e-05
2015-03-06,0.0014954982862902574
2015-03-09,0.00019454365969235544
2015-03-10,0.00046014568739890296
2015-03-11,-4.970163802482707e-05
2015-03-12,0.000785101024989835
2015-03-13,-0.0006210937009701035
2015-03-16,-0.0016702584373755973
2015-03-17,0.00025646295476549084
2015-03-18,0.0004880015240176228
2015-03-19,-0.0016230490458719736
2015-03-20,-0.0012887274490656945
2015-03-23,0.00019070948011701513
2015-03-24,0.001510041676651749
2015-03-25,0.0003158157876663209
2015-03-26,0.0005513768615787666
2015-03-27,-0.0007908465390463348
2015-03-30,-0.00020173276561026235
2015-03-31,0.0017321967444487135
2015-04-01,0.0030775545035946197
2015-04-02,-0.00017311725255398763
2015-04-06,0.0003970003299032504
2015-04-07,0.0017397663001951014
2015-04-08,-0.001365136481440859
2015-04-09,0.0008730768717985208
2015-04-10,-0.00019472890701300872
2015-04-13,-0.0006834829250735454
2015-04-14,0.0006093587290209839
2015-04-15,0.00128369372760668
2015-04-16,-0.00031116800050074524
2015-04-17,-0.0008619214451502084
2015-04-20,0.000872782876500323
2015-04-21,-0.0017847279115671669
2015-04-22,-0.0012631706858955295
2015-04-23,0.0008617966861304021
2015-04-24,0.0016499121046223357
2015-04-27,0.0014092446644792048
2015-04-28,-0.0008658581581142864
2015-04-29,0.002080950566269448
2015-04-30,-0.0005025596701240241
2015-05-01,-0.00016156648987024867
2015-05-04,-4.5505706171777736e-05
2015-05-05,1.0191532656146698e-05
2015-05-06,-0.00029560593332574774
2015-05-07,0.000539476635308096
2015-05-08,-0.0015781062524287048
2015-05-11,-0.0021623192960523755
2015-05-12,0.0007342173926624829
2015-05-13,-0.00031447170381406034
2015-05-14,0.0025602468325606953
2015-05-15,0.0008883722660869929
2015-05-18,-0.0006225542498290539
2015-05-19,-0.001380303454358509
2015-05-20,0.0008210235681300311
2015-05-21,0.000386395240695551
2015-05-22,0.0007288480353267296
2015-05-26,-0.0004631738337787824
2015-05-27,-0.0009985070966232698
2015-05-28,0.00025748506725578786
2015-05-29,-0.00010146972254999812
2015-06-01,0.0003566114954112858
2015-06-02,-9.857661527675673e-05
2015-06-03,0.0005514744031129386
2015-06-04,0.0010330483442892206
2015-06-05,-0.0006939531292270753
2015-06-08,-0.00047262179808750624
2015-06-09,-0.0010507791371395412
2015-06-10,-0.0007011370432708468
2015-06-11,0.0009351371061989483
2015-06-12,-0.0006434182158375501
2015-06-15,0.0003891806448133074
2015-06-16,-4.218321989802665e-05
2015-06-17,0.000891923583880478
2015-06-18,0.0009716693663332565
2015-06-19,-0.001093388710251974
2015-06-22,-0.002328425880007948
2015-06-23,-0.0007610119958194956
2015-06-24,0.0004914708239202626
2015-06-25,-0.00045153761095472936
2015-06-26,-0.0016078175745167854
2015-06-29,-0.0002414237314928151
2015-06-30,0.0004211288263262304
2015-07-01,-0.0004358857868811785
2015-07-02,0.0013918596457407474
2015-07-06,-0.0007941896433135477
2015-07-07,0.00136117123684231
2015-07-08,-0.000781586859251623
2015-07-09,-0.00041448997525366356
2015-07-10,-0.00033799242829998186
2015-07-13,0.0005322833444340952
2015-07-14,-0.0007471701346164471
2015-07-15,-0.0007305622290946883
2015-07-16,-0.0032444066667832367
2015-07-17,0.00028861284077184374
2015-07-20,-0.0019367576818473775
2015-07-21,-0.0009526087603688221
2015-07-22,0.00011021342529002253
2015-07-23,-0.0011469832693782
2015-07-24,-0.005007877105265091
2015-07-27,0.002022565603984419
2015-07-28,0.0064415489325980345
2015-07-29,0.00038599590255936674
2015-07-30,-0.0015996013577212296
2015-07-31,-0.00038933210522700787
2015-08-03,-0.0012586410849589485
2015-08-04,-0.0006145189787948493
2015-08-05,-0.0013736320454285915
2015-08-06,0.0005870532205734529
2015-08-07,0.0009445212323824008
2015-08-10,0.0004839911956315523
2015-08-11,-0.0018956416059283507
2015-08-12,7.597595314143869e-05
2015-08-13,-0.0015319172435493084
2015-08-14,0.00017594276156481688
2015-08-17,0.0007129131893165419
2015-08-18,-0.0013921828101661408
2015-08-19,-0.000712106949325844
2015-08-20,-0.0002719025250241836
2015-08-21,-0.0009035236866847014
2015-08-24,0.0024152842997972445
2015-08-25,0.0008777789875036406
2015-08-26,0.0014144169101757444
2015-08-27,0.003649780850338183
2015-08-28,0.0024329761143562873
2015-08-31,-0.0001338944799976845
2015-09-01,-0.0012382713188852567
2015-09-02,0.0024857045762325266
2015-09-03,-0.0002372883226134824
2015-09-04,0.000318384782914992
2015-09-08,-0.007577130610625511
2015-09-09,0.0027067705632300505
2015-09-10,0.0008505834729252416
2015-09-11,0.0006242829305723723
2015-09-14,-0.0004722513951507368
2015-09-15,0.0015719597425182766
2015-09-16,-0.0003072822684106116
2015-09-17,0.0015307133870859659
2015-09-18,-0.0031875914518284688
2015-09-21,-4.678738540195507e-05
2015-09-22,-0.0005963949591823397
2015-09-23,-0.001212246936051164
2015-09-24,-0.0010030576746029199
2015-09-25,-0.001064639805708573
2015-09-28,-0.0012081475329656
2015-09-29,0.0024312283080106718
2015-09-30,0.0029619870373893977
2015-10-01,-0.0005307991528855319
2015-10-02,0.0026919535760507865
2015-10-05,0.004573461655105763
2015-10-06,0.00014797243794009335
2015-10-07,0.00071518953657582
2015-10-08,0.0009073765218978428
2015-10-09,-0.0008590981735469056
2015-10-12,-0.0008940447213522909
2015-10-13,-0.0005054211767693804
2015-10-14,0.0005416300246075037
2015-10-15,0.0019981548830884537
2015-10-16,-0.002044736584396459
2015-10-19,-0.0009404828167734759
2015-10-20,0.0021097993176951144
2015-10-21,5.2569044388497616e-05
2015-10-22,0.002287550342197358
2015-10-23,-0.00044461037133863363
2015-10-26,-0.0012072478493177655
2015-10-27,-0.0030194480165910836
2015-10-28,0.00024848324753362226
2015-10-29,0.00022692934586768406
2015-10-30,0.0004276996896272322
2015-11-02,-0.0008477283515832413
2015-11-03,0.0018391141150663195
2015-11-04,0.002998816175516344
2015-11-05,-0.0011046140089538302
2015-11-06,0.0027526011743980996
2015-11-09,0.0006767582306424481
2015-11-10,-0.0005719328856226403
2015-11-11,-0.0006817524972917978
2015-11-12,0.0013031580492340175
2015-11-13,-0.00099781558286269
2015-11-16,-0.00044421956363979986
2015-11-17,0.00013679396785105108
2015-11-18,0.001505702493630255
2015-11-19,0.0011047708537028124
2015-11-20,0.00043800875358033186
2015-11-23,-0.0001804042805749727
2015-11-24,0.0010472704139929863
2015-11-25,1.7020366942572044e-05
2015-11-27,0.0004178483607864154
2015-11-30,0.002391137639144994
2015-12-01,-0.00042336246279823473
2015-12-02,0.0007396184481276884
2015-12-03,0.0027791558933917245
2015-12-04,0.0005707025348507063
2015-12-07,0.0009624431763488303
2015-12-08,0.0003761147227286209
2015-12-09,0.0003946613367435186
2015-12-10,0.001413277626936421
2015-12-11,0.001627232950812541
2015-12-14,0.0006104095262077316
2015-12-15,0.0006520291930510451
2015-12-16,0.00010993377266837165
2015-12-17,-0.00038016422855271864
2015-12-18,0.0008429237859907981
2015-12-21,-0.00047019151625781727
2015-12-22,2.584458186314652e-05
2015-12-23,0.0024318727688358603
2015-12-24,-0.000613210998353288
2015-12-28,-0.00041339316222465983
2015-12-29,0.0001239049320693236
2015-12-30,0.0007332383683395546
2016-01-04,0.019342638753245985
2016-01-05,0.00021903356469326222
2016-01-06,-9.17742679681664e-05
2016-01-07,0.0013641990620485355
2016-01-08,-0.0004985786716873412
2016-01-11,0.0010950597775268628
2016-01-12,-0.00092539610690776
2016-01-13,-0.0001024106038832387
2016-01-14,-0.001922390134540371
2016-01-15,-0.0022955068011366944
2016-01-19,-0.0014658881604877473
2016-01-20,0.00022800858503471002
2016-01-21,0.0037457501466181173
2016-01-22,0.0005438117025255651
2016-01-25,-0.0026407413316504834
2016-01-26,-0.0007579301933166432
2016-01-27,0.0010557873160152434
2016-01-28,0.0003924535826235805
2016-01-29,0.0009429915910525567
2016-02-01,-0.0038619914002906127
2016-02-02,-0.0019478263310066628
2016-02-03,0.0003873287951288082
2016-02-04,0.0003711393202778244
2016-02-05,-0.002629163738035847
2016-02-08,-0.006088971647568744
2016-02-09,-0.0008930592469091306
2016-02-10,0.0020805723096781765
2016-02-11,-0.00196297156955706
2016-02-12,0.0025130874761777203
2016-02-16,0.0028128508782161435
2016-02-17,8.529748475735276e-05
2016-02-18,-0.0008755511495987788
2016-02-19,-0.0011600511762890708
2016-02-22,0.0036767283085605965
2016-02-23,-0.00028001456126667363
2016-02-24,0.000822086932887585
2016-02-25,0.0013812212820902088
2016-02-26,0.004937059642893036
2016-02-29,-0.0004756062570080678
2016-03-01,0.0021543847790121045
2016-03-02,0.0025781940472233145
2016-03-03,0.0025174043627448823
2016-03-04,0.0015910525243557085
2016-03-07,-0.000881292857456805
2016-03-08,-0.0022757828743566887
2016-03-09,-0.0005611961140938634
2016-03-10,-0.000333469027535396
2016-03-11,0.0025376385984143424
2016-03-14,-0.0006855557752645484
2016-03-15,0.00010080086460981157
2016-03-16,0.0005195916086804652
2016-03-17,0.000561470271761609
2016-03-18,0.0005659346856276406
2016-03-21,-0.0008451883986903514
2016-03-22,-0.0019167264633463226
2016-03-23,-0.0008478881246081452
2016-03-24,0.001558054539019162
2016-03-28,-0.00014013342857001207
2016-03-29,-0.00014525054857333395
2016-03-30,-0.00043854392522106746
2016-03-31,-3.882299349606903e-06
2016-04-01,-0.0006542807922217746
2016-04-04,-0.00032237963102701246
2016-04-05,0.00036871641619085006
2016-04-06,0.0005298321094267446
2016-04-07,0.00019801063753346022
2016-04-08,-0.0009594718194284067
2016-04-11,0.00044944663129190096
2016-04-12,-0.00011405727268896206
2016-04-13,0.0015814833818637163
2016-04-14,0.001659124568718579
2016-04-15,0.0011419914531622959
2016-04-18,-6.609685993383991e-05
2016-04-19,0.0020972068075403
2016-04-20,0.003618508837919499
2016-04-21,0.0006509030609628623
2016-04-22,0.0024463833641104474
2016-04-25,0.0008466150449432139
2016-04-26,-0.000852489080628272
2016-04-27,0.00030067120940431943
2016-04-28,0.001783915656711675
2016-04-29,-0.0017057308490271283
2016-05-02,9.107475201684984e-05
2016-05-03,-0.0001805155361569966
2016-05-04,8.822805146575742e-05
2016-05-05,0.0004436405897736934
2016-05-06,-0.0010112552706411414
2016-05-09,7.853044895663819e-05
2016-05-10,-0.00021249535405200672
2016-05-11,-0.0008865112758630293
2016-05-12,-0.0016404804979226603
2016-05-13,-0.0009355017559128928
2016-05-16,0.0001856542168498909
2016-05-17,-0.00037680945664344314
2016-05-18,0.002748062680900972
2016-05-19,0.0002215555266610984
2016-05-20,-0.0006714529938973105
2016-05-23,-0.00018481184593721335
2016-05-24,-0.0007968901659737978
2016-05-25,0.0006320492756057638
2016-05-26,-0.00039290517590627477
2016-05-27,0.0005955356734309914
2016-05-31,-0.00010549778329728402
2016-06-01,-0.0014034401825982546
2016-06-02,-0.000693191426909339
2016-06-03,-0.0015017499791203158
2016-06-06,-0.00016605175705034292
2016-06-07,-0.0009938509611398948
2016-06-08,0.0014887762168339534
2016-06-09,-0.001149419573669812
2016-06-10,2.9218590793535106e-05
2016-06-13,0.0019921713337016805
2016-06-14,0.00020081803023523455
2016-06-15,0.0003860077768556856
2016-06-16,-0.0008877990239037738
2016-06-17,0.0004554109186234563
2016-06-20,0.0007320838059542185
2016-06-21,0.000893907461195685
2016-06-22,0.00015078643423818626
2016-06-23,-0.00034646337335996386
2016-06-24,0.002687263667095896
2016-06-27,0.00074026406074663
2016-06-28,-0.00043489307427008254
2016-06-29,-0.0003743783328128112
2016-06-30,0.0012290451706274002
2016-07-01,-0.00044435755319167404
2016-07-05,-0.0016364672371088648
2016-07-06,0.0004025855768957252
2016-07-07,0.0008055805318548738
2016-07-08,0.0007933804639928478
2016-07-11,0.0001169083256503055
2016-07-12,0.000710122008048589
2016-07-13,5.955079480134339e-05
2016-07-14,0.0008719039514489814
2016-07-15,-0.00013718848690034483
2016-07-18,0.0007311787874967804
2016-07-19,0.00012669067746432175
2016-07-20,0.0006496626434948513
2016-07-21,-0.00039383967167278596
2016-07-22,0.0001939365503132955
2016-07-25,0.0011509215021023006
2016-07-26,0.0011499938662215795
2016-07-27,0.0020145862091111963
2016-07-28,0.00035349719391859487
2016-07-29,0.0011204651982830922
2016-08-01,-0.0013735546340951736
2016-08-02,-0.000809584376955105
2016-08-03,0.001283611330069359
2016-08-04,0.0007015243744915243
2016-08-05,-0.00022652634176716213
2016-08-08,0.00023593167461097615
2016-08-09,-0.0003664374033273932
2016-08-10,-0.0011354537168561166
2016-08-11,-0.00011944152309203565
2016-08-12,-0.000640717236277633
2016-08-15,-0.00012439117001580383
2016-08-16,0.00026016361760145516
2016-08-17,-0.0002973810197313463
2016-08-18,-0.0006922552039446071
2016-08-19,-0.0007640768124692086
2016-08-22,-0.00031530178138386547
2016-08-23,0.0007430294370865807
2016-08-24,-3.339017536402514e-05
2016-08-25,-0.0012694050293495583
2016-08-26,0.0015223221834275145
2016-08-29,0.0003437249199148923
2016-08-30,0.0007395138711427771
2016-08-31,7.210518560653915e-05
2016-09-01,-0.0016813824650288847
2016-09-02,-0.00024653739559356
2016-09-06,-0.0017290474202682625
2016-09-07,-0.0007047649229622318
2016-09-08,-0.0005138999033006026
2016-09-09,0.0007393600152887006
2016-09-12,3.956468167595033e-05
2016-09-13,-0.000858277335331589
2016-09-14,0.0011229577654581302
2016-09-15,-0.0007957066531186763
2016-09-16,-0.0030068136046629405
2016-09-19,0.0007444069324219812
2016-09-20,0.00021587623180199054
2016-09-21,-0.001667601199742967
2016-09-22,-0.000604544678960665
2016-09-23,0.0012175575013103198
2016-09-26,-0.00046769204494148675
2016-09-27,0.00032371395339588583
2016-09-28,-0.00120074811638602
2016-09-29,-0.0006921913962869594
2016-09-30,-0.0015865733166767397
2016-10-03,0.00023754121654721605
2016-10-04,-0.0007411959313301301
2016-10-05,0.00290692029794058
2016-10-06,0.00033856042783795355
2016-10-07,-0.0023662509360965773
2016-10-10,0.0001733531788175183
2016-10-11,0.0002742403104682795
2016-10-12,0.00016656403121490448
2016-10-13,0.0007656308635050148
2016-10-14,-0.00029766930990585957
2016-10-17,-0.0007350773912149502
2016-10-18,0.0004552713068626396
2016-10-19,-0.00018217384354915812
2016-10-20,-0.0021820282510529162
2016-10-21,0.001848893295948884
2016-10-24,0.00027212114019059335
2016-10-25,-9.177287225925364e-05
2016-10-26,0.00024414964573918845
2016-10-27,-0.0002849610137796242
2016-10-28,-0.0014285109399183658
2016-10-31,-0.0008319739800621055
2016-11-01,0.0012403751123071837
2016-11-02,-0.002277930958369818
2016-11-03,-0.0019517281162464604
2016-11-04,0.001011632874143954
2016-11-07,0.00023212482294235107
2016-11-08,-0.0012235125794077882
2016-11-09,0.004969313597308176
2016-11-10,0.004652509060050449
2016-11-11,-0.0002442397605701267
2016-11-14,-0.0007590396897571034
2016-11-15,-0.0021740047486852256
2016-11-16,0.002518944961885844
2016-11-17,-0.0015919174328485155
2016-11-18,-0.00116359543514667
2016-11-21,-1.5005950332587561e-05
2016-11-22,-0.0022109440143442847
2016-11-23,-0.0006367709274351232
2016-11-25,0.00047947430871343326
2016-11-28,-0.0003822644077677606
2016-11-29,0.0006878447510650349
2016-11-30,-0.0007217648702045732
2016-12-01,-0.0039045167454179095
2016-12-02,-0.0001743983671202754
2016-12-05,0.0018603975872139484
2016-12-06,0.00021714989158534055
2016-12-07,0.00042946145289451693
2016-12-08,0.0007471595483566573
2016-12-09,-0.001709063241907507
2016-12-12,-0.001021604123961312
2016-12-13,0.002258765470752206
2016-12-14,-0.00031383068150429226
2016-12-15,-0.0013243971207002052
2016-12-16,-0.0016778099145188163
2016-12-19,-0.0026179002815253294
2016-12-20,-0.0005303084219688424
2016-12-21,-0.0006676470201060541
2016-12-22,-0.0013457282091942093
2016-12-23,-0.0005463113611840173
2016-12-27,-7.566797505644008e-05
2016-12-28,-0.000732230716684034
2016-12-29,0.0014893862307554006
2016-12-30,-0.0009043559291846729
2017-01-03,-5.185689152036223e-05
2017-01-04,0.0013204654066608788
2017-01-05,0.0009226925904075163
2017-01-06,0.0001004140093179696
2017-01-09,0.0017143698024129062
2017-01-10,-0.001020517916258901
2017-01-11,0.0009879825154322894
2017-01-12,0.003016333497348108
2017-01-13,-0.0005889193314691131
2017-01-17,0.00230273687185424
2017-01-18,0.0006168537141561121
2017-01-19,0.001727549757896473
2017-01-20,0.0013418087560933157
2017-01-23,-0.001476802225008112
2017-01-24,0.0009800703031253156
2017-01-25,0.002869282130791241
2017-01-26,-0.0033349465016500658
2017-01-27,-0.00114342456995531
2017-01-30,0.0014529245968971105
2017-01-31,0.0022096685548240163
2017-02-01,0.0004849636504881894
2017-02-02,0.001456586533270641
2017-02-03,0.0018075794544899126
2017-02-06,-0.0006653734966913931
2017-02-07,0.0004962845815563911
2017-02-08,0.000685608091495192
2017-02-09,0.001301125483440657
2017-02-10,0.001246947996643555
2017-02-13,-0.0005722929519432815
2017-02-14,-0.001489112534668134
2017-02-15,-0.0007988797147591629
2017-02-16,0.00016730088495260358
2017-02-17,0.0025550653330444328
2017-02-21,0.0006514471654361398
2017-02-22,-0.0019418148324302224
2017-02-23,0.001587466149468285
2017-02-24,0.0004612750427243002
2017-02-27,0.0002130228588751909
2017-02-28,-0.0006994922074244084
2017-03-01,-0.000817687787089526
2017-03-02,-0.00033776429007235177
2017-03-03,-0.0013709998975911292
2017-03-06,0.0002601098520352056
2017-03-07,-0.001163470558376054
2017-03-08,0.0004976495798674622
2017-03-09,-0.0016045045689707263
2017-03-10,7.973381761767779e-05
2017-03-13,8.836628443498652e-05
2017-03-14,8.405827387525415e-05
2017-03-15,0.0002549390288765645
2017-03-16,0.00101623608860164
2017-03-17,-0.0001168682722446243
2017-03-20,-4.168542186085825e-05
2017-03-21,-0.0010054279517355083
2017-03-22,-0.0001690125094870534
2017-03-23,-0.0005211593385566483
2017-03-24,-0.0003797684542108784
2017-03-27,-0.0004853249549424791
2017-03-28,0.0002569806409532984
2017-03-29,0.0008352191979759188
2017-03-30,-0.0005415474420398503
2017-03-31,0.0008443970942170726
2017-04-03,0.00010722330900741896
2017-04-04,-5.783155445449687e-06
2017-04-05,0.0014223579925925103
2017-04-06,-0.0006587838944230151
2017-04-07,5.239327333056891e-05
2017-04-10,7.052119865220686e-05
2017-04-11,0.0010836273197380847
2017-04-12,-0.0006842480938393398
2017-04-13,-9.273954119535787e-06
2017-04-17,0.00030021680506059296
2017-04-18,0.0004479031031071544
2017-04-19,0.0010675823956726902
2017-04-20,-0.00039020014561504064
2017-04-21,-0.0013650894269298724
2017-04-24,-0.002153062905994351
2017-04-25,-0.00025079265889967365
2017-04-26,-0.001606918734729851
2017-04-27,0.001125432577551486
2017-04-28,0.001010060322410835
2017-05-01,0.0009452731960407896
2017-05-02,0.0004069317807500701
2017-05-03,-0.001913098257789927
2017-05-04,-0.0005182069942497457
2017-05-05,-0.0005419536373935419
2017-05-08,0.0003633126179538004
2017-05-09,-0.0016169062558771762
2017-05-10,8.217329764910793e-05
2017-05-11,1.5473011197730913e-05
2017-05-12,-0.0016380624167515571
2017-05-15,0.0006694816831729906
2017-05-16,0.0004102842103507218
2017-05-17,0.00044703298993754246
2017-05-18,-0.0008465637926738328
2017-05-19,0.00045913888607819844
2017-05-22,-0.0002602811769865438
2017-05-23,-0.0009374901434247051
2017-05-24,0.0011905058672347442
2017-05-25,-0.000542782857956885
2017-05-26,-2.346344299691081e-05
2017-05-30,-0.00023720486337183063
2017-05-31,-0.0004914845732959735
2017-06-01,0.0009428230346061295
2017-06-02,-0.001084421593829908
2017-06-05,0.0012738974218248534
2017-06-06,0.00048567879674428423
2017-06-07,-0.0016138102765378471
2017-06-08,-0.000416886201601949
2017-06-09,0.0005121298435199972
2017-06-12,0.0025619109447179386
2017-06-13,-9.430490864580279e-05
2017-06-14,-0.0007105059802734621
2017-06-15,-0.000301593653457588
2017-06-16,-0.00152206482989635
2017-06-19,-0.0005354496900909706
2017-06-20,-0.0017278609161561211
2017-06-21,-0.000529947000051156
2017-06-22,-0.00010337899334356989
2017-06-23,0.0010416527882218176
2017-06-26,0.0011450841760365464
2017-06-27,-0.000170966573796156
2017-06-28,0.002282151615172058
2017-06-29,-0.001519395291563752
2017-06-30,0.0031816307735996843
2017-07-03,-0.000637116882081193
2017-07-05,-0.0007742250018787362
2017-07-06,-0.0005143802124528958
2017-07-07,-0.0013412984672675128
2017-07-10,-0.0007622511500045762
2017-07-11,0.0025433991038441343
2017-07-12,-6.445291082108161e-06
2017-07-13,0.0012115115832859987
2017-07-14,-0.0005258951040591181
2017-07-17,-0.0007152867318508056
2017-07-18,-0.0009549616956780817
2017-07-19,-0.006058322723699217
2017-07-20,-0.000971402777255019
2017-07-21,0.0020018971741147004
2017-07-24,0.0005048410529134062
2017-07-25,0.0029441610085006796
2017-07-26,-0.0011638445535607977
2017-07-27,0.0016559657635743523
2017-07-28,-0.0014604870410587917
2017-07-31,-0.0011701143275008358
2017-08-01,-0.0006524239069659974
2017-08-02,0.0008601759404455172
2017-08-03,0.0009724840270160522
2017-08-04,0.0019098863837381627
2017-08-07,-0.000672622822995956
2017-08-08,-0.0033137634907472895
2017-08-09,0.0030760327302608503
2017-08-10,-0.002073542862074707
2017-08-11,0.0034029361246171925
2017-08-14,0.0011189287175367051
2017-08-15,-0.0032082560671881323
2017-08-16,0.0006682324819340539
2017-08-17,-0.0005911866876935327
2017-08-18,-0.0021210868193528307
2017-08-21,-0.00035073358980140134
2017-08-22,0.0002203811135427302
2017-08-23,-4.6566134041159826e-05
2017-08-24,-0.0023869476437846306
2017-08-25,-0.0002543892212431244
2017-08-28,-0.0010305258860576578
2017-08-29,0.000831119921296093
2017-08-30,0.0009063945401958445
2017-08-31,-0.000772928637692266
2017-09-01,0.0017007953476364413
2017-09-05,-0.0021028656035303943
2017-09-06,0.00143707385803402
2017-09-07,-0.00248718699235669
2017-09-08,-0.0001226006157161882
2017-09-11,-4.8950377793084784e-05
2017-09-12,0.0040941885614264525
2017-09-13,0.0011283992346013433
2017-09-14,-0.0017168076850699004
2017-09-15,4.866621202846558e-05
2017-09-18,0.001153299383476477
2017-09-19,-0.00047354814021894194
2017-09-20,-0.0005892457051695951
2017-09-21,-0.0005950668676974642
2017-09-22,0.00011277241690182347
2017-09-25,0.00038519668117385043
2017-09-26,0.0009906942127064025
2017-09-27,0.00127021027881314
2017-09-28,0.003887347462949616
2017-09-29,0.0005813568006988914
2017-10-02,-0.0031084726794240645
2017-10-03,-0.0009203952337701514
2017-10-04,-0.0006772855762035081
2017-10-05,-4.704480165905907e-05
2017-10-06,-0.0010460124954719994
2017-10-09,-0.0012549503290333176
2017-10-10,0.00022668222765913584
2017-10-11,-0.00019815395994779412
2017-10-12,0.0004084051253458083
2017-10-13,3.582607732682009e-05
2017-10-16,-0.0003181006576388368
2017-10-17,-0.0003428826266970719
2017-10-18,-0.0006241864711200621
2017-10-19,-0.0016357545778439675
2017-10-20,-0.0017969016599535279
2017-10-23,0.0013047055729599629
2017-10-24,-0.0023441427095037006
2017-10-25,-0.0005033381124519094
2017-10-26,0.0006289503519863374
2017-10-27,-0.0004952963885678321
2017-10-30,0.0008658511644159245
2017-10-31,0.002767377739204721
2017-11-01,0.0009074266630592594
2017-11-02,-0.0024945618759614576
2017-11-03,-0.0020459936786986514
2017-11-06,-0.0007698995829025353
2017-11-07,0.001108382562714346
2017-11-08,0.0020875272904336706
2017-11-09,6.140069381205723e-06
2017-11-10,0.0038798786482016883
2017-11-13,-0.0008628965441879938
2017-11-14,-0.002423434598034188
2017-11-15,-0.0012055911334359756
2017-11-16,0.0017150795107468656
2017-11-17,0.00035843300614503393
2017-11-20,-0.0003696992794811147
2017-11-21,0.00011647645837973092
2017-11-22,-0.0005220320618629027
2017-11-24,-0.0002505402094303072
2017-11-27,-0.0012476519444375278
2017-11-28,-0.0012169651899807188
2017-11-29,0.0011246610357047348
2017-11-30,-0.00028214663051801317
2017-12-01,0.0004844559927541254
2017-12-04,0.0015486708730364299
2017-12-05,-0.0008074263525084678
2017-12-06,2.548697660372987e-05
2017-12-07,-0.0005681553177593993
2017-12-08,-0.0020045454049634785
2017-12-11,-0.00032492507956551596
2017-12-12,0.002396644588775434
2017-12-13,-0.001933073406429415
2017-12-14,0.002248114252949838
2017-12-15,-0.000499191461831956
2017-12-18,0.002082934872846706
2017-12-19,-0.0023752705611427443
2017-12-20,-0.0010053880353095518
2017-12-21,-0.005433204244603059
2017-12-22,0.0016123479102859316
2017-12-26,-2.586387283239356e-06
2017-12-27,-0.0014495468474121128
2017-12-28,-0.0009219299166288639
2017-12-29,0.00013759878632059133
2018-01-02,-0.000296504994253918
2018-01-03,0.00396876260192
2018-01-04,8.776901880461468e-05
2018-01-05,-0.0006362584053382167
2018-01-08,-0.000730528085100992
2018-01-09,-0.0006737500007410773
2018-01-10,-0.00047629785208973117
2018-01-11,-0.0020267745005558865
2018-01-12,0.002023256490219444
2018-01-16,0.00043774747625693276
2018-01-17,-0.002217190182193113
2018-01-18,-0.0012487680886948437
2018-01-19,-0.0009891305127329646
2018-01-22,-0.0007830691499993598
2018-01-23,0.003488079202344713
2018-01-24,-0.0005098833859067837
2018-01-25,-0.0036715649041482753
2018-01-26,-0.0019051072595120669
2018-01-29,-0.0011075236951662852
2018-01-30,8.041029833257715e-05
2018-01-31,0.0026481649149276026
2018-02-01,-0.003181430140084736
2018-02-02,0.002681188395463178
2018-02-05,0.002834495899262358
2018-02-06,-0.0024489752538872987
2018-02-07,-0.0008998441152134532
2018-02-08,0.0024004301169770056
2018-02-09,0.0020848375948633114
2018-02-12,-0.0007018888929294087
2018-02-13,-0.0005596353453130712
2018-02-14,-0.002571497131511789
2018-02-15,0.0018206172380687612
2018-02-16,0.0004814139602729603
2018-02-20,0.00042027351906335114
2018-02-21,-0.0015806985120695347
2018-02-22,-3.684000073031086e-05
2018-02-23,-0.0006306576181317301
2018-02-26,0.0021673008854054673
2018-02-27,-0.002448648991932545
2018-02-28,-0.0004496841568265841
2018-03-01,0.002736621266417441
2018-03-02,-0.0023788994550570743
2018-03-05,-0.0004294654965055106
2018-03-06,-0.0008266239233018659
2018-03-07,5.9546699895228716e-05
2018-03-08,-0.0003764302025185834
2018-03-09,0.001972695374567853
2018-03-12,0.0008755243544449461
2018-03-13,0.0007352173280467169
2018-03-14,0.00022358378812507498
2018-03-15,0.001103946765556596
2018-03-16,0.0010286552378803093
2018-03-19,-0.0006007162625715022
2018-03-20,-0.000272952563552452
2018-03-21,0.0006102640757910939
2018-03-22,-0.0009019030741747616
2018-03-23,-0.0011886909089046335
2018-03-26,-0.0009162588447008679
2018-03-27,0.002418858865574038
2018-03-28,0.0031614519321923663
2018-03-29,-0.0005753336792485124
2018-04-02,0.00028595562146467986
2018-04-03,0.001189305949581997
2018-04-04,0.0006306807039341
2018-04-05,-0.001738623207297219
2018-04-06,0.0008966437759139465
2018-04-09,-0.000495272595528429
2018-04-10,-0.0021561291453597825
2018-04-11,4.30034561918877e-05
2018-04-12,-0.0014184779047835031
2018-04-13,0.001109125343678384
2018-04-16,0.00028797762907266914
2018-04-17,-0.0002360919126502967
2018-04-18,-0.0007487249655210701
2018-04-19,0.0011795948933054743
2018-04-20,0.0007856234302876577
2018-04-23,0.0013668487130147034
2018-04-24,0.00018056094752242878
2018-04-25,0.003962047687233996
2018-04-26,-0.002114767297434338
2018-04-27,0.001659313195481366
2018-04-30,-0.0013086044099053032
2018-05-01,-0.001282689192332605
2018-05-02,-0.0033785791053448327
2018-05-03,-0.0012908885182468456
2018-05-04,0.0012527454386005177
2018-05-07,-0.0005071166753591951
2018-05-08,-0.00046463175008710166
2018-05-09,-0.0011336098150115817
2018-05-10,-0.000697952459575372
2018-05-11,0.00041658159916194956
2018-05-14,0.00011645991937214575
2018-05-15,-0.0012508246435589195
2018-05-16,-0.0007841736172966288
2018-05-17,-0.000837549676317082
2018-05-18,0.00025640910081149476
2018-05-21,0.001523925976113257
2018-05-22,0.0016648460814318732
2018-05-23,0.0005872233240009197
2018-05-24,0.0011237838846697744
2018-05-25,0.0007843551691937502
2018-05-29,-0.000591294150010583
2018-05-30,-0.0003004215795520303
2018-05-31,-8.841220655804021e-05
2018-06-01,-0.0010729526758790026
2018-06-04,-0.0009182939865154267
2018-06-05,-0.0014528893936495728
2018-06-06,-0.00298326097569437
2018-06-07,0.0029770117886689625
2018-06-08,-0.0006850407419768136
2018-06-11,-0.0016150504622317989
2018-06-12,0.0006545928131299679
2018-06-13,0.00036016689427006125
2018-06-14,-0.0011302961607476967
2018-06-15,0.0020847980008831556
2018-06-18,-0.0007944444660442927
2018-06-19,0.0009269167652253013
2018-06-20,-0.0012947028040744232
2018-06-21,-0.0013772627589253286
2018-06-22,0.0019414307411189757
2018-06-25,0.004156583565842753
2018-06-26,0.001334969557380422
2018-06-27,0.0010807090601006348
2018-06-28,-0.0005752817759889571
2018-06-29,-0.0008573477438788682
2018-07-02,0.0006590345756124191
2018-07-03,0.001590159267342695
2018-07-05,-0.00015533815647401935
2018-07-06,-0.0002274709589826597
2018-07-09,0.001093791726191101
2018-07-10,0.0003002817659184894
2018-07-11,-0.00015213285327635384
2018-07-12,1.1871741461806987e-05
2018-07-13,0.0005082237334434409
2018-07-16,0.0004075297288161745
2018-07-17,-0.001518752467007992
2018-07-18,0.0014537527271766052
2018-07-19,-0.0026016209448086925
2018-07-20,0.0014649292381329674
2018-07-23,-0.0022459510558447064
2018-07-24,0.0016093627788811731
2018-07-25,-0.004099910502981049
2018-07-26,0.006598108012779457
2018-07-27,0.001093050893603927
2018-07-30,0.002466401855114417
2018-07-31,0.002822424203618549
2018-08-01,-0.0030838051252653847
2018-08-02,-0.0029485500419685565
2018-08-03,0.00035910150922468555
2018-08-06,0.00023864534787179726
2018-08-07,-0.00016677263434959906
2018-08-08,0.0005122859879108676
2018-08-09,-0.0007666647625406044
2018-08-10,-0.0011807796676266144
2018-08-13,-0.0004929308432686317
2018-08-14,0.0008034349059886466
2018-08-15,-0.00034411546534598563
2018-08-16,4.907868734901532e-05
2018-08-17,-0.0007683875536409138
2018-08-20,-0.0002983344462030195
2018-08-21,0.0006405813938272402
2018-08-22,-0.0003142692730108405
2018-08-23,-0.0008517474502717227
2018-08-24,-0.0005526398726149214
2018-08-27,0.000935863045318147
2018-08-28,-0.00019439380017909479
2018-08-29,-0.00025869060632031313
2018-08-30,-0.0030889942762022432
2018-08-31,0.0004790284455453193
2018-09-04,0.0001690229946851335
2018-09-05,0.0012936114243778996
2018-09-06,-0.0015517545167015778
2018-09-07,-1.7376855714952064e-05
2018-09-10,0.00023357473149740354
2018-09-11,-0.0007407202593211222
2018-09-12,-8.292807437946186e-05
2018-09-13,-0.0006842142797432892
2018-09-14,0.00251506638218773
2018-09-17,0.0012815215961478874
2018-09-18,-0.0006581099435729179
2018-09-19,0.0031229488596079143
2018-09-20,-0.0005489943026916176
2018-09-21,0.001419772388830306
2018-09-24,0.00023426398076481072
2018-09-25,-0.0016818651117010636
2018-09-26,-4.730396286704765e-05
2018-09-27,-0.0015067499933232131
2018-09-28,-0.0012090376430867412
2018-10-01,0.00070597454409252
2018-10-02,-3.885487035030563e-05
2018-10-03,0.002851883011355039
2018-10-04,0.0018125064907235395
2018-10-05,-0.0014314883931046516
2018-10-08,-0.0007530490161458468
2018-10-09,-0.0030004641301798873
2018-10-10,0.0040769546859755
2018-10-11,0.003396104909719622
2018-10-12,0.0002173176604252695
2018-10-15,0.0009257880288729338
2018-10-16,-0.00026592193218740373
2018-10-17,-0.0019969921902647774
2018-10-18,0.0007639196320010121
2018-10-19,-0.0008551231707807017
2018-10-22,0.00017451535065467688
2018-10-23,0.00033711001806545457
2018-10-24,-0.003649267452906426
2018-10-25,0.002681254189881655
2018-10-26,0.0018189724521560588
2018-10-29,-0.0006292150893803113
2018-10-30,-0.004946241244406709
2018-10-31,0.0017340306418080589
2018-11-01,0.005436046208748558
2018-11-02,0.0010900986863765995
2018-11-05,-0.0006540131890898072
2018-11-06,0.0008391305300117657
2018-11-07,-0.0023062568674481966
2018-11-08,-0.0006950085884826474
2018-11-09,-0.0010921354347104058
2018-11-12,0.0004169816938648015
2018-11-13,-0.0005856705025373482
2018-11-14,-0.0012552137228704645
2018-11-15,7.728548336262052e-05
2018-11-16,9.138199870397927e-05
2018-11-19,0.00023717602907002982
2018-11-20,-0.0023892999115976317
2018-11-21,0.0021809684930896842
2018-11-23,-0.00021498499025888855
2018-11-26,0.001024030005798324
2018-11-27,-0.0009138372128342475
2018-11-28,-0.0004883418949547716
2018-11-29,0.0006165008601901608
2018-11-30,-0.001671868039766407
2018-12-03,0.002262269753404501
2018-12-04,-0.0004737005137452362
2018-12-06,-0.003700836525216824
2018-12-07,0.0009596735145831985
2018-12-10,0.00029510028055616583
2018-12-11,-0.0016973962031247326
2018-12-12,0.0026394954971864686
2018-12-13,-0.0015070894832090779
2018-12-14,-0.001204458653528752
2018-12-17,0.003133705245363305
2018-12-18,0.0011394952295151251
2018-12-19,-0.00038698255472202023
2018-12-20,-0.004852252250017883
2018-12-21,-0.00035652308529662797
2018-12-24,0.0011901133907528368
2018-12-26,0.0004843544388954609
2018-12-27,-0.0007857385356775445
2018-12-28,9.982545027766491e-05
2018-12-31,-0.0011289270067860115
2019-01-02,0.002582110016069846
2019-01-03,-0.000268351172293771
2019-01-04,0.0025000592427162896
2019-01-07,0.002187575146864391
2019-01-08,0.000853086049963675
2019-01-09,0.002115657028928346
2019-01-10,8.659611945343192e-05
2019-01-11,0.0002962236936563332
2019-01-14,0.0003565608840055873
2019-01-15,-1.3862537711071927e-05
2019-01-16,0.0024650342654990716
2019-01-17,-0.00012849833847450884
2019-01-18,0.0010981397579607694
2019-01-22,-0.0027909388320730122
2019-01-23,0.0024194869029705536
2019-01-24,-0.0002301472175960474
2019-01-25,-0.000913571511272676
2019-01-28,-0.001072508656596795
2019-01-29,0.0007403678027467194
2019-01-30,0.0025391963280398406
2019-01-31,0.0019818522169187747
2019-02-01,0.0018200050715965858
2019-02-04,-0.0003693481301623893
2019-02-05,0.0006639015417965279
2019-02-06,0.0007625989566221837
2019-02-07,-0.0003225645824387412
2019-02-08,0.000990026305185905
2019-02-11,-0.0009556602444030308
2019-02-12,0.0022641745846404123
2019-02-13,-0.0018153225514635613
2019-02-14,-0.001410946973709189
2019-02-15,0.0016762249167334698
2019-02-19,-0.0005847858449612265
2019-02-20,0.0034190456816937157
2019-02-21,-0.0018605265400368153
2019-02-22,0.00010787436582089332
2019-02-25,0.0011108288157814607
2019-02-26,-0.00011605782241569654
2019-02-27,0.00181845723014272
2019-02-28,-0.0005331380512370936
2019-03-01,0.000283185405730144
2019-03-04,-0.001320893141846395
2019-03-05,0.00026388666695121194
2019-03-06,0.00013099093207702617
2019-03-07,-0.0004911171292848817
2019-03-08,-0.0009744550949917253
2019-03-11,-0.0014207020429612045
2019-03-12,-0.0014431579184044445
2019-03-13,-0.000381901274865115
2019-03-14,-0.0011314745120251403
2019-03-15,0.0007268504340983798
2019-03-18,0.0022436466845435466
2019-03-19,-0.0009518138974471852
2019-03-20,0.0005207699849751719
2019-03-21,-0.001675376796602642
2019-03-22,0.001773763892611781
2019-03-25,0.0005503927477742208
2019-03-26,-0.0018710798300422557
2019-03-27,0.0004368855057246041
2019-03-28,-0.0005215402771976729
2019-03-29,0.0016655899196603404
2019-04-01,0.0009363589036657992
2019-04-02,-0.0010619080691604795
2019-04-03,-0.0006022192779788816
2019-04-04,0.0006342565687971233
2019-04-05,0.0016835644983603524
2019-04-08,-0.001276866016383819
2019-04-09,0.0021719672480460133
2019-04-10,-0.0010238932349414197
2019-04-11,0.001008334532196295
2019-04-12,0.0004895606777469901
2019-04-15,0.0009585310363686781
2019-04-16,0.004200119160888975
2019-04-17,0.002605536798798279
2019-04-18,-0.0048245893713667
2019-04-22,0.0008251272381345986
2019-04-23,-0.00027067998201600943
2019-04-24,-0.002261956003388076
2019-04-25,0.0014086362920086174
2019-04-26,-0.0006419688528959338
2019-04-29,0.0017184453827572648
2019-04-30,-0.0006955609339783603
2019-05-01,-0.0004396951704483974
2019-05-02,0.0011234139025460158
2019-05-03,-0.0007068952816608426
2019-05-06,-0.0008511630080863959
2019-05-07,0.0009451967202272684
2019-05-08,-0.00029533209672062916
2019-05-09,-0.0014728409307241768
2019-05-10,-0.0021638520020103875
2019-05-13,-0.0014880386447969336
2019-05-14,-0.0004397961593595481
2019-05-15,-0.0014303304303463506
2019-05-16,-0.00019107340638904388
2019-05-17,6.68926253051373e-05
2019-05-20,0.000945851261302359
2019-05-21,-0.00021965244637042557
2019-05-22,-0.0005282214724325804
2019-05-23,0.00045644967595858446
2019-05-24,0.0012823054853174608
2019-05-28,-0.001364266938609491
2019-05-29,0.0005346008401757121
2019-05-30,-0.0011587215654218215
2019-05-31,-0.0026252213476002763
2019-06-03,9.319218389145966e-05
2019-06-04,0.0011276642034881077
2019-06-05,-0.0005743427371811776
2019-06-06,-0.00015364416309946084
2019-06-07,0.00044399772791426
2019-06-10,-8.039095001860681e-06
2019-06-11,-0.00010583862826650378
2019-06-12,-0.001315497213009824
2019-06-13,0.0020335110928985673
2019-06-14,-0.0024019144522503142
2019-06-17,0.002157837814578477
2019-06-18,0.0012540380838357652
2019-06-19,-0.000958228401519226
2019-06-20,0.0005978914857755065
2019-06-21,0.001007110734849911
2019-06-24,-0.0010111627403455092
2019-06-25,0.0006003969742743337
2019-06-26,0.00033073645493938525
2019-06-27,-0.0010439796470558197
2019-06-28,-0.0013408904952238382
2019-07-01,0.0002312903843969119
2019-07-02,9.837223175197383e-05
2019-07-03,0.000513769037172837
2019-07-05,0.00018517610839658888
2019-07-08,-0.00047568924008864016
2019-07-09,0.00016372565163480694
2019-07-10,9.214804525976412e-05
2019-07-11,0.0006818909425886689
2019-07-12,0.0007328071177977149
2019-07-15,0.00034987395324414383
2019-07-16,-0.0009372801253200954
2019-07-17,-0.0007779735221054859
2019-07-18,-0.0011857083631520195
2019-07-19,-0.00032429180895103776
2019-07-22,-0.0005553184455618995
2019-07-23,0.001054514497581559
2019-07-24,-0.00044199351242431474
2019-07-25,0.0007547765577916429
2019-07-26,-0.0029985859578070817
2019-07-29,0.0006338103232195067
2019-07-30,-0.0010066295754812863
2019-07-31,-0.0005107196009987835
2019-08-01,-0.00424253359633786
2019-08-02,0.0011264797930234437
2019-08-05,-0.000980697416458391
2019-08-06,-4.911476506449898e-05
2019-08-07,-0.001359148903840867
2019-08-08,-0.0011058775260432403
2019-08-09,-0.0027392822885646782
2019-08-12,-0.0012357795787391007
2019-08-13,0.00014301227705093371
2019-08-14,-0.0011484361724826604
2019-08-15,-0.005473533672765397
2019-08-16,0.002590882942808846
2019-08-19,0.00012330120528778558
2019-08-20,-0.0007264418130213093
2019-08-21,0.00014460809792737707
2019-08-22,-0.001781517176568621
2019-08-23,-0.001981788630968383
2019-08-26,-0.0008854444489848561
2019-08-27,-0.0012576535544602469
2019-08-28,-0.0007480054061473515
2019-08-29,0.0023793994451428314
2019-08-30,0.002068899322582891
2019-09-03,-0.0022595273857488754
2019-09-04,0.0014834549654074852
2019-09-05,0.004683561116487532
2019-09-06,0.0023345016032055087
2019-09-09,0.004332391418588482
2019-09-10,0.0030524457547647407
2019-09-11,0.0017939158959518094
2019-09-12,-0.0004950903062505307
2019-09-13,0.00015753849476209244
2019-09-16,0.0011724038908794135
2019-09-17,-0.002612444127893078
2019-09-18,0.0013276034100589643
2019-09-19,-0.0006918095244095146
2019-09-20,0.0030515507727389445
2019-09-23,-0.001073175458579927
2019-09-24,-0.0009956017028143502
2019-09-25,-0.0005324918900981521
2019-09-26,8.909122027534993e-05
2019-09-27,0.0006166451454529837
2019-09-30,0.0006277220410538004
2019-10-01,-0.002392329155596667
2019-10-02,-0.002147224705376435
2019-10-03,-0.0009046443812876161
2019-10-04,0.000972957699392249
2019-10-07,0.0013200775235361136
2019-10-08,-0.003208249153410075
2019-10-09,-5.208937125513789e-05
2019-10-10,0.00012460491633190218
2019-10-11,0.002699460443544873
2019-10-14,-0.0008520877322966583
2019-10-15,0.00046971451733534176
2019-10-16,-0.0036106901280049787
2019-10-17,-0.0018718049144427846
2019-10-18,0.0021550687488593625
2019-10-21,-0.0008617596268731236
2019-10-22,-0.0004062107787275232
2019-10-23,0.001113091308887163
2019-10-24,0.0012436506238574323
2019-10-25,-0.002632843767887108
2019-10-28,0.0009735768190365945
2019-10-29,0.0033767661235856398
2019-10-30,-0.0009904807970588733
2019-10-31,-0.002149654606824621
2019-11-01,0.00021127890969655256
2019-11-04,-0.0015531467279563708
2019-11-05,0.0026698419383682334
2019-11-06,0.0014609282555626535
2019-11-07,-0.00022391122983145476
2019-11-08,-0.0008814236417893106
2019-11-11,0.0009452096092875708
2019-11-12,0.0020153751923362557
2019-11-13,-0.0011317486257742342
2019-11-14,-0.0006339161418805279
2019-11-15,-0.0017060999464629625
2019-11-18,0.000811469731950565
2019-11-19,0.0012831620404951038
2019-11-20,-0.00031460592399782067
2019-11-21,0.0011890569674661352
2019-11-22,0.0010172688277690347
2019-11-25,-0.0014133611295115347
2019-11-26,-0.000348575255135803
2019-11-27,0.00044160254118626445
2019-11-29,9.80520653613982e-05
2019-12-02,0.0007714735535161267
2019-12-03,-0.00041112158927962084
2019-12-04,-9.429031894234234e-05
2019-12-05,-0.00013552214673466387
2019-12-06,1.783383635720136e-05
2019-12-09,-0.00026874297666298474
2019-12-10,0.0013727007561241972
2019-12-11,-0.0008163317017568099
2019-12-12,-0.0002206979161271758
2019-12-13,-0.0010997833280846313
2019-12-16,-9.982690311030742e-05
2019-12-17,-0.0002558080397507242
2019-12-18,-0.00024261838786502506
2019-12-19,-0.00011937483940195587
2019-12-20,-0.0012860687883763393
2019-12-23,0.0018885401630430398
2019-12-24,-0.0004467587593391116
2019-12-26,-0.0007324730662392817
2019-12-27,-7.730055001283456e-05
2019-12-30,0.0006125502481916031
2019-12-31,0.0018485457240787122
2020-01-02,0.001229506229449059
2020-01-03,0.0012928278146008983
2020-01-06,-0.00026246376226747223
2020-01-07,-0.0018750746728658915
2020-01-08,0.0003139503718861812
2020-01-09,0.00032732505754734206
2020-01-10,9.119857437184273e-05
2020-01-13,0.0006377950464247856
2020-01-14,-0.00106570504282794
2020-01-15,-0.0005460399556001603
2020-01-16,0.0004266380905855573
2020-01-17,-0.0016385002405834472
2020-01-21,-0.00014878505622611905
2020-01-22,-0.0011433488073085284
2020-01-23,-0.0038892760206997077
2020-01-24,-0.0027365218773511947
2020-01-27,-0.00034203156653171853
2020-01-28,-0.0007152883267587738
2020-01-29,-0.0029300612525659407
2020-01-30,0.0020125308851977196
2020-01-31,-0.0024071059362976346
2020-02-03,0.0004594775197673068
2020-02-04,0.0018368754151484909
2020-02-05,0.001831199969205825
2020-02-06,3.1552607515435384e-05
2020-02-07,-0.00017934378444271743
2020-02-10,-0.00040326599743615644
2020-02-11,-0.0004096731683250254
2020-02-12,0.0015536542749991775
2020-02-13,-0.0020730458753369005
2020-02-14,-0.00034917892820106935
2020-02-18,-0.0013653787750605624
2020-02-19,0.0008601305131828578
2020-02-20,0.0007062499984871216
2020-02-21,0.00079062935234837
2020-02-24,0.001480825977838328
2020-02-25,-0.002033418355457711
2020-02-26,-0.0024647609956994746
2020-02-27,-0.0001829016262115618
2020-02-28,0.004692410077063127
2020-03-02,-0.006309279255971948
2020-03-03,-7.292616298563149e-05
2020-03-04,-0.004591471069655188
2020-03-05,-0.005743122354677376
2020-03-06,0.0018654439343094213
2020-03-09,-0.008424988868506865
2020-03-10,0.01179538422830174
2020-03-11,-0.004295880819636014
2020-03-12,-0.0032813448301249617
2020-03-13,-0.004394973465895069
2020-03-16,-0.017689482043094288
2020-03-17,-0.007631806069576736
2020-03-18,-0.02425649974241072
2020-03-19,0.037204358135728775
2020-03-20,0.027169707855730686
2020-03-23,-0.0022900519351281806
2020-03-24,0.016954662473736764
2020-03-25,0.01121849240690282
2020-03-26,0.005293277366300558
2020-03-27,-0.007016254647475267
2020-03-30,-0.0158242694252544
2020-03-31,0.003936370779582047
2020-04-01,-0.003225263550862128
2020-04-02,-0.012533115959084736
2020-04-03,-0.0064772660658388775
2020-04-06,0.019000450012426583
2020-04-07,0.018925136054494963
2020-04-08,0.013263837898501607
2020-04-09,0.008377668607498834
2020-04-13,-0.0008726988456302601
2020-04-14,-0.0069917298642952815
2020-04-15,-0.008562190278913454
2020-04-16,-0.010369038960688758
2020-04-17,0.013693598664353084
2020-04-20,-0.00135365405190596
2020-04-21,-0.002826015736926806
2020-04-22,-0.0006188509866684646
2020-04-23,-0.0003929151387182855
2020-04-24,-0.002085553006360929
2020-04-27,0.00610817416353796
2020-04-28,0.007349909674748774
2020-04-29,0.012903773288768473
2020-04-30,-0.0046779722654083835
2020-05-01,-0.0009584790387878378
2020-05-04,0.0012530223071453793
2020-05-05,-0.0015198570739313882
2020-05-06,-0.003478365367469726
2020-05-07,0.004451428129944723
2020-05-08,0.0016282739159363794
2020-05-11,-0.004381389557714651
2020-05-12,0.0008060641734340931
2020-05-13,-0.009092665219757065
2020-05-14,0.006755163793301853
2020-05-15,-0.004697424319843237
2020-05-18,0.012184974294179555
2020-05-19,1.4121520913299979e-05
2020-05-20,0.0018747559920574257
2020-05-21,0.002922797578574782
2020-05-22,-0.004067957868585441
2020-05-26,0.013326382599701321
2020-05-27,0.002628982289874765
2020-05-28,-0.0055644341901885256
2020-05-29,-0.005448615673769527
2020-06-01,0.0023278100860124194
2020-06-02,0.00045454162776696155
2020-06-03,0.009032017788235713
2020-06-04,0.0056004169413705245
2020-06-05,0.0085518498778124
2020-06-08,0.004353108216585094
2020-06-09,-0.004705349488828109
2020-06-10,-0.004813214332016635
2020-06-11,-0.0054322195559177045
2020-06-12,0.003850726632734011
2020-06-15,-0.0015588772733947664
2020-06-16,-0.00017773676906760957
2020-06-17,-0.0032016943295258065
2020-06-18,0.00022088007542458217
2020-06-19,-0.003962061634965678
2020-06-22,0.0008050988728106033
2020-06-23,0.0015975923871908075
2020-06-24,-0.00014658732754293347
2020-06-25,0.0005106004135874733
2020-06-26,-0.003102237693888301
2020-06-29,0.0036613186115156413
2020-06-30,-0.0017055676534960683
2020-07-01,0.0012115793336312489
2020-07-02,-0.0007382319693923681
2020-07-06,-6.961133332964696e-06
2020-07-07,-0.0036833334280412756
2020-07-08,-0.0004615683066228885
2020-07-09,-0.00458782701900423
2020-07-10,0.0029913148722697587
2020-07-13,0.0018910805585732936
2020-07-14,-0.0045897481294989466
2020-07-15,0.004458187899850019
2020-07-16,-0.0025215695511872247
2020-07-17,-0.0017099281299807448
2020-07-20,-0.0042799777247067294
2020-07-21,0.00166729182771656
2020-07-22,-0.001555579841187483
2020-07-23,-0.0005221674456628978
2020-07-24,0.0015331510229512194
2020-07-27,-0.0039692895754343625
2020-07-28,0.0037080076589128264
2020-07-29,-0.002833811405178366
2020-07-30,0.0009536809991740754
2020-07-31,-0.0037324329827685193
2020-08-03,-0.0017614828039227836
2020-08-04,0.0006327304695393273
2020-08-05,-0.001528087850540917
2020-08-06,0.002356267162459396
2020-08-07,0.0028540472458729897
2020-08-10,0.0004770996045668184
2020-08-11,0.003263397428702509
2020-08-12,-0.0021439157681166
2020-08-13,-0.0005064171802048213
2020-08-14,0.0027342743466564146
2020-08-17,-0.0036709360533058056
2020-08-18,-0.0012754188731442706
2020-08-19,-0.0008296944269719148
2020-08-20,-0.002414125620867795
2020-08-21,-0.0009124261566465181
2020-08-24,0.0003272950700658795
2020-08-25,-0.0003191909682877013
2020-08-26,-0.00598088248346769
2020-08-27,0.007233764427407104
2020-08-28,0.00017415104633711618
2020-08-31,-0.000638712401197999
2020-09-01,-0.002979792608078675
2020-09-02,0.0011784485243051988
2020-09-03,0.0023634238113697044
2020-09-04,0.0011233276335415336
2020-09-08,0.00040128276882114947
2020-09-09,-0.003705819472037286
2020-09-10,-0.00015388047026493546
2020-09-11,-0.0013035059763477018
2020-09-14,0.00043958314274267804
2020-09-15,-0.0021344005644018237
2020-09-16,0.002527848782952297
2020-09-17,0.0009373739235386332
2020-09-18,-0.0007316248549617833
2020-09-21,0.0020979922285118136
2020-09-22,0.0017509221884415087
2020-09-23,0.0013617614823380412
2020-09-24,0.0005308662697679663
2020-09-25,-0.0013908148723824365
2020-09-28,-0.00037804796256462963
2020-09-29,0.0011937671265573504
2020-09-30,-0.0019157574941962758
2020-10-01,-0.00183617520275064
2020-10-02,-1.724867404587774e-05
2020-10-05,-0.002477464712869988
2020-10-06,0.004544660751152336
2020-10-07,-0.00479648804216159
2020-10-08,-0.0005456833067979114
2020-10-09,-0.001415178830284677
2020-10-12,0.0005978875943316142
2020-10-13,-0.002517796693874862
2020-10-14,8.256535244768615e-05
2020-10-15,0.0007880913562987498
2020-10-16,-0.0011157755690264935
2020-10-19,0.00018562450554258174
2020-10-20,0.0031277257307141333
2020-10-21,0.004469862602150418
2020-10-22,0.0012542935258455948
2020-10-23,0.002478041213248722
2020-10-26,0.00021757991568767849
2020-10-27,-0.0008762974936182547
2020-10-28,-0.0006793936729716891
2020-10-29,-0.0036822302366020677
2020-10-30,0.002824733947142233
2020-11-02,-0.0017901338154262978
2020-11-03,0.004503595618101988
2020-11-04,0.0039972906574023215
2020-11-05,-0.006432856407581588
2020-11-06,-0.00023085676320033167
2020-11-09,0.0037136794852922297
2020-11-10,0.0085006211690803
2020-11-11,0.001195313409576776
2020-11-12,0.0012969452699726056
2020-11-13,0.0025542532329916553
2020-11-16,-0.0008097739630960673
2020-11-17,0.0016070695156240988
2020-11-18,-0.0005669888599599077
2020-11-19,-0.001250640624905177
2020-11-20,0.0010581537672435615
2020-11-23,0.00040961367604730285
2020-11-24,0.0031404634543386097
2020-11-25,0.0025850749904389792
2020-11-27,-0.0009542732802908614
2020-11-30,3.0903975644096944e-05
2020-12-01,0.000657136449683494
2020-12-02,0.00036367135609985943
2020-12-03,0.0002723565220272345
2020-12-04,0.00043973181106820593
2020-12-07,0.00045754794477295316
2020-12-08,3.528661926138904e-05
2020-12-09,0.002857608148815918
2020-12-10,0.0013760191617292064
2020-12-11,0.002214154018557055
2020-12-14,-0.00029442735788471865
2020-12-15,-0.0002631641204841856
2020-12-16,-0.0008568384239325633
2020-12-17,-0.0008795788172027007
2020-12-18,-0.002019014901969577
2020-12-21,-0.0014575876742332404
2020-12-22,-0.0004062554706073899
2020-12-23,0.0008396951139562174
2020-12-24,0.0003561588862403699
2020-12-28,0.0003529440194234681
2020-12-29,0.0001595512961279128
2020-12-30,-0.0014795097898781468
2020-12-31,0.0020733615808210698
2021-01-04,-0.00015752996112497852
2021-01-05,-0.002048308206585144
2021-01-06,-0.0017793875800717382
2021-01-07,-0.005389435294707369
2021-01-08,0.0006161376399194891
2021-01-11,-0.000251654893819031
2021-01-12,0.00018113296302521635
2021-01-13,-0.0012403949864136833
2021-01-14,0.0005552001846646267
2021-01-15,0.001969831867528974
2021-01-19,-0.0025846446574254232
2021-01-20,-0.0005904424707286637
2021-01-21,0.004880573396212778
2021-01-22,0.00022059898162283287
2021-01-25,-0.0005638342109363687
2021-01-26,-0.0001616051840013397
2021-01-27,0.003629377956549868
2021-01-28,-0.0005278842110498405
2021-01-29,-0.00020108018647637185
2021-02-01,0.0004248445096514787
2021-02-02,0.002283379291607047
2021-02-03,-0.002004354879563659
2021-02-04,-0.0025143473220945946
2021-02-05,0.0008704850599080718
2021-02-08,-0.0014151074443257208
2021-02-09,-0.0004940754854807171
2021-02-10,0.0006476544838740921
2021-02-11,-0.0007221469142591298
2021-02-12,-0.00037381722503710297
2021-02-16,-0.0016861758405661352
2021-02-17,0.0018504045953773103
2021-02-18,0.0034198854598204874
2021-02-19,0.0016354633405379828
2021-02-22,-0.001678563279966631
2021-02-23,0.0015461716196714917
2021-02-24,-0.0007550359129043303
2021-02-25,0.0015778051244745605
2021-02-26,0.0010089266636108046
2021-03-01,-0.0011665682809176463
2021-03-02,-0.0002928606237684127
2021-03-03,-0.001231111291510004
2021-03-04,0.000261923553301465
2021-03-05,0.0016828578617651237
2021-03-08,0.003568740466301922
2021-03-09,0.0015849769100624426
2021-03-10,-0.002906604840893503
2021-03-11,-0.00021476371091411423
2021-03-12,0.0004967947896042426
2021-03-15,0.00370324070274769
2021-03-16,8.711169833674458e-05
2021-03-17,0.0005712138387443265
2021-03-18,-0.0009600026886867518
2021-03-19,0.0025400432833396678
2021-03-22,0.0025271217622031095
2021-03-23,0.0011822537186561399
2021-03-24,0.0004619009575810972
2021-03-25,-0.0011332649399586991
2021-03-26,-6.66963002666584e-05
2021-03-29,0.0011584809337576746
2021-03-30,-0.0020573692189846237
2021-03-31,0.0015699039494160114
2021-04-01,-0.00013156215150661373
2021-04-05,0.0011157905668994674
2021-04-06,-0.0006354040697175954
2021-04-07,-0.0005818942633164132
2021-04-08,0.0012219244693531049
2021-04-09,-0.001049577246908923
2021-04-12,-4.154197120299763e-05
2021-04-13,0.0017541468949066586
2021-04-14,0.0010112578478737684
2021-04-15,0.0022658487020928574
2021-04-16,-0.0012859957493816456
2021-04-19,0.0007634463520795754
2021-04-20,0.00030714894743937064
2021-04-21,0.0018584772149353131
2021-04-22,-0.0009503600555656976
2021-04-23,-0.0008895911526933403
2021-04-26,0.00015675407073709746
2021-04-27,-0.0019462795134359244
2021-04-28,-0.0015013551495275809
2021-04-29,-0.002583535352811302
2021-04-30,-0.0009212052878148813
2021-05-03,-0.0014217590150891845
2021-05-04,-0.002157236013926668
2021-05-05,-0.0023827611898996925
2021-05-06,-0.0013121913410094014
2021-05-07,0.0010101932966778973
2021-05-10,-0.0023967942492292976
2021-05-11,0.0013133734668772672
2021-05-12,0.00015869277040382937
2021-05-13,-0.002785891485519498
2021-05-14,0.002469757757684034
2021-05-17,-0.002505617076635158
2021-05-18,0.0028255824763471615
2021-05-19,0.0010601411806335874
2021-05-20,0.001168241314668347
2021-05-21,-0.0010952790422725969
2021-05-24,0.00035399149241500797
2021-05-25,0.0010263546390517039
2021-05-26,0.00018762295603322316
2021-05-27,-0.000475521204386577
2021-05-28,0.0001148311945186324
2021-06-01,-0.0021510467905477416
2021-06-02,0.0003190822121552293
2021-06-03,-0.00143774216385573
2021-06-04,9.565331361067833e-05
2021-06-07,0.001823826842682393
2021-06-08,-0.000699983630075919
2021-06-09,0.0017032692980142377
2021-06-10,4.943914210761375e-05
2021-06-11,0.0002867630028270147
2021-06-14,0.00037428361251075836
2021-06-15,0.00032718537441002373
2021-06-16,0.000743064909755975
2021-06-17,0.004663216353160027
2021-06-18,0.001287494596374443
2021-06-21,-0.0021829272809978043
2021-06-22,-0.0008307983871182092
2021-06-23,-0.0014238163992416645
2021-06-24,-0.0006808791161401403
2021-06-25,0.0008800202293024467
2021-06-28,-0.00109721929120981
2021-06-29,-0.0009126771903632262
2021-06-30,0.0019266646203148158
2021-07-01,-0.00032517880504977817
2021-07-02,-0.001656550213944931
2021-07-06,-0.0003277615438505048
2021-07-07,-0.0011308468719882106
2021-07-08,-0.0034359877947276627
2021-07-09,0.0004475230971425532
2021-07-12,-0.0009874325947229555
2021-07-13,-3.832919835652546e-05
2021-07-14,-0.00032258601674149234
2021-07-15,0.0009514833982857199
2021-07-16,-1.2704730933520032e-05
2021-07-19,-0.00018127349613187733
2021-07-20,-0.002635094514214997
2021-07-21,-0.0005067209238678632
2021-07-22,0.002150878281627417
2021-07-23,-0.0013023549070712884
2021-07-26,-0.0009156800159407118
2021-07-27,-0.0018856069417597118
2021-07-28,-0.0008165909349522059
2021-07-29,-0.0013199025367109864
2021-07-30,-0.0006535783255007478
2021-08-02,-0.0002589430905340096
2021-08-03,-0.0017524889922190215
2021-08-04,-0.001453202594868493
2021-08-05,-0.0001036589625589115
2021-08-06,0.002962951625745524
2021-08-09,0.0018929003534090124
2021-08-10,0.0019437580626884877
2021-08-11,0.002331640422979919
2021-08-12,-0.00035616158818783825
2021-08-13,-0.0004105638544199577
2021-08-16,-0.0015804826685242644
2021-08-17,0.0013049749137430927
2021-08-18,0.0008359501491693361
2021-08-19,0.00031751000920779323
2021-08-20,-0.0006349277371201123
2021-08-23,-0.00012034713781372524
2021-08-24,-0.0008053131089715992
2021-08-25,-0.0012225651775728877
2021-08-26,-0.0012373772602245357
2021-08-27,-0.0003459402966643053
2021-08-30,-0.0018430764954189861
2021-08-31,0.0002476259733286157
2021-09-01,-0.001133633905913238
2021-09-02,-0.002203182299641942
2021-09-03,-0.0013453892348614402
2021-09-07,0.0010054391141153492
2021-09-08,0.0014567634983676655
2021-09-09,-0.00030169409982185096
2021-09-10,-0.0005696730028974707
2021-09-13,0.003776450103192888
2021-09-14,-0.0017841109051464881
2021-09-15,0.00011454294316079079
2021-09-16,0.001194144347343039
2021-09-17,0.0028317265059482543
2021-09-20,-0.0006463234121454869
2021-09-21,-0.0011856958366583776
2021-09-22,-0.0008141480891020289
2021-09-23,0.0007976304455462083
2021-09-24,-0.0010684642490707023
2021-09-27,0.004284877835240015
2021-09-28,0.0032561754463097184
2021-09-29,0.00046874194288020474
2021-09-30,-0.0008017117116843733
2021-10-01,-0.0004583508968899443
2021-10-04,0.0019274781775863738
2021-10-05,-0.00010612165191848784
2021-10-06,3.121376887320684e-06
2021-10-07,-0.002759237263035423
2021-10-08,-0.00020147381940659938
2021-10-11,-0.0006055511167755366
2021-10-12,-0.0024114116412478144
2021-10-13,0.0007314237977876362
2021-10-14,0.0007345611642597771
2021-10-15,0.0014619131599303639
2021-10-18,-0.001638583948874145
2021-10-19,-8.449080242278791e-05
2021-10-20,-0.000158909194713678
2021-10-21,-0.004520960081037567
2021-10-22,-0.0020647756311998567
2021-10-25,0.0022895058445826484
2021-10-26,-0.0005046291802885048
2021-10-27,-0.0019701349194411713
2021-10-28,0.0018394165061314423
2021-10-29,-0.002731342993073795
2021-11-01,0.002325604561441389
2021-11-02,-0.0007202584477337494
2021-11-03,0.0031699241818828557
2021-11-04,-0.0015829527037279699
2021-11-05,0.002766065532677635
2021-11-08,-0.0015688910097727325
2021-11-09,-0.00021103444422077374
2021-11-10,0.0006653969296211423
2021-11-11,-0.0011355421472679752
2021-11-12,-0.0022932453981187855
2021-11-15,6.499523068768544e-05
2021-11-16,-0.002107552137702118
2021-11-17,0.0003268831666416283
2021-11-18,-0.0033072422270617
2021-11-19,0.0007286539628960179
2021-11-22,0.0029219448245841875
2021-11-23,0.0010323508178686337
2021-11-24,-0.0014854771279555147
2021-11-26,0.002916494010542349
2021-11-29,-0.003975129362769065
2021-11-30,-0.00170957576974634
2021-12-01,-0.0004999452775774045
2021-12-02,-0.0010551881439052153
2021-12-03,-2.3620269084741794e-05
2021-12-06,0.0004032299619274996
2021-12-07,-0.0008180775639587176
2021-12-08,-0.0009725159667143015
2021-12-09,0.0003173481104103189
2021-12-10,-0.001660435043329677
2021-12-13,0.0012534038400433434
2021-12-14,0.0019828970471968085
2021-12-15,-0.0035611435832560018
2021-12-16,0.0024766041782281157
2021-12-17,0.0018461267262798477
2021-12-20,-0.002267092565822206
2021-12-21,0.0035819761859135334
2021-12-22,-0.0020539740030825135
2021-12-23,0.00109958353878134
2021-12-27,-0.0008911786466114268
2021-12-28,0.000494926664362135
2021-12-29,-0.002298431609056748
2021-12-30,0.0013382573274140024
2021-12-31,-0.0006822156356138392
2022-01-03,0.0031476554770042253
2022-01-04,0.00212541080757664
2022-01-05,-0.0020872108933774084
2022-01-06,0.002926569825626226
2022-01-07,0.004326753150667795
2022-01-10,0.0013623047173267353
2022-01-11,0.0008058062874995134
2022-01-12,-0.0013346885069604323
2022-01-13,0.0008670099039407596
2022-01-14,-0.00021870992911711954
2022-01-18,-0.000517742485481459
2022-01-19,7.871454706173979e-05
2022-01-20,-0.0006581356119457054
2022-01-21,-0.005105848173205692
2022-01-24,0.003192814052947955
2022-01-25,0.0006578989608956314
2022-01-26,-0.0012861011488626076
2022-01-27,-0.0023170971674683033
2022-01-28,-0.003147011084343532
2022-01-31,-0.00038165956190433487
2022-02-01,0.0022299368161222926
2022-02-02,-0.004617801673833608
2022-02-03,-0.006389950202293785
2022-02-04,-0.001452461336516701
2022-02-07,0.0008826715734363946
2022-02-08,-0.0007325696561352694
2022-02-09,0.00577610459798245
2022-02-10,9.836902921005567e-05
2022-02-11,-0.003978134620812439
2022-02-14,0.0017492108410704231
2022-02-15,0.004053301525715961
2022-02-16,-0.0007930634361560008
2022-02-17,-0.0021300676668359764
2022-02-18,0.0006589197506695258
2022-02-22,0.001691002622606909
2022-02-23,-0.0025072444705724686
2022-02-24,0.005264496437013157
2022-02-25,-0.0016745345279798208
2022-02-28,-0.002041941836398091
2022-03-01,-0.004977475535284799
2022-03-02,0.002398131815982285
2022-03-03,-0.0014102972325781824
2022-03-04,-0.004857889225955574
2022-03-07,-0.006768774375851576
2022-03-08,0.006055779623047666
2022-03-09,0.007015574485469888
2022-03-10,-0.005841168214350112
2022-03-11,-0.0005571528471573763
2022-03-14,0.002949834387106955
2022-03-15,0.0021083412748857553
2022-03-16,0.008208418467976101
2022-03-17,0.0004218258503996152
2022-03-18,0.0036201847052565322
2022-03-21,-0.004646497847286122
2022-03-22,0.0019528810217488953
2022-03-23,-0.0028536578625757976
2022-03-24,0.0017702772082109316
2022-03-25,-0.002085264048976773
2022-03-28,0.002447555897723518
2022-03-29,0.005109423955948404
2022-03-30,-0.005006073695798381
2022-03-31,-0.004139765153823657
2022-04-01,0.0004060477109077786
2022-04-04,0.00220006708308297
2022-04-05,-0.0015401411036666216
2022-04-06,-0.0032587734901161356
2022-04-07,0.0018692092328163356
2022-04-08,-0.002001209746863396
2022-04-11,0.0014066729362971406
2022-04-12,-0.002343655520321022
2022-04-13,0.0014059581279271024
2022-04-14,-0.0009953642394790766
2022-04-18,-0.001396480783038552
2022-04-19,0.0069943578987788895
2022-04-20,0.0019019154660220579
2022-04-21,0.0017833858939724123
2022-04-22,-0.0016191451426742951
2022-04-25,0.0019083669540825839
2022-04-26,-0.0004974808160817718
2022-04-27,0.0038705369326325423
2022-04-28,-0.001520273126635654
2022-04-29,-0.00012006024992232064
2022-05-02,0.0034646762580243387
2022-05-03,0.0025125580966368715
2022-05-04,0.006019576352114946
2022-05-05,-4.3161551229154e-05
2022-05-06,-0.0022413639044396084
2022-05-09,-0.0010187803527331445
2022-05-10,0.00014617578145629644
2022-05-11,-0.0024756925458443205
2022-05-12,0.001617469594313826
2022-05-13,0.0004932389649338381
2022-05-16,-0.0033539002655316305
2022-05-17,0.0017909757857481868
2022-05-18,0.0007023221436903918
2022-05-19,0.001818128203838105
2022-05-20,-0.0010438560535019912
2022-05-23,0.0009895533410277434
2022-05-24,-0.002582315931934326
2022-05-25,-8.512014513763257e-05
2022-05-26,0.005163753061043502
2022-05-27,0.001159573335859751
2022-05-31,0.0017604548355036104
2022-06-01,-0.0018773856099383076
2022-06-02,0.001826961392374318
2022-06-03,-0.0013654190143569712
2022-06-06,0.00029539698502398427
2022-06-07,0.0011693161562713577
2022-06-08,0.0008469777062983248
2022-06-09,-0.0007787583355963119
2022-06-10,-0.002091186863376654
2022-06-13,0.0008864420809482139
2022-06-14,0.0007007878717047283
2022-06-15,0.0008687424275344965
2022-06-16,-0.001744243333786963
2022-06-17,0.0010498479301861634
2022-06-21,-0.0031784971642693023
2022-06-22,0.0008361211421886144
2022-06-23,0.0015204582308747056
2022-06-24,0.0035535740578151935
2022-06-27,0.0008189225772492446
2022-06-28,-0.0005335293223914913
2022-06-29,-0.00031575953896933795
2022-06-30,0.0001900030165194922
2022-07-01,0.0014586084586590982
2022-07-05,0.0005753274244719148
2022-07-06,-0.00084156765762668
2022-07-07,0.0004920167354307996
2022-07-08,-0.00042137385040282916
2022-07-11,-0.0007971759929844019
2022-07-12,0.00042614244698860906
2022-07-13,5.461851226351335e-05
2022-07-14,-0.00202861642894474
2022-07-15,0.0012843116339341831
2022-07-18,0.000999893971976055
2022-07-19,0.002359348569982693
2022-07-20,0.00045992545871829325
2022-07-21,-0.0003387987594607514
2022-07-22,-0.00047999173298058604
2022-07-25,-0.0011462201126659693
2022-07-26,-0.002019655622242154
2022-07-27,0.00425174817821043
2022-07-28,0.0021582406891758592
2022-07-29,0.0008342301292927221
2022-08-01,-0.0005673189096634848
2022-08-02,0.00022179082806519866
2022-08-03,0.0001016466322186246
2022-08-04,-0.0009329486232586399
2022-08-05,0.001620282021143484
2022-08-08,0.0003506796117865408
2022-08-09,-0.0008196573039325111
2022-08-10,0.001761521334881712
2022-08-11,6.80871355492148e-05
2022-08-12,-0.001987738999656534
2022-08-15,-0.0005668296981764814
2022-08-16,0.00018986271929622364
2022-08-17,0.0006040179941601629
2022-08-18,0.00015160676524464086
2022-08-19,0.0009996070501866034
2022-08-22,-0.0014457071438852488
2022-08-23,-0.0015613637043262868
2022-08-24,-0.00039516440810557807
2022-08-25,0.000648442450868257
2022-08-26,-0.0006442056982170304
2022-08-29,-0.0014662622047468695
2022-08-30,0.0007759512907236752
2022-08-31,-0.0005092413742478545
2022-09-01,-1.9313428365165702e-05
2022-09-02,-0.0009640234948973473
2022-09-06,-4.236622310362127e-05
2022-09-07,-0.0004313481030233294
2022-09-08,0.0018098424347270069
2022-09-09,0.00058557676264962
2022-09-12,0.0011765326059482012
2022-09-13,-0.002710550706031197
2022-09-14,-4.06700889565467e-05
2022-09-15,0.0019798467820464918
2022-09-16,0.0008564636775128207
2022-09-19,-0.002115478772573275
2022-09-20,-0.0007307121634002845
2022-09-21,-0.0009878112228975566
2022-09-22,0.0008465661223186375
2022-09-23,0.0009197147386652936
2022-09-26,-0.001188615118183598
2022-09-27,-0.0002665778772790491
2022-09-28,0.0017452740622426416
2022-09-29,0.00031695326729822996
2022-09-30,-0.000783958783315267
2022-10-03,0.00314852591023984
2022-10-04,0.0019807052094690043
2022-10-05,-0.0016734241094347624
2022-10-06,-0.002819921557902427
2022-10-07,-0.0029270528283624844
2022-10-10,-0.0005310057176021085
2022-10-11,-0.00044780990105188346
2022-10-12,-0.004104073966575645
2022-10-13,-4.2871502106791444e-05
2022-10-14,0.0007833524876287528
2022-10-17,0.0023139132677914022
2022-10-18,0.002094819108384222
2022-10-19,-0.0022236058901636945
2022-10-20,-0.0037421310736405785
2022-10-21,-0.0007467384258294227
2022-10-24,-0.0004570153572133569
2022-10-25,0.003316576334834536
2022-10-26,-0.0008827475351854934
2022-10-27,0.0011928069119653928
2022-10-28,0.005460934946451409
2022-10-31,-0.001392130666106254
2022-11-01,0.00147333814733843
2022-11-02,0.002102118191748595
2022-11-03,-0.0023948026893515716
2022-11-04,-2.364286547061415e-05
2022-11-07,-0.0035413653518937462
2022-11-08,0.0010033251369151934
2022-11-09,-0.0014400105949272078
2022-11-10,0.010468819419683582
2022-11-11,0.005817325577585625
2022-11-14,-0.003354730229135745
2022-11-15,0.004612949445071801
2022-11-16,-6.930939997772924e-05
2022-11-17,-0.003973507234322814
2022-11-18,-0.00020889605952558439
2022-11-21,-0.0010362474624433942
2022-11-22,0.000906482087787331
2022-11-23,0.0018562297415939662
2022-11-25,0.0009662761576386531
2022-11-28,-0.002339728515835264
2022-11-29,-0.00033065133308791023
2022-11-30,4.2614388632927765e-06
2022-12-01,0.0005604942351894152
2022-12-02,-0.002051103751856414
2022-12-05,-0.0029469827497817552
2022-12-06,-0.0007141071544779921
2022-12-07,-0.0023696644987216088
2022-12-08,0.001991723741989419
2022-12-09,0.0012014372787290406
2022-12-12,0.00223071383562415
2022-12-13,0.0005754654472972187
2022-12-14,0.00010284920380792516
2022-12-15,0.0012397211880673534
2022-12-16,-0.0021095451166588714
2022-12-19,-0.0002769046331605334
2022-12-20,0.00019563104243671813
2022-12-21,-0.0009129521934300185
2022-12-22,0.0006115905661894248
2022-12-23,0.0004523481111556674
2022-12-27,0.00038861827716674927
2022-12-28,0.0010841180112415591
2022-12-29,0.0002620827823455404
2022-12-30,0.000679658012957083
2023-01-03,0.002056760963042688
2023-01-04,0.0024785181564202156
2023-01-05,-0.0020752200251474943
2023-01-06,0.0009368715128239847
2023-01-09,0.0006422308219469448
2023-01-10,-0.001239290549643271
2023-01-11,0.0014769043656268398
2023-01-12,-0.0005172068017993348
2023-01-13,1.359603996538639e-05
2023-01-17,0.0005420607340996359
2023-01-18,0.0017726358534125779
2023-01-19,-3.245687616758467e-05
2023-01-20,-0.0001704030269538831
2023-01-23,0.0025506914373962255
2023-01-24,-0.00045372456253377615
2023-01-25,-0.0011522449507071074
2023-01-26,0.0019147250539248396
2023-01-27,0.0014244970662599138
2023-01-30,0.0008747479953738537
2023-01-31,0.0021183938277567443
2023-02-01,0.0016393184977420672
2023-02-02,0.002891623982754042
2023-02-03,-0.0026491664208600127
2023-02-06,0.001566221497842207
2023-02-07,0.0016400649423831903
2023-02-08,-0.00150616865349659
2023-02-09,-0.0006319389815496362
2023-02-10,0.0010449167659522577
2023-02-13,-0.0016373100144042598
2023-02-14,0.00023216721397254932
2023-02-15,0.0027871743159420454
2023-02-16,0.0009680427363025451
2023-02-17,0.0018643199282089601
2023-02-21,-0.0004048089501463918
2023-02-22,0.0009734150007520604
2023-02-23,-0.0008913185309375715
2023-02-24,-9.389838064438704e-05
2023-02-27,-0.0009654103895484499
2023-02-28,-0.0005105903503247542
2023-03-01,-0.0010367508701385909
2023-03-02,-0.0008800117996548152
2023-03-03,-0.0009243348847354403
2023-03-06,-0.00152367348372495
2023-03-07,-0.0011400596522688022
2023-03-08,0.0002977107759932605
2023-03-09,-0.0005639693844226538
2023-03-10,0.0006206800157101138
2023-03-13,-0.0018661062673233366
2023-03-14,-0.004131838181406961
2023-03-15,0.006535028427904262
2023-03-16,-0.004306859427352396
2023-03-17,-0.0005871507872667613
2023-03-20,-9.749652784481136e-05
2023-03-21,0.002502503820156802
2023-03-22,-0.0023469914354032804
2023-03-23,-0.00022035993677791676
2023-03-24,0.002048468540293372
2023-03-27,0.0013736097684702753
2023-03-28,0.0007193778736204417
2023-03-29,0.0007323719975993989
2023-03-30,-0.00010541164894212267
2023-03-31,-0.0005286297187373064
2023-04-03,3.5162752373623614e-05
2023-04-04,0.0016201823094923325
2023-04-05,-0.0003196462308159782
2023-04-06,0.0038289162046095285
2023-04-10,-0.00019523047546269752
2023-04-11,0.0003646943576510649
2023-04-12,-0.001195310959713162
2023-04-13,0.000704621134666987
2023-04-14,0.0005084048697323207
2023-04-17,0.0035405458424626096
2023-04-18,-0.0020058161978759605
2023-04-19,-0.0002915048929271141
2023-04-20,-0.0003695888135418404
2023-04-21,-0.001156005374927284
2023-04-24,0.0015349637676586943
2023-04-25,0.003367548692076203
2023-04-26,-0.0011895964410429973
2023-04-27,0.001812108393085877
2023-04-28,0.0037389801646126935
2023-05-01,-0.0023105834875095403
2023-05-02,-0.0020234627772633194
2023-05-03,-0.0010520796619725844
2023-05-04,-0.001442432271930702
2023-05-05,0.002607517089575524
2023-05-08,0.001173993880824598
2023-05-09,-0.0002110284213824649
2023-05-10,-0.0019287429447830773
2023-05-11,0.0011755715948438279
2023-05-12,0.004049694012079172
2023-05-15,0.0014478529339753683
2023-05-16,-0.0032223987829536247
2023-05-17,0.0030032034923661863
2023-05-18,-0.00037572439741997743
2023-05-19,-0.002587565022673399
2023-05-22,0.0019857566014503474
2023-05-23,0.004078128753833491
2023-05-24,-0.0015859263342192509
2023-05-25,-0.0057755291810840615
2023-05-26,-0.0013091622462094
2023-05-30,-0.0012842494372181726
2023-05-31,0.00037314037420551737
2023-06-01,-0.001247362083085893
2023-06-02,0.002743370960179318
2023-06-05,-0.0016974623757914867
2023-06-06,2.818497815374056e-05
2023-06-07,0.004110352377735826
2023-06-08,-0.0016079209537599789
2023-06-09,-0.002402588845147813
2023-06-12,-0.000388509293806175
2023-06-13,-0.00025080869973676456
2023-06-14,-0.00033238513469681933
2023-06-15,0.00040202890261630095
2023-06-16,0.0030904976635116954
2023-06-20,-0.0032881089801428333
2023-06-21,-2.5168461252725952e-05
2023-06-22,7.556703017420027e-05
2023-06-23,-0.001318146497921428
2023-06-26,-0.0002480237662812334
2023-06-27,-0.0023926080048942396
2023-06-28,-0.0019239011689770268
2023-06-29,0.001846759059971608
2023-06-30,-4.5067000708835755e-05
2023-07-03,0.0020128006019347927
2023-07-05,0.00040223466631057
2023-07-06,-0.0004479074373853103
2023-07-07,0.00047141791993189587
2023-07-10,0.000276391348998859
2023-07-11,0.0010674064510090848
2023-07-12,0.0007589870124381907
2023-07-13,0.00014466808196472464
2023-07-14,0.0008213987029547747
2023-07-17,-0.001001200464482673
2023-07-18,0.0004933034686381621
2023-07-19,0.00347311662172654
2023-07-20,7.501074727736785e-05
2023-07-21,0.0012291121919943328
2023-07-24,-0.0010241871170383705
2023-07-25,-0.0023506238883588154
2023-07-26,0.002606475042091418
2023-07-27,-0.0006213261012479158
2023-07-28,0.0006585012652756057
2023-07-31,-0.0018606633652377819
2023-08-01,-0.00303065792642976
2023-08-02,0.0013433342867611158
2023-08-03,-0.0027036254008368514
2023-08-04,0.0002517983560545516
2023-08-07,-0.002512599819153585
2023-08-08,-0.002619202322941832
2023-08-09,0.0015143833586092545
2023-08-10,0.0001993967185499942
2023-08-11,-0.0011620234426950626
2023-08-14,-0.0020619543135122435
2023-08-15,-0.001340875780805182
2023-08-16,0.00018315270272619352
2023-08-17,0.002068916264404044
2023-08-18,0.00021540375002050176
2023-08-21,-0.002138673289192579
2023-08-22,0.0004485283288663652
2023-08-23,-5.546444867443579e-05
2023-08-24,0.0011019398541305037
2023-08-25,-0.00038202250157581244
2023-08-28,0.0005145270658854698
2023-08-29,0.00046297102631060003
2023-08-30,0.001057801928864597
2023-08-31,0.00042952142777600086
2023-09-01,-0.002163684631918867
2023-09-05,0.0006371723854066919
2023-09-06,0.00022700288222108036
2023-09-07,-0.0018522640719697983
2023-09-08,-0.0004941885348071025
2023-09-11,-0.00017263342321354317
2023-09-12,0.0015896421515648792
2023-09-13,9.26681973831827e-05
2023-09-14,0.0009448413548605359
2023-09-15,-0.0017117859704370393
2023-09-18,-0.0024278947132359598
2023-09-19,0.0023451203485470432
2023-09-20,0.0013452759287008401
2023-09-21,-0.0008999423892753479
2023-09-22,-0.0009273037282648372
2023-09-25,-0.0013980396206941022
2023-09-26,-0.0005950317498697896
2023-09-27,-0.0017872222410665617
2023-09-28,0.0004797839708381365
2023-09-29,0.003247213785258091
2023-10-02,-0.002964956157959108
2023-10-03,0.001505638860653237
2023-10-04,0.00022480537621738368
2023-10-05,-0.005921769936034035
2023-10-06,-0.0022894725491939306
2023-10-09,0.0011736513602455146
2023-10-10,0.0016199292408750345
2023-10-11,-0.000893865035534304
2023-10-12,-0.003544581649818783
2023-10-13,0.0007952996631973148
2023-10-16,0.0021770073603512505
2023-10-17,0.001641473921620685
2023-10-18,-0.00022255621038654545
2023-10-19,0.0011668772962447208
2023-10-20,0.0017437381202419708
2023-10-23,0.00042347857829328655
2023-10-24,-0.00044111878785611975
2023-10-25,0.0016718081169006399
2023-10-26,0.004505281647629014
2023-10-27,0.002361028999471436
2023-10-30,-0.002113784099499965
2023-10-31,0.0005202731491315728
2023-11-01,0.0007292093383668353
2023-11-02,0.003651163701193164
2023-11-03,0.001398451071693702
2023-11-06,-1.9803447911492926e-05
2023-11-07,-0.001706447061222417
2023-11-08,0.0019615438179289807
2023-11-09,0.0013173300148437298
2023-11-10,-0.0006534758117957341
2023-11-13,-0.0021535695204737797
2023-11-14,0.00460104932375672
2023-11-15,0.0016745454395478067
2023-11-16,-0.003195441257601059
2023-11-17,0.0007443506942129508
2023-11-20,-0.00024130817333855312
2023-11-21,0.001817437682606338
2023-11-22,0.0010293197294089255
2023-11-24,-2.886087830800502e-05
2023-11-27,-0.00037555854087014924
2023-11-28,0.0012299461469046727
2023-11-29,0.0006840243283382807
2023-11-30,-0.00043182160615875463
2023-12-01,0.0006940480527614018
2023-12-04,0.0011102767795428106
2023-12-05,-3.550771289301755e-05
2023-12-06,-0.00046778327110678653
2023-12-07,0.00010405288367052723
2023-12-08,-0.0006621871570925952
2023-12-11,-0.00016410770133789285
2023-12-12,-0.0002498474334733319
2023-12-13,0.0006092773026276609
2023-12-14,0.005360400546895486
2023-12-15,-0.003677201614917964
2023-12-18,0.0001249136341508758
2023-12-19,0.0019023504656690185
2023-12-20,7.537435829756856e-05
2023-12-21,-0.0029952189479705627
2023-12-22,8.379948357614118e-05
2023-12-26,-0.0008636257408184129
2023-12-27,2.898164659177665e-05
2023-12-28,0.0012080752067387536
2023-12-29,-0.00044016816113303444
2024-01-02,0.0029287729354175885
2024-01-03,0.0015857345047231353
2024-01-04,-0.0002815926437342697
2024-01-05,0.0007244010720923819
2024-01-08,-0.0005077044563549847
2024-01-09,0.001187694871008092
2024-01-10,2.3237233323214104e-05
2024-01-11,3.8696732022586804e-05
2024-01-12,0.0003412055726601303
2024-01-16,-0.00042469161934760764
2024-01-17,-0.0013121960671565495
2024-01-18,-0.00031781599528837374
2024-01-19,-0.0006338887496656647
2024-01-22,0.0003071343506912066
2024-01-23,0.0008996537358004729
2024-01-24,-0.001873173212039
2024-01-25,0.0028567932084155026
2024-01-26,0.00026407046498713797
2024-01-29,0.0006827144138292015
2024-01-30,-0.0016835938341292554
2024-01-31,0.0009168388943146315
2024-02-01,0.0005222367908351555
2024-02-02,-0.001509125584227132
2024-02-05,-0.0028527511692431552
2024-02-06,0.0013400477550915954
2024-02-07,-0.0007995871261718815
2024-02-08,-0.0008507272434488931
2024-02-09,0.0011430157823131004
2024-02-12,0.0018959345367491184
2024-02-13,0.00018108639953475652
2024-02-14,-0.001102674113552909
2024-02-15,0.003839134317340199
2024-02-16,0.00019073507823979397
2024-02-20,-0.00016938241161043704
2024-02-21,0.003390794574028705
2024-02-22,-0.0032033086430201365
2024-02-23,-0.0005695174863750522
2024-02-26,-0.0031410868974787788
2024-02-27,0.0020248325821400092
2024-02-28,-0.0009456930055780776
2024-02-29,0.0003304512400335392
2024-03-01,-0.0008493577488739113
2024-03-04,0.0028287639493539416
2024-03-05,-7.78494968963334e-05
2024-03-06,0.0005237409888767216
2024-03-07,0.0003033290960226172
2024-03-08,0.0013715846797184314
2024-03-11,0.003697602192542311
2024-03-12,-0.0021755081591074434
2024-03-13,0.002649751929823894
2024-03-14,-0.0032932924981965346
2024-03-15,0.0014991550945697592
2024-03-18,-0.0005293180940211566
2024-03-19,0.0007599255848104946
2024-03-20,-0.0010345105006927056
2024-03-21,-0.0001189985388665658
2024-03-22,-0.001685401400251502
2024-03-25,-0.0006179288510195484
2024-03-26,-0.0007354554548984381
2024-03-27,0.0030220614146124433
2024-03-28,0.0017317298416896114
2024-04-01,-0.0014374466834007245
2024-04-02,0.0022747823523834574
2024-04-03,-0.001779055995621718
2024-04-04,0.0006739593288397869
2024-04-05,-0.0016030094218798493
2024-04-08,0.0019285571932713347
2024-04-09,0.0017442102997068782
2024-04-10,-0.004636700508812852
2024-04-11,-0.0004976337567771869
2024-04-12,0.0001356792288003424
2024-04-15,-0.000353381843479033
2024-04-16,-0.0030388513641532193
2024-04-17,0.0035761799874310467
2024-04-18,0.0017880741230308346
2024-04-19,0.0030690985682323923
2024-04-22,0.0003786973624540899
2024-04-23,-0.0022258318341326347
2024-04-24,0.0006384916288041822
2024-04-25,-9.529071419359659e-05
2024-04-26,-0.0026143490290781845
2024-04-29,0.0018202856512606373
2024-04-30,0.0019011521184911346
2024-05-01,0.000988542822663754
2024-05-02,0.0017784851443633694
2024-05-03,-0.00041313504101043975
2024-05-06,-0.002719088406108295
2024-05-07,0.0006026661430414491
2024-05-08,0.0010283655978892505
2024-05-09,0.001441145815244756
2024-05-10,-2.531790017131936e-05
2024-05-13,0.00202206752722795
2024-05-14,-0.001038216335128594
2024-05-15,-0.00033626672178212067
2024-05-16,-0.00017475011463575393
2024-05-17,-5.328176744490079e-05
2024-05-20,-0.0011637972152185548
2024-05-21,0.0022972388808652137
2024-05-22,-0.00019090178365151745
2024-05-23,0.0006229618361201623
2024-05-24,0.00015190259017100368
2024-05-28,0.0007112004977269108
2024-05-29,0.000251883772934299
2024-05-30,0.0016176780678800213
2024-05-31,-0.0013036825076659327
2024-06-03,0.0006070941503591117
2024-06-04,-0.0008471292819829539
2024-06-05,-4.530861600282918e-05
2024-06-06,0.0009748694940977966
2024-06-07,-0.00035336152625307373
2024-06-10,-0.0015467625827807053
2024-06-11,-0.000443946351207345
2024-06-12,-0.0014249184954272095
2024-06-13,-0.0009378901592349383
2024-06-14,0.0011576794163670665
2024-06-17,6.371183005679561e-05
2024-06-18,-0.001628803362910327
2024-06-20,0.0018633261280260665
2024-06-21,0.0007962658648541531
2024-06-24,2.322692285997765e-05
2024-06-25,-0.00258913627283926
2024-06-26,0.0018250254509202086
2024-06-27,0.00012491197282271077
2024-06-28,-0.001304371736877564
2024-07-01,-0.0007964220379416355
2024-07-02,4.111746863624324e-05
2024-07-03,-0.0001444837125651925
2024-07-05,-0.00023743718481476515
2024-07-08,-2.0767242689068734e-05
2024-07-09,0.0003426852708609386
2024-07-10,0.0011579290461627507
2024-07-11,0.004517990438587529
2024-07-12,0.0016333400454411268
2024-07-15,-0.003161712637807092
2024-07-16,0.0012774388571002691
2024-07-17,0.0020386260523857004
2024-07-18,-9.86325210742503e-05
2024-07-19,0.001121087595582282
2024-07-22,0.00028574470316763224
2024-07-23,-0.0008072487630033556
2024-07-24,0.00026095753971732484
2024-07-25,-0.001999593063526802
2024-07-26,0.0009111150448582605
2024-07-29,-0.00033982245315331553
2024-07-30,0.0008951211909724733
2024-07-31,-0.0008205368317394352
2024-08-01,0.0008259485252940538
2024-08-02,-0.00195581823454149
2024-08-05,0.0054059623297160065
2024-08-06,0.0011553999552977913
2024-08-07,-0.0023578666477307247
2024-08-08,0.0019703299120841958
2024-08-09,-0.00011585503443140716
2024-08-12,-0.0026819906377958153
2024-08-13,-0.0003348788517643859
2024-08-14,-0.002342243598765124
2024-08-15,0.0016960189541523271
2024-08-16,-0.0004575330642260407
2024-08-19,0.0009310589942537977
2024-08-20,-0.0004958188066988208
2024-08-21,0.0009913519369026185
2024-08-22,0.0008681965820188865
2024-08-23,0.00016386058745202024
2024-08-26,-0.0013710194445194323
2024-08-27,0.00042332113785500345
2024-08-28,-0.0010368166299822824
2024-08-29,0.0002536930828731796
2024-08-30,-0.0003595447036813775
2024-09-03,0.0001757981284149659
2024-09-04,-0.00012297997482643605
2024-09-05,0.002115573608564388
2024-09-06,-0.0019128254855464795
2024-09-09,-0.002108109812270938
2024-09-10,0.0007007570628367576
2024-09-11,0.002251613886871116
2024-09-12,0.0003410051958714246
2024-09-13,0.0007398937005523652
2024-09-16,-0.0004030219542662952
2024-09-17,0.0014638524520731997
2024-09-18,0.0006943305346098441
2024-09-19,0.0022403074741004056
2024-09-20,-0.0015242922427535035
2024-09-23,0.0012463473432755298
2024-09-24,-0.001305347456539408
2024-09-25,0.0002747464359702937
2024-09-26,0.001410634499743876
2024-09-27,-0.0005696634992197278
2024-09-30,-0.000509328096454717
2024-10-01,-0.0026113072229674047
2024-10-02,-0.00020634195234485044
2024-10-03,-0.0004470546263590892
2024-10-04,-0.00010296993542520001
2024-10-07,0.0008865004159006457
2024-10-08,-0.002379236330353549
2024-10-09,0.0007770383052100976
2024-10-10,0.00197782162611788
2024-10-11,-0.0019083117504706214
2024-10-14,7.046784839884335e-05
2024-10-15,-0.0022582908681133967
2024-10-16,-0.0013327972672513377
2024-10-17,0.0005147840381951876
2024-10-18,-0.0014186357211926695
2024-10-21,-0.001785155246049531
2024-10-22,0.004029020071830701
2024-10-23,-0.003788375585528616
2024-10-24,-0.00027033624478874676
2024-10-25,0.003591501514288946
2024-10-28,0.0003173578892529058
2024-10-29,0.0019995774151547897
2024-10-30,-0.002543599576033521
2024-10-31,-0.00548361147031334
2024-11-01,0.004652532959573444
2024-11-04,0.0017190652749924202
2024-11-05,-0.0012935307482194898
2024-11-06,-0.0016930105165338983
2024-11-07,0.0008982898510527885
2024-11-08,-0.004058186167562191
2024-11-11,-0.006900494059957929
2024-11-12,-0.0018079298117024735
2024-11-13,0.00027495091799513763
2024-11-14,0.0009119505401964207
2024-11-15,-0.0034591821622538075
2024-11-18,-0.0003665236408117049
2024-11-19,-0.001698432738800939
2024-11-20,0.0010670670426558184
2024-11-21,-0.0006089877053215396
2024-11-22,0.0019129002255098935
2024-11-25,0.001879379732410586
2024-11-26,-0.00023922873320087658
2024-11-27,-0.00017774712828916945
2024-11-29,0.0010452491318316474
2024-12-02,0.0029653688277701522
2024-12-03,-0.0004965095810589478
2024-12-04,-0.004996650808919606
2024-12-05,-0.0024212785368003527
2024-12-06,0.0006041497016450368
2024-12-09,0.00352846503787336
2024-12-10,0.0010133925218838574
2024-12-11,-0.000518899049342823
2024-12-12,-0.00010171860330544635
2024-12-13,-0.002310466440018371
2024-12-16,-0.002456647575259939
2024-12-17,0.0016058126282327652
2024-12-18,0.00044314329332887856
2024-12-19,-0.0032889669018762286
2024-12-20,-0.001224472221431885
2024-12-23,0.00025395523181263386
2024-12-24,-0.00048827028965094723
2024-12-26,0.00018399857752162836
2024-12-27,0.0005396223869773852
2024-12-30,-0.0013833342365520826
2024-12-31,0.0019226471846524032
2025-01-02,0.0005339264572418199
2025-01-03,-0.0009526186665923561
2025-01-06,0.0026923697601116876
2025-01-07,-0.0005085884706971813
2025-01-08,-0.0017178453030179252
2025-01-10,-0.00558851643694816
2025-01-13,-0.004334245161715042
2025-01-14,-0.0003547601785638191
2025-01-15,0.003587599786365913
2025-01-16,-0.001293118055014983
2025-01-17,-0.0008774028369025054
2025-01-21,-0.0011922207485064512
2025-01-22,-0.0013553890289276181
2025-01-23,-0.0004253346284837165
2025-01-24,0.0028310818448884197
2025-01-27,0.006383361345089159
2025-01-28,-0.0022840755874170265
2025-01-29,-0.0017924978255199051
2025-01-30,-0.007350108853636213
2025-01-31,0.0010017483503325236
2025-02-03,-0.0044130029252948495
2025-02-04,-0.0003565338345227643
2025-02-05,0.0006824955577201309
2025-02-06,0.0005731886839239507
2025-02-07,-0.0019702334679896293
2025-02-10,-0.00014996252561845941
2025-02-11,0.001345649729703431
2025-02-12,0.0034473739065474175
2025-02-13,-0.00262402974051081
2025-02-14,-0.003608020573224153
2025-02-18,-0.0003672076556366763
2025-02-19,0.002230254563879174
2025-02-20,0.0024467701112099627
2025-02-21,0.005028927885561271
2025-02-24,0.0021282087197580673
2025-02-25,0.00221473541095953
2025-02-26,-0.0019486065899960829
2025-02-27,-0.0016366867884250503
2025-02-28,0.00038710883973825473
2025-03-03,-0.0007041781684660153
2025-03-04,0.0015354967108199475
2025-03-05,0.0028545779714755064
2025-03-06,0.0005218387964830813
2025-03-07,-0.00030491818098244994
2025-03-10,-9.479462293233987e-05
2025-03-11,0.0003802481798502956
2025-03-12,-0.0012899617657948519
2025-03-13,-0.0017526898375755978
2025-03-14,0.0009441543321883908
2025-03-17,0.001472579898790215
2025-03-18,0.0004312302216602514
2025-03-19,0.0009221072627592066
2025-03-20,-0.0009282141082911412
2025-03-21,-0.0010087254537514145
2025-03-24,0.002911224927788662
2025-03-25,0.0001411948670921646
2025-03-26,0.0008755549546197362
2025-03-27,-0.0006974579027594192
2025-03-28,-0.0022048552835131205
2025-03-31,-0.00038948447494924524
2025-04-01,0.0009489076279086469
2025-04-02,0.0021363254253511346
2025-04-03,-0.0110287339082769
2025-04-04,-0.0009208032964235683
2025-04-07,0.0008884201960964688
2025-04-08,-0.001774255802987875
2025-04-09,0.017120728651608165
2025-04-10,-0.008814757059439541
2025-04-11,-0.00035558767198401556
2025-04-14,0.0012837024753541803
2025-04-15,-0.0009267931781954563
2025-04-16,-0.0016864107228850421
2025-04-17,0.0045712227360243055
2025-04-21,-0.0009234949305621151
2025-04-22,0.0003911318715996619
2025-04-23,0.0030786956928120714
2025-04-24,0.0013080402960055587
2025-04-25,-0.0002667756473227215
2025-04-28,-0.00022255097302702534
2025-04-29,-0.00283210649471142
2025-04-30,-0.007141673177191142
2025-05-01,0.0029088472882519674
2025-05-02,0.004259400006705957
2025-05-05,-0.0029334708985958727
2025-05-06,-0.0022368941440067723
2025-05-07,0.0018461754871378555
2025-05-08,0.004657780695922477
2025-05-09,-0.0009686571680930174
2025-05-12,0.013453224069511698
2025-05-13,-0.002026088054152758
2025-05-14,0.0008023635999054972
2025-05-15,-0.0026168077702500283
2025-05-16,0.00022892984841526917
2025-05-19,-0.0021704422836465076
2025-05-20,-0.0015312865008223985
2025-05-21,-0.0002248807920506711
2025-05-22,-0.00020469912636933
2025-05-23,-0.0024427388197488602
2025-05-27,0.0024676740474262613
2025-05-28,0.002959383573836236
2025-05-29,0.0012804618097998254
2025-05-30,-0.00249457795613684
2025-06-02,-0.0009597528653049397
2025-06-03,0.000939494807964036
2025-06-04,0.00030844103793930313
2025-06-05,-0.0013294590994918397
2025-06-06,0.000527207271877928
2025-06-09,0.0008515758674728496
2025-06-10,0.0010492635012120022
2025-06-11,-0.001327942794362292
2025-06-12,5.91206781149798e-05
2025-06-13,-0.0014826660303538454
2025-06-16,0.0008884963496928512
2025-06-17,-0.0006832551552883031
2025-06-18,0.0018686940030345598
2025-06-20,0.00019723405052477934
2025-06-23,-0.0013086637437606456
2025-06-24,0.001229646856051724
2025-06-25,0.0010823173661380079
2025-06-26,0.0024808477018313873
2025-06-27,0.0008106850363552027
2025-06-30,-0.0019501990027901036
2025-07-01,0.001675681534468438
2025-07-02,0.0011182371308147288
2025-07-03,-0.0009505971467294672
2025-07-07,-0.0007547525816118573
2025-07-08,0.001752456307890374
2025-07-09,-0.003360826110481772
2025-07-10,0.0003689793748100632
2025-07-11,-0.0018784722218316916
2025-07-14,-0.00023341117157685444
2025-07-15,-0.0005747114204149126
2025-07-16,0.0007674512563351074
2025-07-17,-0.003130259307854847
2025-07-18,-0.0023149980032690265
2025-07-21,-0.0005240316481163682
2025-07-22,0.0019357923881816877
2025-07-23,0.001213703324947147
2025-07-24,-0.004304768680777069
2025-07-25,-5.741356748657206e-05
2025-07-28,-0.0007460466417932871
2025-07-29,-0.0012538410278241823
2025-07-30,-0.000748329833845071
2025-07-31,-0.002919860228033002
2025-08-01,-0.0027908970027184232
2025-08-04,-0.0017690621385487144
2025-08-05,-0.0009977497797300156
2025-08-06,0.0017958766092912252
2025-08-07,-0.00016597070681919252
2025-08-08,0.0009795160680592786
2025-08-11,-0.0002903684954073083
2025-08-12,8.512297144284153e-06
2025-08-13,0.002022717192337327
2025-08-14,-0.0004959256360549579
2025-08-15,0.0004565030780415924
2025-08-18,0.000378682203497378
2025-08-19,0.0005200883802530822
2025-08-20,8.966437602579638e-05
2025-08-21,0.0001594946005211627
2025-08-22,0.002091019102694211
2025-08-25,-0.000732982017721956
2025-08-26,-0.0009392947313966593
2025-08-27,0.0018170860228720566
2025-08-28,-0.00011704477240400881
2025-08-29,0.0023652314356326664
2025-09-02,-0.0023994319851121135
2025-09-03,0.00033007868216789713
2025-09-04,0.002136174995294724
2025-09-05,-0.0009514230798054621
2025-09-08,-0.00017211285042036952
2025-09-09,0.00046515485101602177
2025-09-10,-0.0006187976935609837
2025-09-11,-0.0010506195001554728
2025-09-12,-0.0004556337760340939
2025-09-15,-0.002117426922557426
2025-09-16,0.0008367047764242175
2025-09-17,0.000802104975107997
2025-09-18,-0.002178335202544664
2025-09-19,-0.0015290045915577538
2025-09-22,-0.0006403708233120373
2025-09-23,-0.002181919828558029
2025-09-24,-0.0010697869336730873
2025-09-25,-0.002479952802500741
2025-09-26,-0.0006878735594093569
2025-09-29,0.00032094417605086565
2025-09-30,-0.000988235511328812
2025-10-01,-0.0034086391530927414
2025-10-02,-0.0015635989212350468
2025-10-03,-0.00013061304460070867
2025-10-06,-0.00023469849882218078
2025-10-07,0.001988765397345644
2025-10-08,-0.0013144584923780638
2025-10-09,8.275310386364927e-05
2025-10-10,8.058649148078496e-05
2025-10-13,0.0017669311732579048
2025-10-14,0.0008836918622104932
2025-10-15,-0.002554692299564773
2025-10-16,0.0032656736269484252
2025-10-17,0.00046681848774902485
2025-10-20,-0.0010960115645707784
2025-10-21,0.001004289285516275
2025-10-22,0.005030266301746282
2025-10-23,0.00024230163955364013
2025-10-24,-0.0009113870127496335
2025-10-27,0.002193492311436369
2025-10-28,-0.00113941788471345
2025-10-29,-0.006628350761416367
2025-10-30,0.0008541355902948498
2025-10-31,-0.0002780391903395107
2025-11-03,0.0007947368172885527
2025-11-04,0.0040055270256082855
2025-11-05,0.0015645191052383112
2025-11-06,0.0017810779291552315
2025-11-07,-0.0019155538794433907
2025-11-10,-0.0006123032658700194
2025-11-11,0.0022336889623282992
2025-11-12,0.0017038023408565892
2025-11-13,0.004168532122367535
2025-11-14,0.00042759885117712245
2025-11-17,-0.004839508200969712
2025-11-18,-0.0010404861116323895
2025-11-19,0.0017901382563326634
2025-11-20,0.001176888890922579
2025-11-21,0.00023719864121718743
2025-11-24,-0.0006505517314395774
2025-11-25,-0.0011878153691525742
2025-11-26,-0.0008677703087827207
2025-11-28,-0.0006159378745478985
2025-12-01,0.003613083268219781
2025-12-02,0.0013180581160889193
2025-12-03,0.0018084803392521653
2025-12-04,0.0008027466848492196
2025-12-05,-0.0024874235439420666
2025-12-08,0.0026531701679698037
2025-12-09,-0.004397516656335743
2025-12-10,-0.00011897391940657372
2025-12-11,0.003882487196557168
2025-12-12,-0.000682662606250503
2025-12-15,0.000553035954154284
2025-12-16,-0.001548921566841559
2025-12-17,0.0008641134562370885
2025-12-18,-0.0037107746803750983
2025-12-19,0.0016383782332618137
2025-12-22,0.0028013436463198943
2025-12-23,-0.00042216920899938243
2025-12-24,-0.000716324845049541
2025-12-26,0.00032434727660073304
2025-12-29,0.0002452850158317585
2025-12-30,0.0003313702597906757
2025-12-31,-6.910244858183082e-06
