janela,negociacao,ativo1,ativo2,rank,ssd,sigma,n_trades,n_fechados,n_forcados,retorno_total
1990/S2_a_1991/S1,1991/S2,GPUI,FPC,1,0.081122894780151,0.0177255999673268,2,1,1,0.03447055283048028
1990/S2_a_1991/S1,1991/S2,FPC,ES,2,0.0980469867861302,0.018528834074506,4,3,1,0.1333337500923233
1990/S2_a_1991/S1,1991/S2,45200Q,CNP,3,0.1026414286927774,0.020215464062194,2,2,0,0.08478402214631497
1990/S2_a_1991/S1,1991/S2,PEG,0961514D,4,0.1043093319074159,0.0170425457438838,2,1,1,0.024868102770000733
1990/S2_a_1991/S1,1991/S2,SCG,WEC,5,0.1069783172206371,0.0203207722138795,3,3,0,0.12749814363141176
1990/S2_a_1991/S1,1991/S2,PEG,PPL,6,0.1119462100386954,0.0209283071798297,1,0,1,-0.03460111203846972
1990/S2_a_1991/S1,1991/S2,D,ES,7,0.1167815094623847,0.0196080927879618,3,2,1,0.1024748331208839
1990/S2_a_1991/S1,1991/S2,EIX,PPL,8,0.1336006156655003,0.0225529880278434,1,1,0,0.0589688509865236
1990/S2_a_1991/S1,1991/S2,CNP,SO,9,0.1389026701772309,0.0215184711793869,3,2,1,0.08819105890469592
1990/S2_a_1991/S1,1991/S2,GPUI,ES,10,0.1409663998439327,0.0215415126748318,3,2,1,0.13083022173690384
1990/S2_a_1991/S1,1991/S2,AEP,CEG,11,0.1469367050914343,0.0237011893329809,1,0,1,0.03801466181501323
1990/S2_a_1991/S1,1991/S2,45200Q,SO,12,0.1525805878650317,0.0229577836546544,3,2,1,0.0997011503594104
1990/S2_a_1991/S1,1991/S2,D,GPUI,13,0.1588678265634371,0.0251425361609375,1,0,1,0.011160432937135756
1990/S2_a_1991/S1,1991/S2,0961514D,PPL,14,0.1618138965781099,0.023975985458683,1,0,1,0.02249876247768734
1990/S2_a_1991/S1,1991/S2,ED,PEG,15,0.1644258481600218,0.0255841953873527,2,1,1,0.04701525712159593
1990/S2_a_1991/S1,1991/S2,SO,WEC,16,0.171146630055091,0.0248971714529531,2,1,1,0.06147562615575353
1990/S2_a_1991/S1,1991/S2,D,FPC,17,0.1714340381654437,0.0260490205918097,1,0,1,0.039538861309857176
1990/S2_a_1991/S1,1991/S2,ED,PPL,18,0.1724383617498688,0.0259680347696174,2,2,0,0.1032952657304389
1990/S2_a_1991/S1,1991/S2,8375930Q,COP,19,0.1747713609576067,0.0132783306130551,1,0,1,-0.010587487082783453
1990/S2_a_1991/S1,1991/S2,SO,SCG,20,0.1768483538342025,0.0262046334215655,2,1,1,0.06858862359588036
1991/S1_a_1991/S2,1992/S1,FPC,ES,1,0.0841207189459964,0.0181262903494892,1,0,1,0.012617075149182866
1991/S1_a_1991/S2,1992/S1,FPC,WEC,2,0.0847895940983107,0.018123125080999,1,0,1,-0.01093666713545205
1991/S1_a_1991/S2,1992/S1,AEP,WEC,3,0.0852966827317232,0.0174733806392036,3,2,1,0.03793067481669099
1991/S1_a_1991/S2,1992/S1,45200Q,FPC,4,0.0912850888146294,0.0190227403645279,2,1,1,-0.0138595883342163
1991/S1_a_1991/S2,1992/S1,AEP,ES,5,0.0929131284817685,0.0181390741239747,3,2,1,0.06843270834273296
1991/S1_a_1991/S2,1992/S1,CEG,SCG,6,0.0948740756515462,0.019397947092719,2,1,1,0.03383604988394695
1991/S1_a_1991/S2,1992/S1,CEG,AYE,7,0.0952008878225569,0.0194007586654398,3,3,0,0.1188301622265614
1991/S1_a_1991/S2,1992/S1,AEP,FPC,8,0.0996664167141716,0.017936259694118,3,3,0,0.1042334081163635
1991/S1_a_1991/S2,1992/S1,D,UEP,9,0.1000759563262363,0.0197277810986034,2,1,1,0.07388811689919672
1991/S1_a_1991/S2,1992/S1,NEE,AYE,10,0.1021922545128291,0.0201335697006349,2,2,0,0.07599004006798771
1991/S1_a_1991/S2,1992/S1,EIX,NEE,11,0.1028519828043954,0.0201844386145591,1,1,0,0.06217884247742689
1991/S1_a_1991/S2,1992/S1,CEG,NEE,12,0.1046737168127265,0.0203189502456711,1,1,0,0.037061174711834344
1991/S1_a_1991/S2,1992/S1,45200Q,ES,13,0.1085617700159673,0.0206879070378929,3,2,1,0.06065178999772791
1991/S1_a_1991/S2,1992/S1,EIX,AYE,14,0.1092885098588567,0.0207869225833775,2,2,0,0.09219486943067878
1991/S1_a_1991/S2,1992/S1,D,DTE,15,0.1112232536712554,0.0209894711831534,2,1,1,-0.018040756616202636
1991/S1_a_1991/S2,1992/S1,WEC,ES,16,0.1151199171434882,0.021366631223917,4,3,1,0.15002391598873577
1991/S1_a_1991/S2,1992/S1,45200Q,D,17,0.1210246182416767,0.0202827835449279,4,3,1,0.12286262231149658
1991/S1_a_1991/S2,1992/S1,PPL,TE,18,0.1223912144369023,0.0220163471017372,2,1,1,0.028408001838961305
1991/S1_a_1991/S2,1992/S1,PEG,0961514D,19,0.1259964621602876,0.022004786332303,1,0,1,0.020919100084414555
1991/S1_a_1991/S2,1992/S1,45200Q,DTE,20,0.126769654443251,0.0204572962251017,2,1,1,-0.07346472916258029
1991/S2_a_1992/S1,1992/S2,NEE,FPC,1,0.0682141962299738,0.0142859777917046,1,0,1,-0.011042580234079447
1991/S2_a_1992/S1,1992/S2,AEP,NEE,2,0.0689126120398668,0.0151127587469226,3,2,1,0.10340750469715365
1991/S2_a_1992/S1,1992/S2,NEE,PPL,3,0.0795725299760761,0.0177159977644699,1,0,1,0.00126744784872046
1991/S2_a_1992/S1,1992/S2,DUK,WEC,4,0.0802885044006416,0.0157453221506264,1,0,1,-0.025488673117269323
1991/S2_a_1992/S1,1992/S2,FPC,AYE,5,0.0905701616984515,0.0184983096011805,1,1,0,0.04414541517455339
1991/S2_a_1992/S1,1992/S2,USW,BLS,6,0.1011902891731324,0.0194774874988323,3,3,0,0.1452915357583323
1991/S2_a_1992/S1,1992/S2,PPL,FPC,7,0.1085805330533276,0.0193939996540325,1,1,0,0.04077365250777787
1991/S2_a_1992/S1,1992/S2,BLS,3054Q,8,0.1105178035986682,0.0188569057319028,3,2,1,0.031010639406099272
1991/S2_a_1992/S1,1992/S2,AEP,PPL,9,0.1121792619098869,0.0196972017115484,1,0,1,0.0037829683234965605
1991/S2_a_1992/S1,1992/S2,NEE,AYE,10,0.1122424777058768,0.0206559140213497,1,0,1,-0.0010065913779225832
1991/S2_a_1992/S1,1992/S2,TXU,FPC,11,0.1199080011783735,0.021003806533476,2,2,0,0.07752347931921377
1991/S2_a_1992/S1,1992/S2,PPL,AYE,12,0.1201289242959546,0.021537666034074,1,1,0,0.0550119781175048
1991/S2_a_1992/S1,1992/S2,AYE,TE,13,0.1263740819807708,0.0222085008072379,1,0,1,-0.007872186115770452
1991/S2_a_1992/S1,1992/S2,D,FPC,14,0.1364629768738723,0.0228954039718769,1,1,0,0.041060062551669385
1991/S2_a_1992/S1,1992/S2,CEG,SCG,15,0.1371785615714316,0.0231696959934287,3,2,1,0.05666273273791689
1991/S2_a_1992/S1,1992/S2,300583Q,8375930Q,16,0.140753454811886,0.0233461251601992,3,3,0,0.24460011354035005
1991/S2_a_1992/S1,1992/S2,TXU,AYE,17,0.1408123842380746,0.0215051882124404,1,1,0,0.03346132619049769
1991/S2_a_1992/S1,1992/S2,AEP,FPC,18,0.1414214375940901,0.018495436855031,1,0,1,-0.003179170849968105
1991/S2_a_1992/S1,1992/S2,45200Q,PPL,19,0.1439579928671719,0.0203946278859386,4,3,1,0.16875319732009342
1991/S2_a_1992/S1,1992/S2,NEE,TXU,20,0.1461850188579774,0.0196668893032698,2,1,1,0.031059751843607986
1992/S1_a_1992/S2,1993/S1,XEL,TXU,1,0.0610998953487751,0.0155393907481126,2,1,1,0.015821604073018913
1992/S1_a_1992/S2,1993/S1,DUK,PPL,2,0.0657523121285521,0.0160274756284935,2,2,0,0.06430445183972622
1992/S1_a_1992/S2,1993/S1,XEL,NEE,3,0.0716877865619949,0.0168329626616672,2,2,0,0.06558060835878288
1992/S1_a_1992/S2,1993/S1,PPL,FPC,4,0.074035293779616,0.0170105572837299,2,1,1,0.05896053960292713
1992/S1_a_1992/S2,1993/S1,DUK,FPC,5,0.076337872458339,0.0170051112588369,2,1,1,0.03300412886832971
1992/S1_a_1992/S2,1993/S1,D,DUK,6,0.0767111772308908,0.0148047765851453,3,2,1,0.06981157973514651
1992/S1_a_1992/S2,1993/S1,CEG,NEE,7,0.0885027413502257,0.0187018307804417,1,0,1,-0.04510915424492801
1992/S1_a_1992/S2,1993/S1,D,FPC,8,0.0992551712906788,0.0189919868235503,1,0,1,-0.025395958838726362
1992/S1_a_1992/S2,1993/S1,D,PPL,9,0.0996683555922572,0.0184043566556732,1,0,1,-0.005714669302243958
1992/S1_a_1992/S2,1993/S1,DUK,CNP,10,0.1045354947031,0.0194109015908469,1,0,1,-0.08522757822613247
1992/S1_a_1992/S2,1993/S1,45200Q,AYE,11,0.1133886787029041,0.021169748949409,3,2,1,0.11430292839314415
1992/S1_a_1992/S2,1993/S1,USW,BLS,12,0.1162191672692074,0.02102171349085,2,1,1,-0.020256713944466043
1992/S1_a_1992/S2,1993/S1,XEL,GPUI,13,0.1162723526265381,0.0164191781153372,2,1,1,-0.03607989127757194
1992/S1_a_1992/S2,1993/S1,D,CNP,14,0.1290115965251743,0.0223631451988806,1,0,1,-0.10941512879590987
1992/S1_a_1992/S2,1993/S1,XEL,CEG,15,0.1318928583655179,0.0228305969196466,1,0,1,-0.024112825552005446
1992/S1_a_1992/S2,1993/S1,NEE,TXU,16,0.1323480200690028,0.0228706621437725,1,0,1,-0.005539568674500894
1992/S1_a_1992/S2,1993/S1,CEG,TXU,17,0.1334444426179288,0.0229617975357627,3,3,0,0.1519999748352856
1992/S1_a_1992/S2,1993/S1,CNP,EXC,18,0.1339771042125903,0.022001968067785,1,0,1,-0.12648219732135801
1992/S1_a_1992/S2,1993/S1,XOM,677004Q,19,0.1358848606154197,0.0228394693378351,1,0,1,-0.0063965253687287005
1992/S1_a_1992/S2,1993/S1,AEP,SCG,20,0.1374500925776942,0.0202840408969912,3,3,0,0.14308971954415428
1992/S2_a_1993/S1,1993/S2,D,DUK,1,0.0702516390940672,0.0133930170467117,4,3,1,0.09295253181699104
1992/S2_a_1993/S1,1993/S2,45200Q,AEP,2,0.0767205067436407,0.0173680031289246,1,0,1,-0.06981728944597654
1992/S2_a_1993/S1,1993/S2,DUK,PPL,3,0.0781671394705654,0.0158751292350627,1,0,1,-0.13350777112452916
1992/S2_a_1993/S1,1993/S2,D,PPL,4,0.0788725068686062,0.0175743689932997,1,0,1,-0.11029040925891309
1992/S2_a_1993/S1,1993/S2,45200Q,CEG,5,0.0826425604434462,0.0180456395841787,1,0,1,-0.035328709573184236
1992/S2_a_1993/S1,1993/S2,DTE,PPL,6,0.0877337988129056,0.0184829596810382,2,1,1,0.0038854950426948642
1992/S2_a_1993/S1,1993/S2,45200Q,PPL,7,0.0882525593442551,0.0186082693756503,1,0,1,0.0012067210459618671
1992/S2_a_1993/S1,1993/S2,FPC,TEG,8,0.0893933230812535,0.0151067118874091,3,2,1,0.07728133679331561
1992/S2_a_1993/S1,1993/S2,CEG,PPL,9,0.0937545035138782,0.018862765503919,1,0,1,-0.06550333646823459
1992/S2_a_1993/S1,1993/S2,45200Q,D,10,0.0938929882275942,0.0187790882243817,1,0,1,-0.06759231417266554
1992/S2_a_1993/S1,1993/S2,XEL,FPC,11,0.0982535720451096,0.0167983407239253,1,0,1,-0.001492090710897953
1992/S2_a_1993/S1,1993/S2,XEL,571300Q,12,0.1046614015732529,0.0198535625259089,2,1,1,0.059056976230475566
1992/S2_a_1993/S1,1993/S2,CEG,DTE,13,0.1067110990481978,0.0193860118563378,1,0,1,-0.13215544194607332
1992/S2_a_1993/S1,1993/S2,3891289Q,SCG,14,0.1109541035909842,0.0205377636260424,5,4,1,0.18509450446496012
1992/S2_a_1993/S1,1993/S2,DUK,FPC,15,0.1135164649012949,0.0186413829280136,1,0,1,-0.06297469497822583
1992/S2_a_1993/S1,1993/S2,CEG,D,16,0.1143017219443436,0.020316806599927,1,0,1,-0.003331229864531493
1992/S2_a_1993/S1,1993/S2,XEL,DTE,17,0.1145142519197861,0.0187103374846204,4,3,1,0.06761248931438679
1992/S2_a_1993/S1,1993/S2,45200Q,DUK,18,0.1249466097572167,0.0216486494274861,1,0,1,-0.08320864157233931
1992/S2_a_1993/S1,1993/S2,AEP,D,19,0.1273883802200544,0.021530195349724,1,1,0,0.04340817847338052
1992/S2_a_1993/S1,1993/S2,AEP,CEG,20,0.1273917746460711,0.0225283432040843,1,0,1,0.013149041585505339
1993/S1_a_1993/S2,1994/S1,MHFI,SPGI,1,0.0247574490134638,0.0098987417631644,12,11,1,0.3165069511100882
1993/S1_a_1993/S2,1994/S1,ED,PPL,2,0.0805544110362461,0.0147555850092825,1,0,1,-0.09134405607252893
1993/S1_a_1993/S2,1994/S1,NEE,WEC,3,0.0812752300670354,0.0179510313528164,3,2,1,0.09475929329404331
1993/S1_a_1993/S2,1994/S1,FPC,WEC,4,0.0971465789079957,0.0196604587379201,1,0,1,-0.07855837615919414
1993/S1_a_1993/S2,1994/S1,1005945D,XEL,5,0.1113036911796143,0.0188992353548521,1,0,1,-0.14037110946968723
1993/S1_a_1993/S2,1994/S1,CIN,AYE,6,0.1206704668602469,0.0208073777771312,3,3,0,0.1495154503169711
1993/S1_a_1993/S2,1994/S1,45200Q,PEG,7,0.1235905433240986,0.0212872082065027,1,0,1,-0.12002600818312914
1993/S1_a_1993/S2,1994/S1,NI,SCG,8,0.1278594855281198,0.0219956294112202,1,0,1,0.012357394914876085
1993/S1_a_1993/S2,1994/S1,AEP,SO,9,0.1373351732969467,0.0230897137652363,1,0,1,-0.06751054561698056
1993/S1_a_1993/S2,1994/S1,CEG,PEG,10,0.140605188137215,0.0236441900068414,2,1,1,0.036680945622974304
1993/S1_a_1993/S2,1994/S1,AEP,AYE,11,0.14242602410593,0.0202482743074033,2,1,1,0.04373538222599849
1993/S1_a_1993/S2,1994/S1,UEP,PNW,12,0.1442554126743971,0.0237146957925549,3,2,1,0.0884357543349018
1993/S1_a_1993/S2,1994/S1,45200Q,PPL,13,0.1466478380477838,0.0172754300779227,2,1,1,0.0713748625534395
1993/S1_a_1993/S2,1994/S1,DUK,SO,14,0.1552478762347391,0.0241398507744497,1,1,0,0.05489207791204764
1993/S1_a_1993/S2,1994/S1,DUK,AYE,15,0.1596036221615122,0.0250581280534811,2,1,1,0.03236086260451232
1993/S1_a_1993/S2,1994/S1,CEG,TEG,16,0.1625678172786138,0.0195280599836077,2,2,0,0.07963156363951573
1993/S1_a_1993/S2,1994/S1,TXU,PPL,17,0.1627408923372968,0.0253137089546242,1,1,0,0.05902521941224437
1993/S1_a_1993/S2,1994/S1,ETR,CIN,18,0.1631378841715332,0.0253939067956968,4,3,1,0.04976928595372432
1993/S1_a_1993/S2,1994/S1,NEE,FPC,19,0.1667871006458199,0.0257029553097316,4,3,1,0.23844859556404863
1993/S1_a_1993/S2,1994/S1,AEP,DUK,20,0.1677836097462659,0.0239554841666294,1,0,1,-0.06993468259313418
1993/S2_a_1994/S1,1994/S2,MHFI,SPGI,1,0.0396978928015414,0.0121531172243668,9,9,0,0.31819509429096826
1993/S2_a_1994/S1,1994/S2,AEP,AYE,2,0.0808869633121958,0.017881873645907,2,1,1,0.016041478842708456
1993/S2_a_1994/S1,1994/S2,PPW,SCG,3,0.0941760278155925,0.0167278347478465,3,2,1,0.04371902226751545
1993/S2_a_1994/S1,1994/S2,AEP,CIN,4,0.0971875558517467,0.0180711804923395,1,0,1,-0.0016985330105763197
1993/S2_a_1994/S1,1994/S2,PEG,FPC,5,0.1001171284912629,0.0197040118753649,1,0,1,-0.027524932328631735
1993/S2_a_1994/S1,1994/S2,CIN,AYE,6,0.101087150943897,0.0189154975228199,3,2,1,0.1318287231871662
1993/S2_a_1994/S1,1994/S2,CEG,WEC,7,0.1079895567478388,0.0206870460921119,2,1,1,0.04945363104382361
1993/S2_a_1994/S1,1994/S2,EXC,GPUI,8,0.1141114681350359,0.020266463986287,2,1,1,0.09414533193539731
1993/S2_a_1994/S1,1994/S2,NEE,AYE,9,0.1163063780763309,0.0161682859828049,1,0,1,-0.05552078648537628
1993/S2_a_1994/S1,1994/S2,UEP,FPC,10,0.1207528586290322,0.019452134402219,1,0,1,0.020063993422420157
1993/S2_a_1994/S1,1994/S2,PEG,UEP,11,0.1235009226390957,0.0178849214157678,1,0,1,-0.026349931893394296
1993/S2_a_1994/S1,1994/S2,0961514D,PPL,12,0.1414658174416558,0.0236085241750753,1,0,1,-0.14774497158309918
1993/S2_a_1994/S1,1994/S2,FPC,AYE,13,0.1421787503566633,0.0167508396942189,1,0,1,-0.03651488341644582
1993/S2_a_1994/S1,1994/S2,XOM,L,14,0.1428857542211972,0.0229400292858078,3,2,1,0.11885918014904628
1993/S2_a_1994/S1,1994/S2,1005945D,0961514D,15,0.1464395594312577,0.0240050519186362,1,0,1,0.008541239270467571
1993/S2_a_1994/S1,1994/S2,NI,WEC,16,0.1509689258260778,0.0227158419403804,2,1,1,0.05789088318072522
1993/S2_a_1994/S1,1994/S2,SO,SCG,17,0.1511492457552776,0.0203885523358813,2,1,1,0.0282190159925505
1993/S2_a_1994/S1,1994/S2,8375930Q,COP,18,0.1529099336468107,0.0124818607092532,1,0,1,-0.0077029421389176456
1993/S2_a_1994/S1,1994/S2,MMM,WYE,19,0.156450490228508,0.0234617681680777,2,1,1,0.08849046866199917
1993/S2_a_1994/S1,1994/S2,CVX,677004Q,20,0.1593754316903641,0.0237094739170441,1,0,1,-0.021979040754163015
1994/S1_a_1994/S2,1995/S1,MHFI,SPGI,1,0.0340933453601337,0.0114826766412546,4,4,0,0.12243196300442838
1994/S1_a_1994/S2,1995/S1,0961514D,UEP,2,0.0678855143497685,0.0163122734454139,3,2,1,0.037107867869196065
1994/S1_a_1994/S2,1995/S1,CMS,TE,3,0.1114082733735131,0.0210617603090847,4,3,1,0.2082349718436045
1994/S1_a_1994/S2,1995/S1,AEP,NEE,4,0.1180448329062073,0.0216309542589974,1,0,1,0.015201640935842753
1994/S1_a_1994/S2,1995/S1,DTE,CMS,5,0.1219918431721112,0.0219210427190255,1,0,1,-0.010631851565543582
1994/S1_a_1994/S2,1995/S1,UEP,FPC,6,0.1227813669243005,0.0171827728797807,2,1,1,0.0777675963554273
1994/S1_a_1994/S2,1995/S1,DTE,UEP,7,0.1385990716247533,0.0232413234276413,1,0,1,-0.0033167264790227025
1994/S1_a_1994/S2,1995/S1,0961514D,FPC,8,0.1437876202490997,0.0208035848854682,2,1,1,0.021549001875874385
1994/S1_a_1994/S2,1995/S1,DTE,0961514D,9,0.1528703102642339,0.0246403498772842,1,1,0,0.05620850038301539
1994/S1_a_1994/S2,1995/S1,CIN,AYE,10,0.1555547452448991,0.0246923748731371,1,0,1,-0.007217581608556234
1994/S1_a_1994/S2,1995/S1,SO,DTE,11,0.1560246211284948,0.0236111932392274,2,2,0,0.10220993104379539
1994/S1_a_1994/S2,1995/S1,DUK,UEP,12,0.1570384231542334,0.0249348317970517,1,1,0,0.05127252742996424
1994/S1_a_1994/S2,1995/S1,RHDCQ,L,13,0.1610475143825738,0.0239183891763611,1,0,1,-0.2887478507568382
1994/S1_a_1994/S2,1995/S1,8375930Q,COP,14,0.1647700393800732,0.0125141428441181,1,0,1,-0.008890493602043636
1994/S1_a_1994/S2,1995/S1,DTE,TE,15,0.1676375314817733,0.0256853691412709,1,0,1,0.013706931659298482
1994/S1_a_1994/S2,1995/S1,1005945D,CIN,16,0.1693840069714838,0.025977136232526,3,2,1,0.10781927383103818
1994/S1_a_1994/S2,1995/S1,3277Q,TXT,17,0.1768856603269455,0.0247935356538062,2,1,1,0.07043852148530683
1994/S1_a_1994/S2,1995/S1,MMM,PAS,18,0.1797231405758452,0.0258567231519058,3,2,1,0.11730749713099708
1994/S1_a_1994/S2,1995/S1,XOM,677004Q,19,0.1818235288652658,0.0262338720230789,1,0,1,-0.0496033115555744
1994/S1_a_1994/S2,1995/S1,PDG,HM,20,0.1840796440204144,0.0243855003641405,1,0,1,-0.22391554740112551
1994/S2_a_1995/S1,1995/S2,MHFI,SPGI,1,0.0331324699967581,0.0109733326354981,7,7,0,0.2122736847368465
1994/S2_a_1995/S1,1995/S2,677004Q,300583Q,2,0.1035429365824711,0.0198839977730831,2,1,1,-0.08591925235281017
1994/S2_a_1995/S1,1995/S2,2196Q,2638Q,3,0.1248724010064279,0.0216212794492799,4,3,1,0.146787136787925
1994/S2_a_1995/S1,1995/S2,D,SCG,4,0.1280476287261081,0.0224805827865782,1,0,1,-0.11214264447370814
1994/S2_a_1995/S1,1995/S2,8375930Q,COP,5,0.1331704247587595,0.0115524500067368,1,0,1,-0.009549567066923337
1994/S2_a_1995/S1,1995/S2,PEG,TE,6,0.1358596290846208,0.0209100489668569,1,0,1,-0.03475308131838273
1994/S2_a_1995/S1,1995/S2,XEL,DUK,7,0.1369464038552905,0.0228223500465801,1,0,1,-0.029844717814204946
1994/S2_a_1995/S1,1995/S2,210967Q,GHC,8,0.1560173572182748,0.0248812067504967,3,2,1,-0.032299533275929604
1994/S2_a_1995/S1,1995/S2,DTE,WEC,9,0.15756674932652,0.0247492930117955,1,0,1,-0.05935010558512055
1994/S2_a_1995/S1,1995/S2,BMY,69895Q,10,0.160729398719468,0.0243097890761898,1,0,1,-0.12294042435674357
1994/S2_a_1995/S1,1995/S2,AYE,TE,11,0.1610226949142088,0.024927680726499,1,0,1,0.0019147708381671569
1994/S2_a_1995/S1,1995/S2,AIG,CIN,12,0.1712733060976461,0.0257872628715709,4,3,1,0.16584574246257644
1994/S2_a_1995/S1,1995/S2,2196Q,2676187Q,13,0.1741944120917651,0.0251533117637503,4,3,1,0.09134842030746204
1994/S2_a_1995/S1,1995/S2,UEP,WEC,14,0.1780579865727531,0.0263479520696753,2,1,1,0.06383103811006396
1994/S2_a_1995/S1,1995/S2,3277Q,2223Q,15,0.1787509760763441,0.0259716008912238,2,1,1,0.040854863816035425
1994/S2_a_1995/S1,1995/S2,NSC,TEG,16,0.1840134391546826,0.0248381424814395,1,1,0,0.0790129897876658
1994/S2_a_1995/S1,1995/S2,VZ,2428Q,17,0.1843883495283762,0.0270411199743378,2,2,0,0.15850800357455275
1994/S2_a_1995/S1,1995/S2,329556Q,NCC,18,0.1843966762552327,0.0252086087121078,4,3,1,0.20371819105030697
1994/S2_a_1995/S1,1995/S2,210967Q,41018Q,19,0.1854041064718785,0.0268249951900571,4,3,1,0.1906292975840863
1994/S2_a_1995/S1,1995/S2,SHW,41018Q,20,0.1866965080473619,0.0271209826159731,1,0,1,-0.058104253886680834
1995/S1_a_1995/S2,1996/S1,MHFI,SPGI,1,0.0266060859382832,0.010198926936932,13,13,0,0.37025788671653437
1995/S1_a_1995/S2,1996/S1,RRC,SWKS,2,0.0526827753407133,0.0072896058037363,1,0,1,-0.004244756713235098
1995/S1_a_1995/S2,1996/S1,UEP,FPC,3,0.0556170440564756,0.0123920939216131,3,3,0,0.10861927788789039
1995/S1_a_1995/S2,1996/S1,PEG,WEC,4,0.1106819202334463,0.0209836273181723,2,1,1,0.05350589479085466
1995/S1_a_1995/S2,1996/S1,TE,TEG,5,0.1121517475773998,0.0210577474266168,3,2,1,0.07886124859175159
1995/S1_a_1995/S2,1996/S1,CIN,AYE,6,0.1168274809159584,0.020959846783528,1,0,1,-0.011171285211001414
1995/S1_a_1995/S2,1996/S1,RTN_B,RRC,7,0.1284325689282468,0.0199713299714613,5,4,1,0.160831795961503
1995/S1_a_1995/S2,1996/S1,RTN,RRC,8,0.1284380778723743,0.0199710389641853,5,4,1,0.16083074091496508
1995/S1_a_1995/S2,1996/S1,8375930Q,COP,9,0.1296348918017429,0.0109039504274326,1,0,1,-0.007197196867040678
1995/S1_a_1995/S2,1996/S1,AEP,CMS,10,0.13699269564313,0.0197965883603992,2,2,0,0.07681207008876934
1995/S1_a_1995/S2,1996/S1,AEP,DUK,11,0.1447969051663449,0.0216851168342121,2,2,0,0.08057671702216918
1995/S1_a_1995/S2,1996/S1,DUK,TXU,12,0.1488081122761286,0.0242499431782643,2,2,0,0.09192252027841652
1995/S1_a_1995/S2,1996/S1,D,UEP,13,0.1524266768255984,0.01531294422279,3,2,1,0.07920010644379771
1995/S1_a_1995/S2,1996/S1,SO,TE,14,0.1574236524011212,0.0249529548290527,4,4,0,0.1781672582440159
1995/S1_a_1995/S2,1996/S1,EXC,SO,15,0.159990023596606,0.0250485642184007,1,0,1,-0.11308105166323135
1995/S1_a_1995/S2,1996/S1,XOM,3891289Q,16,0.1645308013854673,0.0212924813878112,1,0,1,-0.03380688096175333
1995/S1_a_1995/S2,1996/S1,DUK,CMS,17,0.1648694607389416,0.0255446733692038,2,2,0,0.09750696730235164
1995/S1_a_1995/S2,1996/S1,PEG,FPC,18,0.1768494383231882,0.0248822251538884,1,0,1,-0.06571088602679476
1995/S1_a_1995/S2,1996/S1,EQR,0574018D,19,0.1861583991459383,0.0257462059657625,2,1,1,0.08057402452683005
1995/S1_a_1995/S2,1996/S1,CIN,NI,20,0.1883556111050666,0.0222735647568836,2,1,1,0.0582665750025263
1995/S2_a_1996/S1,1996/S2,MHFI,SPGI,2,0.0298496130109242,0.0108622354850363,11,11,0,0.4246832061356982
1995/S2_a_1996/S1,1996/S2,D,TE,3,0.05032400700793,0.0140325538905555,4,4,0,0.14326058995089763
1995/S2_a_1996/S1,1996/S2,D,FPC,4,0.0821166308929832,0.015493736261636,2,2,0,0.07389005741817734
1995/S2_a_1996/S1,1996/S2,FPC,TEG,5,0.09010735396987,0.0183682663017279,1,0,1,-0.04809126099409722
1995/S2_a_1996/S1,1996/S2,FPC,NI,6,0.1052126557721067,0.0194357795561841,3,2,1,0.05538240517891291
1995/S2_a_1996/S1,1996/S2,D,TEG,7,0.1058452595132166,0.0199935683063747,2,1,1,0.016793575181422105
1995/S2_a_1996/S1,1996/S2,FPC,TE,8,0.1069537751732241,0.0173234719921456,2,2,0,0.07852346451163594
1995/S2_a_1996/S1,1996/S2,UEP,FPC,9,0.1123324311596434,0.0169231918844833,1,1,0,0.030916124317326488
1995/S2_a_1996/S1,1996/S2,GPUI,NI,10,0.1223225830797218,0.0213072886278939,2,1,1,0.06182561548157672
1995/S2_a_1996/S1,1996/S2,XOM,3891289Q,11,0.1272755683739888,0.0225168805524618,2,1,1,0.014863647056922669
1995/S2_a_1996/S1,1996/S2,TE,TEG,12,0.1330319972677216,0.022062219491136,1,0,1,-0.04454172037243587
1995/S2_a_1996/S1,1996/S2,NEE,CIN,13,0.1421741676421106,0.0232187444166963,3,2,1,0.06354244646294538
1995/S2_a_1996/S1,1996/S2,NI,TEG,14,0.1434344991358784,0.0238380618316238,1,0,1,-0.09154279300950796
1995/S2_a_1996/S1,1996/S2,AEP,CMS,15,0.1459441923441318,0.020622848771489,2,1,1,-0.016231882677594234
1995/S2_a_1996/S1,1996/S2,D,NI,16,0.148682900099061,0.0241655016047529,1,0,1,-0.025826154617259567
1995/S2_a_1996/S1,1996/S2,MCAI,RRC,17,0.1518315982140166,0.0123757203679594,4,3,1,0.11435774186237024
1995/S2_a_1996/S1,1996/S2,NI,TE,18,0.1531613350280167,0.0242336249752962,2,1,1,0.03728940117009516
1995/S2_a_1996/S1,1996/S2,NEE,PNW,19,0.154339429432639,0.0247523961051276,1,0,1,-0.026357778055511205
1995/S2_a_1996/S1,1996/S2,8375930Q,COP,20,0.1661202304427433,0.0137424728715632,1,0,1,-0.007675826429283994
1996/S1_a_1996/S2,1997/S1,MHFI,SPGI,1,0.0331135797847537,0.0113866099364021,19,18,1,0.6511439692570428
1996/S1_a_1996/S2,1997/S1,D,PPL,2,0.061491094731366,0.0152322664207593,2,1,1,0.009296255490128247
1996/S1_a_1996/S2,1997/S1,XEL,TE,3,0.0761045242336422,0.0166322243044521,2,1,1,0.03547286234136238
1996/S1_a_1996/S2,1997/S1,UEP,PPL,4,0.0907371121571145,0.0189345942781551,2,1,1,-0.008235307208667053
1996/S1_a_1996/S2,1997/S1,D,UEP,5,0.0910083339946368,0.0186066942403395,2,1,1,0.06863252167418987
1996/S1_a_1996/S2,1997/S1,CEG,UEP,6,0.0962564889941859,0.0187453958107928,1,0,1,0.023237505186965213
1996/S1_a_1996/S2,1997/S1,D,SO,7,0.0981089189494355,0.0194258408706584,2,2,0,0.1029953338666979
1996/S1_a_1996/S2,1997/S1,CEG,PPL,8,0.1029549849307045,0.0195337083699676,1,0,1,-0.08346344451481769
1996/S1_a_1996/S2,1997/S1,CEG,D,9,0.1067058443712767,0.0204649964720087,2,1,1,0.050211604745837524
1996/S1_a_1996/S2,1997/S1,PPL,TE,10,0.1089181652702109,0.0160043273932999,2,1,1,-0.08405790744417763
1996/S1_a_1996/S2,1997/S1,GPUI,NI,11,0.1152139725353436,0.0200215197773387,2,2,0,0.09935360806021765
1996/S1_a_1996/S2,1997/S1,ETR,PPL,12,0.1189547926043133,0.0209034842132303,1,0,1,-0.09667791759590516
1996/S1_a_1996/S2,1997/S1,D,TE,13,0.1191821367386296,0.0140708101194534,2,1,1,-0.01655053346598101
1996/S1_a_1996/S2,1997/S1,USW,VZ,14,0.123900433523886,0.0219179841639541,4,3,1,0.195363229501889
1996/S1_a_1996/S2,1997/S1,SO,UEP,15,0.1279468881775187,0.0224837437131984,0,0,0,0.0
1996/S1_a_1996/S2,1997/S1,CIN,PNW,16,0.1317663822694612,0.0210218871113485,1,0,1,-0.06585913440440305
1996/S1_a_1996/S2,1997/S1,PPW,NEE,17,0.132501525792918,0.0223994595545459,3,3,0,0.17073679579491452
1996/S1_a_1996/S2,1997/S1,MCAI,SWKS,18,0.1464668308902901,0.0121012814955818,1,0,1,-0.00868535311573182
1996/S1_a_1996/S2,1997/S1,SO,TE,19,0.147635519167693,0.0201671863815559,1,0,1,-0.03317487131747565
1996/S1_a_1996/S2,1997/S1,FPC,SCG,20,0.1477510472523135,0.0204990614181344,3,3,0,0.1871689863099706
1996/S2_a_1997/S1,1997/S2,MHFI,SPGI,1,0.0512918466296241,0.0141803554118193,24,23,1,0.9067841753233721
1996/S2_a_1997/S1,1997/S2,VZ,210967Q,2,0.058193825931994,0.014515356862154,0,0,0,0.0
1996/S2_a_1997/S1,1997/S2,MCAI,SWKS,3,0.0804166995312698,0.0089924966017931,1,0,1,-0.007072507331443045
1996/S2_a_1997/S1,1997/S2,AEP,NEE,4,0.0886884744488725,0.0184954309115933,3,2,1,0.12369882286208655
1996/S2_a_1997/S1,1997/S2,8375930Q,COP,5,0.0990401717007216,0.0097141277675023,1,0,1,-0.0071705405921366205
1996/S2_a_1997/S1,1997/S2,CEG,UEP,6,0.1108841735767214,0.0180183398804915,1,0,1,-0.06566453498306857
1996/S2_a_1997/S1,1997/S2,0961514D,UEP,7,0.1225325359870339,0.022044615501714,3,2,1,0.16184159238947604
1996/S2_a_1997/S1,1997/S2,DUK,SO,8,0.1297997323743516,0.0214380026958089,3,2,1,0.1366079985391444
1996/S2_a_1997/S1,1997/S2,AEP,PSX,9,0.1396810771254877,0.0172455595712093,1,0,1,-0.20843472380801475
1996/S2_a_1997/S1,1997/S2,NEE,TE,10,0.1422569128107511,0.0197211821066784,1,0,1,-0.07344136964663528
1996/S2_a_1997/S1,1997/S2,TE,PSX,11,0.1431088071864223,0.023084413557231,2,1,1,-0.05346968347129488
1996/S2_a_1997/S1,1997/S2,AEP,TE,12,0.1432654462428217,0.0215934303781674,1,0,1,-0.03189251441823082
1996/S2_a_1997/S1,1997/S2,NI,TE,13,0.1521493965489071,0.0239635582352113,1,0,1,-0.042010998894152274
1996/S2_a_1997/S1,1997/S2,CEG,0961514D,14,0.156211511325921,0.0222033360358798,1,0,1,-0.03940780363708485
1996/S2_a_1997/S1,1997/S2,D,AYE,15,0.1728947624770285,0.0257663175881127,2,1,1,0.10728020098895019
1996/S2_a_1997/S1,1997/S2,PPW,UEP,16,0.1867304714130568,0.0270182057560301,3,2,1,0.046948472448329226
1996/S2_a_1997/S1,1997/S2,CEG,PPW,17,0.1878504031224679,0.0262744987699686,2,2,0,0.1304012314696359
1996/S2_a_1997/S1,1997/S2,SO,WEC,18,0.1899191298908249,0.0271701410690405,2,1,1,0.06437675716959645
1996/S2_a_1997/S1,1997/S2,UEP,SCG,19,0.1944038328169313,0.0275509766605601,1,1,0,0.07185295241425382
1996/S2_a_1997/S1,1997/S2,STI,KEY,20,0.1945892297178488,0.0277784134573535,1,0,1,0.02350101267579585
1997/S1_a_1997/S2,1998/S1,MCAI,SWKS,1,0.0470342653047737,0.0068450183652142,2,1,1,-0.025758869684641805
1997/S1_a_1997/S2,1998/S1,8375930Q,COP,2,0.11481382466809,0.0110512583483816,1,0,1,-0.007273792912878663
1997/S1_a_1997/S2,1998/S1,CIN,TE,3,0.1265399007183987,0.0223722481324084,1,0,1,-0.0005731560366434296
1997/S1_a_1997/S2,1998/S1,XEL,NI,4,0.1380431697801896,0.0222151924435087,1,0,1,-0.10889235182861179
1997/S1_a_1997/S2,1998/S1,DUK,CMS,6,0.1630423067824722,0.0227941588380142,2,1,1,0.10148660280746546
1997/S1_a_1997/S2,1998/S1,375573Q,DDR,7,0.1772006352139215,0.025155369888104,1,0,1,-0.09971271139126414
1997/S1_a_1997/S2,1998/S1,2269312Q,0111145D,9,0.1873843085937778,0.0258169732917812,2,1,1,0.015096525002180727
1997/S1_a_1997/S2,1998/S1,D,0961514D,10,0.2052766176674367,0.0281717807822258,1,0,1,-0.011271104353026029
1997/S1_a_1997/S2,1998/S1,AEP,NEE,11,0.2219510940835789,0.0244331916886156,1,0,1,-0.17690781840770853
1997/S1_a_1997/S2,1998/S1,GPUI,NI,12,0.223183480040916,0.0293338496477108,1,0,1,-0.15711387807842214
1997/S1_a_1997/S2,1998/S1,PET,NI,15,0.2435614822161369,0.0309260998205347,1,0,1,-0.014737351106405505
1997/S1_a_1997/S2,1998/S1,AVB,GGP,16,0.2487040055348188,0.0311441395892405,1,0,1,-0.03230344272438679
1997/S1_a_1997/S2,1998/S1,0961514D,SCG,17,0.2506322895601443,0.0192676794422883,1,1,0,0.043668116793732614
1997/S1_a_1997/S2,1998/S1,PPW,CMS,18,0.2514624732673383,0.0314623752126188,1,0,1,-0.08996376243852677
1997/S1_a_1997/S2,1998/S1,XEL,GPUI,19,0.2540778656276643,0.0316658145628181,2,1,1,0.04789383811628023
1997/S1_a_1997/S2,1998/S1,GFS_A,GAS,20,0.2547380933046952,0.0267430019132178,2,1,1,-0.1169391586519497
1997/S2_a_1998/S1,1998/S2,8375930Q,COP,1,0.1057801103172551,0.0102169724319381,1,0,1,-0.00819918109436979
1997/S2_a_1998/S1,1998/S2,MHFI,SPGI,2,0.1082383083305558,0.0182144528470874,17,17,0,0.8309747893127702
1997/S2_a_1998/S1,1998/S2,JNJ,ABT,3,0.1834718324222422,0.0268032783556156,2,1,1,0.03886547000913476
1997/S2_a_1998/S1,1998/S2,PSX,O,4,0.1898489399050049,0.022654762611793,4,3,1,0.21161030622499266
1997/S2_a_1998/S1,1998/S2,DDR,O,5,0.1932230234219787,0.0260491545187885,4,3,1,0.21629054767926048
1997/S2_a_1998/S1,1998/S2,FPC,NI,6,0.2029213671437446,0.026684150060288,1,1,0,0.048064393804318484
1997/S2_a_1998/S1,1998/S2,CEG,SCG,7,0.206898979468292,0.0283375988141496,1,0,1,-0.06561834851374482
1997/S2_a_1998/S1,1998/S2,DDR,PSX,8,0.2085745493909598,0.0281867523626366,3,2,1,0.14124530387024437
1997/S2_a_1998/S1,1998/S2,CEG,TXU,9,0.2093189138225852,0.0282371252809593,1,0,1,-0.11370526855304575
1997/S2_a_1998/S1,1998/S2,D,0111145D,10,0.2102596140207424,0.0287188308179648,1,0,1,-0.07828872807067544
1997/S2_a_1998/S1,1998/S2,BF_B,1958Q,11,0.2213193034471032,0.0167467742153463,15,14,1,0.7657011276395645
1997/S2_a_1998/S1,1998/S2,8214761Q,RLM,12,0.2253762312343497,0.0289673139792871,2,1,1,0.1483156246606545
1997/S2_a_1998/S1,1998/S2,DUK,SCG,13,0.2277982778933847,0.0283657323527676,2,2,0,0.1162028321115881
1997/S2_a_1998/S1,1998/S2,0961514D,SCG,14,0.2286854527611694,0.0225352433827136,2,1,1,0.08189939361780907
1997/S2_a_1998/S1,1998/S2,1281683D,HCP,15,0.2400395468721399,0.0302438740351633,1,1,0,0.13571824994800308
1997/S2_a_1998/S1,1998/S2,677004Q,3891289Q,16,0.2444152766663592,0.0309491112175467,4,3,1,0.04662291075787084
1997/S2_a_1998/S1,1998/S2,GIDL,O,17,0.2526585880756329,0.0283759258313173,1,0,1,-0.07469865501794415
1997/S2_a_1998/S1,1998/S2,CVX,COP,18,0.2618078820030405,0.0320297227751365,1,0,1,-0.1127672380747683
1997/S2_a_1998/S1,1998/S2,GPC,GAS,19,0.2685513583680858,0.0313943971310854,2,1,1,-0.04054227351182915
1997/S2_a_1998/S1,1998/S2,DDR,MAC,20,0.2685915542360817,0.0301003941875635,4,4,0,0.37060258557702463
1998/S1_a_1998/S2,1999/S1,MCAI,GIDL,1,0.0296081435391215,0.005408280145318,1,0,1,-0.005023673368777182
1998/S1_a_1998/S2,1999/S1,8375930Q,COP,2,0.0805140174903158,0.0080954090647005,1,0,1,-0.007175511397612855
1998/S1_a_1998/S2,1999/S1,BF_B,1958Q,3,0.1150289108516062,0.0192879380041917,10,10,0,0.6012406278768958
1998/S1_a_1998/S2,1999/S1,0574018D,AVB,4,0.1373174812009665,0.0233862429659347,2,2,0,0.14932052140045626
1998/S1_a_1998/S2,1999/S1,NCE,TE,5,0.1550985547680738,0.0233134748370148,2,2,0,0.15628591368239786
1998/S1_a_1998/S2,1999/S1,TE,TEG,6,0.1554178722388997,0.0235968285153101,1,0,1,-0.029496310585802044
1998/S1_a_1998/S2,1999/S1,SO,FPC,7,0.1939727496157957,0.0251019352558681,2,2,0,0.13948671961292025
1998/S1_a_1998/S2,1999/S1,GIDL,FPC,8,0.2446932653351723,0.031221722112224,1,0,1,-0.032199324623043646
1998/S1_a_1998/S2,1999/S1,CMS,GAS,9,0.2479371690752714,0.0309101647500239,2,2,0,0.13667893461468394
1998/S1_a_1998/S2,1999/S1,SO,WEC,10,0.252634603709339,0.0309417260547555,2,1,1,0.029951548715619225
1998/S1_a_1998/S2,1999/S1,231330Q,ESS,11,0.2526358999772924,0.0316495567637456,1,0,1,-0.2177904651617708
1998/S1_a_1998/S2,1999/S1,D,PPL,12,0.254486500930966,0.0288090729401222,1,0,1,-0.14071478415137717
1998/S1_a_1998/S2,1999/S1,D,TXU,13,0.2556611118031924,0.0313317512177892,2,1,1,0.09254519887118084
1998/S1_a_1998/S2,1999/S1,FE,WEC,14,0.2562939783229012,0.0317295710933889,1,0,1,-0.13457632325854985
1998/S1_a_1998/S2,1999/S1,ED,PEG,15,0.2584167050201813,0.0283103330855171,1,0,1,-0.13740101000267235
1998/S1_a_1998/S2,1999/S1,231330Q,HCN,16,0.2610491192337463,0.0321980202820398,2,1,1,0.06842947670271393
1998/S1_a_1998/S2,1999/S1,FPC,WEC,17,0.2616607273661202,0.0261383778396213,1,0,1,-0.1119371155416733
1998/S1_a_1998/S2,1999/S1,RDPL,300583Q,18,0.2619492289036316,0.0320328826385919,3,3,0,0.27881325766181886
1998/S1_a_1998/S2,1999/S1,MCAI,FPC,19,0.2635874969871565,0.0309210583242999,1,0,1,-0.04780865024738734
1998/S1_a_1998/S2,1999/S1,AEP,CEG,20,0.2740248315228655,0.0328883996726858,2,1,1,-0.0029692014710049897
1998/S2_a_1999/S1,1999/S2,8375930Q,COP,2,0.0909977805309836,0.0102040473408231,1,0,1,-0.007224178919828073
1998/S2_a_1999/S1,1999/S2,MHFI,SPGI,3,0.1498757549237552,0.0242897449485378,10,10,0,0.5903425666208594
1998/S2_a_1999/S1,1999/S2,45200Q,TEG,4,0.1594730115247102,0.0240360993044793,1,1,0,0.07899060390268053
1998/S2_a_1999/S1,1999/S2,AEE,FPC,5,0.1652998469019166,0.0251640636204676,1,0,1,-0.14513178794232917
1998/S2_a_1999/S1,1999/S2,45200Q,AEP,6,0.1710450208031488,0.0246852734441129,1,0,1,-0.004005208884934386
1998/S2_a_1999/S1,1999/S2,SO,0961514D,7,0.1794453432681848,0.0267331103949541,1,0,1,-0.143446638931652
1998/S2_a_1999/S1,1999/S2,SO,AEE,8,0.1908194670641023,0.0274403506942908,0,0,0,0.0
1998/S2_a_1999/S1,1999/S2,BF_B,1958Q,9,0.2009713704611613,0.0198337153087149,4,4,0,0.29276654300611327
1998/S2_a_1999/S1,1999/S2,45200Q,0961514D,10,0.2040033540936292,0.0283420045282752,2,1,1,0.07082602279636385
1998/S2_a_1999/S1,1999/S2,EQR,0574018D,11,0.210430661840121,0.0237665029861118,2,2,0,0.12412063350795022
1998/S2_a_1999/S1,1999/S2,FE,AEE,12,0.2190629580701397,0.0293580760731756,1,0,1,-0.04378375243140131
1998/S2_a_1999/S1,1999/S2,ED,TXU,13,0.219423640460036,0.0280571092659008,2,1,1,0.028332944407018612
1998/S2_a_1999/S1,1999/S2,AEP,0111145D,14,0.2271866746289674,0.0266930052851546,1,0,1,0.0016124675103728059
1998/S2_a_1999/S1,1999/S2,45200Q,AEE,15,0.2332657448235977,0.0304849078930928,1,0,1,0.021208568099315595
1998/S2_a_1999/S1,1999/S2,CNP,CMS,16,0.2354771088693041,0.0261999460186204,1,0,1,-0.037405285919471454
1998/S2_a_1999/S1,1999/S2,45200Q,FPC,17,0.2358799924583081,0.0302602507668296,1,0,1,-0.17173837607659714
1998/S2_a_1999/S1,1999/S2,PCG,PSX,18,0.2384329044983815,0.0298063658350492,2,1,1,-0.27819725188611166
1998/S2_a_1999/S1,1999/S2,FPC,TEG,19,0.2477603445163367,0.0288254283040481,1,0,1,-0.19946791890457682
1998/S2_a_1999/S1,1999/S2,0961514D,AEE,20,0.251370717594682,0.031483148939721,1,0,1,-0.11903450248876513
1999/S1_a_1999/S2,2000/S1,8375930Q,COP,2,0.1201913443392186,0.0104591884380866,1,0,1,-0.006833843913129245
1999/S1_a_1999/S2,2000/S1,SO,AEE,3,0.123050706221079,0.0218111916793531,2,2,0,0.11987428938937106
1999/S1_a_1999/S2,2000/S1,MHFI,SPGI,4,0.1821558922861186,0.0214180509403829,15,14,1,1.1755831499515206
1999/S1_a_1999/S2,2000/S1,BF_B,1958Q,5,0.2086404868946942,0.0154418973903094,5,5,0,0.3269914966972687
1999/S1_a_1999/S2,2000/S1,DUK,CNP,6,0.2159446775880269,0.0293055625131103,2,1,1,0.09835480645214001
1999/S1_a_1999/S2,2000/S1,EQR,0574018D,7,0.22200358854559,0.0250160533086982,4,4,0,0.257421214777079
1999/S1_a_1999/S2,2000/S1,SKY,FE,8,0.2292205660505715,0.0301644944147572,4,3,1,0.4062039600627432
1999/S1_a_1999/S2,2000/S1,0111145D,AEE,9,0.24303182574846,0.0260221051919149,4,3,1,0.24892878427824516
1999/S1_a_1999/S2,2000/S1,DUK,TEG,10,0.2506728602762678,0.0211513008803363,5,5,0,0.36574725441295486
1999/S1_a_1999/S2,2000/S1,AEP,CMS,11,0.2531674055877033,0.0311978451803611,1,0,1,-0.19469324938970822
1999/S1_a_1999/S2,2000/S1,PEG,PLD,12,0.263117201675243,0.0321458634959106,1,0,1,-0.10132491176667535
1999/S1_a_1999/S2,2000/S1,CIN,PNW,13,0.2668995194807735,0.0305460843981928,1,1,0,0.1289356766245473
1999/S1_a_1999/S2,2000/S1,PSA,KIM,14,0.271334533725394,0.0314020931355027,1,0,1,-0.12061357670630868
1999/S1_a_1999/S2,2000/S1,PEG,UCM,15,0.272364232430732,0.0310320530378987,1,0,1,-0.0569133068277633
1999/S1_a_1999/S2,2000/S1,CNP,TEG,16,0.2800809027614832,0.0249187145619828,4,4,0,0.3533850300028598
1999/S1_a_1999/S2,2000/S1,TEG,DDR,17,0.2849230406263814,0.0336566853789423,3,3,0,0.3343698829202275
1999/S1_a_1999/S2,2000/S1,8394653Q,KIM,18,0.2885467519525946,0.0262739968689486,1,0,1,0.049926301099176174
1999/S1_a_1999/S2,2000/S1,BBT,NFB,19,0.2918802033005931,0.0310524695692732,2,1,1,0.13504077126071368
1999/S1_a_1999/S2,2000/S1,CMA,BBT,20,0.2939380220008161,0.0324035267861998,2,1,1,0.05549042579251884
1999/S2_a_2000/S1,2000/S2,BF_B,1958Q,2,0.074903816590222,0.0160189456156227,2,2,0,0.09285472568548259
1999/S2_a_2000/S1,2000/S2,8375930Q,COP,3,0.0817811601004905,0.0096974289478006,1,0,1,-0.005323516330787648
1999/S2_a_2000/S1,2000/S2,571300Q,VZ,4,0.1061924936403784,0.0197712189273674,1,0,1,0.03736028380290379
1999/S2_a_2000/S1,2000/S2,MHFI,SPGI,5,0.1550889427825836,0.0247293458149042,1,1,0,0.06063770848785299
1999/S2_a_2000/S1,2000/S2,8394653Q,0574018D,6,0.1631086341921559,0.0191273036370218,4,3,1,0.1454381321502245
1999/S2_a_2000/S1,2000/S2,AIV,PLD,7,0.1841703606152691,0.0240980988152984,2,1,1,0.06355108681335453
1999/S2_a_2000/S1,2000/S2,EQR,0574018D,8,0.1974837057699119,0.0273852222921424,3,2,1,0.10453599760847065
1999/S2_a_2000/S1,2000/S2,AEE,AYE,9,0.2123552962783605,0.0264278030088336,2,1,1,-0.06336689964769804
1999/S2_a_2000/S1,2000/S2,AIV,VNO,10,0.2187853236264914,0.0291501686211426,2,1,1,0.0119616343912613
1999/S2_a_2000/S1,2000/S2,XEL,NCE,11,0.2219066034165848,0.0163482674218632,0,0,0,0.0
1999/S2_a_2000/S1,2000/S2,AIV,0574018D,12,0.250142745579069,0.0263794481445422,2,2,0,0.10572470043216431
1999/S2_a_2000/S1,2000/S2,VNO,PLD,13,0.2616973053308129,0.0310838271520993,2,1,1,0.06714597322935412
1999/S2_a_2000/S1,2000/S2,EOP,AVB,14,0.2666680946193764,0.0318074788497922,1,0,1,-0.013112106330222195
1999/S2_a_2000/S1,2000/S2,SO,0111145D,15,0.2696068810465704,0.0318867598398431,1,0,1,-0.019328762075274675
1999/S2_a_2000/S1,2000/S2,EQR,AIV,16,0.2757111174859687,0.0309143034841846,2,1,1,0.07856078919306098
1999/S2_a_2000/S1,2000/S2,BBT,OK,17,0.2831864682633522,0.0332149513041458,2,1,1,0.1771558596648587
1999/S2_a_2000/S1,2000/S2,544791Q,228510Q,18,0.2845087589238915,0.0334703029306735,1,0,1,-0.19745085638512105
1999/S2_a_2000/S1,2000/S2,EQR,VNO,19,0.2875352086021507,0.0299601801839669,2,1,1,-0.025352225827063757
1999/S2_a_2000/S1,2000/S2,41018Q,BBT,20,0.2881838779198347,0.0337475612316333,1,0,1,-0.30445356796386536
2000/S1_a_2000/S2,2001/S1,8375930Q,COP,1,0.1492206742506141,0.012711051622577,1,0,1,-0.005723286885583212
2000/S1_a_2000/S2,2001/S1,BF_B,1958Q,2,0.171928233006497,0.0178410118797326,4,4,0,0.22907648763288257
2000/S1_a_2000/S2,2001/S1,BXP,AVB,3,0.2022319755540138,0.0220177223414453,2,2,0,0.0736213090635558
2000/S1_a_2000/S2,2001/S1,DOW,1255177D,4,0.2495304455166547,0.0313648764028302,0,0,0,0.0
2000/S1_a_2000/S2,2001/S1,EOP,PLD,5,0.318544283467304,0.0352231362643404,1,1,0,0.062270083753218075
2000/S1_a_2000/S2,2001/S1,AIV,PLD,6,0.3404690729652202,0.0322517273224772,4,4,0,0.22273397459866617
2000/S1_a_2000/S2,2001/S1,AIV,0574018D,7,0.3454865370154039,0.0320429655270715,1,1,0,0.06658016987295723
2000/S1_a_2000/S2,2001/S1,WY,544791Q,8,0.3575237649665723,0.0377029284049693,1,0,1,-0.09637935246676321
2000/S1_a_2000/S2,2001/S1,FNMA,FMCC,9,0.3577117888081602,0.0317256616459088,1,0,1,-0.021926115887759723
2000/S1_a_2000/S2,2001/S1,KIM,PLD,10,0.3639431363026233,0.0350036448376029,1,0,1,-0.009180939190288728
2000/S1_a_2000/S2,2001/S1,EQR,0574018D,11,0.406008562402917,0.0365574902267486,2,1,1,0.044458526124172004
2000/S1_a_2000/S2,2001/S1,D,TE,12,0.4081571248580076,0.0394615106537058,3,2,1,0.09582441339048409
2000/S1_a_2000/S2,2001/S1,AYE,TE,13,0.4549602391523422,0.0358427549135555,1,0,1,-0.06809859685164577
2000/S1_a_2000/S2,2001/S1,KIM,HCP,14,0.460684035680174,0.0395614035092726,1,0,1,-0.01982057416776406
2000/S1_a_2000/S2,2001/S1,EOP,AIV,15,0.468091689875223,0.0364766346036273,1,0,1,0.03848690587637116
2000/S1_a_2000/S2,2001/S1,PLD,GRMN,16,0.4683000591940072,0.0415304423460283,7,6,1,0.612888536399226
2000/S1_a_2000/S2,2001/S1,SPG,MAC,17,0.4691373429252508,0.04221172996622,1,1,0,0.13136627374453402
2000/S1_a_2000/S2,2001/S1,D,AYE,18,0.4744723611989911,0.0409266407823425,1,0,1,-0.11394350893105354
2000/S1_a_2000/S2,2001/S1,GGP,PLD,19,0.4996769923551483,0.0445920700199739,2,1,1,0.06055728166019314
2000/S1_a_2000/S2,2001/S1,KIM,GGP,20,0.5101281769927937,0.0419521283672446,2,1,1,0.1001057647669602
2000/S2_a_2001/S1,2001/S2,MCAI,GIDL,1,0.0558283810587454,0.0116844836042392,1,0,1,-0.05697609360312206
2000/S2_a_2001/S1,2001/S2,BF_B,1958Q,2,0.0678358416193987,0.016396655752468,4,4,0,0.1897679845933854
2000/S2_a_2001/S1,2001/S2,8375930Q,COP,3,0.0808418098181391,0.0084665207213027,1,0,1,-0.0062262925655804935
2000/S2_a_2001/S1,2001/S2,MHFI,SPGI,4,0.129398954368753,0.0206683588362791,5,5,0,0.38757836228933074
2000/S2_a_2001/S1,2001/S2,EOP,BXP,5,0.2239555773190886,0.0216908269479479,1,0,1,-0.04033501781066118
2000/S2_a_2001/S1,2001/S2,MCAI,PLD,6,0.242781893256506,0.027813811863307,2,2,0,0.11013948679780117
2000/S2_a_2001/S1,2001/S2,0574018D,PLD,7,0.2496662276237202,0.0300195874097497,1,1,0,0.0686295177095183
2000/S2_a_2001/S1,2001/S2,SNV,MTB,8,0.2825880687987592,0.033560568579067,2,1,1,-0.05489745215081121
2000/S2_a_2001/S1,2001/S2,GIDL,PLD,9,0.3194779478250211,0.0270508983038319,2,1,1,0.009344648470829608
2000/S2_a_2001/S1,2001/S2,SPG,PSA,10,0.325978781292747,0.0264685416619192,1,0,1,-0.06418548852317119
2000/S2_a_2001/S1,2001/S2,AIV,BXP,11,0.3425417315138475,0.0369241026350841,1,0,1,-0.003450902162249636
2000/S2_a_2001/S1,2001/S2,NYT,KRI,12,0.3454497692636096,0.036479300423108,2,1,1,0.04880504984050493
2000/S2_a_2001/S1,2001/S2,GIDL,KIM,13,0.3500804920015525,0.0346686027879514,1,0,1,-0.08637905468258478
2000/S2_a_2001/S1,2001/S2,MCAI,KIM,14,0.3507639410106549,0.0292474776690184,1,0,1,-0.02940296107946272
2000/S2_a_2001/S1,2001/S2,739306Q,8394653Q,15,0.352018803138435,0.037519511459846,0,0,0,0.0
2000/S2_a_2001/S1,2001/S2,AIV,PLD,16,0.3535676489767638,0.0337820820698348,1,0,1,0.012831465714667756
2000/S2_a_2001/S1,2001/S2,0574018D,VNO,17,0.3598108570122349,0.033155014190019,2,1,1,0.06913584776737025
2000/S2_a_2001/S1,2001/S2,KIM,SLG,18,0.3797524938036076,0.0389461373801841,2,1,1,0.10668240865148171
2000/S2_a_2001/S1,2001/S2,AIV,VNO,19,0.3935191870889412,0.0388681530662131,1,0,1,-0.03838462929120523
2000/S2_a_2001/S1,2001/S2,CL,HNZ,20,0.409209756493567,0.0368226337345578,2,1,1,0.15792382155593743
2001/S1_a_2001/S2,2002/S1,GIDL,PSX,1,0.0244776968179394,0.006437179106775,1,0,1,-0.012598824221646154
2001/S1_a_2001/S2,2002/S1,8375930Q,COP,2,0.0582723207836011,0.007865258109861,1,0,1,-0.0058929817277662
2001/S1_a_2001/S2,2002/S1,BF_B,1958Q,3,0.1030207205354827,0.0136097907061116,8,8,0,0.365000616036937
2001/S1_a_2001/S2,2002/S1,AEE,SCG,4,0.107165435089314,0.0182158751791944,2,1,1,0.017980928932257556
2001/S1_a_2001/S2,2002/S1,NMK,GIDL,5,0.1455097486917793,0.0217960962352742,1,0,1,-0.0223207139916467
2001/S1_a_2001/S2,2002/S1,NMK,PSX,6,0.1749628614001039,0.0193511820984108,1,0,1,-0.01222511333985088
2001/S1_a_2001/S2,2002/S1,8394653Q,PLD,7,0.1906692126189568,0.0271820184626481,2,1,1,0.0934748625850218
2001/S1_a_2001/S2,2002/S1,EQR,0574018D,8,0.2130208372778952,0.0243601602741294,1,1,0,0.05180955535924092
2001/S1_a_2001/S2,2002/S1,ETR,AEE,9,0.2489862649635483,0.0314991672409284,1,0,1,0.044953955327734496
2001/S1_a_2001/S2,2002/S1,VNO,SLG,10,0.2619468026131244,0.0291197177306501,2,1,1,0.10649965032792275
2001/S1_a_2001/S2,2002/S1,ETR,SCG,11,0.2685642119448062,0.0324011018764432,1,1,0,0.09410899200483946
2001/S1_a_2001/S2,2002/S1,1288652D,SCG,12,0.2781718373273065,0.0296615166367792,2,1,1,0.024234954852620616
2001/S1_a_2001/S2,2002/S1,EOP,AIV,13,0.2798182991305111,0.0331289539662305,1,0,1,-0.0035024222786047554
2001/S1_a_2001/S2,2002/S1,D,CIN,14,0.2801629910496785,0.0327948225123896,1,0,1,0.01218172663054451
2001/S1_a_2001/S2,2002/S1,WYE,SCG,15,0.2808041273161734,0.0333974880348138,2,1,1,-0.1471878749061698
2001/S1_a_2001/S2,2002/S1,544791Q,1051665D,16,0.2874469199156237,0.0298327322727652,0,0,0,0.0
2001/S1_a_2001/S2,2002/S1,AVB,PLD,17,0.2910696072586347,0.0265650186727042,1,0,1,-0.16779916683832874
2001/S1_a_2001/S2,2002/S1,TEG,PSX,18,0.294440958118912,0.0255059525413423,1,0,1,-0.12917659313378926
2001/S1_a_2001/S2,2002/S1,UPC,3133754Q,19,0.2965414479032233,0.0345807477813897,1,0,1,0.0025637052593769916
2001/S1_a_2001/S2,2002/S1,8394653Q,AVB,20,0.301623717075131,0.0310715989147348,1,0,1,-0.14603159725024328
2001/S2_a_2002/S1,2002/S2,MHFI,SPGI,1,0.0558530839088575,0.0147352233083009,12,12,0,0.7724206236458984
2001/S2_a_2002/S1,2002/S2,8375930Q,COP,2,0.0658534606548073,0.0079388324284792,1,0,1,-2.6834685964427507e-06
2001/S2_a_2002/S1,2002/S2,GIDL,PSX,3,0.0670070431992826,0.0082575167000287,1,0,1,-0.011493832211230126
2001/S2_a_2002/S1,2002/S2,BF_B,1958Q,4,0.0796823291072996,0.0134095586006166,10,10,0,0.4558590318920478
2001/S2_a_2002/S1,2002/S2,WFC,MTB,5,0.1773507169198183,0.0266510562285516,3,2,1,0.21988764628765445
2001/S2_a_2002/S1,2002/S2,WFC,355488Q,6,0.1847516949628698,0.0273818242357026,3,2,1,0.14471403361617263
2001/S2_a_2002/S1,2002/S2,KEY,MTB,7,0.1868844316495028,0.0239057395720164,3,3,0,0.1859550884179687
2001/S2_a_2002/S1,2002/S2,355488Q,MTB,8,0.1931254668388646,0.0279369131656804,2,1,1,0.08900388773239098
2001/S2_a_2002/S1,2002/S2,2676187Q,GAS,9,0.203153049512764,0.0286866588446285,3,2,1,0.13539488285732026
2001/S2_a_2002/S1,2002/S2,1255173D,KEY,10,0.2089040470985423,0.0277705221748443,1,0,1,0.0010860988083197798
2001/S2_a_2002/S1,2002/S2,EQR,AVB,11,0.2117868128386817,0.0286653993510937,2,1,1,0.07112709669381223
2001/S2_a_2002/S1,2002/S2,DDR,GGP,12,0.2142710379919208,0.0274236103098438,1,0,1,-0.03719774178337576
2001/S2_a_2002/S1,2002/S2,SPG,PLD,13,0.2220514363473285,0.0280878470478414,1,0,1,-0.032610314344129754
2001/S2_a_2002/S1,2002/S2,PEG,ES,14,0.223939137155412,0.021007134700963,1,0,1,0.034561939269703745
2001/S2_a_2002/S1,2002/S2,2676187Q,BXP,15,0.2307667214444109,0.0306023966516579,5,5,0,0.3961724760803549
2001/S2_a_2002/S1,2002/S2,WFC,KEY,16,0.2352755442171883,0.0291052707550766,3,2,1,0.21377092099390116
2001/S2_a_2002/S1,2002/S2,AIV,BXP,17,0.2387204390652755,0.0232995861207558,1,0,1,-0.07669059343901852
2001/S2_a_2002/S1,2002/S2,STI,BBT,18,0.2450158405773095,0.0315273544533213,1,0,1,-0.06779731671336764
2001/S2_a_2002/S1,2002/S2,PBI,AIV,19,0.2453033205756583,0.0315574221099828,3,3,0,0.30784370963823193
2001/S2_a_2002/S1,2002/S2,TXU,SCG,20,0.2488381729461934,0.0316937407175352,1,0,1,-0.7607751478515173
2002/S1_a_2002/S2,2003/S1,GIDL,PSX,1,0.0655075144747456,0.0080704762704297,1,0,1,-0.01124676824137727
2002/S1_a_2002/S2,2003/S1,BF_B,1958Q,2,0.1045228546282714,0.0165157420659215,2,2,0,0.1671005832901714
2002/S1_a_2002/S2,2003/S1,BBT,2676187Q,3,0.1241040553800303,0.0170434216884223,1,0,1,-0.057491303583415365
2002/S1_a_2002/S2,2003/S1,KRI,TMK,4,0.1265207453814696,0.0219520703101812,2,1,1,0.013500345481679332
2002/S1_a_2002/S2,2003/S1,SPG,DDR,5,0.1723262170249881,0.0260648115147343,1,0,1,-0.08946364902110993
2002/S1_a_2002/S2,2003/S1,HBAN,MTB,6,0.1761953678376357,0.0264493286247024,0,0,0,0.0
2002/S1_a_2002/S2,2003/S1,EOP,EQR,7,0.1974393987672442,0.0250917680969182,2,2,0,0.11678070554828046
2002/S1_a_2002/S2,2003/S1,HBAN,355488Q,8,0.210081541111208,0.0239752766612228,1,0,1,0.030370022599566115
2002/S1_a_2002/S2,2003/S1,STI,NCC,9,0.2162026104690539,0.0290356960465682,1,0,1,-0.11655092038657844
2002/S1_a_2002/S2,2003/S1,PG,3393199Q,10,0.2173667075164758,0.0291749332858635,3,2,1,0.16600072696286727
2002/S1_a_2002/S2,2003/S1,GPC,EOP,11,0.2268615069202724,0.0293790131049275,0,0,0,0.0
2002/S1_a_2002/S2,2003/S1,AEE,PSX,12,0.2323719755005413,0.0295319801737962,3,2,1,0.1328949413685202
2002/S1_a_2002/S2,2003/S1,WFC,MTB,13,0.2357232988164241,0.0275967181087721,2,2,0,0.12125005493761554
2002/S1_a_2002/S2,2003/S1,355488Q,MTB,14,0.238344830650135,0.0251947156105274,1,0,1,0.03687184692410095
2002/S1_a_2002/S2,2003/S1,GIDL,AEE,15,0.2420648831089238,0.0303299882275767,3,2,1,0.1343599994462078
2002/S1_a_2002/S2,2003/S1,MHFI,SPGI,16,0.2454165654946791,0.0177126543649344,3,3,0,0.17443106029680389
2002/S1_a_2002/S2,2003/S1,FMCC,MI,17,0.2531422078311038,0.0312374023520614,3,2,1,0.013745471029576017
2002/S1_a_2002/S2,2003/S1,WFC,355488Q,18,0.2557053948319208,0.0316106037427907,2,2,0,0.12375087423174991
2002/S1_a_2002/S2,2003/S1,8394653Q,MAC,19,0.2571778138228637,0.0319973385996344,1,0,1,-0.004037786526444487
2002/S1_a_2002/S2,2003/S1,NBL,NFX,20,0.2581152582473578,0.0317931980167001,2,2,0,0.1644733004876947
2002/S2_a_2003/S1,2003/S2,GIDL,PSX,1,0.063736311146556,0.0080341856796317,1,0,1,-0.011224027861746144
2002/S2_a_2003/S1,2003/S2,355488Q,RF,2,0.0798761124021325,0.0105884938842411,1,0,1,-0.01800786975582469
2002/S2_a_2003/S1,2003/S2,BF_B,1958Q,3,0.0841363340957741,0.0151730472044858,2,2,0,0.08478479847879217
2002/S2_a_2003/S1,2003/S2,SPG,8394653Q,4,0.1232764156247867,0.0220884611872437,1,0,1,0.010240940486728745
2002/S2_a_2003/S1,2003/S2,355488Q,MTB,5,0.16005563054199,0.0238065221189985,1,0,1,-0.012472880757722238
2002/S2_a_2003/S1,2003/S2,UNH,502466Q,6,0.1619643262632166,0.0252806676484815,2,2,0,0.17637235095750547
2002/S2_a_2003/S1,2003/S2,NEE,EXC,7,0.1633789812640884,0.0255047047679161,1,0,1,-0.09395084490918848
2002/S2_a_2003/S1,2003/S2,MHFI,SPGI,8,0.165424632008353,0.0192745848071412,0,0,0,0.0
2002/S2_a_2003/S1,2003/S2,BXP,ESS,9,0.1689227258673895,0.0254549687936469,2,2,0,0.11189496606371852
2002/S2_a_2003/S1,2003/S2,EQR,SLG,10,0.1738158025118537,0.0260872839749691,3,2,1,0.09118578263262211
2002/S2_a_2003/S1,2003/S2,SOV,8206908Q,11,0.181075353378219,0.0266507824071817,1,0,1,-0.2448294027418806
2002/S2_a_2003/S1,2003/S2,SCG,PBCT,12,0.1851551717696793,0.0265153718825963,1,0,1,-0.07358022734749448
2002/S2_a_2003/S1,2003/S2,KEY,RF,13,0.1904124546322236,0.0242790816396828,1,0,1,-0.05092623260174767
2002/S2_a_2003/S1,2003/S2,8394653Q,O,14,0.1927979209124828,0.0249612299084189,2,1,1,0.006516753008880216
2002/S2_a_2003/S1,2003/S2,1255173D,8206908Q,15,0.205440573591602,0.028444576505779,1,0,1,0.01913031264634857
2002/S2_a_2003/S1,2003/S2,PG,TGNA,16,0.206185367694843,0.0285856387130791,2,1,1,0.0509505387306326
2002/S2_a_2003/S1,2003/S2,KSE,HRL,17,0.2082537990724517,0.0286169310657415,2,1,1,0.09087024883957329
2002/S2_a_2003/S1,2003/S2,MTB,8206908Q,18,0.2100839103055705,0.0254722132674487,2,1,1,0.07810414636432383
2002/S2_a_2003/S1,2003/S2,HBAN,1436513D,19,0.2112782906428947,0.0289837678575187,1,0,1,-0.1108248529640542
2002/S2_a_2003/S1,2003/S2,JCI,HBAN,20,0.2112790083259597,0.02898398276828,1,0,1,-0.1108254775140769
2003/S1_a_2003/S2,2004/S1,GIDL,PSX,1,0.0617708819812605,0.0078288358060182,1,0,1,-0.010986793605765932
2003/S1_a_2003/S2,2004/S1,PNAA,PSX,2,0.0694906348753079,0.0083036382977113,1,0,1,-0.011677766136083623
2003/S1_a_2003/S2,2004/S1,NEE,AEE,3,0.090203335577371,0.0188063789440594,2,1,1,0.08671301950878407
2003/S1_a_2003/S2,2004/S1,HBAN,MTB,4,0.0934016992073338,0.0160015583120722,1,0,1,-0.10482031681613169
2003/S1_a_2003/S2,2004/S1,355488Q,RF,5,0.1028182398797525,0.0114224973791888,1,0,1,2.4151038325204155e-05
2003/S1_a_2003/S2,2004/S1,TGNA,HBAN,6,0.1055926567237293,0.0199767282090984,5,4,1,0.18253378218983474
2003/S1_a_2003/S2,2004/S1,WFC,STI,7,0.1335031131914092,0.0223015495883725,3,2,1,0.17651319374691044
2003/S1_a_2003/S2,2004/S1,WWY,PNAA,8,0.1423200875648831,0.0232013854005834,1,0,1,-0.09875724135448394
2003/S1_a_2003/S2,2004/S1,EOP,O,9,0.1429404876508897,0.0219916460670512,4,3,1,0.10975338391573441
2003/S1_a_2003/S2,2004/S1,WWY,GIDL,10,0.1438065470916285,0.0231238327585618,1,0,1,-0.09803916213222474
2003/S1_a_2003/S2,2004/S1,TGNA,MTB,11,0.1474179714432466,0.0234482323500069,2,1,1,0.025005478564477768
2003/S1_a_2003/S2,2004/S1,0961514D,KSE,12,0.1514702692720106,0.0240300263279832,1,0,1,0.024868540438808484
2003/S1_a_2003/S2,2004/S1,WFC,3621240Q,13,0.1535333616502612,0.0221152649622507,1,0,1,-0.10737389159898869
2003/S1_a_2003/S2,2004/S1,TGNA,WFC,14,0.160300034471561,0.0251439473730003,3,2,1,0.09551529196229569
2003/S1_a_2003/S2,2004/S1,HSY,HBAN,15,0.164517038672102,0.0253050093939586,3,2,1,0.03560346848679685
2003/S1_a_2003/S2,2004/S1,KRI,HBAN,16,0.1653748893495503,0.0235825569462857,5,4,1,0.20602676725119862
2003/S1_a_2003/S2,2004/S1,STI,3621240Q,17,0.1655134074962916,0.0251477684028395,1,0,1,-0.11519514705186629
2003/S1_a_2003/S2,2004/S1,BF_B,1958Q,18,0.1670206548417354,0.0134014749569038,6,6,0,0.15860659707222602
2003/S1_a_2003/S2,2004/S1,HSY,605018Q,19,0.170562670767481,0.0258991211861583,3,2,1,0.30022130049781703
2003/S1_a_2003/S2,2004/S1,HBAN,605018Q,20,0.1708973844376942,0.0251789611470884,1,0,1,-0.20857353647786137
2003/S2_a_2004/S1,2004/S2,MHFI,SPGI,1,0.032582012204898,0.011075204761851,8,8,0,0.24355017532245415
2003/S2_a_2004/S1,2004/S2,355488Q,RF,2,0.0577562600107057,0.0076953202055651,1,0,1,0.0
2003/S2_a_2004/S1,2004/S2,GIDL,PSX,3,0.0602482878106229,0.00780179370947,1,0,1,-0.010967992110484825
2003/S2_a_2004/S1,2004/S2,PNAA,PSX,4,0.0678882284450423,0.008281697171599,1,0,1,-0.011667418793188
2003/S2_a_2004/S1,2004/S2,NEE,SO,5,0.0750480022605302,0.0124001160926434,3,2,1,0.07947117297134598
2003/S2_a_2004/S1,2004/S2,HLS,PSX,6,0.0845650032734965,0.0092430955625025,1,0,1,-0.012083857138825982
2003/S2_a_2004/S1,2004/S2,BF_B,1958Q,7,0.1049624428212609,0.0097748339226949,9,9,0,0.2902684628969041
2003/S2_a_2004/S1,2004/S2,XEL,TEG,8,0.1080081365595333,0.0205643032941186,3,3,0,0.1311851769112078
2003/S2_a_2004/S1,2004/S2,MCAI,HLS,9,0.1088513853135282,0.0104867059006204,0,0,0,0.0
2003/S2_a_2004/S1,2004/S2,0961514D,KSE,10,0.1117828580344166,0.0209489489910393,1,0,1,-0.01048913089806025
2003/S2_a_2004/S1,2004/S2,D,SO,11,0.1128724276858861,0.0200633397370208,1,0,1,-0.004508669975083812
2003/S2_a_2004/S1,2004/S2,3393199Q,PSX,12,0.1360231936139371,0.0231033163683528,1,0,1,0.020146856915040146
2003/S2_a_2004/S1,2004/S2,D,PGL,13,0.1475662951256708,0.0242450475262447,1,1,0,0.05402363533952259
2003/S2_a_2004/S1,2004/S2,C,NI,14,0.1476142663468636,0.0231386665002516,1,0,1,-0.04765843477773479
2003/S2_a_2004/S1,2004/S2,AEE,KSE,15,0.1497139300403205,0.0229716185331434,3,2,1,0.10312442400081168
2003/S2_a_2004/S1,2004/S2,0961514D,AEE,16,0.1502078169033893,0.023778778881266,1,0,1,-0.04737526079785237
2003/S2_a_2004/S1,2004/S2,CIN,KSE,17,0.1551905036835705,0.0214542995483539,2,1,1,0.06782150761837369
2003/S2_a_2004/S1,2004/S2,PG,CLX,18,0.155821938227973,0.0232329616919719,2,1,1,0.015410677197612577
2003/S2_a_2004/S1,2004/S2,3393199Q,HLS,19,0.1632361764261531,0.0219388572375101,1,0,1,-0.013659648908992184
2003/S2_a_2004/S1,2004/S2,ED,NEE,20,0.1642210299389717,0.0252595508260917,2,1,1,0.016695033017725458
2004/S1_a_2004/S2,2005/S1,BF_B,1958Q,1,0.0341819791207171,0.0097842926522093,10,10,0,0.34453462493129605
2004/S1_a_2004/S2,2005/S1,MHFI,SPGI,2,0.0466123873726473,0.0109082771485673,15,15,0,0.4977181252897165
2004/S1_a_2004/S2,2005/S1,GIDL,PSX,3,0.0588982105998638,0.0076378556431127,1,0,1,-0.0019621145762707126
2004/S1_a_2004/S2,2005/S1,PNAA,PSX,4,0.0664780396041919,0.0081144576414743,1,0,1,-0.011137213280786096
2004/S1_a_2004/S2,2005/S1,XEL,CIN,5,0.0753280304412555,0.017252521920463,3,3,0,0.12191351884236701
2004/S1_a_2004/S2,2005/S1,HLS,PSX,6,0.0779716406493662,0.0087879733628289,1,0,1,-0.011219202792134952
2004/S1_a_2004/S2,2005/S1,CEG,SO,7,0.0886979222975696,0.0186973425995941,1,0,1,-0.13048990122111725
2004/S1_a_2004/S2,2005/S1,XEL,TEG,8,0.0941269998646703,0.0183534400704893,1,0,1,-0.018707575866846793
2004/S1_a_2004/S2,2005/S1,8394653Q,KIM,9,0.097009974727598,0.0194434603163091,4,3,1,0.10619304843931332
2004/S1_a_2004/S2,2005/S1,D,WFC,10,0.0988806722790514,0.0197515455098915,1,0,1,-0.06009938669495862
2004/S1_a_2004/S2,2005/S1,CEG,AEE,11,0.1094464808535349,0.020498382057334,1,0,1,-0.05848278418864328
2004/S1_a_2004/S2,2005/S1,SO,AEE,12,0.1139371808657188,0.0204642915616722,1,0,1,-0.022454315530357594
2004/S1_a_2004/S2,2005/S1,CEG,CIN,13,0.1184249451413279,0.0196991301964497,1,0,1,-0.18162601507595422
2004/S1_a_2004/S2,2005/S1,KIM,O,14,0.1306223319247692,0.0215582142587999,2,1,1,0.055291706660941076
2004/S1_a_2004/S2,2005/S1,XEL,CEG,15,0.1351010254247739,0.0219260816709823,1,0,1,-0.17681685748619602
2004/S1_a_2004/S2,2005/S1,NEE,CIN,16,0.1351724468041766,0.0219360909866614,1,0,1,-0.03062996582411559
2004/S1_a_2004/S2,2005/S1,GIS,HNZ,17,0.1405405655200411,0.0229022021260763,1,0,1,-0.0012230881542643068
2004/S1_a_2004/S2,2005/S1,MEL,MS,18,0.1423732359975815,0.0236306229200343,1,1,0,0.06982648677601311
2004/S1_a_2004/S2,2005/S1,CBE,UPS,19,0.1435176335290862,0.0196221554454981,1,0,1,-0.06220754341158885
2004/S1_a_2004/S2,2005/S1,D,TEG,20,0.1441723354007535,0.0213059477905999,3,2,1,0.10147284218996089
2004/S2_a_2005/S1,2005/S2,MHFI,SPGI,1,0.0477305068271789,0.0127556946685749,8,8,0,0.29349840981037334
2004/S2_a_2005/S1,2005/S2,PNAA,PSX,2,0.0647745027014252,0.008032756744552,1,0,1,-0.011061560504833867
2004/S2_a_2005/S1,2005/S2,BF_B,1958Q,3,0.065940304437845,0.011325070587674,12,11,1,0.4087463411045237
2004/S2_a_2005/S1,2005/S2,HLS,PSX,4,0.071751223341721,0.0084542916705814,1,0,1,-0.010847887502620113
2004/S2_a_2005/S1,2005/S2,TMK,MSFT,5,0.0869472136271269,0.0183724291411561,2,2,0,0.12657598040885043
2004/S2_a_2005/S1,2005/S2,STI,KEY,6,0.0956834889267383,0.0192809392043179,2,2,0,0.08297614301679068
2004/S2_a_2005/S1,2005/S2,XEL,CIN,7,0.09984913855385,0.0182780769090887,1,1,0,0.035474431582596555
2004/S2_a_2005/S1,2005/S2,GE,STI,8,0.1024353693074999,0.0182029077581002,3,2,1,0.08363516005292737
2004/S2_a_2005/S1,2005/S2,BAC,KSE,9,0.1123320390815934,0.0205403023071264,2,1,1,-0.001906697480326569
2004/S2_a_2005/S1,2005/S2,BAC,WFC,10,0.1183834808612118,0.0170445858503916,1,0,1,0.023258448846768975
2004/S2_a_2005/S1,2005/S2,T,NCC,11,0.1184184523574458,0.0210287813991595,4,3,1,0.13129692122895453
2004/S2_a_2005/S1,2005/S2,WFC,PNW,12,0.1199411957193206,0.0201734689373432,2,1,1,0.025811143412549753
2004/S2_a_2005/S1,2005/S2,SNV,MI,13,0.1203430889210039,0.021600301705344,2,1,1,0.08204974571568713
2004/S2_a_2005/S1,2005/S2,K,WWY,14,0.1220660312009158,0.021943522465068,2,1,1,0.09631835192479843
2004/S2_a_2005/S1,2005/S2,WFC,USB,15,0.1279158337359831,0.0215672178839092,0,0,0,0.0
2004/S2_a_2005/S1,2005/S2,1288652D,FII,16,0.1295056171944679,0.019443198869593,1,0,1,-0.03879267896855043
2004/S2_a_2005/S1,2005/S2,USB,8206908Q,17,0.1395352295803604,0.0233337101204208,2,1,1,0.07416789440572236
2004/S2_a_2005/S1,2005/S2,PNW,MI,18,0.1395539785057735,0.0218103262876581,3,2,1,0.1150601364374021
2004/S2_a_2005/S1,2005/S2,XL,FII,19,0.1402628402308892,0.0233686954458866,1,0,1,-0.24309324969882884
2004/S2_a_2005/S1,2005/S2,BAC,PNW,20,0.1405671859690755,0.0230645057161495,2,1,1,0.03959635970360209
2005/S1_a_2005/S2,2006/S1,PNAA,PSX,1,0.061479399435143,0.007842246770273,1,0,1,-0.010916032017221244
2005/S1_a_2005/S2,2006/S1,HLS,PSX,2,0.0643212378754469,0.0080214502218459,1,0,1,-0.010429749149726941
2005/S1_a_2005/S2,2006/S1,BF_B,1958Q,3,0.0701322620583368,0.0138018555306686,10,10,0,0.37222488166661494
2005/S1_a_2005/S2,2006/S1,T,USB,4,0.075836918586333,0.0171018092751321,2,1,1,-0.033490645359065985
2005/S1_a_2005/S2,2006/S1,EQR,0574018D,5,0.0767498284171779,0.0160885110777236,3,2,1,0.0156318356698808
2005/S1_a_2005/S2,2006/S1,K,WWY,6,0.0978434295303714,0.0195873883133436,1,0,1,-0.23951002638295316
2005/S1_a_2005/S2,2006/S1,EXC,PEG,7,0.0994553198233916,0.0150577688231633,2,1,1,0.04182688382413702
2005/S1_a_2005/S2,2006/S1,STI,KEY,8,0.1024364883182897,0.0200799133729967,1,0,1,0.03303345590620255
2005/S1_a_2005/S2,2006/S1,3393199Q,MDLZ,9,0.1032902113950626,0.0197693108173163,3,3,0,0.1938017417712088
2005/S1_a_2005/S2,2006/S1,WFC,STI,10,0.1039258935288103,0.0178647028866931,1,0,1,-0.00612809699778738
2005/S1_a_2005/S2,2006/S1,SNV,MI,11,0.1066130028987117,0.0203041254313808,2,1,1,-0.010916072379933861
2005/S1_a_2005/S2,2006/S1,K,PSX,12,0.1070589020578154,0.0201756798513386,2,1,1,0.007101396326989029
2005/S1_a_2005/S2,2006/S1,BAC,C,13,0.1101894660961306,0.0209344425505169,1,0,1,0.0021904837105034547
2005/S1_a_2005/S2,2006/S1,WFC,BLS,14,0.1140342739842026,0.0154287877482608,1,0,1,-0.17261954455060147
2005/S1_a_2005/S2,2006/S1,CIN,SCG,15,0.1140759915629132,0.0212722345384032,1,0,1,-0.07502985327257983
2005/S1_a_2005/S2,2006/S1,JNJ,SJM,16,0.1158908000669498,0.0197949052535162,1,1,0,0.1365034145264643
2005/S1_a_2005/S2,2006/S1,T,BLS,17,0.1177627786939865,0.0162931017393965,3,2,1,-0.05196243277180013
2005/S1_a_2005/S2,2006/S1,K,HLS,18,0.1185873367156773,0.0195788648647719,3,2,1,0.08885175391621458
2005/S1_a_2005/S2,2006/S1,XEL,SCG,19,0.1201849815352034,0.0217192398427756,2,1,1,0.017068264115484122
2005/S1_a_2005/S2,2006/S1,WFC,KEY,20,0.1204373120586979,0.0205716852191627,1,1,0,0.050723312112979424
2005/S2_a_2006/S1,2006/S2,USB,MTB,1,0.0391605067406999,0.0124611416904968,2,1,1,-0.062052670887701944
2005/S2_a_2006/S1,2006/S2,MHFI,SPGI,2,0.0502555330540417,0.0139820071760919,7,7,0,0.27931838162143174
2005/S2_a_2006/S1,2006/S2,BF_B,1958Q,3,0.0523105758111341,0.013785554309523,4,4,0,0.13430519832448728
2005/S2_a_2006/S1,2006/S2,HLS,PSX,4,0.0607903926721746,0.0077934129399768,4,3,1,0.10591271086291265
2005/S2_a_2006/S1,2006/S2,PNAA,PSX,5,0.0612952318996349,0.0078257065780254,1,0,1,-0.010774262443951521
2005/S2_a_2006/S1,2006/S2,ED,SO,6,0.0616399274521768,0.0151800543634978,2,1,1,0.04982846872039681
2005/S2_a_2006/S1,2006/S2,AEE,SCG,7,0.0931371274626826,0.0190761601622595,1,0,1,0.020143860037912797
2005/S2_a_2006/S1,2006/S2,ETR,AEE,8,0.096503982781428,0.0186299393390198,1,0,1,-0.15225398203248108
2005/S2_a_2006/S1,2006/S2,DUK,POM,9,0.099245342588631,0.0178613416224183,1,1,0,0.042022869701519916
2005/S2_a_2006/S1,2006/S2,PBG,MTB,10,0.1016717865634291,0.0194628560275826,2,1,1,0.04475702366813239
2005/S2_a_2006/S1,2006/S2,AEE,PNW,11,0.1081072116075461,0.0196796123128923,1,0,1,-0.10494315971604296
2005/S2_a_2006/S1,2006/S2,BAC,WFC,12,0.1128938588129813,0.0146964332274389,1,0,1,-0.025884559139364494
2005/S2_a_2006/S1,2006/S2,WFC,MTB,13,0.1145149361639141,0.0189552848483453,1,0,1,0.0037973011821865743
2005/S2_a_2006/S1,2006/S2,WFC,TMK,14,0.121944622508181,0.0191469613020083,2,2,0,0.07657628866180466
2005/S2_a_2006/S1,2006/S2,K,KO,15,0.1230355126857603,0.0220711632608022,2,1,1,0.08097888511049711
2005/S2_a_2006/S1,2006/S2,0111145D,WEC,16,0.1243116632293777,0.01694588767821,3,2,1,0.09744111440939851
2005/S2_a_2006/S1,2006/S2,WFC,USB,17,0.1299479653050639,0.020903725696952,2,1,1,0.015122808087684403
2005/S2_a_2006/S1,2006/S2,TMK,MTB,18,0.1302778460237732,0.0227570252066889,2,1,1,0.06153174955798579
2005/S2_a_2006/S1,2006/S2,JNJ,AEE,19,0.1313771959343626,0.022862396123839,2,2,0,0.10163382143213573
2005/S2_a_2006/S1,2006/S2,DUK,ES,20,0.1333069705564753,0.0222999202198469,1,0,1,-0.13972855332816725
2006/S1_a_2006/S2,2007/S1,BF_B,1958Q,1,0.0322074954765412,0.0113483443044661,5,5,0,0.17593620740036642
2006/S1_a_2006/S2,2007/S1,MHFI,SPGI,2,0.0507361118709468,0.0139796973811743,13,13,0,0.4399663352097647
2006/S1_a_2006/S2,2007/S1,PNAA,PSX,3,0.0577507464398081,0.0076087185175408,1,0,1,-0.010636148194911765
2006/S1_a_2006/S2,2007/S1,MI,MTB,4,0.089297768873962,0.0174401427078387,1,0,1,-0.1033551972524166
2006/S1_a_2006/S2,2007/S1,ED,SO,5,0.091443604052074,0.0155143303848671,2,2,0,0.05812157393871076
2006/S1_a_2006/S2,2007/S1,SRE,WEC,6,0.0988233117004711,0.0197110591351471,1,0,1,-0.11518374759089967
2006/S1_a_2006/S2,2007/S1,GIS,USB,7,0.111963716324908,0.0211618622310982,2,1,1,0.03644349630426191
2006/S1_a_2006/S2,2007/S1,0111145D,WEC,8,0.1195186604387572,0.0218266813552592,3,2,1,0.10162661116907501
2006/S1_a_2006/S2,2007/S1,AEE,SCG,9,0.1248957876308622,0.0220934940332876,1,1,0,0.05146545558503446
2006/S1_a_2006/S2,2007/S1,KMB,MET,10,0.1302218629125491,0.0226827703022269,1,0,1,-0.04872635786119406
2006/S1_a_2006/S2,2007/S1,CL,PFG,11,0.1310173941366201,0.0222962575208089,1,1,0,0.04787453041872891
2006/S1_a_2006/S2,2007/S1,KO,DUK,12,0.1395224534635417,0.02314484193627,2,1,1,-0.015822208835153173
2006/S1_a_2006/S2,2007/S1,HLS,PSX,13,0.1430886112837015,0.0233351187078441,3,2,1,-0.0745097512440892
2006/S1_a_2006/S2,2007/S1,XL,CB,14,0.1457390814393306,0.0215299886818115,3,2,1,0.05899495323024939
2006/S1_a_2006/S2,2007/S1,HBAN,PSX,15,0.1459714390125555,0.0229956495835853,1,0,1,0.03453769655384997
2006/S1_a_2006/S2,2007/S1,JNJ,AEE,16,0.1487050946176396,0.0240584703188422,4,4,0,0.2152556099720826
2006/S1_a_2006/S2,2007/S1,POM,WEC,17,0.1502974453369461,0.0244640226635298,2,1,1,-0.03302455220610234
2006/S1_a_2006/S2,2007/S1,ED,AEE,18,0.1519443900384658,0.020580562671646,1,0,1,0.006508351511522625
2006/S1_a_2006/S2,2007/S1,ALL,MET,19,0.1532466088688124,0.0239383663366029,1,0,1,-0.058558123783176486
2006/S1_a_2006/S2,2007/S1,SCHW,ABKFQ,20,0.1552596583446757,0.0249065776249049,3,2,1,0.1409824309324622
2006/S2_a_2007/S1,2007/S2,SCHW,KSE,1,0.0268883099067807,0.0081960606144437,0,0,0,0.0
2006/S2_a_2007/S1,2007/S2,BF_B,1958Q,2,0.0360602951228656,0.0094336154958607,21,20,1,0.9008469621079461
2006/S2_a_2007/S1,2007/S2,LNC,MET,5,0.0614177392146757,0.0156110016468963,1,0,1,-0.08608104518817816
2006/S2_a_2007/S1,2007/S2,MHFI,SPGI,6,0.0624176915741827,0.0158128241446935,13,13,0,0.8398577605184164
2006/S2_a_2007/S1,2007/S2,KSE,MI,7,0.0824605507076512,0.017311835365381,1,0,1,-0.04215916068501102
2006/S2_a_2007/S1,2007/S2,K,SCHW,8,0.0892691876230173,0.0189197541509102,1,1,0,0.04221587227315737
2006/S2_a_2007/S1,2007/S2,FE,POM,9,0.0899198539104872,0.0170591118900384,5,4,1,0.1584725437729474
2006/S2_a_2007/S1,2007/S2,SCHW,MI,10,0.1060722574218289,0.0206249035965226,1,0,1,-0.3300987428205021
2006/S2_a_2007/S1,2007/S2,PG,MKC,11,0.1065315418863974,0.0206839771222172,1,0,1,-0.08876479696420125
2006/S2_a_2007/S1,2007/S2,K,KSE,12,0.1103316875457949,0.0198047615826174,1,0,1,0.007205443073309947
2006/S2_a_2007/S1,2007/S2,K,TMK,13,0.1166658967898683,0.0210741159167631,1,0,1,-0.06101749141866253
2006/S2_a_2007/S1,2007/S2,DUK,0961514D,14,0.1228624214439833,0.0186160886955248,3,2,1,0.07835103671010912
2006/S2_a_2007/S1,2007/S2,BBT,AEE,15,0.124615762065332,0.0212149305562342,2,1,1,-0.2301646850300656
2006/S2_a_2007/S1,2007/S2,JNJ,BAC,16,0.1246179380430021,0.0210428791276486,3,2,1,-0.09594687690996462
2006/S2_a_2007/S1,2007/S2,1255173D,KEY,17,0.1253871614244417,0.0197111213263799,2,1,1,0.0006285287229873537
2006/S2_a_2007/S1,2007/S2,ED,SCG,18,0.1346797007812483,0.0178644251486854,2,2,0,0.10135858255531549
2006/S2_a_2007/S1,2007/S2,1255173D,BBT,19,0.1351251387349066,0.0230970641855448,1,0,1,0.014829890612128027
2006/S2_a_2007/S1,2007/S2,9876566D,CLX,20,0.1356567583059131,0.0232698416587015,5,5,0,0.38845147304542105
2007/S1_a_2007/S2,2008/S1,HET,SCHW,1,0.0363080505078414,0.0120500846013186,0,0,0,0.0
2007/S1_a_2007/S2,2008/S1,ED,0961514D,2,0.0793498249255435,0.0115758417372568,2,1,1,0.010725793143936846
2007/S1_a_2007/S2,2008/S1,MHFI,SPGI,3,0.0880987003996551,0.0153683602044814,5,5,0,0.39627001751228463
2007/S1_a_2007/S2,2008/S1,9876566D,CB,4,0.1001728366364886,0.0185640211404323,3,3,0,0.13582113221672798
2007/S1_a_2007/S2,2008/S1,9876566D,TRV,5,0.1075583824363093,0.0196506376810064,2,1,1,-0.013200066993501958
2007/S1_a_2007/S2,2008/S1,GIS,HNZ,6,0.1106075209454502,0.020993904117125,4,4,0,0.18194460930302403
2007/S1_a_2007/S2,2008/S1,SCHW,GHC,7,0.1145233807976637,0.0213951447535964,1,0,1,-0.2901923542668461
2007/S1_a_2007/S2,2008/S1,BF_B,1958Q,8,0.120605479674964,0.0154059562482113,13,12,1,0.6597103932806921
2007/S1_a_2007/S2,2008/S1,KMB,GIS,9,0.1237349156212985,0.0222166900217925,1,0,1,-0.1332495698861026
2007/S1_a_2007/S2,2008/S1,ED,SCG,10,0.1308491653883265,0.0213770988843466,1,0,1,-0.03484076745969922
2007/S1_a_2007/S2,2008/S1,0961514D,SCG,11,0.1354060907770531,0.0226393739916012,1,0,1,0.012194042417812856
2007/S1_a_2007/S2,2008/S1,KMB,PSX,12,0.1383866772408737,0.0192280045698765,1,0,1,-0.08510529567073888
2007/S1_a_2007/S2,2008/S1,HET,GHC,13,0.1474058585054081,0.0242785667188555,1,0,1,-0.023427449774991338
2007/S1_a_2007/S2,2008/S1,0961514D,TEG,14,0.1544817361279342,0.0232961153071701,1,0,1,-0.04518096888084078
2007/S1_a_2007/S2,2008/S1,ED,DUK,15,0.1559327217890995,0.0183234851543099,1,0,1,-0.06286265640705202
2007/S1_a_2007/S2,2008/S1,JNJ,AEE,16,0.1564199041750953,0.0228573894935089,1,0,1,-0.12907003426872543
2007/S1_a_2007/S2,2008/S1,DD,WIN,17,0.1629043929406179,0.0238270937892148,2,1,1,0.10401278486707122
2007/S1_a_2007/S2,2008/S1,0961514D,WEC,18,0.1629839175513439,0.0204138275467618,1,0,1,-0.03779282733011413
2007/S1_a_2007/S2,2008/S1,KMB,HNZ,19,0.1656282744156669,0.0256211230697048,1,0,1,-0.1247880182549812
2007/S1_a_2007/S2,2008/S1,3393199Q,HET,20,0.1754237902363229,0.0264811889186335,1,0,1,-0.039872546275483756
2007/S2_a_2008/S1,2008/S2,MHFI,SPGI,1,0.0631540359207178,0.0158479566529075,13,13,0,2.042853301845838
2007/S2_a_2008/S1,2008/S2,BF_B,1958Q,2,0.0811288720715879,0.0175445614648652,14,14,0,1.130807849764356
2007/S2_a_2008/S1,2008/S2,XEL,DUK,3,0.0865731192639032,0.0184880097368064,5,4,1,0.1367260624901966
2007/S2_a_2008/S1,2008/S2,ED,0961514D,4,0.0956790991947968,0.0194205196237087,3,3,0,0.19272244724125087
2007/S2_a_2008/S1,2008/S2,FNMA,FMCC,5,0.1412446067489554,0.0236252391278259,1,1,0,0.10909520388343774
2007/S2_a_2008/S1,2008/S2,D,PPL,6,0.1502069201346785,0.0240275948013392,1,0,1,-0.1736977606197312
2007/S2_a_2008/S1,2008/S2,AEP,0961514D,7,0.1508460347093887,0.0238478294117643,1,0,1,-0.10540451815162499
2007/S2_a_2008/S1,2008/S2,XEL,SCG,8,0.1643993791710727,0.0217943679198077,5,4,1,0.3111277858817626
2007/S2_a_2008/S1,2008/S2,VZ,AEE,9,0.1716444094312237,0.0259670764420649,4,3,1,0.1797130417994235
2007/S2_a_2008/S1,2008/S2,SWY,CMS,10,0.1820885693712171,0.0268916802945367,5,4,1,0.40880624564343526
2007/S2_a_2008/S1,2008/S2,CPB,ADP,11,0.1886469266594304,0.0274129210289512,2,1,1,0.1456161935622764
2007/S2_a_2008/S1,2008/S2,XEL,WEC,12,0.1950300627994465,0.0266775255057379,2,1,1,0.1360446540974506
2007/S2_a_2008/S1,2008/S2,AEP,ED,13,0.1959466790264628,0.0276981348440425,1,0,1,-0.07965806537440268
2007/S2_a_2008/S1,2008/S2,CMCSK,TWC,14,0.1971869885068145,0.0261092008021311,2,1,1,0.12910423657791537
2007/S2_a_2008/S1,2008/S2,CMVT,GAS,15,0.1974219001660913,0.0279556226563644,1,1,0,0.13276369608901517
2007/S2_a_2008/S1,2008/S2,VNO,AVB,16,0.2051973563952742,0.0284043851058972,3,3,0,0.27033336461062707
2007/S2_a_2008/S1,2008/S2,DUK,SCG,17,0.2099081796782229,0.026466735574739,2,1,1,0.02338884979415823
2007/S2_a_2008/S1,2008/S2,D,WEC,18,0.2112158798150858,0.0280129019340384,2,1,1,0.09690964686761361
2007/S2_a_2008/S1,2008/S2,KMB,AEP,19,0.2116332123301276,0.0288531462572239,2,1,1,0.12393843377407499
2007/S2_a_2008/S1,2008/S2,KMB,0961514D,20,0.2134091000999092,0.0290585738597751,3,2,1,0.1950810022641627
2008/S1_a_2008/S2,2009/S1,XEL,SCG,1,0.1485821716249233,0.0240896155372379,1,0,1,0.022112567700887764
2008/S1_a_2008/S2,2009/S1,XEL,DUK,2,0.2048814408832413,0.0261935316714606,1,0,1,-0.020179741104702553
2008/S1_a_2008/S2,2009/S1,BF_B,1958Q,3,0.2152888565179864,0.0214335133710969,2,2,0,0.17448159820988096
2008/S1_a_2008/S2,2009/S1,PCG,0961514D,4,0.2375310375600747,0.0305147873502319,1,0,1,-0.008811854109367467
2008/S1_a_2008/S2,2009/S1,EIX,PPL,5,0.2542922388113311,0.0314331792621093,2,1,1,0.13191552970663034
2008/S1_a_2008/S2,2009/S1,XEL,0961514D,6,0.2580073004265273,0.031924862065055,1,0,1,0.06121703018580271
2008/S1_a_2008/S2,2009/S1,KMB,DUK,7,0.2661492805379453,0.0322648638886498,2,2,0,0.23327965048699906
2008/S1_a_2008/S2,2009/S1,PX,AME,8,0.2696638991422446,0.0324573496130704,2,1,1,0.11072430907526587
2008/S1_a_2008/S2,2009/S1,XEL,GPC,9,0.2775980807721794,0.0331900527915205,1,0,1,0.008606245003473179
2008/S1_a_2008/S2,2009/S1,XEL,PCG,10,0.2896378201025982,0.0334471978853963,1,0,1,0.011689195077258074
2008/S1_a_2008/S2,2009/S1,SCHW,PSX,11,0.2938869455367694,0.0170550285025694,1,1,0,0.032467579970790306
2008/S1_a_2008/S2,2009/S1,UTX,AEP,12,0.2995351952947658,0.0344219528014684,3,2,1,0.2986706211200707
2008/S1_a_2008/S2,2009/S1,XEL,GAS,13,0.3053564601995049,0.0346454458111324,1,1,0,0.11349266941899516
2008/S1_a_2008/S2,2009/S1,ETR,NEE,14,0.3148731308307901,0.0337078932546757,1,0,1,-0.14440691660744498
2008/S1_a_2008/S2,2009/S1,DTE,WEC,15,0.317933223660475,0.0339524785541255,1,0,1,0.0004803895376291889
2008/S1_a_2008/S2,2009/S1,ITW,PBI,16,0.3227367447881875,0.0350504984865807,3,2,1,0.14573287989630823
2008/S1_a_2008/S2,2009/S1,MHFI,SPGI,17,0.3236684107304199,0.0299484361714863,0,0,0,0.0
2008/S1_a_2008/S2,2009/S1,PG,0961514D,18,0.3240749070034781,0.0336017543868879,1,0,1,-0.09360174129225995
2008/S1_a_2008/S2,2009/S1,FDX,UPS,19,0.3296201034110595,0.0359036248608527,1,0,1,-0.002171720316208159
2008/S1_a_2008/S2,2009/S1,PCG,SCG,20,0.3328789905873464,0.0353162703563251,1,0,1,-0.03544160716593958
2008/S2_a_2009/S1,2009/S2,L,SE,1,0.1781763665905202,0.0265868652132793,1,0,1,0.05618593397975569
2008/S2_a_2009/S1,2009/S2,SCHW,PSX,2,0.2223629927760839,0.0154318689260011,2,1,1,0.018258195283086476
2008/S2_a_2009/S1,2009/S2,SLB,RIG,3,0.2467950062031434,0.0308759467629909,0,0,0,0.0
2008/S2_a_2009/S1,2009/S2,MDT,SYK,4,0.2495797491040434,0.030742675572412,2,1,1,0.10264951122356436
2008/S2_a_2009/S1,2009/S2,MHFI,SPGI,5,0.2633743558006927,0.0314016883833352,1,1,0,0.10523945968976223
2008/S2_a_2009/S1,2009/S2,NBR,CHK,6,0.278572905984376,0.0329323889744958,1,0,1,0.014099392465660276
2008/S2_a_2009/S1,2009/S2,SWK,EFX,7,0.2884985822839212,0.0339020524678518,1,0,1,-0.20256225615252188
2008/S2_a_2009/S1,2009/S2,XEL,WEC,8,0.3098137005546277,0.0332393177614149,1,1,0,0.07779605161216685
2008/S2_a_2009/S1,2009/S2,HAL,EP,9,0.3111451834946308,0.0344898534914815,1,0,1,-0.08108719915881646
2008/S2_a_2009/S1,2009/S2,NE,CAM,10,0.3290601143600327,0.0353328344716784,1,0,1,-0.007627773970175555
2008/S2_a_2009/S1,2009/S2,JNJ,DUK,11,0.331356918202232,0.0315541135396388,1,0,1,0.00785249640848995
2008/S2_a_2009/S1,2009/S2,HON,DOV,12,0.3326543174698599,0.0301533350431389,2,1,1,0.09023815455720074
2008/S2_a_2009/S1,2009/S2,0961514D,WEC,13,0.3330037881773933,0.0317397672056268,1,0,1,-0.017597641457072766
2008/S2_a_2009/S1,2009/S2,UTX,PM,14,0.3336361787639816,0.0362673469059441,4,3,1,0.23522898347381926
2008/S2_a_2009/S1,2009/S2,WMB,EP,15,0.3347663576507784,0.0365188121958823,1,0,1,0.0007281254475912657
2008/S2_a_2009/S1,2009/S2,ADP,ES,16,0.3354990046645412,0.0365497992888894,2,2,0,0.18721620113821713
2008/S2_a_2009/S1,2009/S2,DOV,ARG,17,0.3398665294068905,0.0348752310902896,1,0,1,0.014733498321410132
2008/S2_a_2009/S1,2009/S2,ITW,WIN,18,0.3611663179642619,0.0376117343164212,2,2,0,0.2515633318738165
2008/S2_a_2009/S1,2009/S2,WMB,XEC,19,0.3626457394703095,0.0362891958365374,1,0,1,-0.14914651046869942
2008/S2_a_2009/S1,2009/S2,HAL,BJS,20,0.3739030873016418,0.026820770406853,1,1,0,0.12568844976518367
2009/S1_a_2009/S2,2010/S1,BF_B,1958Q,1,0.0646599799990781,0.0158806372831907,6,6,0,0.2839669643102113
2009/S1_a_2009/S2,2010/S1,DGX,LH,2,0.1374662526188785,0.0234022524615803,1,0,1,-0.15494640917711222
2009/S1_a_2009/S2,2010/S1,0961514D,ES,3,0.1505360945338907,0.0239925266902169,1,0,1,-0.00452574048947485
2009/S1_a_2009/S2,2010/S1,JNJ,0961514D,4,0.161903785987306,0.0250467548170858,2,1,1,0.07191221139960957
2009/S1_a_2009/S2,2010/S1,XEL,PCG,5,0.1662365911387269,0.0242849096633678,1,0,1,-0.0006044601846196818
2009/S1_a_2009/S2,2010/S1,EIX,JNJ,6,0.2025759697855846,0.0283975199217175,2,2,0,0.12307596015208377
2009/S1_a_2009/S2,2010/S1,ED,PCG,7,0.2109741810531886,0.0288586989143849,1,0,1,-0.006138386883829505
2009/S1_a_2009/S2,2010/S1,PG,WM,8,0.2140744966887382,0.0291687177862556,1,1,0,0.06089010087476754
2009/S1_a_2009/S2,2010/S1,ED,WEC,9,0.2172738487122387,0.0263302724641141,1,0,1,-0.009429864844446745
2009/S1_a_2009/S2,2010/S1,T,VZ,10,0.2200651264133171,0.0287499495572246,1,0,1,0.036798241523466
2009/S1_a_2009/S2,2010/S1,CPB,1281683D,11,0.23170395065506,0.0292233881057727,2,1,1,0.037585526847470296
2009/S1_a_2009/S2,2010/S1,K,CL,12,0.2322389484154428,0.0302535224752708,3,3,0,0.1798965584260831
2009/S1_a_2009/S2,2010/S1,CLX,LH,13,0.2358552788623455,0.0304866763805432,0,0,0,0.0
2009/S1_a_2009/S2,2010/S1,XEL,WEC,14,0.2395934757826125,0.0308413769498604,1,0,1,-0.014938097278795026
2009/S1_a_2009/S2,2010/S1,EIX,0961514D,15,0.2507745521228912,0.0312079142268893,1,1,0,0.07980017265760009
2009/S1_a_2009/S2,2010/S1,XEL,ED,16,0.256439541475288,0.029901878661862,0,0,0,0.0
2009/S1_a_2009/S2,2010/S1,D,SCG,17,0.2620404536116325,0.0316595336096846,1,0,1,0.0048381883840575846
2009/S1_a_2009/S2,2010/S1,CPB,DUK,18,0.2647135326003536,0.0317465363877441,1,0,1,-0.02222272771231737
2009/S1_a_2009/S2,2010/S1,HNZ,1281683D,19,0.2849393775460953,0.0308698163522293,1,0,1,-0.03515575195316434
2009/S1_a_2009/S2,2010/S1,CVX,ADP,20,0.2958290167751443,0.0244857484611849,2,1,1,0.034641021264437355
2009/S2_a_2010/S1,2010/S2,BF_B,1958Q,1,0.092138320680533,0.0164392753841982,7,7,0,0.277298093824082
2009/S2_a_2010/S1,2010/S2,XEL,SCG,2,0.1006857056647732,0.0176676489628688,1,0,1,0.009306024878348418
2009/S2_a_2010/S1,2010/S2,T,EIX,3,0.1554823083706651,0.0227742698184061,1,1,0,0.056550030152986985
2009/S2_a_2010/S1,2010/S2,ETR,AEE,4,0.1599144318352046,0.0226001881154526,1,0,1,-0.16340116924402126
2009/S2_a_2010/S1,2010/S2,JNJ,WMT,5,0.1623606063944862,0.021079432202778,2,2,0,0.1170585167136039
2009/S2_a_2010/S1,2010/S2,SO,0961514D,6,0.1637504539901328,0.0253455520385527,1,0,1,-0.0021377690598770593
2009/S2_a_2010/S1,2010/S2,EIX,0961514D,7,0.1787157736906692,0.0265914226340252,1,1,0,0.0859175254866279
2009/S2_a_2010/S1,2010/S2,MCD,MKC,8,0.1793097198033137,0.0261262186826703,2,1,1,0.05558299875038486
2009/S2_a_2010/S1,2010/S2,ED,WM,9,0.1955264275363788,0.0278699870579356,2,1,1,0.07008251149919287
2009/S2_a_2010/S1,2010/S2,MHFI,SPGI,10,0.1994276741964995,0.0215103018783537,2,2,0,0.15253052027883351
2009/S2_a_2010/S1,2010/S2,CMS,POM,11,0.2024015303852593,0.02777681961031,1,0,1,-0.027492032635446084
2009/S2_a_2010/S1,2010/S2,AEP,ED,12,0.2034601116936301,0.0276584268547002,1,0,1,-0.016993691696798652
2009/S2_a_2010/S1,2010/S2,0111145D,WM,13,0.2108447300779516,0.0261310055639967,1,0,1,-0.05794820655546329
2009/S2_a_2010/S1,2010/S2,CMS,PNW,14,0.2149898181190792,0.023573498589831,1,0,1,-0.03207558499609309
2009/S2_a_2010/S1,2010/S2,ED,WEC,15,0.2171269568411844,0.0293914833510188,1,0,1,0.002456275349089654
2009/S2_a_2010/S1,2010/S2,JNJ,PCG,16,0.2189080148095854,0.0287665091063582,1,0,1,-0.08673543272710138
2009/S2_a_2010/S1,2010/S2,ED,0111145D,17,0.2230078387393632,0.0276889307550883,4,3,1,0.15151366120953624
2009/S2_a_2010/S1,2010/S2,SO,LH,18,0.2297384312528265,0.0289136985883812,1,1,0,0.07235512777146025
2009/S2_a_2010/S1,2010/S2,XEL,PCG,19,0.2334322674089435,0.0286085307978783,2,1,1,0.1006841566400396
2009/S2_a_2010/S1,2010/S2,XEL,ES,20,0.2385208268158294,0.0306291400495102,1,0,1,-0.024503540441486393
2010/S1_a_2010/S2,2011/S1,TE,SCG,1,0.060666561140465,0.0154119854905525,2,1,1,-0.043193841637044206
2010/S1_a_2010/S2,2011/S1,MHFI,SPGI,2,0.0614743032323872,0.0154495693964165,6,6,0,0.26852323939889167
2010/S1_a_2010/S2,2011/S1,ED,SCG,3,0.0900058975505544,0.0184571497874274,2,1,1,-0.023252283547482766
2010/S1_a_2010/S2,2011/S1,ED,0961514D,4,0.0937689062418485,0.0189389244205785,2,2,0,0.07554310706268041
2010/S1_a_2010/S2,2011/S1,BF_B,1958Q,5,0.0943974715428339,0.0142528243367106,5,5,0,0.2113660684963482
2010/S1_a_2010/S2,2011/S1,EIX,IBM,6,0.1032340754529741,0.020107774328507,1,0,1,-0.05850680567257849
2010/S1_a_2010/S2,2011/S1,SO,WEC,7,0.1033005386668719,0.0168343636914876,2,2,0,0.06950570125340072
2010/S1_a_2010/S2,2011/S1,AEP,DUK,8,0.1065113849605268,0.0194623834754201,1,1,0,0.047734876208425536
2010/S1_a_2010/S2,2011/S1,ED,TE,9,0.108367321443211,0.0198080472719502,1,1,0,0.040335522326406026
2010/S1_a_2010/S2,2011/S1,XEL,SCG,10,0.1208806582739043,0.014722509283479,2,1,1,0.01593664094153624
2010/S1_a_2010/S2,2011/S1,UTX,ADP,11,0.1238751787969931,0.0222007955666094,2,1,1,0.07831954698785781
2010/S1_a_2010/S2,2011/S1,JNJ,WMT,12,0.1238886018202833,0.019015367778193,3,2,1,0.07770372878290388
2010/S1_a_2010/S2,2011/S1,ED,DUK,13,0.1332025988707528,0.0184278415097525,1,0,1,0.0027804068275185667
2010/S1_a_2010/S2,2011/S1,PNW,NI,14,0.1356318894411288,0.0232456577555305,1,0,1,-0.03786151044581332
2010/S1_a_2010/S2,2011/S1,BMS,WM,15,0.1370948272536907,0.0233378557990971,2,2,0,0.11115927044507035
2010/S1_a_2010/S2,2011/S1,MMM,WM,16,0.1395718690963576,0.0235196934855378,1,1,0,0.06126569388408476
2010/S1_a_2010/S2,2011/S1,CPB,CLX,17,0.1399936901552791,0.0234259190216474,1,0,1,-0.0259148252692053
2010/S1_a_2010/S2,2011/S1,XEL,PNW,18,0.1438270100126146,0.0170788768585135,1,0,1,-0.0012447514028366413
2010/S1_a_2010/S2,2011/S1,CNP,POM,19,0.1447263255358848,0.0177815311041342,1,0,1,-0.06335242070723612
2010/S1_a_2010/S2,2011/S1,9876566D,PNW,20,0.150597590502457,0.0224355022893152,3,3,0,0.14864340849618618
2010/S2_a_2011/S1,2011/S2,ED,PNW,1,0.0431577479030238,0.0130062327040202,1,0,1,-0.05250227631466842
2010/S2_a_2011/S1,2011/S2,XEL,SO,2,0.0602376594085853,0.014707051091449,1,0,1,-0.008728632711341944
2010/S2_a_2011/S1,2011/S2,0961514D,PNW,3,0.0689810656496092,0.0162419685380792,1,0,1,-0.051507335556056355
2010/S2_a_2011/S1,2011/S2,XEL,DUK,4,0.0722683639477281,0.0153250363431428,1,0,1,-0.013419536628531126
2010/S2_a_2011/S1,2011/S2,ED,0961514D,5,0.0788369267886537,0.0176052558992372,2,2,0,0.08489185490894657
2010/S2_a_2011/S1,2011/S2,BF_B,1958Q,6,0.0814528136286298,0.0128160301807752,27,27,0,1.2871578213130794
2010/S2_a_2011/S1,2011/S2,MHFI,SPGI,7,0.083547920356068,0.0180264214448384,24,24,0,1.286970209411127
2010/S2_a_2011/S1,2011/S2,DUK,SO,8,0.0867952142920103,0.0141787650481083,1,1,0,0.027904397161281236
2010/S2_a_2011/S1,2011/S2,HNZ,MDLZ,9,0.0957386621518026,0.0188267021763217,2,1,1,-0.002649381210887203
2010/S2_a_2011/S1,2011/S2,ED,WEC,10,0.1285208486170859,0.0164270849044554,1,0,1,-0.03644152725956551
2010/S2_a_2011/S1,2011/S2,PNW,WEC,11,0.1399934700679068,0.0189255970104876,1,1,0,0.04128455006165177
2010/S2_a_2011/S1,2011/S2,MCD,SO,12,0.1412639911953874,0.0230779160121692,1,0,1,-0.025146434772262083
2010/S2_a_2011/S1,2011/S2,ED,SO,13,0.1552573707117517,0.0155135467519846,1,0,1,0.008939329630659243
2010/S2_a_2011/S1,2011/S2,KMB,CLX,14,0.1574630478917242,0.0247617017944031,3,2,1,0.04273000150137507
2010/S2_a_2011/S1,2011/S2,VTR,O,15,0.1634458705066208,0.0235972177769986,4,4,0,0.2557261282061716
2010/S2_a_2011/S1,2011/S2,PEP,PPL,16,0.1661344103085866,0.0233754116562298,1,0,1,-0.054046673269925405
2010/S2_a_2011/S1,2011/S2,BMY,PEP,17,0.1720527438118324,0.0239991800615822,1,0,1,-0.24205242677724914
2010/S2_a_2011/S1,2011/S2,DUK,HNZ,18,0.1765787674709145,0.0260708705738933,2,1,1,-0.025264315347410582
2010/S2_a_2011/S1,2011/S2,XEL,O,19,0.1791217573467065,0.0254780661280188,1,0,1,-0.06625943726323336
2010/S2_a_2011/S1,2011/S2,AEE,POM,20,0.1831369004697762,0.0263896766188155,2,1,1,0.034484631245730646
2011/S1_a_2011/S2,2012/S1,CMS,WEC,1,0.0660840856075992,0.0161675530746243,1,0,1,-0.033309426976914636
2011/S1_a_2011/S2,2012/S1,PNW,WEC,2,0.0692124507181688,0.0154808530134446,1,0,1,-0.034843577702568185
2011/S1_a_2011/S2,2012/S1,BF_B,1958Q,3,0.0775692871150113,0.016769947097359,4,4,0,0.1685746972879768
2011/S1_a_2011/S2,2012/S1,CMS,PNW,4,0.0841556413967055,0.0177152728608452,1,0,1,0.033701616516238264
2011/S1_a_2011/S2,2012/S1,WMT,SCG,5,0.0980376722577602,0.0178853539680138,3,2,1,0.055369135252269164
2011/S1_a_2011/S2,2012/S1,DUK,SO,6,0.0988580315770377,0.0151203978858908,2,1,1,-0.012973960419549457
2011/S1_a_2011/S2,2012/S1,NEE,ES,7,0.1092763633823779,0.0207710504033526,1,0,1,-0.041066249926761444
2011/S1_a_2011/S2,2012/S1,TEG,POM,8,0.1101304090731218,0.0181098038389071,2,1,1,-0.01749376334745567
2011/S1_a_2011/S2,2012/S1,9876566D,CB,9,0.1194480003331364,0.0210596494737514,3,2,1,0.12175990531460446
2011/S1_a_2011/S2,2012/S1,XEL,WEC,10,0.1266155640456645,0.0142522979715054,1,0,1,-0.06105455443252428
2011/S1_a_2011/S2,2012/S1,XEL,CMS,11,0.1270669856894528,0.0124604081702691,1,0,1,-0.0011815182702767935
2011/S1_a_2011/S2,2012/S1,MHFI,SPGI,12,0.1336809756520551,0.0227426277870167,0,0,0,0.0
2011/S1_a_2011/S2,2012/S1,ABT,MDLZ,13,0.1386780048842411,0.0213653490518942,2,1,1,-0.010587570371789923
2011/S1_a_2011/S2,2012/S1,XEL,AEP,14,0.1410521188495295,0.0236371000025998,1,0,1,-0.026433717514788624
2011/S1_a_2011/S2,2012/S1,POM,WEC,15,0.1454916135286339,0.0219636599313314,1,0,1,-0.14993221829018166
2011/S1_a_2011/S2,2012/S1,VTR,O,16,0.1457976331973896,0.0239972276129533,1,0,1,0.008663339506628676
2011/S1_a_2011/S2,2012/S1,DTE,GAS,17,0.1468630112601658,0.0226168184797764,1,0,1,-0.1666071388949415
2011/S1_a_2011/S2,2012/S1,TE,MKC,18,0.1514482492226534,0.0244935684270201,1,0,1,-0.15801813949866472
2011/S1_a_2011/S2,2012/S1,LLY,MDLZ,19,0.1565964545538918,0.024968528963749,2,1,1,0.0526521438264661
2011/S1_a_2011/S2,2012/S1,CMS,POM,20,0.1569181329649609,0.0223359380577488,1,0,1,-0.0906831583463823
2011/S2_a_2012/S1,2012/S2,DUK,0961514D,1,0.0553198656274389,0.0140580653071813,1,0,1,0.0
2011/S2_a_2012/S1,2012/S2,BF_B,1958Q,2,0.0655564518895062,0.0161599095835272,4,4,0,0.13384975640068275
2011/S2_a_2012/S1,2012/S2,CMS,WEC,3,0.0801108754144479,0.0173847719730518,2,1,1,0.03189568856705949
2011/S2_a_2012/S1,2012/S2,DTE,PNW,4,0.101378638045503,0.0180815812872091,2,1,1,0.025872369466720224
2011/S2_a_2012/S1,2012/S2,VTR,HCN,5,0.1026717202596501,0.0178583813545103,1,0,1,0.021355389929480828
2011/S2_a_2012/S1,2012/S2,ED,SO,6,0.102912774093852,0.0193855125480026,1,0,1,0.013445013102931891
2011/S2_a_2012/S1,2012/S2,XEL,CMS,7,0.1131871963377761,0.0204036221373926,1,0,1,-0.07472638198384352
2011/S2_a_2012/S1,2012/S2,EIX,DTE,8,0.1153641167119303,0.0208986389937334,2,1,1,0.060379582441016155
2011/S2_a_2012/S1,2012/S2,NEE,MKC,9,0.1168969360484197,0.0215603900055026,3,2,1,0.07871042590418487
2011/S2_a_2012/S1,2012/S2,DUK,SCG,10,0.1185608141681768,0.0214763055329797,1,0,1,0.01906752395088185
2011/S2_a_2012/S1,2012/S2,SO,AEE,11,0.1236775480106189,0.0216199018649044,2,2,0,0.09579827601537727
2011/S2_a_2012/S1,2012/S2,XEL,DTE,12,0.1261202745861283,0.0204776649828248,1,0,1,-0.0665063004565104
2011/S2_a_2012/S1,2012/S2,DTE,CMS,13,0.1268098860388136,0.0167368135808473,1,1,0,0.030688120734088886
2011/S2_a_2012/S1,2012/S2,LLY,DTE,14,0.1270117091777365,0.0224314910794351,2,1,1,-0.010876852775619783
2011/S2_a_2012/S1,2012/S2,XEL,PNW,15,0.128069553672617,0.0137903221411205,1,0,1,-0.03945058935612289
2011/S2_a_2012/S1,2012/S2,MHFI,SPGI,16,0.1315019818640621,0.0195051475676097,4,3,1,0.11515392122432999
2011/S2_a_2012/S1,2012/S2,DUK,SO,17,0.1387475200355084,0.0220562739711317,2,1,1,0.05199382749267878
2011/S2_a_2012/S1,2012/S2,ED,AEE,18,0.14048617352978,0.0236439794594474,1,1,0,0.04649903729279348
2011/S2_a_2012/S1,2012/S2,XOM,ADP,19,0.1428105332250311,0.0206232604500791,1,1,0,0.040684419803573846
2011/S2_a_2012/S1,2012/S2,CAH,ABC,20,0.1450997429334961,0.0235754684615401,1,0,1,-0.040037938697288
2012/S1_a_2012/S2,2013/S1,AVB,ESS,1,0.0326737306363611,0.0114543808597788,1,0,1,-0.06174476528068862
2012/S1_a_2012/S2,2013/S1,ED,AEE,2,0.0686334684913276,0.0161801219683415,1,0,1,-0.055679335386055184
2012/S1_a_2012/S2,2013/S1,XEL,D,3,0.0706590692923327,0.0139484289044899,1,0,1,-0.026834621978310325
2012/S1_a_2012/S2,2013/S1,D,PEG,4,0.0757639986201184,0.0156606859440778,2,1,1,0.02545778649942887
2012/S1_a_2012/S2,2013/S1,XEL,DUK,5,0.0814341113004957,0.0179069937849225,1,1,0,0.03501694335282335
2012/S1_a_2012/S2,2013/S1,XEL,STR,6,0.0839963999516157,0.0183092867378984,1,0,1,-0.0934093414164926
2012/S1_a_2012/S2,2013/S1,D,STR,7,0.0940459116736747,0.0160925306878828,1,0,1,-0.04548893142058452
2012/S1_a_2012/S2,2013/S1,DUK,STR,8,0.0975757610029859,0.0197664633746438,1,0,1,-0.0882981388107208
2012/S1_a_2012/S2,2013/S1,DTE,CMS,9,0.1037972191558083,0.0172263674780486,2,1,1,0.05892054069907249
2012/S1_a_2012/S2,2013/S1,XEL,SO,10,0.1039906479762748,0.017395471741156,1,0,1,-0.02497864726497201
2012/S1_a_2012/S2,2013/S1,NI,SCG,11,0.107385357701446,0.0206762527952717,1,0,1,-0.04884894381051519
2012/S1_a_2012/S2,2013/S1,JNJ,HNZ,12,0.1105025565460664,0.0192992959606766,1,0,1,0.12430596461367749
2012/S1_a_2012/S2,2013/S1,ED,PEG,13,0.1153184842319205,0.0214804269610895,1,0,1,-0.02698681126223801
2012/S1_a_2012/S2,2013/S1,MWV,BRK_B,14,0.1159562386815196,0.0215171307329615,4,3,1,0.15758296733139554
2012/S1_a_2012/S2,2013/S1,CPB,HNZ,15,0.1163768903609252,0.0211808132206548,3,3,0,0.22751934566493726
2012/S1_a_2012/S2,2013/S1,MHFI,SPGI,16,0.1173029142744326,0.0170859905297436,3,2,1,0.29630953535602655
2012/S1_a_2012/S2,2013/S1,D,DUK,17,0.1175821338060814,0.0181353235493855,1,0,1,-0.003486629315828327
2012/S1_a_2012/S2,2013/S1,PEG,AEE,18,0.1180377434932324,0.0216388752514137,1,1,0,0.04015410613127379
2012/S1_a_2012/S2,2013/S1,PNW,SCG,19,0.1195693440340619,0.0211783242150714,1,0,1,0.00030382922234084564
2012/S1_a_2012/S2,2013/S1,MMM,BRK_B,20,0.1213544934995525,0.0204635970368747,2,1,1,0.006030940672377194
2012/S2_a_2013/S1,2013/S2,BF_B,1958Q,1,0.0414370240507651,0.0114764908905488,7,7,0,0.2079721277547144
2012/S2_a_2013/S1,2013/S2,XEL,PEG,2,0.0685065834156262,0.0155208851017984,1,0,1,0.017182631555773598
2012/S2_a_2013/S1,2013/S2,POM,ES,3,0.0722619957981578,0.0169102214351774,1,0,1,-0.03159722941120413
2012/S2_a_2013/S1,2013/S2,MO,RAI,4,0.0883538882569041,0.0187826870986369,1,1,0,0.06292176268389649
2012/S2_a_2013/S1,2013/S2,XEL,WEC,5,0.0945040254221112,0.0195001091195777,1,0,1,-0.008034965050834675
2012/S2_a_2013/S1,2013/S2,SO,TE,6,0.0957534323493405,0.0194081000496,1,0,1,-0.04516917260152897
2012/S2_a_2013/S1,2013/S2,XEL,TEG,7,0.0971238984769229,0.0185621272408661,1,1,0,0.043852692147220984
2012/S2_a_2013/S1,2013/S2,PEG,SCG,8,0.1017913102742795,0.0150003494447486,1,0,1,0.009245880570696974
2012/S2_a_2013/S1,2013/S2,PNW,ES,9,0.1073305889467519,0.018695704099998,1,0,1,-0.03765390940897373
2012/S2_a_2013/S1,2013/S2,XEL,KO,10,0.1164945762058096,0.020779317045667,3,2,1,0.06855306297237052
2012/S2_a_2013/S1,2013/S2,PEG,AEE,11,0.1165870644975939,0.0213811495566112,2,1,1,-0.013856663365960031
2012/S2_a_2013/S1,2013/S2,XEL,AEE,12,0.1200553027084652,0.0218767890490236,1,0,1,-0.07088824454469855
2012/S2_a_2013/S1,2013/S2,TEG,WEC,13,0.1209526187860206,0.0206754160530987,1,0,1,-0.012560741910875972
2012/S2_a_2013/S1,2013/S2,DTE,CMS,14,0.1250245536867851,0.0176605855360559,0,0,0,0.0
2012/S2_a_2013/S1,2013/S2,D,SCG,15,0.1254773503042088,0.0224927937151884,1,0,1,-0.1609426795268819
2012/S2_a_2013/S1,2013/S2,KO,TEG,16,0.1268052205533081,0.022601347217203,3,2,1,0.08609283306419735
2012/S2_a_2013/S1,2013/S2,KO,MO,17,0.127517597469648,0.0222981265847683,1,0,1,-0.016732025231074643
2012/S2_a_2013/S1,2013/S2,BMS,PGR,18,0.1278014524663149,0.022512590252007,2,1,1,0.07758352354027098
2012/S2_a_2013/S1,2013/S2,VTR,HCN,19,0.1331980935019601,0.0209816018592576,1,1,0,0.04271996499112729
2012/S2_a_2013/S1,2013/S2,SPG,PSA,20,0.1364031780283312,0.0219215742046245,1,0,1,-0.028629237165457955
2013/S1_a_2013/S2,2014/S1,DTE,CMS,1,0.044067762624536,0.0132502366578612,1,0,1,0.0117429046029901
2013/S1_a_2013/S2,2014/S1,DTE,WEC,2,0.0445418428172388,0.0123478666574588,3,2,1,0.05373141334628928
2013/S1_a_2013/S2,2014/S1,CMS,WEC,3,0.0456329931112122,0.0125218711530126,2,1,1,0.04180882484375914
2013/S1_a_2013/S2,2014/S1,9876566D,TRV,4,0.0647877503052996,0.0135905663935594,1,0,1,-0.045440763086252445
2013/S1_a_2013/S2,2014/S1,XEL,ES,5,0.076164536516103,0.0137696352948401,1,1,0,0.02940270481062124
2013/S1_a_2013/S2,2014/S1,MTB,HCBK,6,0.0903792014081545,0.0164385290010611,1,0,1,-0.012411208009755148
2013/S1_a_2013/S2,2014/S1,ITW,SNA,7,0.0905795312660302,0.0188870033667964,2,1,1,0.06370422430424183
2013/S1_a_2013/S2,2014/S1,T,ED,8,0.0943565235110099,0.0193668725243802,4,3,1,0.24248323544729988
2013/S1_a_2013/S2,2014/S1,WMT,1958Q,9,0.1047916407179627,0.0203468992193252,1,0,1,-0.21368316856962266
2013/S1_a_2013/S2,2014/S1,UN,TE,10,0.1049117269911903,0.0204163010092887,3,2,1,0.12488862791173849
2013/S1_a_2013/S2,2014/S1,ED,TE,11,0.1166201639274504,0.0209869970819972,2,1,1,0.030930695759127658
2013/S1_a_2013/S2,2014/S1,PPL,ES,12,0.1171780858182955,0.0214174939268355,1,0,1,0.0077208350962599814
2013/S1_a_2013/S2,2014/S1,T,TE,13,0.1180874562626286,0.0208903372005345,4,3,1,0.10281293474984243
2013/S1_a_2013/S2,2014/S1,T,PM,14,0.1210400545251104,0.0217866867136856,2,1,1,0.0415431791783436
2013/S1_a_2013/S2,2014/S1,XEL,SCG,15,0.1210767394211416,0.0218761733648458,1,0,1,0.02672627833243535
2013/S1_a_2013/S2,2014/S1,BF_B,AEE,16,0.1214982511351081,0.0219897674193261,3,2,1,0.044414147987138386
2013/S1_a_2013/S2,2014/S1,EIX,ED,17,0.1303690776578605,0.0207017063107438,1,0,1,-0.1364563371514238
2013/S1_a_2013/S2,2014/S1,PNW,TEG,18,0.1309215393439444,0.0222250842877708,1,0,1,-0.15696290361717602
2013/S1_a_2013/S2,2014/S1,SNA,LLL,19,0.132636432320055,0.0208930968396497,1,0,1,-0.030910678988181783
2013/S1_a_2013/S2,2014/S1,UN,PM,20,0.1326760300607929,0.0226121785547871,1,0,1,-0.09174230684553275
2013/S2_a_2014/S1,2014/S2,BF_B,1958Q,1,0.0374072419499498,0.0117296303648611,12,12,0,0.38186301132380984
2013/S2_a_2014/S1,2014/S2,XEL,CMS,2,0.0497263412031543,0.0110413531946279,2,1,1,0.038803596094602266
2013/S2_a_2014/S1,2014/S2,CMS,ES,3,0.0539584415253102,0.0145319007477723,1,0,1,0.01753878194917169
2013/S2_a_2014/S1,2014/S2,XEL,ES,4,0.057448172801287,0.0107170394327818,2,2,0,0.03995893699990927
2013/S2_a_2014/S1,2014/S2,PG,WMT,5,0.0619242321986348,0.0128246921569407,2,1,1,0.057032791442691466
2013/S2_a_2014/S1,2014/S2,DTE,WEC,6,0.0788635577389413,0.0165726091821267,1,1,0,0.03516304972057893
2013/S2_a_2014/S1,2014/S2,SPG,MAC,7,0.0912459907497122,0.017999417674376,2,1,1,0.0509257378066591
2013/S2_a_2014/S1,2014/S2,MTB,BRK_B,8,0.0990111374808293,0.019419495386804,1,0,1,-0.08932747259781526
2013/S2_a_2014/S1,2014/S2,MTB,HCBK,9,0.1028589425457084,0.0090514961536736,1,0,1,0.01687057225092803
2013/S2_a_2014/S1,2014/S2,DTE,PPL,10,0.1083842229596712,0.0192810464351284,2,1,1,0.014348564334904057
2013/S2_a_2014/S1,2014/S2,PPL,CMS,11,0.112661176096708,0.0192116804013623,1,0,1,-0.03047142221007526
2013/S2_a_2014/S1,2014/S2,KO,MCD,12,0.1173796456866966,0.0214737365449743,1,0,1,-0.05903324216325301
2013/S2_a_2014/S1,2014/S2,LEG,KRFT,13,0.1192770487672305,0.0217457361528371,1,0,1,-0.10283553372000354
2013/S2_a_2014/S1,2014/S2,CL,CB,14,0.1219115225618452,0.0204647020719838,1,0,1,-0.03848945534809356
2013/S2_a_2014/S1,2014/S2,ITW,TMK,15,0.1239163816665041,0.0222036802949122,2,1,1,-0.010035169670141952
2013/S2_a_2014/S1,2014/S2,MRO,CVX,16,0.1278851580373157,0.0225271458700385,4,3,1,0.16290704370155895
2013/S2_a_2014/S1,2014/S2,BDX,USB,17,0.1308249273682804,0.0216071775567938,2,1,1,0.01465052344469786
2013/S2_a_2014/S1,2014/S2,HON,BDX,18,0.1313314231032336,0.0213550902848747,4,3,1,0.10578072560682894
2013/S2_a_2014/S1,2014/S2,9876566D,WM,19,0.1334068470491729,0.0228291972985312,2,1,1,0.032951520270028456
2013/S2_a_2014/S1,2014/S2,DTE,CMS,20,0.1340012871839917,0.0159888345145345,2,1,1,0.048311627106178645
2014/S1_a_2014/S2,2015/S1,BF_B,1958Q,1,0.0431727430490127,0.0125802732057538,4,4,0,0.13008845772757882
2014/S1_a_2014/S2,2015/S1,MHFI,SPGI,2,0.0491234246370595,0.0122650069202185,9,8,1,0.361235251528635
2014/S1_a_2014/S2,2015/S1,AEP,CMS,3,0.0661607413426281,0.0148463395213009,1,0,1,-0.032651159670439966
2014/S1_a_2014/S2,2015/S1,XEL,CMS,4,0.0756295613470001,0.0145059624335155,1,0,1,-0.0012837009423843915
2014/S1_a_2014/S2,2015/S1,EQR,AVB,5,0.0794907857754196,0.0175203277272022,1,1,0,0.029797326521963208
2014/S1_a_2014/S2,2015/S1,K,GIS,6,0.0799496198709448,0.0175257134567816,1,0,1,-0.05366931872825864
2014/S1_a_2014/S2,2015/S1,MMM,ITW,7,0.0951972148367303,0.019326180213829,1,0,1,0.027528792465351115
2014/S1_a_2014/S2,2015/S1,CVS,ALL,8,0.1045284242378556,0.0198931927312815,1,0,1,-0.16205301438882214
2014/S1_a_2014/S2,2015/S1,STI,USB,9,0.1047076031788947,0.0194381706977203,1,0,1,-0.026749216478470617
2014/S1_a_2014/S2,2015/S1,HIG,BLK,10,0.1080015019886104,0.0197286528876714,3,2,1,0.08909002065698512
2014/S1_a_2014/S2,2015/S1,VNO,BXP,11,0.1098612872227704,0.0200237854071637,1,0,1,-0.012343812268169496
2014/S1_a_2014/S2,2015/S1,SO,ES,12,0.1133058670441187,0.0208690286342068,1,0,1,0.008923536119196163
2014/S1_a_2014/S2,2015/S1,MTB,HCBK,13,0.1166682533677203,0.0170907006531431,1,0,1,0.011282610305219376
2014/S1_a_2014/S2,2015/S1,ABT,MMC,14,0.1174397398091287,0.0216207285726687,2,1,1,-0.0026017109534085536
2014/S1_a_2014/S2,2015/S1,ITW,CB,15,0.1190106610972634,0.0201582962226423,1,0,1,-0.03712115214703038
2014/S1_a_2014/S2,2015/S1,ALL,BRK_B,16,0.1192176819394035,0.019728399652728,1,0,1,-0.023910319788635892
2014/S1_a_2014/S2,2015/S1,PG,CB,17,0.1208172901386888,0.02121586716361,2,1,1,0.06355104996191707
2014/S1_a_2014/S2,2015/S1,AEP,PCG,18,0.1216544941989923,0.0217948827476733,1,0,1,-0.02986170715838099
2014/S1_a_2014/S2,2015/S1,SPG,SLG,19,0.1225168394723823,0.021717237296577,2,2,0,0.07221781888158962
2014/S1_a_2014/S2,2015/S1,PCG,CMS,20,0.1230710565215531,0.0199157298650306,3,2,1,0.08873000418501853
2014/S2_a_2015/S1,2015/S2,BF_B,1958Q,1,0.0325873760341437,0.0101406521976262,14,13,1,0.47825392531725597
2014/S2_a_2015/S1,2015/S2,PNC,STI,2,0.0402548726175382,0.0126229845663892,2,2,0,0.05417771846399555
2014/S2_a_2015/S1,2015/S2,WEC,ES,3,0.0460549241687431,0.0126666931560289,2,2,0,0.05180909419309587
2014/S2_a_2015/S1,2015/S2,FITB,RF,4,0.0523880154543121,0.0144093672908323,2,1,1,0.02217611479231041
2014/S2_a_2015/S1,2015/S2,MHFI,SPGI,5,0.0670626211519902,0.0133042476476917,12,12,0,0.5890090327309799
2014/S2_a_2015/S1,2015/S2,MTB,HCBK,6,0.0696437378239238,0.0166322109790445,1,0,1,-0.0063442449308894755
2014/S2_a_2015/S1,2015/S2,AIV,AVB,7,0.0747808644747465,0.0164656138963491,2,1,1,0.023387248427125584
2014/S2_a_2015/S1,2015/S2,TE,ES,8,0.0752525971760178,0.0163247041010471,1,0,1,-0.17141459422975647
2014/S2_a_2015/S1,2015/S2,XEL,TE,9,0.0775714302284313,0.016988941921749,1,0,1,-0.17824370869991946
2014/S2_a_2015/S1,2015/S2,TE,WEC,10,0.0830002313061868,0.0181585707849347,1,0,1,-0.17088913486270862
2014/S2_a_2015/S1,2015/S2,XEL,ES,11,0.0845455060535869,0.0183102693505699,1,0,1,0.016363573631129835
2014/S2_a_2015/S1,2015/S2,AEP,AEE,12,0.0902766209399033,0.0177741997129655,2,1,1,0.0545686568002377
2014/S2_a_2015/S1,2015/S2,VNO,O,13,0.0966569658543221,0.0192172214037538,1,0,1,-0.08547264196775495
2014/S2_a_2015/S1,2015/S2,EQR,AVB,14,0.0973741672964934,0.0196292143631777,1,1,0,0.037556180101036674
2014/S2_a_2015/S1,2015/S2,XEL,WEC,15,0.105029835379355,0.0201459731402337,1,0,1,0.026116440475614344
2014/S2_a_2015/S1,2015/S2,ITW,CINF,16,0.1070108757013486,0.0195475649863287,1,0,1,-0.1453287456663488
2014/S2_a_2015/S1,2015/S2,TMK,AME,17,0.1117927286138069,0.0199477580871958,2,2,0,0.09507418355289654
2014/S2_a_2015/S1,2015/S2,PCG,CMS,18,0.1141206766920959,0.0210807630271094,1,0,1,0.005508995048741583
2014/S2_a_2015/S1,2015/S2,DTE,TE,19,0.1146354615441396,0.0207916512383237,1,0,1,-0.20486254380816593
2014/S2_a_2015/S1,2015/S2,EIX,ES,20,0.1167713612751413,0.0199935662776371,2,1,1,0.018081564213601187
2015/S1_a_2015/S2,2016/S1,AEP,DTE,1,0.0462913029491574,0.0128322166233529,1,0,1,0.038767402950708574
2015/S1_a_2015/S2,2016/S1,DTE,ES,2,0.050425563919191,0.0134634975702713,2,1,1,0.036114563428403246
2015/S1_a_2015/S2,2016/S1,DTE,PNW,4,0.0554686708762801,0.0138551937740267,2,1,1,0.018755783444224128
2015/S1_a_2015/S2,2016/S1,PNW,ES,6,0.0673623809728951,0.0130253215492623,2,1,1,-0.007449202052642101
2015/S1_a_2015/S2,2016/S1,AEP,SO,8,0.070664981920629,0.0130104820374508,2,1,1,0.06958413346315839
2015/S1_a_2015/S2,2016/S1,AEP,ES,9,0.0723213917573843,0.0170083955341145,3,2,1,0.0702744877498126
2015/S1_a_2015/S2,2016/S1,SO,PNW,10,0.0745814237343438,0.0172598018654503,2,1,1,0.031927748601442985
2015/S1_a_2015/S2,2016/S1,SO,DTE,11,0.0793547472269438,0.0167318800679146,3,2,1,0.11263169158704445
2015/S1_a_2015/S2,2016/S1,PRU,RF,12,0.0798923984067414,0.017778516075153,4,4,0,0.1921872726860301
2015/S1_a_2015/S2,2016/S1,WFC,BBT,13,0.0848406312387624,0.015872113807807,2,2,0,0.09669885831042235
2015/S1_a_2015/S2,2016/S1,WFC,STI,14,0.0870864731660958,0.0180146453400328,1,0,1,0.08732109951326883
2015/S1_a_2015/S2,2016/S1,WEC,ES,15,0.0986052807699593,0.0159104046470198,1,0,1,-0.05236381034764337
2015/S1_a_2015/S2,2016/S1,SO,ES,17,0.1021423458461754,0.017185173515003,2,2,0,0.06999225950193
2015/S1_a_2015/S2,2016/S1,L,TROW,18,0.102362836127952,0.0198426791358582,2,1,1,0.024819203761423658
2015/S1_a_2015/S2,2016/S1,BXP,SLG,19,0.1055121918229815,0.0205039559526553,1,0,1,-0.07614128007005261
2015/S1_a_2015/S2,2016/S1,AEP,PNW,20,0.1064367973960997,0.0180504195437022,2,1,1,0.03926455956837349
2015/S2_a_2016/S1,2016/S2,PCG,DTE,1,0.0599888224680853,0.0151427103070901,3,2,1,0.0113927599283139
2015/S2_a_2016/S1,2016/S2,CMS,WEC,2,0.0655242262916999,0.0159178436544179,1,0,1,0.009682201174262328
2015/S2_a_2016/S1,2016/S2,WFC,PNC,3,0.0720607057995721,0.0141073187262577,2,1,1,-0.10643902508227832
2015/S2_a_2016/S1,2016/S2,JPM,MTB,4,0.091843134655619,0.0187721408604278,1,0,1,0.02322745814697691
2015/S2_a_2016/S1,2016/S2,PNW,WEC,5,0.0932387537204704,0.0187001524739039,1,0,1,-0.03387255852188498
2015/S2_a_2016/S1,2016/S2,AZO,ORLY,6,0.1034282411085314,0.0195486965045622,1,0,1,0.0008062765918042114
2015/S2_a_2016/S1,2016/S2,PEP,ADP,7,0.1235406092049515,0.0212474599539938,2,1,1,0.000829265501604115
2015/S2_a_2016/S1,2016/S2,EQR,AVB,8,0.1244605898258441,0.0210553712159288,1,1,0,0.05787350776704503
2015/S2_a_2016/S1,2016/S2,MMM,GPC,9,0.1271626540433317,0.0196463789578971,3,2,1,0.07954656170909846
2015/S2_a_2016/S1,2016/S2,XEL,PNW,10,0.1274851999071415,0.0167386700290567,1,0,1,-0.04584768364547087
2015/S2_a_2016/S1,2016/S2,CMS,PNW,11,0.1345977211733497,0.0219304197917565,1,0,1,-0.01651786189373916
2015/S2_a_2016/S1,2016/S2,ED,WEC,12,0.1365493550972587,0.0226995829034826,0,0,0,0.0
2015/S2_a_2016/S1,2016/S2,AIG,PNC,13,0.1404744588470521,0.0236566270191028,3,2,1,0.03640462361315577
2015/S2_a_2016/S1,2016/S2,EMR,FLR,14,0.1420049791350379,0.0225287432653059,6,5,1,0.39294224635832253
2015/S2_a_2016/S1,2016/S2,JPM,PNC,15,0.1445379957797286,0.0239765793653698,2,1,1,0.08239440989459901
2015/S2_a_2016/S1,2016/S2,AIG,WFC,16,0.1516836557726151,0.0227832154393061,1,0,1,0.03408560368947067
2015/S2_a_2016/S1,2016/S2,K,SO,17,0.1520851755260537,0.0235208514089605,5,4,1,0.20534519006348462
2015/S2_a_2016/S1,2016/S2,AEE,CMS,18,0.1529274198085204,0.022389541367538,1,0,1,-0.032372528027005965
2015/S2_a_2016/S1,2016/S2,AEP,SO,19,0.1554208102306802,0.0237661839840302,0,0,0,0.0
2015/S2_a_2016/S1,2016/S2,MET,IVZ,20,0.155619255720353,0.0230260751930533,2,1,1,-0.0310288306971106
2016/S1_a_2016/S2,2017/S1,DTE,SCG,1,0.0579919906213035,0.0145567416443316,1,0,1,-0.1577401242715304
2016/S1_a_2016/S2,2017/S1,PNW,SCG,2,0.0598914666288692,0.0119398130153113,1,0,1,-0.1554664409441453
2016/S1_a_2016/S2,2017/S1,ED,WEC,3,0.0695884872936858,0.0166040686166185,1,0,1,-0.013930773911616123
2016/S1_a_2016/S2,2017/S1,AVB,UDR,4,0.0698908532723407,0.0155158437869566,1,1,0,0.03586307901704666
2016/S1_a_2016/S2,2017/S1,XEL,WEC,5,0.071053225046171,0.0124243699372389,1,0,1,-0.049577637358786064
2016/S1_a_2016/S2,2017/S1,XEL,ED,6,0.0729228446292609,0.011489794368088,1,0,1,-0.007724807137089451
2016/S1_a_2016/S2,2017/S1,CMS,WEC,7,0.083229252090291,0.0125495689206427,1,0,1,-0.04351916499371744
2016/S1_a_2016/S2,2017/S1,AEP,DUK,8,0.084296232514589,0.0141417062148314,1,0,1,0.013296262955005855
2016/S1_a_2016/S2,2017/S1,BAC,CFG,9,0.0901936662241951,0.0188542154619808,2,1,1,-0.000580409597567666
2016/S1_a_2016/S2,2017/S1,MMC,AON,10,0.0998851780054792,0.0199395661412164,2,1,1,0.027228845777773625
2016/S1_a_2016/S2,2017/S1,DTE,PNW,11,0.1003563810880905,0.0192456304815138,1,1,0,0.036251005376109924
2016/S1_a_2016/S2,2017/S1,AEP,ETR,12,0.1055322177437574,0.0200986910634339,1,0,1,-0.008578122583273617
2016/S1_a_2016/S2,2017/S1,ED,CMS,13,0.1056746722168782,0.0166798948424545,1,0,1,0.015128854863519225
2016/S1_a_2016/S2,2017/S1,AEE,SCG,14,0.1133378935942346,0.0179339369200343,1,0,1,-0.10936310438722907
2016/S1_a_2016/S2,2017/S1,CMCSA,INTU,15,0.1439273179719293,0.0218150375893558,4,3,1,0.1460087430007766
2016/S1_a_2016/S2,2017/S1,ALL,EXPD,16,0.1515299240022614,0.0245438307343792,1,0,1,-0.09541321993060525
2016/S1_a_2016/S2,2017/S1,NEE,WEC,17,0.1610614181576011,0.0253251817939123,1,0,1,-0.06075172095795067
2016/S1_a_2016/S2,2017/S1,JPM,STI,18,0.1622432551336032,0.0200412315794292,1,0,1,-0.07778210424827692
2016/S1_a_2016/S2,2017/S1,APD,WU,19,0.1622889250802472,0.0241553159824172,3,2,1,0.07288041346017793
2016/S1_a_2016/S2,2017/S1,GE,HD,20,0.1625464985394273,0.0254103681664424,1,0,1,-0.19582390828874652
2016/S2_a_2017/S1,2017/S2,XEL,CMS,1,0.028615144303103,0.0106761577436399,1,0,1,-0.01835507058408148
2016/S2_a_2017/S1,2017/S2,CMS,ES,2,0.0306307230604829,0.0107669156656032,1,0,1,-0.005552720525250687
2016/S2_a_2017/S1,2017/S2,ED,CMS,3,0.0309884872239081,0.0110294264932846,3,2,1,0.04773858308617707
2016/S2_a_2017/S1,2017/S2,XEL,ES,4,0.032084225971289,0.0109965414035527,1,0,1,0.008484091082655021
2016/S2_a_2017/S1,2017/S2,ED,DUK,5,0.0350113405010574,0.0110540571128475,2,1,1,-0.011452155524067309
2016/S2_a_2017/S1,2017/S2,AEP,DUK,6,0.0417823056125143,0.0102043706463127,1,0,1,-0.04113425334852505
2016/S2_a_2017/S1,2017/S2,XEL,PPL,7,0.044240294714541,0.0111275976873077,1,0,1,-0.2264828300785694
2016/S2_a_2017/S1,2017/S2,ED,LNT,8,0.0504264397729343,0.0114050940173955,2,2,0,0.05340891920081048
2016/S2_a_2017/S1,2017/S2,XEL,ED,9,0.0548273623405179,0.0147030850639863,1,0,1,0.017705418024545394
2016/S2_a_2017/S1,2017/S2,AEP,ED,10,0.0579519144402524,0.0092512868780513,4,3,1,0.07512237711114367
2016/S2_a_2017/S1,2017/S2,DUK,SRE,11,0.0607914111007517,0.0143962745835001,2,1,1,0.004958235498966235
2016/S2_a_2017/S1,2017/S2,CMS,LNT,12,0.0621656372424581,0.0140602382442361,0,0,0,0.0
2016/S2_a_2017/S1,2017/S2,PPL,CMS,13,0.0626880335142345,0.0139657656196656,1,0,1,-0.1826310481445661
2016/S2_a_2017/S1,2017/S2,PPL,ES,14,0.0656732515236626,0.0128166319902653,1,0,1,-0.21277968810937853
2016/S2_a_2017/S1,2017/S2,DUK,CMS,15,0.0659362533768899,0.0152443869608457,1,0,1,-0.00023738199081346778
2016/S2_a_2017/S1,2017/S2,DUK,LNT,16,0.0675614279408023,0.0105379882088059,1,0,1,-0.0244309629845868
2016/S2_a_2017/S1,2017/S2,AEP,SRE,17,0.068780390543452,0.0164344097456215,2,1,1,-0.03256679659594197
2016/S2_a_2017/S1,2017/S2,ETR,WEC,18,0.0792230985292121,0.0162375019881457,2,2,0,0.07456723840530144
2016/S2_a_2017/S1,2017/S2,ED,ES,19,0.0792769826925336,0.0177363450861417,0,0,0,0.0
2016/S2_a_2017/S1,2017/S2,DTE,PNW,20,0.0827044077883556,0.0150386661013869,2,1,1,0.020146221759121063
2017/S1_a_2017/S2,2018/S1,WEC,LNT,1,0.0348323552971123,0.0102086998916995,3,2,1,0.06419776413660083
2017/S1_a_2017/S2,2018/S1,DUK,DTE,2,0.0488063264731408,0.0127512165575265,1,0,1,0.00011898500762075326
2017/S1_a_2017/S2,2018/S1,DTE,LNT,3,0.0563876547005293,0.0149958229071351,1,0,1,-0.027221598432533467
2017/S1_a_2017/S2,2018/S1,DUK,ES,4,0.0570190973194257,0.0108742872512748,1,1,0,0.04985941957160167
2017/S1_a_2017/S2,2018/S1,SRE,PNW,5,0.0580653954334593,0.0151260023149396,3,2,1,0.012943635061067216
2017/S1_a_2017/S2,2018/S1,CMS,PNW,6,0.0588010407414003,0.0133966676388016,1,0,1,-0.04507608165576438
2017/S1_a_2017/S2,2018/S1,AEE,LNT,7,0.0597743409939539,0.0149746776205247,3,2,1,0.05612857864839271
2017/S1_a_2017/S2,2018/S1,PNW,ES,8,0.0663480874675315,0.0132808335708111,1,0,1,0.03236384704559425
2017/S1_a_2017/S2,2018/S1,ED,CMS,9,0.0740788336515834,0.0137988696119302,2,1,1,-0.004927917339349386
2017/S1_a_2017/S2,2018/S1,ED,ES,10,0.0750939314116294,0.0160217609352163,3,3,0,0.1030887352944061
2017/S1_a_2017/S2,2018/S1,DUK,LNT,11,0.0765209549012979,0.0167978851851573,1,0,1,-0.04955952524171614
2017/S1_a_2017/S2,2018/S1,AEE,WEC,12,0.0827369104534909,0.0153395139133268,2,1,1,0.025239662228891513
2017/S1_a_2017/S2,2018/S1,KO,UDR,13,0.0847797053152135,0.0183367106870396,2,2,0,0.09267641579602792
2017/S1_a_2017/S2,2018/S1,AEP,CMS,14,0.0853197284152429,0.0179666559752525,0,0,0,0.0
2017/S1_a_2017/S2,2018/S1,DTE,WEC,15,0.0857998357823817,0.0178088401130509,1,0,1,-0.015691621218204665
2017/S1_a_2017/S2,2018/S1,AEP,ED,16,0.0874914198990381,0.0117092213379481,1,0,1,-0.007267032206476176
2017/S1_a_2017/S2,2018/S1,PNC,MS,17,0.0884563850050881,0.0156627400744958,5,4,1,0.16487089056744575
2017/S1_a_2017/S2,2018/S1,CMS,ES,18,0.0937349842374715,0.0094512879012491,3,2,1,0.02718969564735796
2017/S1_a_2017/S2,2018/S1,HSY,MKC,19,0.0999261478447124,0.0195746603966905,2,1,1,-0.2326368316289522
2017/S1_a_2017/S2,2018/S1,XEL,NI,20,0.1007259575341095,0.0184877683430741,3,2,1,0.06717069444570889
2017/S2_a_2018/S1,2018/S2,VTR,WELL,1,0.0296500951477014,0.0104518998557024,1,0,1,-0.05463670611120863
2017/S2_a_2018/S1,2018/S2,DUK,PNW,2,0.0345940257921029,0.0106302935819734,3,2,1,0.06805727210111212
2017/S2_a_2018/S1,2018/S2,XEL,AEP,3,0.0350471287754317,0.0112266617907203,1,1,0,0.026827624820113916
2017/S2_a_2018/S1,2018/S2,ED,DTE,4,0.0464858863977042,0.013505910515439,1,0,1,-0.06251647498317081
2017/S2_a_2018/S1,2018/S2,EQR,UDR,5,0.0612276415504879,0.0151032817110599,1,0,1,0.008775812316641485
2017/S2_a_2018/S1,2018/S2,DTE,ES,6,0.0709880160979992,0.0153099551142668,3,2,1,0.06110716368695024
2017/S2_a_2018/S1,2018/S2,DTE,CMS,7,0.0840987366013905,0.0183077242302549,1,1,0,0.047961519443621814
2017/S2_a_2018/S1,2018/S2,ED,ES,8,0.0861187010909816,0.0178283770624332,1,0,1,-0.08599530257066723
2017/S2_a_2018/S1,2018/S2,WEC,LNT,9,0.0873099365215921,0.0182818408712551,1,0,1,-0.034385072912030856
2017/S2_a_2018/S1,2018/S2,CMA,RF,10,0.0903705295731924,0.0179423002680979,2,2,0,0.08871877043643972
2017/S2_a_2018/S1,2018/S2,CMS,NI,11,0.1030028085688172,0.0193364656546171,1,0,1,0.03769562358588319
2017/S2_a_2018/S1,2018/S2,AEP,DTE,12,0.1046669618260693,0.0144744032399559,2,1,1,0.030315986469948708
2017/S2_a_2018/S1,2018/S2,AEP,ED,13,0.1124371341092,0.0135159285789486,1,0,1,-0.08720170357888579
2017/S2_a_2018/S1,2018/S2,DUK,SO,14,0.1195720835228257,0.0190784562530138,2,1,1,-0.03466239965663298
2017/S2_a_2018/S1,2018/S2,FRT,UDR,15,0.1209677988346697,0.0219345985246651,1,0,1,-0.058130630560053964
2017/S2_a_2018/S1,2018/S2,AIV,O,16,0.1214672513179948,0.0185249272874725,1,0,1,-0.08910159924673866
2017/S2_a_2018/S1,2018/S2,ED,CMS,17,0.1233139165678949,0.0221958564999715,1,0,1,-0.056943951769802714
2017/S2_a_2018/S1,2018/S2,AEP,CMS,18,0.1288054879971696,0.0165185766232559,1,1,0,0.037934563928589515
2017/S2_a_2018/S1,2018/S2,XEL,DTE,19,0.1315976593085679,0.0139382133011249,2,1,1,0.0355837316134594
2017/S2_a_2018/S1,2018/S2,PNC,MS,20,0.1317655236806558,0.0216394464075946,2,1,1,0.0428182194900828
2018/S1_a_2018/S2,2019/S1,XEL,AEP,1,0.0163954024213239,0.0078851491075681,2,1,1,0.017239819702814296
2018/S1_a_2018/S2,2019/S1,AEP,DUK,2,0.022271124832855,0.0084688230427702,2,1,1,-0.07851242876869713
2018/S1_a_2018/S2,2019/S1,XEL,DUK,3,0.0484216515679349,0.012551351677979,2,1,1,-0.08054031950561535
2018/S1_a_2018/S2,2019/S1,AIV,AVB,4,0.0540026573579552,0.0135098588920328,2,1,1,0.05038748724992892
2018/S1_a_2018/S2,2019/S1,DTE,WEC,5,0.0677336427066279,0.014969037110205,1,0,1,-0.03744751597328044
2018/S1_a_2018/S2,2019/S1,DUK,PNW,6,0.0699202037966415,0.0163943018700456,2,1,1,0.028528878562868565
2018/S1_a_2018/S2,2019/S1,CMS,WEC,7,0.0744966736851893,0.0144294177310898,1,0,1,-0.01450637770343477
2018/S1_a_2018/S2,2019/S1,AEP,PNW,8,0.0881677340927353,0.0172300749209657,2,1,1,-0.005980336120236962
2018/S1_a_2018/S2,2019/S1,EQR,UDR,9,0.0894524680198856,0.0175795291037075,1,1,0,0.03451236962467974
2018/S1_a_2018/S2,2019/S1,ETR,LNT,10,0.0930037773753156,0.0178467112920906,1,0,1,-0.030629124956971676
2018/S1_a_2018/S2,2019/S1,AVB,MAA,11,0.0933048669229492,0.019146319479072,2,1,1,0.058746334621973983
2018/S1_a_2018/S2,2019/S1,DUK,AWK,12,0.0940715153766404,0.0167736675920108,2,1,1,-0.1048965551930856
2018/S1_a_2018/S2,2019/S1,XEL,DTE,13,0.0953948139516001,0.0145148224090341,1,0,1,-0.036294566256656835
2018/S1_a_2018/S2,2019/S1,HCP,O,14,0.107567424463582,0.0207023394019009,3,3,0,0.1319333656233751
2018/S1_a_2018/S2,2019/S1,AEP,AWK,15,0.1113741321979091,0.0158746266756782,1,0,1,-0.02992434367073671
2018/S1_a_2018/S2,2019/S1,AEP,DTE,16,0.1132119315808495,0.0151752922261761,1,0,1,-0.020104632412119128
2018/S1_a_2018/S2,2019/S1,DUK,ES,17,0.1138599496926531,0.0199009937007226,1,0,1,-0.07362599791887825
2018/S1_a_2018/S2,2019/S1,XEL,PNW,18,0.117176831482368,0.0195431510707138,1,0,1,-0.05756977478351133
2018/S1_a_2018/S2,2019/S1,AEP,ES,19,0.1176721669274911,0.0181579048557497,1,0,1,0.02188943055390502
2018/S1_a_2018/S2,2019/S1,ETR,WEC,20,0.1212868281681949,0.0214511749634038,1,1,0,0.03596328192171172
2018/S2_a_2019/S1,2019/S2,XEL,WEC,1,0.0254522373727468,0.0095348292452458,1,0,1,-0.018867897345810403
2018/S2_a_2019/S1,2019/S2,XEL,AEP,2,0.0289404267934969,0.0091283109401502,3,2,1,0.048379920245470553
2018/S2_a_2019/S1,2019/S2,AEP,WEC,3,0.0375406115306304,0.0120470486732881,1,0,1,-0.024691238285826866
2018/S2_a_2019/S1,2019/S2,FE,CMS,4,0.0540899122229348,0.0140493788335864,3,2,1,0.06397009093866557
2018/S2_a_2019/S1,2019/S2,EQR,AVB,5,0.0551985901724947,0.0135628815825071,1,0,1,0.01563059008945178
2018/S2_a_2019/S1,2019/S2,DTE,AEE,6,0.0622510111018073,0.013787664448006,2,2,0,0.055032994192704465
2018/S2_a_2019/S1,2019/S2,EQR,AIV,7,0.0685810467228975,0.016007817359457,1,0,1,-0.005815343100518455
2018/S2_a_2019/S1,2019/S2,AIV,ESS,9,0.0894386095689014,0.018948078873165,1,0,1,0.013176861234789339
2018/S2_a_2019/S1,2019/S2,AEE,WEC,10,0.1227325996298986,0.0207282045440298,1,0,1,-0.08455565772609919
2018/S2_a_2019/S1,2019/S2,XEL,ES,11,0.125594971475607,0.0182787636515509,2,1,1,0.030773828291954297
2018/S2_a_2019/S1,2019/S2,AVB,RSG,13,0.1371726975138472,0.0234691154171656,3,2,1,0.10198295540433866
2018/S2_a_2019/S1,2019/S2,AEP,ETR,14,0.1384590554738451,0.0156679126781922,1,0,1,-0.082212151785929
2018/S2_a_2019/S1,2019/S2,NEE,CMS,15,0.1384832685083665,0.0127912947056966,2,1,1,-0.04651152929937974
2018/S2_a_2019/S1,2019/S2,AIV,AVB,16,0.138821046121734,0.021137972362257,1,1,0,0.03904570795855533
2018/S2_a_2019/S1,2019/S2,EXC,FE,17,0.1399883857352506,0.0232874629798869,1,0,1,-0.178467576205127
2018/S2_a_2019/S1,2019/S2,WEC,ES,18,0.1429600084140929,0.0174584343682703,2,2,0,0.07637158724862558
2018/S2_a_2019/S1,2019/S2,CMS,AVB,19,0.143388790863014,0.0204340016897072,1,0,1,-0.023657842541354945
2018/S2_a_2019/S1,2019/S2,ETR,CMS,20,0.144229953040849,0.0212254106145126,1,0,1,-0.07816178086664138
2019/S1_a_2019/S2,2020/S1,CMS,LNT,1,0.0599092996584431,0.0153791631916632,5,4,1,0.11704081709289438
2019/S1_a_2019/S2,2020/S1,DTE,AEE,2,0.0697561801558777,0.0165492140385356,1,0,1,-0.037103635080379616
2019/S1_a_2019/S2,2020/S1,AVB,UDR,3,0.0794374727030344,0.0174826154823486,2,1,1,0.08693213272486655
2019/S1_a_2019/S2,2020/S1,CMS,ES,4,0.0995489409140191,0.0196727172601826,2,1,1,0.008750549263397467
2019/S1_a_2019/S2,2020/S1,AEE,ATO,5,0.1097119228604697,0.0208616812064655,3,3,0,0.11610305062565895
2019/S1_a_2019/S2,2020/S1,FE,LNT,6,0.1151136766145555,0.021196240041643,2,1,1,0.01611638944633864
2019/S1_a_2019/S2,2020/S1,FE,ES,7,0.115876763718802,0.0214386633833531,2,1,1,-0.14441646294889465
2019/S1_a_2019/S2,2020/S1,AIV,UDR,8,0.118312872553929,0.0213339904352891,1,0,1,0.0006503238164800029
2019/S1_a_2019/S2,2020/S1,AEP,LNT,9,0.1193088302139813,0.0217872428737131,2,1,1,0.07281540613078619
2019/S1_a_2019/S2,2020/S1,ES,LNT,10,0.1271301804895301,0.0224465971008643,1,0,1,-0.11252966002002296
2019/S1_a_2019/S2,2020/S1,AIV,AVB,11,0.1343079022351503,0.0219429774897595,1,1,0,0.09067723042194242
2019/S1_a_2019/S2,2020/S1,AEP,CMS,12,0.143505331241613,0.0238022811505933,1,0,1,-0.05481323919899328
2019/S1_a_2019/S2,2020/S1,XEL,CMS,13,0.1464548548939319,0.0170648468729631,3,2,1,0.04916862729187177
2019/S1_a_2019/S2,2020/S1,JPM,PNC,14,0.1505729318461135,0.0237656060668099,1,0,1,0.003835656492846895
2019/S1_a_2019/S2,2020/S1,ED,ATO,15,0.1521451646270861,0.0225978766349628,4,3,1,0.07498009802511263
2019/S1_a_2019/S2,2020/S1,ED,AEE,16,0.1575250235392786,0.0224353026495013,4,3,1,0.16568884447940024
2019/S1_a_2019/S2,2020/S1,ICE,CBOE,17,0.1605556062461346,0.02462777096117,4,3,1,0.07111050573279065
2019/S1_a_2019/S2,2020/S1,FE,CMS,18,0.162789224846847,0.0250612905351607,3,2,1,0.05224051804853036
2019/S1_a_2019/S2,2020/S1,HBAN,RF,19,0.1669924183859166,0.0240357009313701,4,3,1,0.36513206413773314
2019/S1_a_2019/S2,2020/S1,VNO,SLG,20,0.1897068603680054,0.0265336043637924,2,2,0,0.1696088001789139
2019/S2_a_2020/S1,2020/S2,CMS,LNT,1,0.1163499323979522,0.0214732617409555,3,3,0,0.1490520640035643
2019/S2_a_2020/S1,2020/S2,XEL,AWK,2,0.1228368677061553,0.0218238645276615,1,0,1,-0.10479795150775006
2019/S2_a_2020/S1,2020/S2,C,KEY,3,0.1439948335027452,0.0239038732152782,2,1,1,0.17591447542327943
2019/S2_a_2020/S1,2020/S2,KEY,CFG,4,0.1581239746519713,0.0246739649501151,1,0,1,-0.016205092790024023
2019/S2_a_2020/S1,2020/S2,MA,V,5,0.1762867566462773,0.0202548892648849,1,0,1,-0.015448751083695145
2019/S2_a_2020/S1,2020/S2,RF,TFC,6,0.1939752242655572,0.0254430520320227,1,0,1,-0.06497176671071114
2019/S2_a_2020/S1,2020/S2,APH,AME,7,0.1951869045645935,0.0278304413491927,3,2,1,0.18212003701518953
2019/S2_a_2020/S1,2020/S2,ARE,DRE,8,0.2068474176634254,0.028645201917991,1,0,1,0.036542526504062756
2019/S2_a_2020/S1,2020/S2,C,COF,9,0.2079186645353274,0.0286719298345192,2,1,1,0.08122667897836955
2019/S2_a_2020/S1,2020/S2,ADP,PAYX,10,0.2111379073563739,0.0289455003004875,1,0,1,0.012152017379180702
2019/S2_a_2020/S1,2020/S2,AEP,ATO,11,0.2190917665446932,0.0291046826605845,2,1,1,0.0977261532830811
2019/S2_a_2020/S1,2020/S2,ESS,UDR,12,0.2220513461618338,0.0278280259703243,1,1,0,0.09312762664278695
2019/S2_a_2020/S1,2020/S2,KEY,COF,13,0.2335154021085372,0.0303979326898517,2,1,1,0.06799268594275065
2019/S2_a_2020/S1,2020/S2,EVRG,LNT,14,0.2380612779951434,0.0266648011997265,1,0,1,0.05966320400219305
2019/S2_a_2020/S1,2020/S2,WEC,ES,15,0.240755689595062,0.0300241542434828,2,2,0,0.1356146066910625
2019/S2_a_2020/S1,2020/S2,AMT,CCI,16,0.2443568409734098,0.0311374786971152,1,0,1,-0.060592991606036595
2019/S2_a_2020/S1,2020/S2,COF,CFG,17,0.2532383895779162,0.0311392973405261,3,3,0,0.2828734309243871
2019/S2_a_2020/S1,2020/S2,AEE,ATO,18,0.2601661995639688,0.0313164638779888,1,0,1,-0.07885227613749324
2019/S2_a_2020/S1,2020/S2,TMO,DHR,19,0.2666497341774629,0.0323886606203631,0,0,0,0.0
2019/S2_a_2020/S1,2020/S2,C,CFG,20,0.2679067026311372,0.0323329475115193,1,0,1,-0.018980248024116908
2020/S1_a_2020/S2,2021/S1,APH,AME,1,0.1980916074353444,0.0276790271578856,3,2,1,0.11978083926092165
2020/S1_a_2020/S2,2021/S1,PEP,MDLZ,2,0.2056721711555837,0.0284554025800899,1,0,1,0.011839587335545354
2020/S1_a_2020/S2,2021/S1,PSA,EXR,3,0.2120415120657526,0.0283464062529856,1,0,1,-0.0433426570712836
2020/S1_a_2020/S2,2021/S1,DOV,FTV,4,0.2208703721683491,0.029125732606367,1,0,1,-0.14286347413019373
2020/S1_a_2020/S2,2021/S1,CMS,LNT,5,0.2223418435219173,0.0239816552901622,1,0,1,-0.04701393686022792
2020/S1_a_2020/S2,2021/S1,JPM,PNC,6,0.2288202015670322,0.0267846146145177,1,0,1,-0.04291910567455737
2020/S1_a_2020/S2,2021/S1,FITB,RF,7,0.2338398112608501,0.0239752419413995,2,1,1,0.05021481782874215
2020/S1_a_2020/S2,2021/S1,UNP,IEX,8,0.2401144954453684,0.0297524095895803,2,1,1,0.08499359236272053
2020/S1_a_2020/S2,2021/S1,OMC,PBCT,9,0.241402442551248,0.0304177834626994,1,0,1,0.030052875917158217
2020/S1_a_2020/S2,2021/S1,VLO,PSX,10,0.2420415117431389,0.0286415907036948,1,0,1,0.006854451963611452
2020/S1_a_2020/S2,2021/S1,WM,RSG,11,0.252554316389876,0.0243911068492255,0,0,0,0.0
2020/S1_a_2020/S2,2021/S1,AVB,ESS,12,0.2530617628881941,0.0310466630987552,0,0,0,0.0
2020/S1_a_2020/S2,2021/S1,BAC,AFL,13,0.2533232608032563,0.0306251490275172,2,1,1,0.00016098180837398335
2020/S1_a_2020/S2,2021/S1,JPM,AFL,14,0.2580831802275725,0.0277888444049187,1,0,1,0.0034225248536819963
2020/S1_a_2020/S2,2021/S1,PLD,DRE,15,0.271329489211098,0.0305528078674222,2,1,1,0.0934555452226189
2020/S1_a_2020/S2,2021/S1,TMO,DHR,16,0.2727426403149593,0.0254278582305643,2,1,1,-0.012427190160284263
2020/S1_a_2020/S2,2021/S1,ESS,UDR,17,0.2833245163772062,0.0223672362484007,0,0,0,0.0
2020/S1_a_2020/S2,2021/S1,MMC,WLTW,18,0.2868105370454827,0.0323682506713063,3,2,1,0.1694822711698749
2020/S1_a_2020/S2,2021/S1,WEC,ES,19,0.2885607757013986,0.0335436540728043,1,1,0,0.06835094082513682
2020/S1_a_2020/S2,2021/S1,KEY,HBAN,20,0.2891596721312339,0.0263582339506216,2,1,1,0.07483364002504533
2020/S2_a_2021/S1,2021/S2,AEE,LNT,1,0.1082127753441,0.0207634352620831,2,1,1,0.04484299694335048
2020/S2_a_2021/S1,2021/S2,ESS,UDR,2,0.1114375146967177,0.0191637968368137,1,0,1,-0.02879248673815571
2020/S2_a_2021/S1,2021/S2,AON,WLTW,3,0.1564296623164409,0.0215355499847113,1,0,1,-0.19548423954586158
2020/S2_a_2021/S1,2021/S2,XEL,WEC,4,0.1680716304604175,0.0234170347156443,2,1,1,0.051704741725475234
2020/S2_a_2021/S1,2021/S2,EQR,UDR,5,0.1772071687241805,0.0257444093972581,1,0,1,-0.0005773311397679892
2020/S2_a_2021/S1,2021/S2,AEP,ED,6,0.189168946735549,0.0274528885058892,2,1,1,0.02570569168197734
2020/S2_a_2021/S1,2021/S2,FISV,GPN,7,0.1957103361082772,0.0277942995509475,1,0,1,-0.16986667553381118
2020/S2_a_2021/S1,2021/S2,ED,CMS,8,0.1977867408845668,0.0250485865782107,1,0,1,-0.026635822272760623
2020/S2_a_2021/S1,2021/S2,CAG,GIS,9,0.2019029370944736,0.0253253503008006,1,0,1,-0.11599489047418554
2020/S2_a_2021/S1,2021/S2,DUK,SO,10,0.2030840348580795,0.0281730656368296,2,2,0,0.09933593879288893
2020/S2_a_2021/S1,2021/S2,AEP,CMS,11,0.2162830646198017,0.0264822621656452,0,0,0,0.0
2020/S2_a_2021/S1,2021/S2,EQR,ESS,12,0.2292425822752193,0.0301421012840704,0,0,0,0.0
2020/S2_a_2021/S1,2021/S2,ED,WEC,13,0.2417370609714453,0.0279968858637543,1,0,1,-0.039413823894955624
2020/S2_a_2021/S1,2021/S2,IBM,MMC,14,0.2790315202857982,0.0332989247969312,1,0,1,-0.17260194455092281
2020/S2_a_2021/S1,2021/S2,BMY,PEP,15,0.2795883577591667,0.0328410640425758,1,0,1,-0.15174620879933243
2020/S2_a_2021/S1,2021/S2,PEP,CERN,16,0.2956574681642223,0.0343203387247469,1,1,0,0.08902000462473059
2020/S2_a_2021/S1,2021/S2,EXC,SO,17,0.2970205259822478,0.0298505935420129,1,0,1,-0.13269559583022028
2020/S2_a_2021/S1,2021/S2,CMS,WEC,18,0.3009855470505727,0.0228033727310477,0,0,0,0.0
2020/S2_a_2021/S1,2021/S2,AZO,ORLY,19,0.3013044498247836,0.0331566894895585,1,0,1,-0.06979514673620713
2020/S2_a_2021/S1,2021/S2,K,ATO,20,0.3073589650400095,0.0327687300939377,2,1,1,0.09534144953363022
2021/S1_a_2021/S2,2022/S1,AME,IEX,1,0.0621834104289291,0.0150913552205581,1,1,0,0.0316889614343151
2021/S1_a_2021/S2,2022/S1,CMS,WEC,2,0.0629953417587785,0.0140311231376727,2,1,1,0.04628498659869695
2021/S1_a_2021/S2,2022/S1,AVB,UDR,3,0.0969861998041778,0.01774689307819,2,2,0,0.05406133644402533
2021/S1_a_2021/S2,2022/S1,D,WEC,4,0.1012055488595251,0.0191983039131885,2,1,1,0.045206034430049113
2021/S1_a_2021/S2,2022/S1,ITW,AME,6,0.1156721457223284,0.0211431820231235,4,4,0,0.19387348309805763
2021/S1_a_2021/S2,2022/S1,XEL,WEC,7,0.1163100153320328,0.0204969623061784,1,0,1,0.005043713370708747
2021/S1_a_2021/S2,2022/S1,D,CMS,8,0.1199267280850335,0.0218090197400561,2,1,1,0.04204160773344512
2021/S1_a_2021/S2,2022/S1,ITW,IEX,9,0.1583346416016411,0.0237439684890363,1,1,0,0.06284245373618946
2021/S1_a_2021/S2,2022/S1,DUK,LNT,10,0.1650420539632477,0.0249833610510565,2,1,1,0.04681680818673584
2021/S1_a_2021/S2,2022/S1,EQR,ESS,11,0.1681978032786446,0.0188135273796065,3,2,1,0.010200152445572819
2021/S1_a_2021/S2,2022/S1,AEP,CMS,12,0.1732674014610893,0.0172453867069538,2,1,1,0.046874462348540535
2021/S1_a_2021/S2,2022/S1,KO,MDLZ,13,0.1837830952175636,0.0230683000896487,1,0,1,-0.07718854210254411
2021/S1_a_2021/S2,2022/S1,DUK,DTE,14,0.1857788389748975,0.0270292951378826,1,0,1,0.019676051248835758
2021/S1_a_2021/S2,2022/S1,XEL,ATO,15,0.1939933061453302,0.0267711794176931,1,0,1,-0.023364607565532602
2021/S1_a_2021/S2,2022/S1,CSX,UNP,16,0.1968967592681565,0.0183357768445724,2,1,1,0.016188304421107413
2021/S1_a_2021/S2,2022/S1,AEP,PPL,17,0.1985790165739445,0.0266767427493998,1,0,1,-0.06480645488391223
2021/S1_a_2021/S2,2022/S1,NI,AME,18,0.2050146405716759,0.0284994743381431,1,0,1,-0.33578308823464975
2021/S1_a_2021/S2,2022/S1,PPL,AMCR,19,0.2058651633578847,0.0263994908041053,6,5,1,0.31891942557176356
2021/S1_a_2021/S2,2022/S1,K,D,20,0.2063763606774955,0.0284456877004775,4,3,1,0.18737660276857193
2021/S2_a_2022/S1,2022/S2,DTE,CMS,1,0.0625031513109206,0.0146450873477035,1,1,0,0.028114290188435476
2021/S2_a_2022/S1,2022/S2,AVB,UDR,2,0.0694722712240718,0.0163614485079095,1,1,0,0.04508941967708213
2021/S2_a_2022/S1,2022/S2,DUK,WEC,3,0.0894449518980309,0.0188768649969408,1,1,0,0.04112778918655369
2021/S2_a_2022/S1,2022/S2,AEE,CMS,4,0.1158823577886778,0.0192834900128297,1,0,1,0.012443197989249533
2021/S2_a_2022/S1,2022/S2,LEN,DHI,5,0.1199789610987522,0.0211415181511966,1,0,1,-0.016438081590497644
2021/S2_a_2022/S1,2022/S2,PEG,AEE,6,0.1207386361219278,0.0215637919623385,1,0,1,-0.010192210257192746
2021/S2_a_2022/S1,2022/S2,ES,EVRG,7,0.1327176843821007,0.0192001133966423,2,2,0,0.12534758458440298
2021/S2_a_2022/S1,2022/S2,ETR,AEE,8,0.1408435307582749,0.0233449339318933,1,0,1,0.035064852839971405
2021/S2_a_2022/S1,2022/S2,D,CMS,9,0.1432722285667296,0.0208287864926571,1,0,1,-0.12564161604538526
2021/S2_a_2022/S1,2022/S2,AEP,DTE,10,0.1444396850115481,0.0199526386435501,1,0,1,-0.044993544768297644
2021/S2_a_2022/S1,2022/S2,EQR,AVB,11,0.1527528395628223,0.0155770022166274,2,1,1,0.06323435477816253
2021/S2_a_2022/S1,2022/S2,AEP,CMS,12,0.1567305007357617,0.0238550940809633,1,0,1,-0.02932992964540526
2021/S2_a_2022/S1,2022/S2,ETR,CMS,13,0.1598772904067118,0.0213266373680246,1,0,1,0.007056742362022139
2021/S2_a_2022/S1,2022/S2,D,DUK,14,0.1623976826944044,0.0250075664437276,1,0,1,-0.1330868276830095
2021/S2_a_2022/S1,2022/S2,DTE,AEE,15,0.178698393562172,0.0264382095429522,1,0,1,0.016251305967925345
2021/S2_a_2022/S1,2022/S2,XEL,JNJ,16,0.1877627488980806,0.0266129996279118,2,2,0,0.1299073610053375
2021/S2_a_2022/S1,2022/S2,D,PEG,17,0.189851502762508,0.0214786222118714,2,1,1,-0.026598983503300477
2021/S2_a_2022/S1,2022/S2,CMS,WEC,18,0.1950875161224985,0.0226763578998545,1,0,1,0.03730005743671705
2021/S2_a_2022/S1,2022/S2,VMC,MLM,19,0.1963878579551874,0.0203090810909563,1,0,1,-0.025265140747402715
2021/S2_a_2022/S1,2022/S2,DOW,LYB,20,0.1965075315142144,0.027874986731378,1,0,1,0.024497451864993525
2022/S1_a_2022/S2,2023/S1,DUK,CMS,1,0.054603618400506,0.0130850848578869,2,1,1,0.02222072208690229
2022/S1_a_2022/S2,2023/S1,WM,RSG,2,0.0580616275850047,0.0142793148081194,3,2,1,0.08604471205360331
2022/S1_a_2022/S2,2023/S1,EQR,AVB,3,0.0607027724599902,0.0097873186974327,1,0,1,-0.010719804770822683
2022/S1_a_2022/S2,2023/S1,MCO,SPGI,4,0.0805901670871662,0.0172489202242545,1,0,1,0.0022791984661939546
2022/S1_a_2022/S2,2023/S1,ETN,AME,5,0.088271385070243,0.01846890116855,2,1,1,0.01204822517371218
2022/S1_a_2022/S2,2023/S1,LEN,DHI,6,0.1004826325045087,0.0178079270616871,2,1,1,0.0646860723553856
2022/S1_a_2022/S2,2023/S1,PHM,NVR,7,0.1056698260927078,0.0195566187839923,1,0,1,-0.1861730731777983
2022/S1_a_2022/S2,2023/S1,AEP,CNP,8,0.1061196150935757,0.0205899861088736,2,1,1,0.004659228142491201
2022/S1_a_2022/S2,2023/S1,CPT,UDR,9,0.1136238493901373,0.0156930820686793,1,0,1,-0.07871548970089426
2022/S1_a_2022/S2,2023/S1,XEL,WEC,10,0.1165407186048241,0.0167172123550956,2,1,1,0.053388991276664965
2022/S1_a_2022/S2,2023/S1,APH,CDW,11,0.1242795298429086,0.0222689713230331,2,1,1,0.07263926838666823
2022/S1_a_2022/S2,2023/S1,AVB,UDR,12,0.1254132526020726,0.0156648104903265,1,1,0,0.04911780693258638
2022/S1_a_2022/S2,2023/S1,ES,EVRG,13,0.1256758293411621,0.022257735547526,1,0,1,-0.03129258797784962
2022/S1_a_2022/S2,2023/S1,DUK,AEE,14,0.1263703703310739,0.0188119878723955,1,0,1,-0.017404504197139348
2022/S1_a_2022/S2,2023/S1,ES,LNT,15,0.1273869027190244,0.0222921823270122,2,1,1,0.022845447744962
2022/S1_a_2022/S2,2023/S1,KEY,FITB,16,0.1474078449469402,0.023317108548742,2,1,1,-0.10426631611194848
2022/S1_a_2022/S2,2023/S1,CSX,NSC,17,0.1547275866744257,0.0209689507710105,1,0,1,-0.09124799429055508
2022/S1_a_2022/S2,2023/S1,ED,CNP,18,0.1557980754964774,0.0215801662322652,2,1,1,0.08727877653972715
2022/S1_a_2022/S2,2023/S1,TMO,DHR,19,0.1633238280699629,0.0253948252486878,1,0,1,0.006124424073029933
2022/S1_a_2022/S2,2023/S1,CDNS,SNPS,20,0.1717480358227021,0.0250938926940321,1,0,1,-0.015889527966201022
2022/S2_a_2023/S1,2023/S2,XEL,AEE,1,0.0513524162355452,0.0142457803160561,3,2,1,0.04043470292942519
2022/S2_a_2023/S1,2023/S2,XEL,AEP,2,0.080570307562084,0.0160225814469499,1,0,1,0.01821983111169001
2022/S2_a_2023/S1,2023/S2,WEC,LNT,3,0.0860250614375672,0.0176743162315076,1,0,1,0.008794449546148608
2022/S2_a_2023/S1,2023/S2,DUK,CMS,4,0.0920601388907584,0.0168356094820733,3,2,1,0.0811424041652169
2022/S2_a_2023/S1,2023/S2,AEP,ETR,5,0.1025348357360371,0.0202363340622089,1,0,1,-0.011493381653527424
2022/S2_a_2023/S1,2023/S2,AEE,WEC,6,0.1084466212940356,0.0174473879580808,2,1,1,0.05701887752462176
2022/S2_a_2023/S1,2023/S2,XEL,WEC,7,0.1188232321699729,0.0175418600271431,1,1,0,0.05323312285176207
2022/S2_a_2023/S1,2023/S2,AEP,AEE,8,0.1253253914973129,0.020195028376162,2,1,1,0.10896813699817587
2022/S2_a_2023/S1,2023/S2,AVB,INVH,9,0.1339192123793964,0.0171583493415328,4,4,0,0.23088484267346543
2022/S2_a_2023/S1,2023/S2,EXC,CMS,10,0.1367577954206922,0.0224676235817482,2,1,1,0.07021302842420551
2022/S2_a_2023/S1,2023/S2,WEC,EVRG,11,0.140018190673743,0.0224942016725022,1,0,1,0.012373176658933782
2022/S2_a_2023/S1,2023/S2,EVRG,LNT,12,0.1426050402933469,0.0200444829167738,1,0,1,-0.039030381980123874
2022/S2_a_2023/S1,2023/S2,XEL,EVRG,13,0.1546072003290532,0.0242315905411018,2,1,1,0.06258243841337796
2022/S2_a_2023/S1,2023/S2,AEE,EVRG,14,0.1554032016303494,0.0246059163125472,1,1,0,0.06158086699671639
2022/S2_a_2023/S1,2023/S2,AEE,NI,15,0.1611841736955739,0.0228426056306751,1,0,1,-0.08965325740069896
2022/S2_a_2023/S1,2023/S2,DTE,CMS,16,0.1621037770576094,0.0254605461191268,1,1,0,0.07174093971423556
2022/S2_a_2023/S1,2023/S2,APH,FTV,17,0.1699822423054229,0.0219860023376897,2,1,1,-0.0014170675140374733
2022/S2_a_2023/S1,2023/S2,DUK,ES,18,0.1763053036477799,0.0241667478587821,1,0,1,-0.17749919528182978
2022/S2_a_2023/S1,2023/S2,PPL,FE,19,0.1787663979905573,0.0263571261999821,1,1,0,0.06064200207851622
2022/S2_a_2023/S1,2023/S2,DTE,LNT,20,0.1806908151793322,0.0173626028399724,1,1,0,0.053846332019738985
2023/S1_a_2023/S2,2024/S1,FE,CMS,1,0.0872484912713957,0.0157227306779937,1,1,0,0.037231866989685836
2023/S1_a_2023/S2,2024/S1,DTE,CMS,2,0.0943184481380967,0.0181355989798663,0,0,0,0.0
2023/S1_a_2023/S2,2024/S1,CPT,MAA,3,0.1072183046717327,0.0176728919137193,1,0,1,-0.018601297725073684
2023/S1_a_2023/S2,2024/S1,PPL,FE,4,0.1086747897565487,0.0208143398501779,2,1,1,0.06474709109024612
2023/S1_a_2023/S2,2024/S1,PPL,CMS,5,0.1146863673091616,0.0197630545740517,1,0,1,0.0171262418686835
2023/S1_a_2023/S2,2024/S1,ED,CNP,6,0.1149701518465917,0.0201955394347239,2,1,1,-0.011627833490368
2023/S1_a_2023/S2,2024/S1,XEL,AEP,7,0.1235949079785427,0.0200626501533201,1,0,1,-0.15724312888528535
2023/S1_a_2023/S2,2024/S1,KO,LNT,8,0.1246722468139864,0.0218100380855006,1,0,1,-0.024237223694202004
2023/S1_a_2023/S2,2024/S1,AEE,WEC,9,0.1320419432237258,0.0168956852748649,1,0,1,0.05254565993096216
2023/S1_a_2023/S2,2024/S1,CNP,NI,10,0.135666479611018,0.0195258026564203,1,1,0,0.050181514656723936
2023/S1_a_2023/S2,2024/S1,ETR,CMS,11,0.140048916434921,0.0223927705741871,1,0,1,-0.007444700701971896
2023/S1_a_2023/S2,2024/S1,DTE,PPL,12,0.1468641765949314,0.0242510963927943,0,0,0,0.0
2023/S1_a_2023/S2,2024/S1,WEC,LNT,13,0.1519968005795817,0.0245940656552899,1,0,1,-0.037162312020970756
2023/S1_a_2023/S2,2024/S1,AWK,EVRG,14,0.1557551281538849,0.0243194519601252,1,0,1,0.03759355049227597
2023/S1_a_2023/S2,2024/S1,DTE,FE,15,0.1608142981859259,0.0252242131818242,1,1,0,0.05590207970924843
2023/S1_a_2023/S2,2024/S1,CMS,LNT,16,0.1678792995036246,0.0176268370110382,1,0,1,0.008892765961354021
2023/S1_a_2023/S2,2024/S1,CTAS,ROP,17,0.1710401447833192,0.0259780540122638,1,0,1,-0.1177569149137706
2023/S1_a_2023/S2,2024/S1,MO,NI,18,0.1732056892517448,0.0262216787468139,2,2,0,0.1269019257265559
2023/S1_a_2023/S2,2024/S1,AEP,KHC,19,0.1732478343091088,0.0257241538452529,3,2,1,0.08817380888713144
2023/S1_a_2023/S2,2024/S1,LH,REG,20,0.1798227369263259,0.0255273329126779,2,1,1,0.06374797383034314
2023/S2_a_2024/S1,2024/S2,FE,CMS,1,0.0574334747590228,0.0131092212104785,1,0,1,-0.03875793865854582
2023/S2_a_2024/S1,2024/S2,DTE,CMS,2,0.079146570236503,0.0158232973345204,2,1,1,0.05834860238336015
2023/S2_a_2024/S1,2024/S2,CAG,GIS,3,0.1020573459043134,0.0190307077168892,2,2,0,0.1159163816906209
2023/S2_a_2024/S1,2024/S2,CNP,PM,4,0.1049957397807475,0.0204916331716661,1,0,1,-0.12259358564608358
2023/S2_a_2024/S1,2024/S2,DTE,FE,5,0.1184142161383761,0.021800475071531,2,1,1,0.044847862405478445
2023/S2_a_2024/S1,2024/S2,MA,V,6,0.1214923748966612,0.0220601306174517,1,0,1,0.05134802657523019
2023/S2_a_2024/S1,2024/S2,ED,SRE,7,0.124713762089641,0.0218287145084681,3,2,1,0.02350678888173341
2023/S2_a_2024/S1,2024/S2,CMS,NI,8,0.1289165363777442,0.0205418376123184,1,0,1,-0.12295303821605019
2023/S2_a_2024/S1,2024/S2,ATO,INVH,9,0.1313765186140472,0.0228382645905053,2,1,1,-0.08280360322325109
2023/S2_a_2024/S1,2024/S2,AEP,CMS,10,0.1409551037647247,0.0229799241748982,1,1,0,0.0524549768772572
2023/S2_a_2024/S1,2024/S2,AEP,DTE,11,0.1464999156806925,0.0241692384988777,1,1,0,0.05500856878607696
2023/S2_a_2024/S1,2024/S2,MAA,UDR,12,0.1469648945902122,0.0221769012692751,1,1,0,0.057883900198794525
2023/S2_a_2024/S1,2024/S2,DUK,ETR,13,0.1507069138432371,0.0228497474589752,2,1,1,-0.19466799565818604
2023/S2_a_2024/S1,2024/S2,KO,CMS,14,0.1533631059914455,0.0226664979558007,2,1,1,-0.003347948744299001
2023/S2_a_2024/S1,2024/S2,MO,PM,15,0.1736104630191448,0.0224919304023103,1,0,1,0.03265028976537743
2023/S2_a_2024/S1,2024/S2,AEP,FE,16,0.1757350986135861,0.0265236364619718,1,0,1,0.007601977898418211
2023/S2_a_2024/S1,2024/S2,AVB,PM,17,0.1773109610918481,0.0257602828881648,1,0,1,-0.02280929920048269
2023/S2_a_2024/S1,2024/S2,EXC,AEE,18,0.1784616918374126,0.0177127282744132,1,0,1,-0.12997808883989626
2023/S2_a_2024/S1,2024/S2,CNP,CMS,19,0.179196716939316,0.0263302403460063,2,1,1,0.08503090314604422
2023/S2_a_2024/S1,2024/S2,KO,NI,20,0.1831896951492808,0.0271219257801928,1,0,1,-0.2260560155605612
2024/S1_a_2024/S2,2025/S1,PNC,RF,1,0.102305150856182,0.0195468041878797,1,1,0,0.03130035417871624
2024/S1_a_2024/S2,2025/S1,AVB,ESS,2,0.1041641983811132,0.0203645026425937,1,0,1,-0.013472331887673605
2024/S1_a_2024/S2,2025/S1,AEE,ATO,3,0.1112561266575085,0.0177900663144424,2,2,0,0.07018554552773659
2024/S1_a_2024/S2,2025/S1,MAA,UDR,4,0.1130373966540219,0.0211128307090043,1,0,1,0.014047754491413933
2024/S1_a_2024/S2,2025/S1,EVRG,LNT,5,0.1279434674806907,0.0208297439841083,1,0,1,-0.07173222375207233
2024/S1_a_2024/S2,2025/S1,PPL,EVRG,6,0.1327090266994446,0.0146577003575768,2,1,1,-0.024264434169952942
2024/S1_a_2024/S2,2025/S1,EQR,AVB,7,0.1424130164305097,0.020391409803411,2,2,0,0.08328466303623383
2024/S1_a_2024/S2,2025/S1,EQR,CPT,8,0.1555119837006486,0.0248514573039384,1,0,1,0.014043470078945686
2024/S1_a_2024/S2,2025/S1,AVB,CPT,9,0.1620275265045165,0.0229473696389306,2,1,1,0.05538093248764708
2024/S1_a_2024/S2,2025/S1,ESS,CPT,10,0.1648012066855244,0.0229287488305733,0,0,0,0.0
2024/S1_a_2024/S2,2025/S1,DUK,CMS,11,0.1775482593803872,0.0252821927701177,0,0,0,0.0
2024/S1_a_2024/S2,2025/S1,EQR,ESS,12,0.1788079078572764,0.0233967317594085,2,1,1,0.05229888201666766
2024/S1_a_2024/S2,2025/S1,PPG,UPS,13,0.1901390721541247,0.0275140137214233,2,1,1,0.05997227217251411
2024/S1_a_2024/S2,2025/S1,PPL,ATO,14,0.1937344231808992,0.0274158384495649,1,0,1,-0.015583490985492943
2024/S1_a_2024/S2,2025/S1,AVB,UDR,15,0.1965501621789371,0.0206127889774189,2,1,1,0.0731650827855761
2024/S1_a_2024/S2,2025/S1,RSG,BRK.B,16,0.1973530668292369,0.0279370141545515,2,1,1,-0.015294623061821055
2024/S1_a_2024/S2,2025/S1,CB,BRK.B,17,0.200681338755885,0.0280772127597372,1,0,1,0.030749628407523155
2024/S1_a_2024/S2,2025/S1,CAG,GIS,18,0.2069454167020694,0.0259527575852806,1,0,1,0.0
2024/S1_a_2024/S2,2025/S1,PG,MMC,19,0.2106882509566503,0.0268995567640487,2,1,1,0.0946489051676439
2024/S1_a_2024/S2,2025/S1,D,DUK,20,0.2160028366091637,0.027235767332219,1,0,1,0.03341187452757732
2024/S2_a_2025/S1,2025/S2,ESS,UDR,1,0.0812134796240116,0.0170982350518417,2,1,1,0.039654324469142965
2024/S2_a_2025/S1,2025/S2,EQR,UDR,2,0.1108135185513674,0.0192152186018518,1,0,1,0.011038729887933307
2024/S2_a_2025/S1,2025/S2,MCO,SPGI,3,0.1146538945522479,0.0196844698647809,1,0,1,-0.002902041488833329
2024/S2_a_2025/S1,2025/S2,USB,RF,4,0.132833338335331,0.021339160876289,2,1,1,0.06545438180049634
2024/S2_a_2025/S1,2025/S2,EQR,AVB,5,0.1381494891318198,0.0220879070225379,1,0,1,0.002093236193554837
2024/S2_a_2025/S1,2025/S2,AEP,DUK,6,0.1405549499271501,0.0234770579945268,1,0,1,-0.07679125068183446
2024/S2_a_2025/S1,2025/S2,AEE,NI,7,0.1488988650895635,0.0223239807249783,2,1,1,0.0391625394830013
2024/S2_a_2025/S1,2025/S2,DUK,SO,8,0.1542867414757438,0.0184529993209612,2,1,1,0.04698327023018889
2024/S2_a_2025/S1,2025/S2,SO,VICI,9,0.1578895396708048,0.0251766618225193,1,0,1,-0.03862426102825023
2024/S2_a_2025/S1,2025/S2,PPL,EVRG,10,0.1662480634465737,0.025712484810619,2,1,1,0.03105029642754742
2024/S2_a_2025/S1,2025/S2,AVB,UDR,11,0.1792881962929868,0.026828291065499,1,1,0,0.06990042009930042
2024/S2_a_2025/S1,2025/S2,PNC,KEY,12,0.1796560520938328,0.0267242735227123,1,0,1,-0.05970145964871931
2024/S2_a_2025/S1,2025/S2,EQR,ESS,13,0.1813839981601859,0.0227503484610854,2,1,1,0.08826570231580144
2024/S2_a_2025/S1,2025/S2,PNW,LNT,14,0.1833079059310876,0.026862415758432,1,0,1,-0.026147512515175553
2024/S2_a_2025/S1,2025/S2,ESS,CPT,15,0.1915879844277697,0.0215302316484764,2,1,1,0.050522147918798055
2024/S2_a_2025/S1,2025/S2,WM,VRSK,16,0.1935949936219003,0.0250004223739695,2,1,1,-0.1494093663214594
2024/S2_a_2025/S1,2025/S2,CMS,PNW,17,0.1936578268110906,0.026649192240234,1,0,1,0.03788372938747209
2024/S2_a_2025/S1,2025/S2,ADP,PAYX,18,0.1989353820162023,0.0214694294173741,1,0,1,-0.06724021677250702
2024/S2_a_2025/S1,2025/S2,CMS,LNT,19,0.2066770279026286,0.0261742615254693,1,0,1,-0.027091076507894662
2024/S2_a_2025/S1,2025/S2,FITB,RF,20,0.2122279706431982,0.0271340087543552,1,0,1,-0.01060327884130885
