,retorno_diario
1991-07-02,0.0
1991-07-03,0.000683583735844151
1991-07-05,-0.0013958954367569941
1991-07-08,-9.064813562957852e-05
1991-07-09,0.0014295797644236496
1991-07-10,-0.0009940144640365688
1991-07-11,0.0008269457970696226
1991-07-12,0.0010921989791566166
1991-07-15,-0.00020299869547391047
1991-07-16,-0.00011955035293644833
1991-07-17,0.0008535349560080507
1991-07-18,0.00024962501000855286
1991-07-19,0.0010995364287494035
1991-07-22,-0.0005071124267284454
1991-07-23,8.904486597777207e-06
1991-07-24,0.000327837077705051
1991-07-25,-0.0004022534666216604
1991-07-26,0.001007605282614854
1991-07-29,0.00010973020209781859
1991-07-30,-0.0003920613575005838
1991-07-31,0.0006799848753541893
1991-08-01,7.830642435614487e-05
1991-08-02,0.0025567196416292513
1991-08-05,-0.0022266138519260402
1991-08-06,0.0010857599673618212
1991-08-07,-0.002869521376447903
1991-08-08,-0.0008984600311899071
1991-08-09,-0.0005453826729306333
1991-08-12,0.0016953609840089034
1991-08-13,0.003014236861191838
1991-08-14,-0.0022400557676965694
1991-08-15,-0.00016193703747847677
1991-08-16,0.0031036795218489623
1991-08-19,0.001935492021221058
1991-08-20,-0.0017420720326970507
1991-08-21,0.0020454452476555583
1991-08-22,0.0036692976754293836
1991-08-23,-0.0017232898963851495
1991-08-26,-0.0034288572504767465
1991-08-27,0.0016794484357059714
1991-08-28,0.001061481519492319
1991-08-29,-0.00043874387601224865
1991-08-30,0.0007208148519535718
1991-09-03,-0.0014123936523307789
1991-09-04,5.366714900429947e-05
1991-09-05,0.0028783098564834075
1991-09-06,0.0022287535169216942
1991-09-09,0.0021857170374862344
1991-09-10,-0.00041164621992808014
1991-09-11,0.0007355932251734643
1991-09-12,0.0006795644627998199
1991-09-13,0.00011267853096563751
1991-09-16,0.0019736501886068293
1991-09-17,-0.0001127581524690613
1991-09-18,-0.002233272008169773
1991-09-19,0.0026114213101805727
1991-09-20,-0.000710196615884634
1991-09-23,-0.0019769049233313686
1991-09-24,0.004792708290183123
1991-09-25,0.004647131967234491
1991-09-26,-0.001282363067226905
1991-09-27,0.0008855372647587235
1991-09-30,0.0012819294852513762
1991-10-01,0.002866845833385129
1991-10-02,0.0005534269636183253
1991-10-03,-0.0028624879913923596
1991-10-04,0.0020886590357000303
1991-10-07,-0.0026985268572825793
1991-10-08,0.001781534410055441
1991-10-09,0.0021582419594050107
1991-10-10,-3.374142072859465e-05
1991-10-11,0.001827072743688357
1991-10-14,0.004606316012142497
1991-10-15,0.00014535136051549435
1991-10-16,-0.002225196261312462
1991-10-17,0.00042075052507200563
1991-10-18,0.0013797643823316053
1991-10-21,0.0014440513366781704
1991-10-22,-0.0007621769880465756
1991-10-23,0.00028304133196566106
1991-10-24,0.00019704395050997858
1991-10-25,-9.278627801878603e-05
1991-10-28,0.0016886406901515216
1991-10-29,-0.0026514831604693033
1991-10-30,0.002442792611879796
1991-10-31,0.0016252848259498466
1991-11-01,-0.0024798916759186827
1991-11-04,-0.0007885753712604416
1991-11-05,-0.002012351825154951
1991-11-06,-0.00015214884452889875
1991-11-07,-0.0011225061330557174
1991-11-08,0.004040194230937738
1991-11-11,0.0017285040524950058
1991-11-12,-0.0026028136548843506
1991-11-13,-0.005268433410596374
1991-11-14,3.925662376146333e-05
1991-11-15,-0.0017443132108144854
1991-11-18,-0.0009122482493498063
1991-11-19,0.0026437809071365725
1991-11-20,-0.0015381580003652473
1991-11-21,0.0009240504495695301
1991-11-22,0.0006455455704595436
1991-11-25,-0.0027198649756467854
1991-11-26,0.003862696953738748
1991-11-27,0.002717400270387632
1991-11-29,0.007244663818455743
1991-12-02,0.0004020629897333705
1991-12-03,0.00014464539166193503
1991-12-04,6.772873805797608e-05
1991-12-05,0.0022660369863224394
1991-12-06,0.001589900162417629
1991-12-09,0.003790956135559964
1991-12-10,-0.0018933201845209191
1991-12-11,0.0014687168844140397
1991-12-12,0.0007441690637701726
1991-12-13,-0.0005863667285949837
1991-12-16,-0.0011794874931983167
1991-12-17,-0.00526230592078043
1991-12-18,0.00011411509210353942
1991-12-19,0.0002942474449237287
1991-12-20,0.0006208776661239479
1991-12-23,0.0039154547415388204
1991-12-24,0.007461753205526267
1991-12-26,0.006086455371972693
1991-12-27,-0.002383502315493208
1991-12-30,-0.00041912283373132797
1991-12-31,-0.0003737964208101463
1992-01-02,0.0004567851476225737
1992-01-03,0.0
1992-01-06,0.0002575894191123196
1992-01-07,0.0034243439304616264
1992-01-08,-0.0003294779506646528
1992-01-09,0.00108390851866208
1992-01-10,-0.0003255370568465532
1992-01-13,0.002250448127925597
1992-01-14,-0.0012593047618738584
1992-01-15,0.0006711698539984212
1992-01-16,-0.0006073105435784488
1992-01-17,0.001749928669933104
1992-01-20,0.002217620467301201
1992-01-21,0.0020456595747174013
1992-01-22,-0.0005884096609114098
1992-01-23,2.5454745653658017e-05
1992-01-24,0.0012225082559965406
1992-01-27,0.0015106247973254328
1992-01-28,0.0013391722026986185
1992-01-29,-0.0023830318990943566
1992-01-30,-0.0007645730779490989
1992-01-31,-0.006467696941087597
1992-02-03,0.0022984616233515387
1992-02-04,-0.0037927223638996865
1992-02-05,-0.0016186399562126141
1992-02-06,0.003076202071182227
1992-02-07,0.003006965801013889
1992-02-10,8.312207387440873e-05
1992-02-11,-0.0015316639289334189
1992-02-12,-0.003159376795580193
1992-02-13,0.002420662941478818
1992-02-14,-0.0021681258680874838
1992-02-18,0.0007558734356016949
1992-02-19,-0.003996474917225745
1992-02-20,-0.0010135909634620965
1992-02-21,0.003046000284912559
1992-02-24,-0.002578019739050885
1992-02-25,0.007724188736121157
1992-02-26,-0.003242058880468751
1992-02-27,0.003653436277150418
1992-02-28,-0.0009233732518027282
1992-03-02,0.003577033811739744
1992-03-03,-0.0006291788593610792
1992-03-04,-0.0003372600098699496
1992-03-05,0.0007525057402795853
1992-03-06,0.0013935929721453188
1992-03-09,-0.001154586713906014
1992-03-10,-0.0019594028298217992
1992-03-11,-0.0011948129077560988
1992-03-12,0.0032338302165668075
1992-03-13,0.0011991906521495288
1992-03-16,-0.002750242238903722
1992-03-17,-2.1225514603806505e-05
1992-03-18,0.004710042172583406
1992-03-19,-0.0033815719040296566
1992-03-20,-0.0002733093348223914
1992-03-23,-0.0017037987668263976
1992-03-24,0.0030337659570049747
1992-03-25,-0.0005108940151537123
1992-03-26,-5.8931919949789525e-05
1992-03-27,-0.0005394444975142076
1992-03-30,0.0006220802423497207
1992-03-31,-0.001468637433201503
1992-04-01,0.0032286060569918173
1992-04-02,0.0004646047636425732
1992-04-03,-0.000760761115010189
1992-04-06,0.0018382606497046427
1992-04-07,-0.001718627225432895
1992-04-08,-0.00029261895367818647
1992-04-09,0.005281283483993898
1992-04-10,0.0011539487579380336
1992-04-13,0.0010891632131900474
1992-04-14,-0.0027277752061958425
1992-04-15,0.00391209335562574
1992-04-16,0.002987098109671282
1992-04-20,0.0032325484156527475
1992-04-21,-0.001604555884878295
1992-04-22,-0.0007744927689687098
1992-04-23,0.001966213237812614
1992-04-24,0.0029089481388406445
1992-04-27,0.00028175580620191655
1992-04-28,-0.002858333429408816
1992-04-29,0.001355567401820601
1992-04-30,0.004304140264304185
1992-05-01,0.004960594220057629
1992-05-04,-0.00145123266653161
1992-05-05,-0.0022100567115152735
1992-05-06,0.0006742607788455257
1992-05-07,0.0018329602675486666
1992-05-08,-0.0014462479268444906
1992-05-11,-0.000530378668839221
1992-05-12,-0.000502116544661424
1992-05-13,-0.0008217685898211757
1992-05-14,0.0006756937578975442
1992-05-15,-0.00019466097812124717
1992-05-18,0.0018779875669870938
1992-05-19,-0.0007096795038220915
1992-05-20,0.00012268082696916815
1992-05-21,-0.001941666352405108
1992-05-22,0.002903589149146285
1992-05-26,-0.0006172068635669937
1992-05-27,-0.0016885772470033589
1992-05-28,0.0008580562857336104
1992-05-29,0.003182972632210068
1992-06-01,0.004509215372043329
1992-06-02,5.538867813819071e-05
1992-06-03,-0.0013629129605489787
1992-06-04,0.001113755823331325
1992-06-05,0.0019495343838188516
1992-06-08,-0.0008824604245798673
1992-06-09,0.0032609547447375042
1992-06-10,0.00023177392742063652
1992-06-11,0.005130002468688982
1992-06-12,0.000260284155438778
1992-06-15,-0.0029860580980341665
1992-06-16,-0.0012571043376604862
1992-06-17,-0.0016884535871038442
1992-06-18,0.0055238262586038474
1992-06-19,-0.002744657095040798
1992-06-22,0.002477382441444653
1992-06-23,-0.004056025499148902
1992-06-24,0.002023413595347079
1992-06-25,-0.0015532237453171449
1992-06-26,0.002655315801246838
1992-06-29,-0.0007163215026155023
1992-06-30,0.002214383550121618
1992-07-01,-0.0028651419704810444
1992-07-02,0.0
1992-07-06,-0.002998036150843797
1992-07-07,0.0013880038628632408
1992-07-08,0.0022830250575903545
1992-07-09,6.983557988009537e-05
1992-07-10,-0.0002715179489758801
1992-07-13,-0.0010813791226316704
1992-07-14,0.0012488402900142138
1992-07-15,0.0034380401111156087
1992-07-16,0.0007146901681179096
1992-07-17,-0.0006458301565472113
1992-07-20,-0.00014176231703350584
1992-07-21,-0.0007693786019486559
1992-07-22,0.0030981833247700876
1992-07-23,-0.002821650765079231
1992-07-24,-0.0020216268527294577
1992-07-27,0.0012247490220639369
1992-07-28,0.0035905230617305104
1992-07-29,-0.0010814621039775152
1992-07-30,0.001573815949460533
1992-07-31,-0.0018692213294712046
1992-08-03,0.0019452375446704418
1992-08-04,0.0004123860464334772
1992-08-05,0.0008058590861310222
1992-08-06,0.00016382833655811946
1992-08-07,0.0010385638736149893
1992-08-10,-3.457844276982813e-05
1992-08-11,0.0009801953465689516
1992-08-12,0.00010353832442540623
1992-08-13,-1.7213071229604805e-05
1992-08-14,-0.0009541120956301552
1992-08-17,0.001803366236479853
1992-08-18,0.0031517232122054094
1992-08-19,-0.0011424317011024866
1992-08-20,-0.0005515921008536484
1992-08-21,-0.0005877105880119082
1992-08-24,0.0014703583450596358
1992-08-25,-0.0018580354549615984
1992-08-26,-0.001195599519270446
1992-08-27,0.0007814674972626889
1992-08-28,-0.0019410588297248455
1992-08-31,0.0010183168890823436
1992-09-01,0.001010187472767854
1992-09-02,0.00156786517426159
1992-09-03,0.0010929759231239234
1992-09-04,-0.0001351067841625253
1992-09-08,0.005502908359873926
1992-09-09,-0.001957474848599994
1992-09-10,0.0005840979427352899
1992-09-11,0.0008698612661322159
1992-09-14,0.0019394703969923932
1992-09-15,-0.00014698603402296117
1992-09-16,0.0034167467062755086
1992-09-17,0.001617207901494133
1992-09-18,0.004328774511235251
1992-09-21,-0.000238904696953246
1992-09-22,0.0022159436994541757
1992-09-23,-0.003563856097653401
1992-09-24,0.0026880156859280134
1992-09-25,-0.0007283847726078374
1992-09-28,-0.004621695704156431
1992-09-29,0.002996911395004276
1992-09-30,-0.0002030553586502226
1992-10-01,0.0034178076757603593
1992-10-02,-0.002829072439278618
1992-10-05,0.0002712309642786626
1992-10-06,-0.0001608140147717929
1992-10-07,-0.0017038279070452245
1992-10-08,0.001443413513866565
1992-10-09,0.005586683083726207
1992-10-12,0.0006073700479428346
1992-10-13,-9.984535755205303e-05
1992-10-14,0.0022720419963440817
1992-10-15,0.00022720658529430394
1992-10-16,-0.001007155619548411
1992-10-19,0.0012413682741234723
1992-10-20,0.0025319743087719782
1992-10-21,0.0010314089128953042
1992-10-22,0.0016258002395550032
1992-10-23,-0.0016688162238973681
1992-10-26,0.0030857460191301422
1992-10-27,-0.0024556285115508334
1992-10-28,0.0016652820491466435
1992-10-29,-0.0001996039311226272
1992-10-30,-0.0003395445811829878
1992-11-02,-0.002095285462813917
1992-11-03,0.0023549842072636217
1992-11-04,-0.0006844584007234588
1992-11-05,0.0011288303342303462
1992-11-06,0.005227072354911389
1992-11-09,-0.002634239123500004
1992-11-10,0.00023710259982501758
1992-11-11,-0.0010230768179284755
1992-11-12,-0.002693463711062405
1992-11-13,-0.002860947764361521
1992-11-16,0.0016991098754350676
1992-11-17,-2.4736881437215085e-05
1992-11-18,0.003211021201392006
1992-11-19,-0.0012635996882945477
1992-11-20,0.0008585882835861425
1992-11-23,-0.002758055417275457
1992-11-24,-0.0017534391468334242
1992-11-25,-0.00250369542734441
1992-11-27,0.00045968482984490853
1992-11-30,-0.0022699924772850546
1992-12-01,0.0016502201021570794
1992-12-02,0.001624441368129098
1992-12-03,0.0010035493194904376
1992-12-04,0.0014613620114278581
1992-12-07,-0.001534656693865405
1992-12-08,0.00258377428514322
1992-12-09,0.0015034268822577024
1992-12-10,0.005112012585095682
1992-12-11,-0.0012954776207002305
1992-12-14,0.0009402947320144073
1992-12-15,-0.0014140790470032639
1992-12-16,6.974877892990117e-05
1992-12-17,0.0007145508252402843
1992-12-18,-0.001298032138643479
1992-12-21,0.0021104549742841593
1992-12-22,0.003297414585053349
1992-12-23,-0.0006563822756517346
1992-12-24,-0.0026111167330209683
1992-12-28,-0.00021126361253650527
1992-12-29,0.003425399016675956
1992-12-30,-0.00047265053320750817
1992-12-31,0.0022517264815376525
1993-01-04,-0.0025038677150011736
1993-01-05,0.0
1993-01-06,0.00022276772398232002
1993-01-07,5.549336274951467e-06
1993-01-08,2.379634105720285e-06
1993-01-11,0.0022267471404948725
1993-01-12,9.964993919464592e-06
1993-01-13,0.0004790787027175003
1993-01-14,-0.0003231619338937786
1993-01-15,0.00038331478614997416
1993-01-18,-1.7623770115715588e-06
1993-01-19,0.0004517214087993382
1993-01-20,0.0014034353079174998
1993-01-21,0.0004153820212576986
1993-01-22,0.0004844158055098857
1993-01-25,0.0007141303293309364
1993-01-26,8.395128056963852e-05
1993-01-27,-0.0008408390779191033
1993-01-28,0.001209734330554757
1993-01-29,0.00028594183994862243
1993-02-01,0.001901279229006969
1993-02-02,-0.0010393990688975841
1993-02-03,0.00037456892900932794
1993-02-04,-0.0009913686509387064
1993-02-05,0.0030776987288548495
1993-02-08,-0.0015763674519755299
1993-02-09,-0.000608712866124883
1993-02-10,0.001258726933544202
1993-02-11,0.0016778698666224333
1993-02-12,0.0020644280592846454
1993-02-16,-0.00016415184940300477
1993-02-17,-0.0025905394706338845
1993-02-18,0.0036234857222468666
1993-02-19,0.00021556196340396516
1993-02-22,-0.004649382066249963
1993-02-23,0.0027890872420130107
1993-02-24,2.9619858591306558e-05
1993-02-25,0.001067152543988059
1993-02-26,0.00048089452754526143
1993-03-01,-0.0005850617376236989
1993-03-02,0.0006215791713334084
1993-03-03,0.0003238169322940743
1993-03-04,0.002297688376201068
1993-03-05,0.0001268346630821593
1993-03-08,-0.002017328796731921
1993-03-09,0.0005446272351705917
1993-03-10,0.0049127733959255515
1993-03-11,0.001259537251925863
1993-03-12,-0.001617920228789299
1993-03-15,-0.0024364873694859624
1993-03-16,-0.0014054521401407505
1993-03-17,0.002299193059797289
1993-03-18,-0.003089485674003534
1993-03-19,0.0036961525150954687
1993-03-22,-0.001134475051095829
1993-03-23,-0.00034021232688206113
1993-03-24,-0.0009804869579327635
1993-03-25,0.00035805678348732606
1993-03-26,-0.002284196734971533
1993-03-29,-0.0008649936452538642
1993-03-30,0.0009121614601944661
1993-03-31,-0.002325161361696104
1993-04-01,0.0014746528025860294
1993-04-02,0.0013812128752026698
1993-04-05,0.0011917736703866422
1993-04-06,-0.0012146626620196666
1993-04-07,-0.001801428774828967
1993-04-08,-0.0004889395440888066
1993-04-12,-0.0031970565374998096
1993-04-13,-0.00037893450918993765
1993-04-14,0.002380890388206919
1993-04-15,-0.00033622913980054235
1993-04-16,-0.000689364984759383
1993-04-19,-0.0009730705733541345
1993-04-20,-1.4703919419822853e-05
1993-04-21,-0.00011618063479043594
1993-04-22,0.006576133883856039
1993-04-23,-0.004392436175910263
1993-04-26,-0.001765580009573653
1993-04-27,-0.00249773983042611
1993-04-28,0.003927800736415915
1993-04-29,-0.002548076828295892
1993-04-30,-0.001474402530615465
1993-05-03,-0.0002406468210490731
1993-05-04,0.0042952620934591955
1993-05-05,0.001954987147384085
1993-05-06,0.0028615285401580926
1993-05-07,0.0007002450928455639
1993-05-10,-0.00011797114807445275
1993-05-11,0.0004948907978798489
1993-05-12,0.0003187171444429482
1993-05-13,0.0015072230818492017
1993-05-14,-0.004688251277159333
1993-05-17,-0.00025859605640125014
1993-05-18,0.0012330962334084871
1993-05-19,-0.0014605331221719253
1993-05-20,0.00033078803611751305
1993-05-21,-0.0004680869942886967
1993-05-24,0.0005979571862142596
1993-05-25,0.0023918862857203625
1993-05-26,-0.0051650348161097984
1993-05-27,0.003084420601028337
1993-05-28,-0.0032667880763048718
1993-06-01,0.0016927649860619565
1993-06-02,0.0022207950308971657
1993-06-03,0.0026834112778462427
1993-06-04,-0.002307467142997871
1993-06-07,-0.001314792380376939
1993-06-08,0.0035060421647734375
1993-06-09,0.00027110285210862894
1993-06-10,-0.0017615385588785836
1993-06-11,0.0010085697238752744
1993-06-14,0.0003471115828681759
1993-06-15,0.0011269173450977165
1993-06-16,-0.0015708852659917449
1993-06-17,-4.152477414218758e-05
1993-06-18,0.0006508670989412602
1993-06-21,-0.0012376623739351945
1993-06-22,-0.0011028951409673138
1993-06-23,0.0005854582216803961
1993-06-24,0.00218842251596339
1993-06-25,7.877258953163935e-05
1993-06-28,-0.0011441450950810395
1993-06-29,0.0002541581920459224
1993-06-30,-0.006349330547648979
1993-07-01,0.0
1993-07-02,0.0004240439729450374
1993-07-06,-0.00017984270751798538
1993-07-07,0.00031363874363583567
1993-07-08,0.0006783588368319438
1993-07-09,0.0004638756609234351
1993-07-12,-0.0016404986282056
1993-07-13,-0.0006667444900763265
1993-07-14,-0.000625338360722516
1993-07-15,-0.002488868329468541
1993-07-16,-0.0017097960303307624
1993-07-19,-0.0002202443365946105
1993-07-20,0.000503017294866398
1993-07-21,5.6564898966815494e-05
1993-07-22,0.002444961429631842
1993-07-23,0.00014434247906759402
1993-07-26,-0.0009469938252889498
1993-07-27,0.0025984476659550726
1993-07-28,0.00024022352826330028
1993-07-29,0.0018740357421217825
1993-07-30,0.0018376295118224472
1993-08-02,0.00023484123580975736
1993-08-03,-0.001621975249922536
1993-08-04,-0.00032312391578905866
1993-08-05,-0.0028286022615941044
1993-08-06,0.0008818447628357428
1993-08-09,0.003953105376562449
1993-08-10,0.00014974692790091227
1993-08-11,-0.00350060210029276
1993-08-12,0.0018062979647438305
1993-08-13,0.0025239067475060885
1993-08-16,-0.001018875300641281
1993-08-17,0.0005986808265151077
1993-08-18,-0.0021643348085632398
1993-08-19,-0.001991771020590727
1993-08-20,-0.0012137235231125976
1993-08-23,-0.0005007619157499143
1993-08-24,0.0010503656426505247
1993-08-25,0.00011807227111249041
1993-08-26,0.0037406662250225654
1993-08-27,-0.001495804699069636
1993-08-30,-8.902517185561676e-05
1993-08-31,-0.0003481011965162817
1993-09-01,0.001721373155315159
1993-09-02,0.0006454979071039146
1993-09-03,-0.002356707735693775
1993-09-07,0.0005884754912217072
1993-09-08,-0.00012069045541173163
1993-09-09,-0.0011947421693941974
1993-09-10,-0.004605621739401089
1993-09-13,0.0003605499617871266
1993-09-14,0.003784373359373999
1993-09-15,-0.002451189925428837
1993-09-16,0.0005440077739002347
1993-09-17,-0.00024807761030913865
1993-09-20,-0.0006178339717019365
1993-09-21,0.001377067991401648
1993-09-22,-0.0006351209838706573
1993-09-23,-0.0018047036495367208
1993-09-24,-0.00029329094973152837
1993-09-27,-0.0010002136968048415
1993-09-28,0.0008391532891043552
1993-09-29,0.0019470266891126297
1993-09-30,0.0008280898436343054
1993-10-01,-0.0026915546088906008
1993-10-04,-0.00044497647493464964
1993-10-05,-0.0010531369633005549
1993-10-06,-0.002519406999962248
1993-10-07,0.0033296266427566335
1993-10-08,-0.0038268229711750255
1993-10-11,0.0033070337722440946
1993-10-12,-0.004022018131838173
1993-10-13,-0.00044373100065009385
1993-10-14,-0.0009251725405480693
1993-10-15,-0.0009873390989306396
1993-10-18,-0.005226669238478509
1993-10-19,-0.0004772052048134745
1993-10-20,0.0035095876052812945
1993-10-21,9.598406629550693e-05
1993-10-22,0.008296638473096057
1993-10-25,-0.004789501624363562
1993-10-26,-0.005662892579828377
1993-10-27,0.0027358670845998244
1993-10-28,-0.0010654211340789532
1993-10-29,0.003326908011365465
1993-11-01,0.000690522780193803
1993-11-02,-0.001844909206971157
1993-11-03,0.00013281058509564402
1993-11-04,-0.006583930176888686
1993-11-05,0.0018160324985042665
1993-11-08,0.00011122256453573454
1993-11-09,-0.00122019831152686
1993-11-10,-0.0026448830402239555
1993-11-11,0.004554640597609022
1993-11-12,-0.0017541763815494605
1993-11-15,-0.002075585990023826
1993-11-16,0.0007681268898944826
1993-11-17,-0.00020924589155059127
1993-11-18,-0.003577246784285876
1993-11-19,-0.001614564653898004
1993-11-22,0.0026747351498743353
1993-11-23,0.004098424012449536
1993-11-24,0.0008557097771761168
1993-11-26,0.0024979204247609966
1993-11-29,0.0037983085166541975
1993-11-30,-0.0051019367703302124
1993-12-01,0.005202562701482211
1993-12-02,-0.0018511085138405215
1993-12-03,0.0015246176737107376
1993-12-06,-0.002729779461748738
1993-12-07,0.002761442508954076
1993-12-08,0.004103503598984787
1993-12-09,0.000321433150138728
1993-12-10,0.0005118177594818363
1993-12-13,-0.0010320819127014435
1993-12-14,-0.0006431016922982036
1993-12-15,0.003589593618556053
1993-12-16,0.00020481001655653364
1993-12-17,-0.0020811424452948702
1993-12-20,0.0003476877273409174
1993-12-21,-0.0010676100900492592
1993-12-22,3.1685139539022744e-05
1993-12-23,0.0002504262414520786
1993-12-27,-0.005694912899284377
1993-12-28,0.0018058873797991537
1993-12-29,-0.0036817267596871263
1993-12-30,-0.0022205114990522467
1993-12-31,0.005062138918761677
1994-01-03,0.0
1994-01-04,0.00034382345878943845
1994-01-05,0.002559282482593844
1994-01-06,0.0028968569856733517
1994-01-07,-0.0008035409826891382
1994-01-10,-0.004325805809885874
1994-01-11,0.004689095193941661
1994-01-12,-0.0011185851499269262
1994-01-13,0.0021798444711126075
1994-01-14,-0.0005018304906842074
1994-01-17,0.0012000418535572266
1994-01-18,-0.0033802665410858747
1994-01-19,0.0006653378109118258
1994-01-20,0.0018816350222640387
1994-01-21,0.0011220871809376864
1994-01-24,-0.0003722557320913145
1994-01-25,0.0007325888954165082
1994-01-26,0.0035324409603458397
1994-01-27,-0.0038295726430005337
1994-01-28,0.000494510387567948
1994-01-31,-0.001997587251860361
1994-02-01,0.001743370882373535
1994-02-02,0.001832862955386011
1994-02-03,0.001533772842773684
1994-02-04,-0.004712149790130404
1994-02-07,0.00465252782683725
1994-02-08,0.0005907673708132943
1994-02-09,-0.0007209920746217569
1994-02-10,0.0038126835835604
1994-02-11,0.0017151149741107875
1994-02-14,-0.0030417049550746865
1994-02-15,-0.002823542963360015
1994-02-16,0.0028234841670962407
1994-02-17,0.002781298749758132
1994-02-18,0.004155004047134048
1994-02-22,0.0004578349061485798
1994-02-23,-0.0012830997677060584
1994-02-24,0.0011849838575658743
1994-02-25,0.002004232975405368
1994-02-28,-0.004252717162648067
1994-03-01,-0.0004030690956694616
1994-03-02,0.0016294201072547753
1994-03-03,-0.0018987665762784877
1994-03-04,-0.0024103868590472145
1994-03-07,0.0009362331015872582
1994-03-08,0.0002670923194850683
1994-03-09,0.0016244008288150036
1994-03-10,0.0009529128352162742
1994-03-11,-0.0038508238637667723
1994-03-14,-0.0011664147289544347
1994-03-15,0.0022529208853974024
1994-03-16,-0.001286585496620446
1994-03-17,0.0006645545954335863
1994-03-18,0.002711694689085936
1994-03-21,-0.003221863457267116
1994-03-22,0.0033673190514099337
1994-03-23,-0.0013374345874989035
1994-03-24,0.000849161251379893
1994-03-25,0.002463771553129407
1994-03-28,-0.0006129773295183826
1994-03-29,0.003955159619239668
1994-03-30,-0.0006023425100602442
1994-03-31,-6.089338470294247e-07
1994-04-04,0.00015354743019900253
1994-04-05,0.0021603731569211026
1994-04-06,-0.0006200430380423727
1994-04-07,0.0003863669459073349
1994-04-08,0.00033588286281812095
1994-04-11,0.0015100257699403208
1994-04-12,0.0004072686557118732
1994-04-13,0.0032021802448651826
1994-04-14,-0.0026810721885750345
1994-04-15,-0.00010573694057793293
1994-04-18,0.00016169375456376311
1994-04-19,0.0012706976009052352
1994-04-20,-0.0017258856260902178
1994-04-21,0.0006188878889723081
1994-04-22,0.002495004870099643
1994-04-25,0.0008439932496723645
1994-04-26,0.0003945728170525409
1994-04-28,0.0029429420413550123
1994-04-29,-0.004284381644502289
1994-05-02,0.0017487091749772477
1994-05-03,-0.00296466589587534
1994-05-04,0.000887091190533823
1994-05-05,0.0015780577123404639
1994-05-06,0.002737260551262083
1994-05-09,-0.003607867082812516
1994-05-10,0.0010371686156692428
1994-05-11,0.0025877655854478652
1994-05-12,0.0020257773659511035
1994-05-13,0.0029895356417218187
1994-05-16,-0.005397651991933317
1994-05-17,-0.0033791271050946704
1994-05-18,0.0004358631152668435
1994-05-19,0.0030369825481023184
1994-05-20,6.529227691581818e-05
1994-05-23,7.347809605116606e-05
1994-05-24,-0.000842616759803011
1994-05-25,-0.0025721923967140015
1994-05-26,0.0011996926399131746
1994-05-27,4.167351705001154e-05
1994-05-31,0.0007303074716318969
1994-06-01,0.002840103168976843
1994-06-02,-0.001083992881508683
1994-06-03,0.00821539579004999
1994-06-06,0.00026266545192596966
1994-06-07,-0.0047920792271444745
1994-06-08,0.001083249532912506
1994-06-09,0.003024865080434286
1994-06-10,-0.0012964564796611676
1994-06-13,0.0007975230441575442
1994-06-14,0.001624718314330742
1994-06-15,-0.0004441181061915156
1994-06-16,-0.0032431646202522647
1994-06-17,-0.0014531976035548066
1994-06-20,-0.00023032718563198996
1994-06-21,-0.00020066792522052123
1994-06-22,-0.0027262095719890467
1994-06-23,-0.0016175029173915612
1994-06-24,-0.002836255346113953
1994-06-27,0.006812899866811828
1994-06-28,0.00016336064749384872
1994-06-29,-0.0008940867587240497
1994-06-30,0.0007986687465134035
1994-07-01,0.0
1994-07-05,0.0017999324654392578
1994-07-06,0.0006930825943945118
1994-07-07,0.002108250295350006
1994-07-08,0.0034877101704357816
1994-07-11,-0.0006023750407917972
1994-07-12,-0.0027621013637617042
1994-07-13,-0.00030396572793619516
1994-07-14,0.0011444571444810148
1994-07-15,0.0016102823423203405
1994-07-18,-0.0004933459450602084
1994-07-19,0.0006188952416674276
1994-07-20,-0.0006646265305823351
1994-07-21,0.000640705714575529
1994-07-22,-0.0020661507218883712
1994-07-25,0.001457043281933973
1994-07-26,-0.0013540867702411697
1994-07-27,-0.0003411259559107205
1994-07-28,-0.0008158531625201748
1994-07-29,-0.0011167231046268378
1994-08-01,0.0015391668616810627
1994-08-02,-0.0015113740834489186
1994-08-03,0.003428463301691964
1994-08-04,0.0001748781697586632
1994-08-05,0.0016442277062386768
1994-08-08,-0.005743791196734543
1994-08-09,0.00021247330634584504
1994-08-10,-0.000657445597688705
1994-08-11,0.00047928140369584706
1994-08-12,-0.0012870038807393847
1994-08-15,0.002040865555694804
1994-08-16,-0.0016738598729157505
1994-08-17,0.0007388785191946079
1994-08-18,0.0004096135688719749
1994-08-19,0.00019666529179225843
1994-08-22,0.0009753862409525249
1994-08-23,6.319099481917334e-05
1994-08-24,-0.0008446369483341043
1994-08-25,-0.0015858157653532046
1994-08-26,0.0024218620640572065
1994-08-29,0.001328550110459187
1994-08-30,0.001630679370897875
1994-08-31,-0.0021982880973581477
1994-09-01,-0.0031033929456312226
1994-09-02,0.0026013477155677313
1994-09-06,-0.0007146654595192037
1994-09-07,-0.0023818587371896406
1994-09-08,0.00038215038209268306
1994-09-09,-0.0028362629654851146
1994-09-12,-0.00024721330010534783
1994-09-13,0.0004236800626547299
1994-09-14,0.0011598333195490362
1994-09-15,4.438219203067861e-05
1994-09-16,0.00047604823301249376
1994-09-19,0.0020878091789375943
1994-09-20,-0.0033153875337734507
1994-09-21,-0.003564675439539744
1994-09-22,0.0017674260639385542
1994-09-23,0.002895797071032663
1994-09-26,-0.00020803542514664098
1994-09-27,0.0022730800052396306
1994-09-28,0.001974715882822509
1994-09-29,0.0013030175369153074
1994-09-30,-0.004168971603260829
1994-10-03,-0.0019068223885599534
1994-10-04,-0.0036718864983769084
1994-10-05,0.002770433391296695
1994-10-06,0.005429293175636313
1994-10-07,0.007814809587932514
1994-10-10,-0.0016231136853501415
1994-10-11,0.004534821717992554
1994-10-12,0.00035060460441689866
1994-10-13,0.0015641130019060812
1994-10-14,-0.0018471321781937833
1994-10-17,0.004078511433447169
1994-10-18,-0.0033130834526253704
1994-10-19,-0.0008153402641863261
1994-10-20,0.0033559610275208708
1994-10-21,-0.00234547273947362
1994-10-24,-0.003055581702800242
1994-10-25,0.006792364912644166
1994-10-26,-0.0039010014018756476
1994-10-27,0.00026514113233478965
1994-10-28,-0.004085158593127247
1994-10-31,-0.0013771192485963202
1994-11-01,0.002197657276798648
1994-11-02,0.0005164611281563702
1994-11-03,-0.0006379838789554393
1994-11-04,0.0028542319410529314
1994-11-07,-0.0027254181664495723
1994-11-08,-0.0025932151281473303
1994-11-09,0.003100015458577965
1994-11-10,-0.0038890938890082994
1994-11-11,0.0007755146906605282
1994-11-14,-0.0006840661130763981
1994-11-15,0.00016067779082167276
1994-11-16,-0.0014864954123246122
1994-11-17,0.00282980914597773
1994-11-18,0.0045785425585385345
1994-11-21,-0.003338716365160782
1994-11-22,-0.0007866512305352569
1994-11-23,-0.002077127031047843
1994-11-25,0.00623060156397282
1994-11-28,-0.0016541877471495992
1994-11-29,-0.0010090221334211613
1994-11-30,-0.0009224428490996362
1994-12-01,0.0023702067173485774
1994-12-02,-0.0002657916362699575
1994-12-05,-0.003783402900860272
1994-12-06,-0.0011889026150213422
1994-12-07,-0.0014427174523544473
1994-12-08,0.0018781502962191721
1994-12-09,-0.0005924134213352861
1994-12-12,0.0028514042020882256
1994-12-13,0.005010724287359464
1994-12-14,0.001238561254306103
1994-12-15,0.0066627832854307956
1994-12-16,0.0007314893676313216
1994-12-19,0.0010910334812601786
1994-12-20,0.005206961626686218
1994-12-21,-0.004125519599576027
1994-12-22,0.004558483068047315
1994-12-23,-0.0007020177794011317
1994-12-27,-0.0019801391999192063
1994-12-28,0.0003769407013795412
1994-12-29,0.001495357138209219
1994-12-30,0.0010051815833373168
1995-01-03,0.0
1995-01-04,-0.001378513490397959
1995-01-05,0.0009132708447474713
1995-01-06,0.0004578391612601818
1995-01-09,-0.00032245958429560906
1995-01-10,-0.0003832810942202669
1995-01-11,0.002588015787422293
1995-01-12,-0.0009898420945382402
1995-01-13,-0.0011069497434789855
1995-01-16,0.0003872028134075889
1995-01-17,0.0003234471702864006
1995-01-18,-0.0009297485151698315
1995-01-19,0.00041666176923129127
1995-01-20,2.5258620484575058e-05
1995-01-23,0.0004963198570753169
1995-01-24,0.0016193645144943424
1995-01-25,-0.0007291958010657351
1995-01-26,-0.0033199405657508008
1995-01-27,0.0004102683035190069
1995-01-30,0.001089718998195799
1995-01-31,-0.001389153071961191
1995-02-01,0.0003820963433985358
1995-02-02,-0.0008977213652137828
1995-02-03,0.0005515231641611939
1995-02-06,-0.0010630125442403326
1995-02-07,0.0016986558588880708
1995-02-08,-0.0004915388124580589
1995-02-09,0.003118319147467463
1995-02-10,-0.0028198228475631525
1995-02-13,0.0006574147511504813
1995-02-14,0.0027381241793228983
1995-02-15,8.710675209112063e-05
1995-02-16,0.0002025257173210948
1995-02-17,0.0009128146498847578
1995-02-21,0.001077805986056246
1995-02-22,-0.00020046729507547934
1995-02-23,0.0004585255729721016
1995-02-24,0.00028578610747833635
1995-02-27,0.002171720490105905
1995-02-28,-0.0017522531062624802
1995-03-01,0.004350778203243438
1995-03-02,0.0005684642823888586
1995-03-03,0.0014605633265541151
1995-03-06,-0.0007211973219220624
1995-03-07,9.805225865258115e-05
1995-03-08,0.0016961059247270816
1995-03-09,-0.0007159790679002076
1995-03-10,-0.002491879167840805
1995-03-13,0.004599489375992227
1995-03-14,0.003826447591075971
1995-03-15,-0.00026396231000747614
1995-03-16,0.004710174740148082
1995-03-17,0.000429319335610856
1995-03-20,0.002575572294896278
1995-03-21,-0.0034121881659942566
1995-03-22,-0.0005624112477365717
1995-03-23,-0.0014016021814147682
1995-03-24,-0.00022417809893344743
1995-03-27,0.0004100843073579274
1995-03-28,0.0006358903338539223
1995-03-29,-0.0010602249570399792
1995-03-30,-0.0008947722409776926
1995-03-31,2.7196263000273112e-05
1995-04-03,0.0021825145827929606
1995-04-04,0.002257627987240651
1995-04-05,-0.003802530439079904
1995-04-06,0.001384017410704097
1995-04-07,-0.0018871680240667543
1995-04-10,-0.0030193418188319164
1995-04-11,0.0020471417856606443
1995-04-12,5.3216571655068104e-05
1995-04-13,0.0022358601391951117
1995-04-17,0.0018507970278838382
1995-04-18,-0.0009290037529683492
1995-04-19,-0.0033890355969939446
1995-04-20,0.0028557621631007113
1995-04-21,0.002926471867279079
1995-04-24,-0.000749922275612086
1995-04-25,-0.00038450172737249935
1995-04-26,4.186921459471971e-05
1995-04-27,-0.0007376246001702114
1995-04-28,0.0010672891009879727
1995-05-01,-0.0015536665876070665
1995-05-02,0.002575315056831473
1995-05-03,0.0010300836557118331
1995-05-04,0.0004093657347086055
1995-05-05,-0.0016737687267225354
1995-05-08,-0.0029409972056906207
1995-05-09,-0.003079254270384746
1995-05-10,0.002804462032263527
1995-05-11,-0.0023457991018320857
1995-05-12,0.0015445850522312955
1995-05-15,-0.0017115286502988269
1995-05-16,0.0024802599282612693
1995-05-17,0.0006573889873493666
1995-05-18,0.0029180438093617312
1995-05-19,-0.0005848675616343391
1995-05-22,-0.0009690201726680447
1995-05-23,0.0010369399692700843
1995-05-24,0.0013068828174804647
1995-05-25,-0.004305788776690878
1995-05-26,0.006613975506331476
1995-05-30,-0.005403456844348381
1995-05-31,-0.0011695540144232353
1995-06-01,0.00046867165959664226
1995-06-02,0.0004828789316272175
1995-06-05,-0.002795248201867273
1995-06-06,0.0024591188014569665
1995-06-07,0.004570259998751558
1995-06-08,-0.0020612035322634336
1995-06-09,0.0037701534309527497
1995-06-12,0.00014773494596390658
1995-06-13,-0.007763076074547598
1995-06-14,0.0003747557038721816
1995-06-15,0.0016290173973877776
1995-06-16,0.0017703061383863017
1995-06-19,0.0017248569866033458
1995-06-20,0.0007712469420830204
1995-06-21,-0.00021794918725506762
1995-06-22,-0.0023941285047025416
1995-06-23,6.279522592027576e-05
1995-06-26,0.0005807791919642147
1995-06-27,0.001955149131500844
1995-06-28,-0.005513117786352467
1995-06-29,0.0011181848573816656
1995-06-30,-0.0012732133224705178
1995-07-03,0.0
1995-07-05,0.0014399031643023085
1995-07-06,-0.0007512495111131057
1995-07-07,0.0021669891367079863
1995-07-10,-0.0016348160547125234
1995-07-11,0.0018752639570314366
1995-07-12,-0.0008905923158486317
1995-07-13,0.0008646002026930389
1995-07-14,0.0005804916302428242
1995-07-17,0.001294567834456195
1995-07-18,-0.002884766708401204
1995-07-19,0.003692943701938833
1995-07-20,-0.0013794087744555372
1995-07-21,0.0008644127620802799
1995-07-24,-3.696381115301239e-05
1995-07-25,-0.0021832945670850813
1995-07-26,0.0024473893418930303
1995-07-27,-0.003362491930429695
1995-07-28,0.004027686438104272
1995-07-31,-0.0010910327827735767
1995-08-01,0.0004440680800056829
1995-08-02,0.0061273117887629125
1995-08-03,0.0032800337622737987
1995-08-04,-0.002597269060969054
1995-08-07,0.0011300582856614838
1995-08-08,0.000994630008200148
1995-08-09,-0.0007948599319080707
1995-08-10,0.0007509735245168237
1995-08-11,0.000769415257342726
1995-08-14,-0.003245819145417328
1995-08-15,-0.0015632042833889804
1995-08-16,0.0019642426615390563
1995-08-17,0.000862716636462757
1995-08-18,0.0010952977180393787
1995-08-21,0.001388323097062366
1995-08-22,-0.00037678220804129305
1995-08-23,-0.00037110107459189525
1995-08-24,0.00252288327714833
1995-08-25,0.00012278438665122015
1995-08-28,0.0016496781014478656
1995-08-29,-0.0009030641406957251
1995-08-30,-0.0009534755488917635
1995-08-31,0.0012293010268218107
1995-09-01,-0.002767667551170533
1995-09-05,0.0012507944326128006
1995-09-06,-0.0008514149094520195
1995-09-07,4.1590043563860533e-05
1995-09-08,-0.00020494586019847993
1995-09-11,-0.001087377129900896
1995-09-12,-0.0009833659297008358
1995-09-13,0.0005131537495545402
1995-09-14,-0.004678508552817301
1995-09-15,0.003659024389650728
1995-09-18,0.003514777994601309
1995-09-19,0.006176793903708089
1995-09-20,-0.0008175398709203086
1995-09-21,0.000793582309964308
1995-09-22,0.0013473782582898552
1995-09-25,0.00035054418008281796
1995-09-26,-0.0014663229527188293
1995-09-27,0.004361038003033818
1995-09-28,-0.0004365722685706841
1995-09-29,0.0008634664780271583
1995-10-02,0.0021679138217489736
1995-10-03,-0.0034403511044247825
1995-10-04,-0.004621611785799923
1995-10-05,-0.00015679238680791353
1995-10-06,-0.0028055491648241006
1995-10-09,0.0027722430681042186
1995-10-10,0.0013441321952121555
1995-10-11,0.0010152679091959382
1995-10-12,0.0012647928554329225
1995-10-13,0.003344158088670246
1995-10-16,-0.004087942602044853
1995-10-17,0.002089202954367475
1995-10-18,-0.010067615357772276
1995-10-19,0.001061506003417273
1995-10-20,0.004484582733666387
1995-10-23,-0.0006761273990911088
1995-10-24,-0.0006734584773442021
1995-10-25,0.006369096450949419
1995-10-26,0.004973921946212212
1995-10-27,-0.007119992637501182
1995-10-30,0.010007680515411755
1995-10-31,0.0009290311456776723
1995-11-01,-0.004739310443371175
1995-11-02,-0.004050890508214472
1995-11-03,0.004447920735163419
1995-11-06,0.001310639766058963
1995-11-07,0.00296140724194639
1995-11-08,-0.007432479044092344
1995-11-09,-0.002394725541207904
1995-11-10,0.00024718725142047206
1995-11-13,0.001858145746874773
1995-11-14,0.009579946936488887
1995-11-15,-0.002715384406536542
1995-11-16,0.0027942867093685487
1995-11-17,0.002051735661673759
1995-11-20,0.0009011227826919265
1995-11-21,-0.0016114486126214522
1995-11-22,0.0018750499228075313
1995-11-24,0.001793532916548618
1995-11-27,-0.002237221294786895
1995-11-28,-0.0015772288002586677
1995-11-29,0.004470267871179917
1995-11-30,-0.001386426058971879
1995-12-01,-0.004116674754522287
1995-12-04,-0.0028373825242323015
1995-12-05,-0.006573265717192705
1995-12-06,-0.00015675935633580051
1995-12-07,0.0003449149745005209
1995-12-08,-0.0017987206173288584
1995-12-11,-0.0009722950717992896
1995-12-12,-0.0011136875219643794
1995-12-13,0.004914350312757687
1995-12-14,0.0030448444245125494
1995-12-15,0.001915892097275812
1995-12-18,0.004791624389499543
1995-12-19,-0.0013894016944852206
1995-12-20,0.006426014219757958
1995-12-21,0.0004902526352081827
1995-12-22,-0.000833404337428445
1995-12-26,-0.00017683011564178507
1995-12-27,0.0009572661496711155
1995-12-28,-0.004782689645434257
1995-12-29,-0.00010744015432648246
1996-01-02,0.0
1996-01-03,-0.0007049198274910684
1996-01-04,-0.0006150659180118534
1996-01-05,0.0016932565637806096
1996-01-08,-0.0006880064744427594
1996-01-09,0.0009358865525583571
1996-01-10,0.0002787801931768641
1996-01-11,0.002523406323202215
1996-01-12,0.000756284588264805
1996-01-15,0.0015567135346327588
1996-01-16,-0.004832371424987769
1996-01-17,0.00039380585894660536
1996-01-18,0.0009395811143606825
1996-01-19,0.0028561732908745975
1996-01-22,-0.0016437704313486622
1996-01-23,0.00270568622031902
1996-01-24,0.004535904226304616
1996-01-25,-0.001268370146499004
1996-01-26,0.001437271411981461
1996-01-29,0.002289678462159478
1996-01-30,-0.001747779376648051
1996-01-31,0.002074612382093505
1996-02-01,0.0013139724162220534
1996-02-02,-0.0025167073016231388
1996-02-05,0.0016952370234878111
1996-02-06,0.0020411717145955134
1996-02-07,-0.003447254776946873
1996-02-08,-0.0012758810625844053
1996-02-09,0.0020058822519883448
1996-02-12,-0.0002160995578044833
1996-02-13,0.002305142972233465
1996-02-14,-0.002984970521992247
1996-02-15,0.000883672982646827
1996-02-16,0.0015597512645552035
1996-02-20,-0.0002458409529993877
1996-02-21,-0.0007959193127292874
1996-02-22,-0.002845801812051879
1996-02-23,-0.0005543076364622757
1996-02-26,-0.002256183597983313
1996-02-27,0.0012309369572638229
1996-02-28,-0.0007316551801924808
1996-02-29,0.003581330438582814
1996-03-01,0.0005941883760448685
1996-03-04,-0.0018049909002059328
1996-03-05,0.004046709028991724
1996-03-06,-0.003933921699461107
1996-03-07,-0.0003475040731408141
1996-03-08,0.0011272107151159283
1996-03-11,0.0017161033814059312
1996-03-12,0.0005041562415347922
1996-03-13,0.0003301259518519728
1996-03-14,-0.0030764902650282588
1996-03-15,0.0025466608052942597
1996-03-18,-0.00027624326046549186
1996-03-19,0.00384085350196271
1996-03-20,-0.0017157091627664656
1996-03-21,-0.001476545593194989
1996-03-22,-0.0014585614912250911
1996-03-25,0.0010804790012502396
1996-03-26,0.0028696710131659252
1996-03-27,0.004898394251985422
1996-03-28,-0.0002832645685979129
1996-03-29,-0.0023992587308037327
1996-04-01,0.0010171400377669449
1996-04-02,0.00337263923354425
1996-04-03,-0.00360156281741465
1996-04-04,0.00015148250457049371
1996-04-08,0.002679854903290668
1996-04-09,0.0033061968723054613
1996-04-10,0.003073138576765888
1996-04-11,0.0011348979897626344
1996-04-12,0.000757926830996547
1996-04-15,-0.0017209695727468833
1996-04-16,0.002407536391463477
1996-04-17,0.0003810337653821494
1996-04-18,0.0015342568256380585
1996-04-19,0.001977442405756047
1996-04-22,0.001107260065566018
1996-04-23,0.0002869636029109002
1996-04-24,0.0009631695706332488
1996-04-25,-0.0015766927176024902
1996-04-26,0.0006277795524439079
1996-04-29,0.0011150779389754784
1996-04-30,0.00037210913694074035
1996-05-01,-0.000988432246375659
1996-05-02,0.0010039675262434322
1996-05-03,-0.002897988743119495
1996-05-06,0.004363686463786498
1996-05-07,0.001211861963658245
1996-05-08,-0.00015930602054159415
1996-05-09,0.004696561041589586
1996-05-10,0.003572808797197696
1996-05-13,0.00040285752599266144
1996-05-14,0.0038833482353534065
1996-05-15,-0.0009044709909092841
1996-05-16,-0.0013271850409844244
1996-05-17,0.0021272240929304854
1996-05-20,0.0015757034868181974
1996-05-21,0.0010791335697871774
1996-05-22,-0.0014355022985862553
1996-05-23,-0.002475101505090044
1996-05-24,0.0015668120901941973
1996-05-28,0.0002676864076543273
1996-05-29,-0.0011958938163988075
1996-05-30,0.0021805973844044924
1996-05-31,0.0015508195064390605
1996-06-03,-0.00014645834123137025
1996-06-04,0.0006032013126096858
1996-06-05,0.0017792109276732527
1996-06-06,-0.0008123374985383958
1996-06-07,0.002465651951292308
1996-06-10,-0.0017135611030511088
1996-06-11,-0.00031047727254919223
1996-06-12,0.0015621398288473086
1996-06-13,0.00033809702653146424
1996-06-14,0.002853381234487168
1996-06-17,0.001212850289387063
1996-06-18,-0.0019541540782271882
1996-06-19,0.0011707867831722118
1996-06-20,0.0005044252043404862
1996-06-21,-0.0005092267313957343
1996-06-24,0.0016321468446515775
1996-06-25,0.0022216018882628918
1996-06-26,-0.0009499776448365638
1996-06-27,-0.0004544466693940707
1996-06-28,0.006072032882294904
1996-07-01,0.0
1996-07-02,0.0012003254610428843
1996-07-03,0.000765878061264269
1996-07-05,-0.004749783649864874
1996-07-08,0.006590932899301168
1996-07-09,0.0003169499375587666
1996-07-10,-0.003936472104221404
1996-07-11,0.0008105314983308973
1996-07-12,0.0008732571007749922
1996-07-15,-0.002154450766474814
1996-07-16,0.0035418088492246732
1996-07-17,-0.0028273526378069617
1996-07-18,0.003263539685997843
1996-07-19,0.0010200399981403938
1996-07-22,0.00130545674561436
1996-07-23,0.0011586002185667182
1996-07-24,0.003461269779689729
1996-07-25,-0.00040374826065709736
1996-07-26,0.0033473086063007134
1996-07-29,0.0026644769041317463
1996-07-30,-0.0003831628919123902
1996-07-31,0.0017832722408739812
1996-08-01,0.002324664227033912
1996-08-02,2.0401238483949263e-05
1996-08-05,0.0014654959629109303
1996-08-06,0.0004337637905092305
1996-08-07,0.0020325646529500622
1996-08-08,0.0019152461466252753
1996-08-09,-0.0006005169128693252
1996-08-12,0.00272351609821308
1996-08-13,0.00015555547101257124
1996-08-14,-0.0011252092689097116
1996-08-15,-0.0038077632773845997
1996-08-16,-0.003653411665946571
1996-08-19,0.005227809799719397
1996-08-20,-0.0021662079629582004
1996-08-21,0.0034867562925185768
1996-08-22,-0.00048261227968686936
1996-08-23,0.00028596905629995587
1996-08-26,-7.851708444960829e-06
1996-08-27,-0.0005956360735361759
1996-08-28,-0.0014718755127927378
1996-08-29,0.001163074644167679
1996-08-30,0.000597204762542284
1996-09-03,0.002985451099231242
1996-09-04,0.0008445093875093804
1996-09-05,-0.001084342444805118
1996-09-06,-0.0012486502713200222
1996-09-09,0.0034049095382940055
1996-09-10,-0.0011171862900414917
1996-09-11,-0.0003902280347055467
1996-09-12,0.00034659270815079175
1996-09-13,0.000889673812533453
1996-09-16,0.0021674805494653324
1996-09-17,-0.0002936061880955439
1996-09-18,0.0006669069326650877
1996-09-19,0.0017189653115772952
1996-09-20,0.0020115928907919263
1996-09-23,0.002440988237179338
1996-09-24,0.002496438571473706
1996-09-25,-0.0037232863944559953
1996-09-26,0.002854137298051226
1996-09-27,-0.0010376588138422537
1996-09-30,-0.0029002380975709187
1996-10-01,0.002042455739910938
1996-10-02,-0.000929413360245534
1996-10-03,-9.369581033161358e-05
1996-10-04,-0.0006556906799273934
1996-10-07,0.0019049319538023573
1996-10-08,0.0030695557355987853
1996-10-09,0.003141471604910652
1996-10-10,-0.004025349112198995
1996-10-11,-0.0024045583840174183
1996-10-14,0.0018097094127452575
1996-10-15,0.00224571019508553
1996-10-16,0.002180400903374008
1996-10-17,-0.0031883838410962095
1996-10-18,0.004627936383525509
1996-10-21,0.003542725839991671
1996-10-22,0.0013074361581977161
1996-10-23,-0.00026409778354648906
1996-10-24,0.00011199967206863472
1996-10-25,0.006624174683145485
1996-10-28,-0.008437845087365465
1996-10-29,-0.001360774545573274
1996-10-30,-0.005155738953645797
1996-10-31,-0.0028913081424137435
1996-11-01,-0.0013996438901230017
1996-11-04,0.000706229273012285
1996-11-05,0.0005493594866212412
1996-11-06,0.0027659135019433407
1996-11-07,-0.0013897293039151742
1996-11-08,0.0028422021667193764
1996-11-11,-0.0003576393452330237
1996-11-12,0.0019395242645832728
1996-11-13,-0.00026822640535300267
1996-11-14,0.0016044040113061965
1996-11-15,-0.003224241138500821
1996-11-18,-0.002184348418355511
1996-11-19,-0.0022223440104085267
1996-11-20,-0.0024777541150547335
1996-11-21,-4.000956354681907e-05
1996-11-22,-0.0009639390409358818
1996-11-25,0.0021558219310948935
1996-11-26,0.004049164323469427
1996-11-27,0.002855250741094559
1996-11-29,0.002722224622721174
1996-12-02,-0.0027712614689557762
1996-12-03,-0.0055567314926203235
1996-12-04,0.0037447330280222456
1996-12-05,-0.004471039577462848
1996-12-06,0.002520925550540515
1996-12-09,-0.005610814531717049
1996-12-10,0.005507704926334327
1996-12-11,0.0036380446837519626
1996-12-12,0.0005496486579494688
1996-12-13,0.002288508546097996
1996-12-16,0.0027284109028972918
1996-12-17,-0.005241160626856183
1996-12-18,0.001717649768459918
1996-12-19,-0.004269216240565205
1996-12-20,0.007018228475067313
1996-12-23,0.003425366303148164
1996-12-24,-0.004277649944193142
1996-12-26,-0.0011365237951270464
1996-12-27,0.0005267437504778106
1996-12-30,-0.0012118763048212596
1996-12-31,-0.0015824241592291566
1997-01-02,0.0
1997-01-03,0.0
1997-01-06,0.001648583891340888
1997-01-07,0.0
1997-01-08,0.0
1997-01-09,0.0
1997-01-10,-0.0007861147517388478
1997-01-13,0.0023745996538969472
1997-01-14,0.0007400535761168059
1997-01-15,0.0016252888106042084
1997-01-16,-0.000454714006423268
1997-01-17,-0.0007981376787495664
1997-01-20,0.0012547730301349924
1997-01-21,-0.0006335691698611146
1997-01-22,0.0029945021186542796
1997-01-23,0.0003534505658620124
1997-01-24,-0.00015374056996352858
1997-01-27,-0.0005733579770256236
1997-01-28,0.0009929438476617535
1997-01-29,-3.5137740558188746e-05
1997-01-30,0.00010931061397651543
1997-01-31,0.000951401950862879
1997-02-03,-0.0009245616232231302
1997-02-04,-0.001194356630757415
1997-02-05,-0.0028999113885155247
1997-02-06,-0.0014266066935134992
1997-02-07,0.00168279638641346
1997-02-10,0.00426494767705482
1997-02-11,-0.0029768489358400207
1997-02-12,0.0035880881347585603
1997-02-13,0.0038540410093675427
1997-02-14,-0.0016595904954166407
1997-02-18,0.0016315539616922393
1997-02-19,-0.003098311996649916
1997-02-20,0.003854744722797998
1997-02-21,0.001711133532968112
1997-02-24,-0.002032778504319388
1997-02-25,0.0005297141061275268
1997-02-26,-0.00022734139285858767
1997-02-27,0.00215197104958324
1997-02-28,-0.0016880478803675547
1997-03-03,0.00188295148710248
1997-03-04,-7.608438836458342e-05
1997-03-05,-0.001122009942706692
1997-03-06,-0.00012535755356358203
1997-03-07,-0.0008592997535764035
1997-03-10,0.0013989025866785521
1997-03-11,-0.00032586947534701816
1997-03-12,-0.00047195436607886944
1997-03-13,-0.007159318384176721
1997-03-14,-0.0018395722387287926
1997-03-17,0.002496911497322152
1997-03-18,0.00016681801427027021
1997-03-19,-0.0026139033418040693
1997-03-20,0.006835856391101708
1997-03-21,-0.002586855339801969
1997-03-24,0.005192487872992579
1997-03-25,0.004215711045163234
1997-03-26,-0.006945668121308429
1997-03-27,0.005153416294645446
1997-03-31,0.0011576024235411097
1997-04-01,-0.0016010689406930289
1997-04-02,0.001406500043778025
1997-04-03,0.003187199891509296
1997-04-04,-0.004869512313241925
1997-04-07,0.0005734391238146231
1997-04-08,0.0009269954170611272
1997-04-09,-0.0034326797424945542
1997-04-10,-0.0006672274074825624
1997-04-11,-0.00013348604170111965
1997-04-14,0.0005012468011903303
1997-04-15,0.0027297221750238686
1997-04-16,-0.0006317722491813504
1997-04-17,0.005334954591906515
1997-04-18,-0.0027249506368636654
1997-04-21,0.0006867292127431257
1997-04-22,0.002244714187988284
1997-04-23,0.0014859733285119358
1997-04-24,0.000981794706882183
1997-04-25,0.0022733997034820874
1997-04-28,0.003185471144187879
1997-04-29,0.004985186164545674
1997-04-30,-0.005290174226339328
1997-05-01,0.0032349054403741084
1997-05-02,0.002356728087256421
1997-05-05,0.007357308106097115
1997-05-06,-0.0012289079433740746
1997-05-07,0.001264132627588832
1997-05-08,-0.000954140706320239
1997-05-09,-0.0018573711466321197
1997-05-12,-0.001429105584089907
1997-05-13,0.0019695582180408013
1997-05-14,0.0014902463718925285
1997-05-15,0.0012378965826946753
1997-05-16,-0.002000915056042424
1997-05-19,0.002679969512751695
1997-05-20,-0.005632725013572015
1997-05-21,-0.0012257303404098197
1997-05-22,0.0016963885923271748
1997-05-23,-0.0014608888392061315
1997-05-27,-0.0004423123159679354
1997-05-28,0.0011208636118456683
1997-05-29,0.002657372077257608
1997-05-30,0.0018711507302505593
1997-06-02,0.0021515929655661348
1997-06-03,0.00376723467195923
1997-06-04,0.0019152819336211602
1997-06-05,-0.001869626262363494
1997-06-06,0.0032320391488795176
1997-06-09,0.00875891931326005
1997-06-10,-0.0035872657481115676
1997-06-11,-0.0040190780801079296
1997-06-12,-0.002068016919186699
1997-06-13,0.0074069630933721485
1997-06-16,-0.0022066799602918352
1997-06-17,-0.0013916412151265488
1997-06-18,-0.00041888844611273623
1997-06-19,-0.0017803730618280223
1997-06-20,0.0020509470531783645
1997-06-23,0.0019127728022379
1997-06-24,0.0022155937561148587
1997-06-25,0.0016062690742622455
1997-06-26,0.0025829026785133546
1997-06-27,-0.0026722697938804827
1997-06-30,-0.000723680704696128
1997-07-01,0.0
1997-07-02,-0.0004851005717507129
1997-07-03,0.0010353664954897868
1997-07-07,0.002514208636856613
1997-07-08,-0.001056737277586095
1997-07-09,0.0019236490072824185
1997-07-10,-0.0025927606350175324
1997-07-11,0.0011975291748082928
1997-07-14,0.0012978323008369709
1997-07-15,0.0005932978209808703
1997-07-16,-0.0016636503201630127
1997-07-17,0.0036719786166936274
1997-07-18,0.0033948801555304165
1997-07-21,-0.0012738710815175468
1997-07-22,-0.0007432486392015769
1997-07-23,0.0027885043104939446
1997-07-24,-0.0011430480241970465
1997-07-25,0.0015421303180795764
1997-07-28,0.0010467602372285945
1997-07-29,0.0001154941631826667
1997-07-30,0.0007294257418022476
1997-07-31,-0.0010911352557937681
1997-08-01,0.0015206702049399723
1997-08-04,0.005810277472322117
1997-08-05,-0.0006450804388171638
1997-08-06,-0.00040837994011606594
1997-08-07,0.00035739771225795083
1997-08-08,0.003138540457054023
1997-08-11,-0.0015150690469062811
1997-08-12,-0.00046030622395123457
1997-08-13,0.0017927278324137929
1997-08-14,-0.00031541793863547606
1997-08-15,-0.0023977415322823546
1997-08-18,0.0010846659538592484
1997-08-19,-0.00038332853408854504
1997-08-20,-0.0007088642152396796
1997-08-21,0.0007244758874149493
1997-08-22,0.0017697671159456253
1997-08-25,-0.0015591106083904017
1997-08-26,0.0003382112146765981
1997-08-27,-0.0006522987107387412
1997-08-28,-0.00040044688570649024
1997-08-29,0.0011712252468838503
1997-09-02,-0.0024699954011168203
1997-09-03,0.00032621651486096636
1997-09-04,0.0008416186176214202
1997-09-05,0.001340480763381857
1997-09-08,-0.0021911391468887654
1997-09-09,0.0019135775773189256
1997-09-10,0.0011408251017955228
1997-09-11,0.000861725428589305
1997-09-12,-0.000483172970295187
1997-09-15,0.00040526325017297137
1997-09-16,-0.0037775725994099395
1997-09-17,0.004482801160664546
1997-09-18,-0.0007073549884086705
1997-09-19,0.0005205628581439637
1997-09-22,-0.001181861423646491
1997-09-23,-0.0008839623862923474
1997-09-24,0.0013522396577519968
1997-09-25,0.005444505187266496
1997-09-26,-0.0020900168574124354
1997-09-29,0.0014945045945673307
1997-09-30,0.0021750680152007986
1997-10-01,-0.0006001462318103723
1997-10-02,-0.0016920343669391714
1997-10-03,0.004658797655489366
1997-10-06,0.0005246209098170417
1997-10-07,0.0015062358962369016
1997-10-08,0.0017121100065841722
1997-10-09,0.0019225817046253147
1997-10-10,0.0015853236335724608
1997-10-13,0.0010864439877325438
1997-10-14,-0.0034233206556456286
1997-10-15,0.0026675006162239223
1997-10-16,-0.0016946848883033383
1997-10-17,-0.0009886953865256899
1997-10-20,0.0005132224002061203
1997-10-21,-0.0013724649467122874
1997-10-22,-2.6837117345202e-05
1997-10-23,-0.0004967269895291115
1997-10-24,-0.0010767554244187516
1997-10-27,0.0011247909272208533
1997-10-28,0.003530791893057661
1997-10-29,0.004793449533800076
1997-10-30,0.0008749686531617396
1997-10-31,-0.0007821910837609192
1997-11-03,-0.00019849136988598915
1997-11-04,-0.0037561005189138074
1997-11-05,0.006971209778209459
1997-11-06,-0.00216259288047429
1997-11-07,-0.0017973347054845656
1997-11-10,0.0011491331256640257
1997-11-11,0.0008139736973154399
1997-11-12,1.1235546335924829e-05
1997-11-13,0.0027554557529826385
1997-11-14,7.182048707908284e-05
1997-11-17,-1.0917901028151267e-05
1997-11-18,0.0002553603004461613
1997-11-19,-0.003001491651842281
1997-11-20,-0.003212986395171591
1997-11-21,0.007474742319914823
1997-11-24,-0.001130486116839552
1997-11-25,-0.0026342461887049586
1997-11-26,0.0016717560705760582
1997-11-28,0.0006185240818447236
1997-12-01,0.0005041233703455605
1997-12-02,0.0012312003890830037
1997-12-03,8.561499433120678e-05
1997-12-04,-6.436997243927656e-05
1997-12-05,0.00180820000081362
1997-12-08,-0.0007618009613504006
1997-12-09,-0.000934930989468119
1997-12-10,-0.00048309790611220647
1997-12-11,0.003235772363764167
1997-12-12,-0.002980982337247634
1997-12-15,-0.0018967302834177247
1997-12-16,0.005465102215721484
1997-12-17,0.005503805132316947
1997-12-18,-0.001293409265514861
1997-12-19,-0.001555558819056685
1997-12-22,0.002431962588553149
1997-12-23,0.003070651376090755
1997-12-24,0.0010450488249072799
1997-12-26,-0.0020505196714613316
1997-12-29,0.0019330538186098478
1997-12-30,0.00031982284847755784
1997-12-31,0.0008101919484219067
1998-01-02,0.0
1998-01-05,-0.00025371614094352873
1998-01-06,0.0003213974778350087
1998-01-07,-0.0003645049305430262
1998-01-08,0.0014194985052802325
1998-01-09,-0.001154283902946647
1998-01-12,-0.0021099790965904905
1998-01-13,0.0008186887688479277
1998-01-14,-0.0003373907877789392
1998-01-15,-0.0026119754258879593
1998-01-16,0.0018540992067665393
1998-01-20,-0.0011996460617337487
1998-01-21,-0.001266746290346496
1998-01-22,-0.0025357372439542072
1998-01-23,-0.00022178777805384464
1998-01-26,0.001947844612640491
1998-01-27,-0.001136705024934577
1998-01-28,-0.001521304073979969
1998-01-29,0.0021014183402723596
1998-01-30,-0.002494340119957264
1998-02-02,0.0025297470885245546
1998-02-03,-3.520165703133765e-05
1998-02-04,-4.3717091181373624e-05
1998-02-05,0.0020470776017518233
1998-02-06,-0.00028299347162859256
1998-02-09,-0.0052605482045885305
1998-02-10,-0.00026337351811848986
1998-02-11,-0.0017076460562133813
1998-02-12,-0.0006899000918825018
1998-02-13,0.0017758880578203282
1998-02-17,-0.0014909083408545729
1998-02-18,0.0015188168719111536
1998-02-19,-0.001950131271950907
1998-02-20,0.0053985259666584
1998-02-23,-0.00034577253632674804
1998-02-24,-0.004287851238404201
1998-02-25,0.0006333364271898234
1998-02-26,0.0026358180962163663
1998-02-27,-0.0007543929798912233
1998-03-02,-0.005089855790255997
1998-03-03,-0.002127365456602144
1998-03-04,0.001848314227775802
1998-03-05,0.0014851844145807105
1998-03-06,0.00035186435942091004
1998-03-09,-0.0008032209781316524
1998-03-10,-0.002261422150450741
1998-03-11,-0.0002138452674785435
1998-03-12,0.0009030624856384631
1998-03-13,-0.0013043228947531502
1998-03-16,0.0029378678927146976
1998-03-17,-0.0011500587093514411
1998-03-18,0.001215979629591947
1998-03-19,-0.0014823349325037496
1998-03-20,0.0012877450870401944
1998-03-23,-0.0030329256631576526
1998-03-24,0.0033754624747794545
1998-03-25,-0.007843198775420529
1998-03-26,0.0022436946801712987
1998-03-27,-0.001060512233206759
1998-03-30,0.0017953625112220178
1998-03-31,0.00397993481738082
1998-04-01,-0.002358797115813528
1998-04-02,0.0015573831909145783
1998-04-03,-0.0008375210788310467
1998-04-06,-0.00046008702581294
1998-04-07,0.0015202562093569044
1998-04-08,-0.0014852328489982497
1998-04-09,0.00041047641183524636
1998-04-13,-0.0014376182137453355
1998-04-14,-0.0002644226178617204
1998-04-15,0.0011250003054616015
1998-04-16,0.00480556748899677
1998-04-17,-0.0019480052843764625
1998-04-20,0.0012196905129259195
1998-04-21,0.0010513086752559214
1998-04-22,0.00043729993383262444
1998-04-23,0.0009622366579679562
1998-04-24,0.00187040947861275
1998-04-27,-0.002766925068882445
1998-04-28,-0.0014974594116414983
1998-04-29,-0.00018805653864337885
1998-04-30,0.0004769484854196815
1998-05-01,-0.002419109813410668
1998-05-04,0.001624671125900097
1998-05-05,0.0020749992269185127
1998-05-06,-0.0004336952812587849
1998-05-07,-0.000358916050782164
1998-05-08,-0.001016561934674573
1998-05-11,-0.00036679996253360936
1998-05-12,0.0035670380123089054
1998-05-13,0.0037533170823321263
1998-05-14,-0.001957447716888709
1998-05-15,-0.004313691543568567
1998-05-18,-0.0016141582442674024
1998-05-19,-0.007309153615916171
1998-05-20,-0.00178787689237285
1998-05-21,7.611353111183772e-06
1998-05-22,-0.0029345810990798124
1998-05-26,-0.0005244972131861966
1998-05-27,-0.005762894423395316
1998-05-28,0.0013856840490954273
1998-05-29,-0.00037727607820901843
1998-06-01,-0.0001690168478778037
1998-06-02,-0.0019087537851175534
1998-06-03,0.0039879823440199386
1998-06-04,-0.0070783447974443955
1998-06-05,-0.0028764094700001394
1998-06-08,0.0031983644186113908
1998-06-09,0.00023718199578938448
1998-06-10,0.0033118404816571342
1998-06-11,-0.005461051574247373
1998-06-12,-0.001450626256791522
1998-06-15,-0.007803334113238032
1998-06-16,0.0021309099924006134
1998-06-17,-0.0004675135927505805
1998-06-18,0.003321758158078107
1998-06-19,-0.001346182976957079
1998-06-22,-0.0013222671339596717
1998-06-23,0.0021389399204664247
1998-06-24,0.0033572281873622545
1998-06-25,0.0012481552827013423
1998-06-26,-0.0012827120293399386
1998-06-29,-0.0010921656127199988
1998-06-30,0.00057849618733994
1998-07-01,0.0
1998-07-02,0.0006100343088668803
1998-07-06,-0.0022713121481323707
1998-07-07,0.0014123233019634972
1998-07-08,-0.0010169721458592796
1998-07-09,-0.0013558281480517075
1998-07-10,-0.0014595546026091645
1998-07-13,-0.0004403468832935908
1998-07-14,0.0036178006359677884
1998-07-15,0.0009441562150537597
1998-07-16,0.0022802931576806572
1998-07-17,-0.0005480621712124045
1998-07-20,0.0014651411606151354
1998-07-21,-0.002478341226387465
1998-07-22,-0.00031350800175131144
1998-07-23,-7.313189799865727e-05
1998-07-24,0.0007962520486694436
1998-07-27,-0.002445145613518551
1998-07-28,-0.000141257086576152
1998-07-29,-0.0009491442002322714
1998-07-30,0.0038685421853463576
1998-07-31,-0.004208781855056404
1998-08-03,-0.002705582786267269
1998-08-04,-0.0033286894363370014
1998-08-05,-0.0007480348767275435
1998-08-06,0.0014252961761925254
1998-08-07,0.012773717271865648
1998-08-10,-0.004212205552401061
1998-08-11,-0.0023072011430115224
1998-08-12,0.00615237288090611
1998-08-13,0.006095283004728419
1998-08-14,0.005943280254751532
1998-08-17,0.0030518956973219825
1998-08-18,0.0016561982392659547
1998-08-19,-0.0037705803141858452
1998-08-20,-0.0006101528694372361
1998-08-21,-0.004704686296978189
1998-08-24,-0.004011452910782054
1998-08-25,0.002622580637975702
1998-08-26,-0.008889018359208644
1998-08-27,-0.005957972060689482
1998-08-28,0.003550324647357378
1998-08-31,0.002504455621380325
1998-09-01,0.010915046677615142
1998-09-02,0.0036902051304142703
1998-09-03,-0.0028710721730770272
1998-09-04,0.007244067338334753
1998-09-08,0.0071408833140661765
1998-09-09,-0.007396688167535232
1998-09-10,0.004160644939775254
1998-09-11,0.00884429243234341
1998-09-14,0.0030877597548780444
1998-09-15,-0.0001679670345000106
1998-09-16,0.0030681704282773782
1998-09-17,-0.0031491395769682683
1998-09-18,0.011468620418063919
1998-09-21,0.005881695000092696
1998-09-22,-0.003278111705657216
1998-09-23,0.0013760770362310326
1998-09-24,0.0011358261854295727
1998-09-25,-0.002400203901245568
1998-09-28,-0.003706898440087514
1998-09-29,0.0032057146839029106
1998-09-30,0.0011789934367996801
1998-10-01,-0.005399218630977315
1998-10-02,0.013054243070820575
1998-10-05,-0.0019070942245570544
1998-10-06,-0.0023497532345409244
1998-10-07,0.009647968450552241
1998-10-08,-0.006795075932324463
1998-10-09,-0.003657798477728569
1998-10-12,0.0014638531595085268
1998-10-13,0.0012098641207683725
1998-10-14,-0.002017743476096101
1998-10-15,0.014284073258300316
1998-10-16,0.009750562145389408
1998-10-19,-0.0014112839207682305
1998-10-20,0.0017823611894425661
1998-10-21,-0.003746337652113613
1998-10-22,0.008220861235547767
1998-10-23,-0.003558364926931018
1998-10-26,0.004258786176919172
1998-10-27,0.00666714455610799
1998-10-28,-3.146964153977749e-05
1998-10-29,-0.002800813343225755
1998-10-30,0.00417615950574779
1998-11-02,0.005280346866059665
1998-11-03,0.001176103111874932
1998-11-04,0.0006827434414995726
1998-11-05,0.0014467225714097642
1998-11-06,-0.0040610060058486
1998-11-09,0.002277739335644269
1998-11-10,-0.0030458169370139398
1998-11-11,0.000161125895784342
1998-11-12,-0.0009515669973683916
1998-11-13,0.004864679016995449
1998-11-16,0.0020133264055384736
1998-11-17,-0.0017880025842225366
1998-11-18,0.003463463045426651
1998-11-19,0.000791032269557368
1998-11-20,0.009367328731265463
1998-11-23,0.0028820928843408975
1998-11-24,-0.0026755181999970567
1998-11-25,0.004315988192176157
1998-11-27,-0.005769285298475613
1998-11-30,0.001000648419560557
1998-12-01,-0.0035487278419332803
1998-12-02,-0.0059254951883435155
1998-12-03,-0.0018210295553183153
1998-12-04,0.00173672443292473
1998-12-07,-0.0016010308420969898
1998-12-08,0.004110321290560659
1998-12-09,0.0016866849201268353
1998-12-10,0.002429507422317084
1998-12-11,-0.001247831262479121
1998-12-14,-0.0009415932218160838
1998-12-15,0.002044915902707367
1998-12-16,0.0010114051886077613
1998-12-17,0.0011095649752611847
1998-12-18,0.0020778897256117203
1998-12-21,-0.0016386235920075487
1998-12-22,0.0018701030503538829
1998-12-23,0.004006269057033695
1998-12-24,0.0009493559456908107
1998-12-28,0.003123490177873417
1998-12-29,0.0030972729627958885
1998-12-30,0.002772690021527213
1998-12-31,0.004088860340578876
1999-01-04,0.0
1999-01-05,0.0004882725793629139
1999-01-06,0.0018832804450833519
1999-01-07,0.0023573776310370164
1999-01-08,-0.0004914977658865838
1999-01-11,0.0007155069004370851
1999-01-12,0.0009804304946891607
1999-01-13,0.0010058745199663765
1999-01-14,-0.0008907649357625224
1999-01-15,-0.0021951899401899512
1999-01-19,0.0004393675989883661
1999-01-20,-0.0020038687652084164
1999-01-21,-0.003057440160662661
1999-01-22,0.002409167893593922
1999-01-25,-0.0010497406636391093
1999-01-26,0.0022468374042485862
1999-01-27,-0.0006226131267885182
1999-01-28,-0.003536419579446065
1999-01-29,-0.009284329813072834
1999-02-01,-0.00040816515192259597
1999-02-02,-0.0016397305853213195
1999-02-03,0.003374467883040938
1999-02-04,0.0020357405015266174
1999-02-05,0.0012770046079397356
1999-02-08,0.007203260789112781
1999-02-09,-0.0012160150872607578
1999-02-10,-0.0010007254158963085
1999-02-11,-0.0034613566720142043
1999-02-12,0.00024077783418564592
1999-02-16,0.0022349948144216925
1999-02-17,-0.0017394394982663485
1999-02-18,-0.0005619986897181462
1999-02-19,9.644744370915782e-05
1999-02-22,-0.0021581449511416163
1999-02-23,-0.005152785467634685
1999-02-24,0.005735981152289055
1999-02-25,0.0021601609396751987
1999-02-26,0.003390980626902862
1999-03-01,-0.001560496797340688
1999-03-02,0.0006591982806214314
1999-03-03,0.0012830222931878965
1999-03-04,-0.0012545402209803824
1999-03-05,-0.0013151676368291399
1999-03-08,0.005733668012081761
1999-03-09,-0.0010802343996579532
1999-03-10,0.0019759571778314887
1999-03-11,0.00030327131234128004
1999-03-12,-0.0022784065139771826
1999-03-15,0.0026234823654670116
1999-03-16,-0.0005175379670383118
1999-03-17,-0.00026655903948186177
1999-03-18,-0.005041113756324106
1999-03-19,-0.004693477920402122
1999-03-22,0.005663496365965437
1999-03-23,0.0005987590823641975
1999-03-24,0.005611522445731698
1999-03-25,-0.00239104614807939
1999-03-26,0.0011884268567822543
1999-03-29,0.005757339736124833
1999-03-30,-0.00033650627517095577
1999-03-31,0.00033617218949605896
1999-04-01,-0.0021776992919476878
1999-04-05,-0.00010999283274080174
1999-04-06,0.0016213127308164544
1999-04-07,-0.003447076427610074
1999-04-08,0.004442532792737352
1999-04-09,-0.0019170992391060015
1999-04-12,0.0054305614933990495
1999-04-13,0.0019451624991461858
1999-04-14,0.0022408417351454045
1999-04-15,0.0029514840495765138
1999-04-16,0.0026776823392149042
1999-04-19,0.0015248034738006345
1999-04-20,0.0009143756901633215
1999-04-21,0.0034894828715343663
1999-04-22,-0.0005766201261140691
1999-04-23,-0.002663969337208111
1999-04-26,-0.0029490900299395384
1999-04-27,0.002855464734796581
1999-04-28,0.0037005508210577907
1999-04-29,-0.002126346335579582
1999-04-30,-0.0009460605061300531
1999-05-03,0.0018431514945664862
1999-05-04,-0.002643511074944577
1999-05-05,0.0016526109307931803
1999-05-06,0.0006110090431518167
1999-05-07,0.00019633942807049666
1999-05-10,0.0022204482177558384
1999-05-11,0.0046336938744600984
1999-05-12,-0.0010634818278938308
1999-05-13,0.0034889123677421473
1999-05-14,-0.00511821320782303
1999-05-17,0.0021023544801209992
1999-05-18,0.0010428515864936317
1999-05-19,0.0022468939011647373
1999-05-20,0.0002705691446494629
1999-05-21,-0.0010290109768112566
1999-05-24,0.0014198249352360248
1999-05-25,0.004238412250008611
1999-05-26,0.00030417675793036335
1999-05-27,0.0035223708271909515
1999-05-28,-0.0035108651719232
1999-06-01,0.0015248276837674158
1999-06-02,0.0010576833187681545
1999-06-03,-0.0012517398996053585
1999-06-04,0.00033757975211111125
1999-06-07,-0.0018520853736881892
1999-06-08,-0.0025256090109973595
1999-06-09,0.0019355490126938546
1999-06-10,0.0016494209582872121
1999-06-11,0.0022597119064271753
1999-06-14,0.0035525596440891148
1999-06-15,0.0006198569931885056
1999-06-16,0.001840591324472407
1999-06-17,-0.0011621269280553403
1999-06-18,0.0027465941404272607
1999-06-21,0.002091299782119477
1999-06-22,-0.001359328647821234
1999-06-23,-0.0014429452629363515
1999-06-24,-0.00019159870086079555
1999-06-25,-0.0030361415916360266
1999-06-28,-0.004889734243207544
1999-06-29,-0.002891962164527734
1999-06-30,-0.0038431845446076475
1999-07-01,0.0
1999-07-02,-0.002432523223243166
1999-07-06,-0.0042337392150752235
1999-07-07,0.0009198429301544575
1999-07-08,-0.0014285183227221838
1999-07-09,-0.0020564798665861973
1999-07-12,0.0005456605236539481
1999-07-13,-0.001253447694181348
1999-07-14,-0.0021871479725601964
1999-07-15,0.0014940952085640631
1999-07-16,0.000947356538817127
1999-07-19,-0.0008830753429961249
1999-07-20,-0.0019791080856145695
1999-07-21,-0.0017171346793323334
1999-07-22,-6.886155579415532e-05
1999-07-23,-0.0016644430732922942
1999-07-26,0.0032741124926749113
1999-07-27,-0.0023964969798448625
1999-07-28,-0.0011199861944462745
1999-07-29,0.0002461756383116292
1999-07-30,-0.002226483217021148
1999-08-02,0.004190945644687104
1999-08-03,0.004629288787077579
1999-08-04,0.0021386227766474765
1999-08-05,0.0032385674738941426
1999-08-06,0.0024806422891374574
1999-08-09,-0.0005294396006350066
1999-08-10,0.0019490006258682364
1999-08-11,0.0052076083173102404
1999-08-12,-0.009814620835309023
1999-08-13,0.0006245708000038816
1999-08-16,0.0006408139481605007
1999-08-17,-0.0027035041625726305
1999-08-18,-0.005339494361334354
1999-08-19,0.0042679560705110265
1999-08-20,0.005545143885742828
1999-08-23,-0.013582709626362006
1999-08-24,0.005186728868994371
1999-08-25,0.007150567106540805
1999-08-26,-0.000623066067277607
1999-08-27,0.00013273947781213357
1999-08-30,-0.0018422702707179973
1999-08-31,-0.002418536203419913
1999-09-01,-0.0018576455646730377
1999-09-02,3.236100731116459e-05
1999-09-03,-0.0009475192401893967
1999-09-07,-0.0010675077953255887
1999-09-08,0.0008952537444874068
1999-09-09,-0.001311433928553818
1999-09-10,0.00033718926556894493
1999-09-13,-0.0006889808590940735
1999-09-14,-0.002344128123884684
1999-09-15,-0.0026735663181386834
1999-09-16,0.0002298241467158542
1999-09-17,0.007380586905414386
1999-09-20,-0.0022550961327771025
1999-09-21,-0.002862969117277055
1999-09-22,0.001048786995082987
1999-09-23,-0.0015443887173834936
1999-09-24,-0.0009296619329943804
1999-09-27,-0.0030179801332629493
1999-09-28,-0.0007722191704789768
1999-09-29,-0.0014517004002649121
1999-09-30,-0.005330973174491096
1999-10-01,0.0036296036547105275
1999-10-04,0.00463124235677487
1999-10-05,-0.0006590364804423748
1999-10-06,-0.0008149627044144897
1999-10-07,-0.003273464777084649
1999-10-08,0.0008021696601378437
1999-10-11,-0.001495882870038703
1999-10-12,-0.006128658672505724
1999-10-13,0.00021883483409419245
1999-10-14,0.0003092652714117645
1999-10-15,0.003216683673243377
1999-10-18,0.004211664529845917
1999-10-19,-0.0032706227739105476
1999-10-20,-0.004061210555114957
1999-10-21,0.0014126385965795617
1999-10-22,0.003224739646169194
1999-10-25,-0.002179210047494726
1999-10-26,0.004216407049509319
1999-10-27,0.0021940321252705668
1999-10-28,0.0036769762810554786
1999-10-29,0.0031633444033003968
1999-11-01,0.00919380627350817
1999-11-02,-0.0011439149879321514
1999-11-03,0.0018784195872724643
1999-11-04,0.0011961034529640122
1999-11-05,-0.0007384387546232812
1999-11-08,0.0002575805164659489
1999-11-09,-0.002007095945151372
1999-11-10,-0.0014724260295436954
1999-11-11,-0.0027457579310930075
1999-11-12,-0.0028897661551580893
1999-11-15,-0.0009608194319064303
1999-11-16,0.001842386695022738
1999-11-17,-0.0014878774797947361
1999-11-18,-0.003887677329748146
1999-11-19,0.001641886766301825
1999-11-22,-0.0018209203639263547
1999-11-23,0.004794772701790868
1999-11-24,0.0011905678164769611
1999-11-26,-0.000501404104656442
1999-11-29,-0.0009234005905826132
1999-11-30,0.00026991561113690786
1999-12-01,-0.0002578344085743855
1999-12-02,-0.00030394571777296527
1999-12-03,0.0003015776038668135
1999-12-06,0.0033785295123248565
1999-12-07,0.0036661736637809868
1999-12-08,0.0008649876236691322
1999-12-09,0.0064324398742122355
1999-12-10,-0.0006727211926274071
1999-12-13,-0.005060565860008564
1999-12-14,0.004892955834847659
1999-12-15,0.0011736316527282658
1999-12-16,-0.002356822735385067
1999-12-17,0.002931689475957864
1999-12-20,-0.0030053981352055584
1999-12-21,0.0026347348957885
1999-12-22,0.00042748856184959827
1999-12-23,0.0011131686774439203
1999-12-27,0.0018097921423454806
1999-12-28,-0.0013191536574470003
1999-12-29,0.00017260074933701577
1999-12-30,0.0028095903125957148
1999-12-31,-0.004428078414032355
2000-01-03,0.0
2000-01-04,0.002782059811604036
2000-01-05,0.002826253736829759
2000-01-06,-0.0009717570591714134
2000-01-07,-0.0005872187913029096
2000-01-10,-0.0028994945391096366
2000-01-11,0.005907707306544908
2000-01-12,0.0006082690384465914
2000-01-13,-0.0013948228229307851
2000-01-14,0.0037516862795933656
2000-01-18,-0.0013907969656560036
2000-01-19,0.00034013544853204065
2000-01-20,-0.0015925627736716784
2000-01-21,-0.0009801308155056076
2000-01-24,-0.004666769474570261
2000-01-25,-0.00711593309352128
2000-01-26,0.001990080587218992
2000-01-27,-0.0016048446002555324
2000-01-28,-0.0002541577398349248
2000-01-31,0.004834690207063993
2000-02-01,-0.014571275531918504
2000-02-02,-0.0005158448341339337
2000-02-03,0.01397575719738553
2000-02-04,0.0011245956029078494
2000-02-07,0.0024872428259647564
2000-02-08,0.00015789033061921592
2000-02-09,0.002566598310823807
2000-02-10,-0.0033171860316674184
2000-02-11,-0.001933579952288892
2000-02-14,0.0037493749652217578
2000-02-15,-0.0018922983699989817
2000-02-16,-0.0028010445093822043
2000-02-17,-0.006642979748518217
2000-02-18,-0.00045836320739930204
2000-02-22,-0.0005711657327576345
2000-02-23,0.00398464066561952
2000-02-24,-0.007658082380411715
2000-02-25,0.0011054392815221103
2000-02-28,0.0018499751018785414
2000-02-29,0.0015290204080044584
2000-03-01,0.006574657751323861
2000-03-02,-0.002088871774897793
2000-03-03,0.004212141481771438
2000-03-06,-0.003939159418369239
2000-03-07,-0.0002991039308148573
2000-03-08,0.0020371245364269276
2000-03-09,0.0016806934627194613
2000-03-10,0.004649630188809934
2000-03-13,0.00266686771467926
2000-03-14,0.0030997006106556054
2000-03-15,0.010627771448005313
2000-03-16,0.011416161163351143
2000-03-17,0.01001638805199555
2000-03-20,0.00010974779415486389
2000-03-21,0.006195072268668468
2000-03-22,-0.0065300075547784645
2000-03-23,0.003610076947940168
2000-03-24,-0.0020357705613355025
2000-03-27,-0.0007935955448276896
2000-03-28,0.00028661178067071615
2000-03-29,0.004341372343281621
2000-03-30,0.00262586741415368
2000-03-31,-0.0026918089480204867
2000-04-03,0.005004510151850941
2000-04-04,0.0038211654944076147
2000-04-05,0.004050984947941322
2000-04-06,-0.00046185572716674425
2000-04-07,-0.0053339147401252045
2000-04-10,0.004247406085617893
2000-04-11,-0.0017063853873837335
2000-04-12,0.0032678401128538536
2000-04-13,0.006514919869424733
2000-04-14,0.007584481975311165
2000-04-17,-0.003276037658151274
2000-04-18,-9.990083009801444e-05
2000-04-19,0.008004274722127233
2000-04-20,0.004911374202288727
2000-04-24,-0.001787131270868252
2000-04-25,0.002640898201997626
2000-04-26,0.008174807094676837
2000-04-27,-0.00026389661984644057
2000-04-28,0.007522291899699434
2000-05-01,0.001380666395977892
2000-05-02,0.002536603231495837
2000-05-03,0.001275769120311068
2000-05-04,-0.0017810864270219051
2000-05-05,-0.0026012949574141945
2000-05-08,0.004151113277159224
2000-05-09,0.0004666831492241271
2000-05-10,-0.0001471989358097284
2000-05-11,0.004451483060935673
2000-05-12,0.004723252374992119
2000-05-15,0.0021427344740572525
2000-05-16,0.0016132496122270388
2000-05-17,0.00801981014476592
2000-05-18,0.0021318439170258164
2000-05-19,-0.0038180450755077645
2000-05-22,0.0033131078832450553
2000-05-23,0.003793645279006
2000-05-24,0.0030206960362737277
2000-05-25,0.0008706416847624626
2000-05-26,0.0017702422653175641
2000-05-30,0.0012243090869629627
2000-05-31,0.007465797187880097
2000-06-01,0.003889290554240389
2000-06-02,0.003931315267442392
2000-06-05,0.0030838113214058413
2000-06-06,-0.0010697141391099627
2000-06-07,-0.0024326905622527625
2000-06-08,0.002111891112461578
2000-06-09,-0.0016705852216341432
2000-06-12,0.0032659754762807253
2000-06-13,-0.0015037925029666049
2000-06-14,0.0013388689611514935
2000-06-15,0.0026707846628491725
2000-06-16,0.0008233027326543022
2000-06-19,-0.0001309987817846157
2000-06-20,-0.0009942578287808201
2000-06-21,0.00550641801181401
2000-06-22,0.0022414063690723647
2000-06-23,0.005152046167470746
2000-06-26,0.002873792786099572
2000-06-27,0.005488763381801551
2000-06-28,-0.002645516348391327
2000-06-29,0.0026739549166449285
2000-06-30,0.007257305896704673
2000-07-03,0.0
2000-07-05,0.0015219613872228897
2000-07-06,0.002898578965909025
2000-07-07,-0.0028535955929674542
2000-07-10,0.0010886788972753279
2000-07-11,-0.0007936042005809499
2000-07-12,0.0003617966817113823
2000-07-13,0.0010060569212369734
2000-07-14,0.005034684227962038
2000-07-17,0.003971458363609553
2000-07-18,0.000631964218496282
2000-07-19,0.0024529640756737526
2000-07-20,0.0030337475578434223
2000-07-21,-0.005107534115185187
2000-07-24,-0.0009756044098395758
2000-07-25,-0.0004399609571959594
2000-07-26,0.0009700167327500716
2000-07-27,0.00634761161043876
2000-07-28,0.0014506233738403405
2000-07-31,-0.0014892309354720822
2000-08-01,0.00577158483831532
2000-08-02,-0.0006924695409003797
2000-08-03,0.000393936356422346
2000-08-04,0.0021473942203838734
2000-08-07,-0.0027347190651736235
2000-08-08,0.008140788112296946
2000-08-09,0.0014340271913496686
2000-08-10,0.0007326672687967682
2000-08-11,-0.0004919477952288812
2000-08-14,0.0005833490020908236
2000-08-15,0.00025137052968208406
2000-08-16,0.0010097869758996893
2000-08-17,0.001615969637518007
2000-08-18,-0.0018880339188513309
2000-08-21,5.082741333410561e-05
2000-08-22,0.0008472159426819243
2000-08-23,0.00337758559660742
2000-08-24,-0.00025265151604940346
2000-08-25,-0.003383234279267765
2000-08-28,-0.0007042334326406236
2000-08-29,0.0017642365900694592
2000-08-30,-0.004419567619634643
2000-08-31,0.00012211524467207075
2000-09-01,0.0009271822081450626
2000-09-05,0.00031384949005327335
2000-09-06,-0.0022405404220722704
2000-09-07,-0.00043499687670264065
2000-09-08,0.0023359112078486597
2000-09-11,-0.005161787110395137
2000-09-12,0.003398784150143672
2000-09-13,-0.0024357813407127615
2000-09-14,0.00040539034255134655
2000-09-15,0.00034356005068646384
2000-09-18,-0.00036451216506630085
2000-09-19,-0.0010073262371194745
2000-09-20,0.0009765147361588195
2000-09-21,-0.0020263922713966006
2000-09-22,9.079811180093414e-06
2000-09-25,-0.0014730885148073719
2000-09-26,-0.0007735225777224285
2000-09-27,-0.0001157600748224025
2000-09-28,-0.004965260214423754
2000-09-29,-0.003157677067071818
2000-10-02,0.0007127521807791818
2000-10-03,-0.003152515413763537
2000-10-04,-0.0003518170046715262
2000-10-05,-0.007540747188504837
2000-10-06,0.006576259050331744
2000-10-09,-0.0006370235664917276
2000-10-10,-0.003939253018010394
2000-10-11,0.0017837188600132142
2000-10-12,0.0035893483381293704
2000-10-13,-0.00047237940049977016
2000-10-16,0.0012305048755901302
2000-10-17,-0.0021653404519453973
2000-10-18,-0.0014181039515921716
2000-10-19,-0.0032316267130268208
2000-10-20,-0.001953082377019054
2000-10-23,-0.005585449766820569
2000-10-24,0.003297061458904732
2000-10-25,8.169704787327305e-05
2000-10-26,0.0014733433470452738
2000-10-27,0.0023620106163748655
2000-10-30,0.0030709169352827075
2000-10-31,-0.007105400553944608
2000-11-01,0.008599958657411904
2000-11-02,-0.00369168888079366
2000-11-03,-0.0007620404766042024
2000-11-06,0.0024540954942327583
2000-11-07,-0.0010988023865840086
2000-11-08,-0.00015748960635189748
2000-11-09,0.00019249563898470154
2000-11-10,0.0014104530449727173
2000-11-13,-0.01613263640058531
2000-11-14,0.0037084089548218525
2000-11-15,-0.002787778482876129
2000-11-16,0.0004355134437635682
2000-11-17,-0.0004369545862548294
2000-11-20,0.019906980083102058
2000-11-21,-0.001045937091500453
2000-11-22,-0.003510591119487898
2000-11-24,0.0027960384854918727
2000-11-27,-0.0013576534232043747
2000-11-28,-0.0010484767673128769
2000-11-29,-0.0027716201137777396
2000-11-30,-0.00440808553166844
2000-12-01,0.002222404147883392
2000-12-04,0.0031006761308469046
2000-12-05,-0.0019538356732441654
2000-12-06,0.0003125555264326878
2000-12-07,0.0007096051752609569
2000-12-08,0.002665508388801156
2000-12-11,0.0007486589477531815
2000-12-12,-0.0033376720828468135
2000-12-13,-0.002187045258399762
2000-12-14,0.000974942738608758
2000-12-15,0.002589540639634376
2000-12-18,-0.0020419719749067596
2000-12-19,0.006426033177085192
2000-12-20,-0.0018752372416512314
2000-12-21,0.0054796709355657254
2000-12-22,0.005018398717547174
2000-12-26,-0.002172376341214728
2000-12-27,-0.005021772762668067
2000-12-28,0.004291589131277281
2000-12-29,-0.0035490271411908044
2001-01-02,0.0
2001-01-03,-0.0037557961496555046
2001-01-04,0.0041716395588637985
2001-01-05,-0.0005221106624704486
2001-01-08,-0.004113386624393323
2001-01-09,0.0015391433119922083
2001-01-10,-2.8675871665961862e-05
2001-01-11,0.0041455432789850085
2001-01-12,0.006702999578804214
2001-01-16,0.0006038128035872725
2001-01-17,0.0008066696062282608
2001-01-18,0.0022709075761089713
2001-01-19,-0.003366769581848822
2001-01-22,-0.0013099365526891172
2001-01-23,-0.00045903348572265965
2001-01-24,-0.0015470314831415033
2001-01-25,0.001201888880572366
2001-01-26,0.004742232418587833
2001-01-29,0.0035987459124076637
2001-01-30,0.00030900817577000916
2001-01-31,-0.0008433529932910355
2001-02-01,0.000520199845865732
2001-02-02,0.0016749496575771516
2001-02-05,-0.004557948079597929
2001-02-06,0.0010937354275679045
2001-02-07,0.0071788310399547636
2001-02-08,-0.0020883809781358786
2001-02-09,0.0023552235396268164
2001-02-12,0.0010975517503875598
2001-02-13,-0.004620385757429268
2001-02-14,0.0036370999750111265
2001-02-15,0.0058266014028101
2001-02-16,-0.001883779623559939
2001-02-20,0.0023169262148463486
2001-02-21,-0.0025028205549399
2001-02-22,0.00234092435223357
2001-02-23,0.001524677210058678
2001-02-26,-0.001223123886963945
2001-02-27,-0.000751865548116909
2001-02-28,-6.230599890348354e-05
2001-03-01,0.0016927264323626622
2001-03-02,0.0012509268622883484
2001-03-05,0.0017262321695964977
2001-03-06,-0.0008713157871101218
2001-03-07,-0.0014899170054848033
2001-03-08,0.00014791133718872196
2001-03-09,0.0005479708415110862
2001-03-12,-0.0026923672278301946
2001-03-13,0.0033284026749113072
2001-03-14,0.0044528128090565
2001-03-15,-0.0009007188240755748
2001-03-16,4.039599778367653e-05
2001-03-19,-0.006379039021994759
2001-03-20,0.0016688841662118648
2001-03-21,0.0012567800661550444
2001-03-22,-0.0006988064796413119
2001-03-23,-0.0008165145512940286
2001-03-26,0.0013934405989067256
2001-03-27,0.002547419357280661
2001-03-28,0.0033200193253954237
2001-03-29,0.0020313049435807416
2001-03-30,0.003977538607645931
2001-04-02,-0.004175733093922112
2001-04-03,0.001097427532133466
2001-04-04,-0.0015315204016008554
2001-04-05,-0.00040660909640287125
2001-04-06,0.0029057482235796683
2001-04-09,0.0009078209393290348
2001-04-10,0.006217272352614484
2001-04-11,0.002038062844827981
2001-04-12,-0.0011566206656679235
2001-04-16,0.0006283613362043805
2001-04-17,0.0019132039759511166
2001-04-18,5.806842203804896e-05
2001-04-19,-0.0003910924603048982
2001-04-20,0.004153966439037976
2001-04-23,-0.0015855706759284605
2001-04-24,-0.0017258891593490366
2001-04-25,-0.002070745055921286
2001-04-26,0.0009995128188886927
2001-04-27,0.0004204680176905118
2001-04-30,0.0032375821751426948
2001-05-01,-0.0013465100113482288
2001-05-02,0.00036571452576273364
2001-05-03,-0.000988037285138099
2001-05-04,-0.00327180749648171
2001-05-07,-0.0026120500292554525
2001-05-08,-0.0003512103359118501
2001-05-09,-0.0013792792936103914
2001-05-10,-0.0018134478840205691
2001-05-11,-0.00020185701456062465
2001-05-14,0.002736849208533021
2001-05-15,-0.0026630598335943335
2001-05-16,0.002159700936305198
2001-05-17,-0.0012607632735292472
2001-05-18,-0.0005004194549963036
2001-05-21,0.002076728461946553
2001-05-22,0.0023499435225861564
2001-05-23,-0.0005750468929008934
2001-05-24,0.0009438216169431635
2001-05-25,0.00242601535224668
2001-05-29,0.003510812273763825
2001-05-30,0.006391241066220526
2001-05-31,-0.001678036867597088
2001-06-01,-0.0006687053911255625
2001-06-04,0.0018620767940699446
2001-06-05,0.0026461359303844465
2001-06-06,-0.0024564807991931613
2001-06-07,0.002290114893545703
2001-06-08,-0.0007903079426022641
2001-06-11,0.0036613426943425454
2001-06-12,0.0010590579213747898
2001-06-13,0.0006414797303574027
2001-06-14,0.0002796422342722149
2001-06-15,-0.0019854785579678734
2001-06-18,0.0041065030544693015
2001-06-19,0.0005914431966392852
2001-06-20,-0.0006146500194570581
2001-06-21,0.0021712778800760113
2001-06-22,0.0024816912901512887
2001-06-25,3.584034561127103e-05
2001-06-26,-0.005335046574549496
2001-06-27,-0.0004466847845395694
2001-06-28,0.00019095870268457938
2001-06-29,0.0030149462891045087
2001-07-02,0.0
2001-07-03,-0.0004959443314887402
2001-07-05,0.00020795980885083277
2001-07-06,3.0004987301157637e-05
2001-07-09,0.0013619501518110865
2001-07-10,0.0002698861656284024
2001-07-11,0.0019379514566263134
2001-07-12,-0.0006297739187850037
2001-07-13,-0.0015325040069123718
2001-07-16,-0.0008981813731168742
2001-07-17,-0.0013446243477490127
2001-07-18,0.0008410771326530231
2001-07-19,0.00012813293755780107
2001-07-20,-0.0005075176880948273
2001-07-23,-0.00042999873552669875
2001-07-24,0.0009996123580004513
2001-07-25,0.0032826586177266137
2001-07-26,-0.0008151579192088199
2001-07-27,0.001974118258346663
2001-07-30,-0.0004981103224614925
2001-07-31,-0.0010668839560782407
2001-08-01,-0.0013598666094199407
2001-08-02,-0.0015621018942780286
2001-08-03,-0.00013568538523457961
2001-08-06,-0.00022703735274666182
2001-08-07,-0.002721026920031433
2001-08-08,-0.0021531360509620457
2001-08-09,-0.0001582373603754461
2001-08-10,-0.0026254099726725324
2001-08-13,0.0024351136932660054
2001-08-14,-0.0015785624423512502
2001-08-15,-0.00240363032903908
2001-08-16,0.0005235276380304965
2001-08-17,0.0007915702279090054
2001-08-20,-0.0017302606465297798
2001-08-21,-0.0022813395448364193
2001-08-22,0.0013184413817785346
2001-08-23,-0.0009604582976276088
2001-08-24,0.0007371937613594559
2001-08-27,0.0003357517170818225
2001-08-28,0.0008171760247016769
2001-08-29,0.002105309642092534
2001-08-30,0.0011769630009098365
2001-08-31,-0.0009040142295180409
2001-09-04,0.0029097778904303207
2001-09-05,0.0012475682634671026
2001-09-06,0.0030221826906769
2001-09-07,0.0006352236690294777
2001-09-10,0.0009360860921312275
2001-09-17,0.0052135648853295965
2001-09-18,0.00041596245047205714
2001-09-19,0.0005518750407116635
2001-09-20,-0.0018489985776101669
2001-09-21,0.006572883980490768
2001-09-24,0.003600864919167107
2001-09-25,0.001961998928300873
2001-09-26,-0.0015641326476245499
2001-09-27,-0.0022144536260784607
2001-09-28,0.001645384232741226
2001-10-01,0.0026503511943909153
2001-10-02,-0.0005711641170118131
2001-10-03,0.003647659180366869
2001-10-04,0.001771657266890997
2001-10-05,-0.0019321069882240471
2001-10-08,0.001365575061899188
2001-10-09,0.0010636702241245076
2001-10-10,0.004769840473145798
2001-10-11,-0.00047321694160333273
2001-10-12,-0.00021123692890475664
2001-10-15,-0.0016298269471272608
2001-10-16,0.0017565250221282026
2001-10-17,0.001478687538862694
2001-10-18,-0.00098620942117551
2001-10-19,-0.002820802053974325
2001-10-22,0.002903823430874136
2001-10-23,-0.0034887061523065587
2001-10-24,-0.00033037331206777767
2001-10-25,0.0015981221779822752
2001-10-26,0.0016071336868823838
2001-10-29,-0.001670400735416977
2001-10-30,-0.001543521329655645
2001-10-31,0.0056792162077595135
2001-11-01,-0.0009702185678131913
2001-11-02,0.0031628849122751213
2001-11-05,-0.0001712710256255523
2001-11-06,-0.002024834170856804
2001-11-07,-0.0005603510283625712
2001-11-08,0.00024320276708639232
2001-11-09,0.0018274625909199317
2001-11-12,0.0005483704720114224
2001-11-13,-0.0011209354103107693
2001-11-14,0.002010251808577085
2001-11-15,-0.002774919781611007
2001-11-16,0.002330790691482526
2001-11-19,0.0019565354902659924
2001-11-20,-0.0014893083355645765
2001-11-21,-0.0006997175179005888
2001-11-23,0.00038386744435123796
2001-11-26,0.0021789017214617567
2001-11-27,0.0016020222771579273
2001-11-28,-0.0014618133548945811
2001-11-29,-0.0009114005323206942
2001-11-30,0.0014458409335179668
2001-12-03,0.0018997459213230983
2001-12-04,8.880259802110935e-05
2001-12-05,0.0009940007627332493
2001-12-06,-0.0034520908827749995
2001-12-07,0.001424977904195862
2001-12-10,-0.0010363412646494264
2001-12-11,-0.001020920030469552
2001-12-12,0.00490472519463267
2001-12-13,0.00134179683504857
2001-12-14,-0.0035554612778383233
2001-12-17,0.0009244443453906681
2001-12-18,-0.0004889163394886708
2001-12-19,0.0011131082593727137
2001-12-20,-7.839604824977364e-05
2001-12-21,0.0006804160760549294
2001-12-24,-0.000326278831774085
2001-12-26,0.001860082433389859
2001-12-27,-0.0004924306880186635
2001-12-28,-0.0005171239974148367
2001-12-31,-0.0007148873332938843
2002-01-02,0.0
2002-01-03,-3.0074370532495732e-05
2002-01-04,0.0009742910506623292
2002-01-07,-0.00041096197377024635
2002-01-08,-0.0004966202152094701
2002-01-09,-0.0010961176150527884
2002-01-10,0.00030834405297345267
2002-01-11,-0.0019138788608483448
2002-01-14,-1.6204165429917204e-05
2002-01-15,-0.0020069959231835575
2002-01-16,-0.0008815748594250439
2002-01-17,-5.460312686965674e-05
2002-01-18,-0.00048488598674564234
2002-01-22,0.0006901234013234669
2002-01-23,0.0007876989991718486
2002-01-24,0.002047118614968918
2002-01-25,0.0046914230933271465
2002-01-28,-0.0014605112976253
2002-01-29,0.0002569615605952036
2002-01-30,0.00028480052487310227
2002-01-31,-0.004579459467754105
2002-02-01,0.00237378915316635
2002-02-04,8.683169982833804e-05
2002-02-05,-0.001848690995755703
2002-02-06,-0.0027621419770475
2002-02-07,0.00194228394067828
2002-02-08,0.0045393393052585995
2002-02-11,6.180062041055145e-05
2002-02-12,-0.0010217374164743997
2002-02-13,0.00023829272091641652
2002-02-14,-0.00010423299334311187
2002-02-15,0.005454295614481503
2002-02-19,0.0009642891351558436
2002-02-20,0.0016111024753096615
2002-02-21,0.0001238478071207305
2002-02-22,0.0019322515404506357
2002-02-25,0.0008364529475609284
2002-02-26,-0.0013868609579913039
2002-02-27,0.0008109878362667245
2002-02-28,0.00014059519748179093
2002-03-01,0.00023123191129457155
2002-03-04,-0.000500691693230404
2002-03-05,0.00300556848129388
2002-03-06,0.001251568272728959
2002-03-07,0.001064150016776544
2002-03-08,-0.0021817064927180108
2002-03-11,0.0026649634649580254
2002-03-12,0.0009224610841031822
2002-03-13,0.0013282244977683433
2002-03-14,0.0010014553980552954
2002-03-15,-0.0005309227560002904
2002-03-18,0.001593812300467995
2002-03-19,0.0003055683715718294
2002-03-20,0.0006453894250934344
2002-03-21,0.0006717024506052938
2002-03-22,-0.0004899642778144142
2002-03-25,4.8946387922066406e-05
2002-03-26,0.0003799330031572179
2002-03-27,0.0026118309673339333
2002-03-28,-0.00036159010429162033
2002-04-01,0.00016806764442552357
2002-04-02,-0.0016680971383521038
2002-04-03,0.0011887442686600081
2002-04-04,0.0023501853317004274
2002-04-05,-0.0006824594625216895
2002-04-08,-0.0005712193768258212
2002-04-09,-0.0010956930014592247
2002-04-10,0.001683225609013611
2002-04-11,-0.0007507927891910072
2002-04-12,-0.00047065213213640653
2002-04-15,-0.000860066869165238
2002-04-16,-0.0030287358957244216
2002-04-17,-0.0028312878031588164
2002-04-18,0.0016646544028593834
2002-04-19,-0.0011010624686745851
2002-04-22,0.0008331205848869261
2002-04-23,-0.006134662615843972
2002-04-24,-0.00037763607819650823
2002-04-25,4.397145752879084e-05
2002-04-26,0.00311195899500058
2002-04-29,-0.004689788937656947
2002-04-30,-0.0055832139312692545
2002-05-01,-8.682931348442668e-05
2002-05-02,-0.004258964740808497
2002-05-03,-0.0008902145843262654
2002-05-06,-0.0007259853310089715
2002-05-07,-0.00021346268193530026
2002-05-08,0.00570381530490785
2002-05-09,0.001769942754059578
2002-05-10,0.0014772149198756302
2002-05-13,0.0013222827256711145
2002-05-14,0.0025580045830542186
2002-05-15,-0.002090609816169808
2002-05-16,0.0008231038788014067
2002-05-17,0.0026824106587042427
2002-05-20,-0.0010729166516572186
2002-05-21,-0.0012498530127652118
2002-05-22,0.0017756442745816947
2002-05-23,-0.0003930601177241644
2002-05-24,-0.0015279761515830548
2002-05-28,-0.0011384037839370087
2002-05-29,0.0018875403375703149
2002-05-30,-0.0035914724258590937
2002-05-31,0.003544678582794142
2002-06-03,0.0042234242784889185
2002-06-04,-0.00025697668211076
2002-06-05,-0.0002011447303388647
2002-06-06,5.032342729058281e-05
2002-06-07,-0.002161354506063573
2002-06-10,0.0017771300696478975
2002-06-11,-0.0022265828500851125
2002-06-12,-0.0022777269199796557
2002-06-13,0.0005220478939226281
2002-06-14,-0.0029581540184177024
2002-06-17,0.0023870406329053796
2002-06-18,-0.00017903811015617665
2002-06-19,0.004020769150107117
2002-06-20,-0.003037707063279843
2002-06-21,-0.00521896320830556
2002-06-24,-0.0006436654604911274
2002-06-25,0.0007065028311163957
2002-06-26,0.004212969279074807
2002-06-27,0.003306187488796347
2002-06-28,-0.005508147521358675
2002-07-01,0.0
2002-07-02,-0.0012047708873731354
2002-07-03,0.001293821153143865
2002-07-05,0.001708757658634108
2002-07-08,0.0006187119680555575
2002-07-09,-0.0013785940893043247
2002-07-10,-0.00284051711493869
2002-07-11,0.004188432607466264
2002-07-12,-0.0019461117499021074
2002-07-15,0.002249632158197623
2002-07-16,-0.00023194696682941608
2002-07-17,-0.0016044390292496047
2002-07-18,-0.0029677622890197375
2002-07-19,0.0008389982790923178
2002-07-22,0.0066404836330155705
2002-07-23,0.00017564098004443362
2002-07-24,-0.0001573111584175113
2002-07-25,0.004894797544448171
2002-07-26,0.0073102591940156225
2002-07-29,0.00017615414644632233
2002-07-30,0.008866028708105378
2002-07-31,0.0007001889860654142
2002-08-01,0.0012312562274056581
2002-08-02,-0.0014161545281446198
2002-08-05,0.0002651303115889014
2002-08-06,0.007518327925974155
2002-08-07,0.00018688300603003638
2002-08-08,0.0013450472439739513
2002-08-09,-0.00011171393070076307
2002-08-12,0.0012852831699427635
2002-08-13,0.0006457991631116655
2002-08-14,0.004275183387158432
2002-08-15,0.0016092708613588303
2002-08-16,0.002878170923693568
2002-08-19,0.0007031941237478689
2002-08-20,0.003317845211679765
2002-08-21,0.0016354768506522954
2002-08-22,0.00020010665611031598
2002-08-23,0.002586390610339345
2002-08-26,0.0007893485980027648
2002-08-27,0.0006310498376627616
2002-08-28,0.002934562765095311
2002-08-29,-0.0005575087288199609
2002-08-30,0.001034500493633489
2002-09-03,-0.002603402347561001
2002-09-04,0.001181389977916575
2002-09-05,-0.00014082188322290246
2002-09-06,0.002419005030983595
2002-09-09,0.0027526144223525284
2002-09-10,-0.002731039458253931
2002-09-11,0.0008069755617595376
2002-09-12,-0.0020176390445941494
2002-09-13,-0.0011116406172986593
2002-09-16,-0.0017020381015174836
2002-09-17,-0.0014012442582379049
2002-09-18,-0.0017460974403725627
2002-09-19,0.00015388162897723157
2002-09-20,0.000909414695771299
2002-09-23,-0.0006194524538999713
2002-09-24,-0.0031808898512116325
2002-09-25,0.006474495414232462
2002-09-26,0.009840685559433765
2002-09-27,-0.0019488478421499755
2002-09-30,0.00018748033758191895
2002-10-01,0.006737315350293071
2002-10-02,0.00034436989506238523
2002-10-03,-0.01193907324056328
2002-10-04,-0.004649032902855055
2002-10-07,-0.011756478392498182
2002-10-08,-0.010197020311159955
2002-10-09,-0.00851041394077504
2002-10-10,0.011534943414143722
2002-10-11,0.008798213998495152
2002-10-14,-0.00943396535686648
2002-10-15,-0.0053466930648725765
2002-10-16,0.0006826222588246112
2002-10-17,0.00019122766892836206
2002-10-18,0.0046666380946311925
2002-10-21,0.009128310318250371
2002-10-22,-0.006624071996093994
2002-10-23,0.0012789696537459983
2002-10-24,-0.0009651822282840339
2002-10-25,-0.0022100310484271467
2002-10-28,0.008042260003748863
2002-10-29,0.0030899080180385786
2002-10-30,0.0031803900059017343
2002-10-31,0.00020866099718851449
2002-11-01,0.006674365884537042
2002-11-04,0.008822091802454302
2002-11-05,0.00430400308452753
2002-11-06,0.0008936430201257006
2002-11-07,-0.002133758719339007
2002-11-08,-0.0017359792687109189
2002-11-11,0.0010329485038935327
2002-11-12,0.005807961547136836
2002-11-13,0.0013981627797542916
2002-11-14,-0.001087211948336081
2002-11-15,0.004176703880224614
2002-11-18,-6.832769081411283e-05
2002-11-19,-0.00464391230231821
2002-11-20,0.006147147989006302
2002-11-21,0.0011958978115707898
2002-11-22,0.001539700783587311
2002-11-25,-0.007347155293752022
2002-11-26,0.001416157204606011
2002-11-27,0.003021674930061663
2002-11-29,0.002152516566753182
2002-12-02,-0.0008285156365108071
2002-12-03,0.002892193397746029
2002-12-04,0.002233953434157626
2002-12-05,-0.0003116474090727239
2002-12-06,-0.0001995978646460228
2002-12-09,0.0008461503319740604
2002-12-10,0.0008149733502672785
2002-12-11,0.003306110145684876
2002-12-12,-0.0003509066052330423
2002-12-13,0.0035445976573086346
2002-12-16,-0.0007817578649154611
2002-12-17,0.0025342610869069247
2002-12-18,0.0020994368888985317
2002-12-19,-0.0024888596094596927
2002-12-20,0.0006667530173031899
2002-12-23,0.000900678406824923
2002-12-24,5.87639057662237e-05
2002-12-26,-0.001574092502454022
2002-12-27,0.00039159975875748264
2002-12-30,0.0027432093343961795
2002-12-31,0.0019049560807199162
2003-01-02,0.0
2003-01-03,0.0003250499680663266
2003-01-06,-7.373644511939891e-05
2003-01-07,0.002972436572481474
2003-01-08,0.0007824392281671533
2003-01-09,0.0010035337203139262
2003-01-10,0.0010401142979145628
2003-01-13,0.004216184502508752
2003-01-14,0.0002038382169498476
2003-01-15,-0.00014076784489628347
2003-01-16,0.0010235014501260686
2003-01-17,0.0022858039340973024
2003-01-21,0.0009907009015424294
2003-01-22,-6.984658528044196e-05
2003-01-23,-0.0009621972567735281
2003-01-24,0.0007237793246592739
2003-01-27,0.0028972241363729723
2003-01-28,-0.0017826460416054623
2003-01-29,0.001865723182321749
2003-01-30,-0.00070839591755264
2003-01-31,-0.00010666927126318226
2003-02-03,0.009062974915727462
2003-02-04,0.0010639179246116181
2003-02-05,0.0006109018834592417
2003-02-06,-0.000480533309534692
2003-02-07,0.0036386601839564327
2003-02-10,-0.0019160459730183988
2003-02-11,-0.0006106654888952956
2003-02-12,0.0007040320945773726
2003-02-13,0.0028905038216119226
2003-02-14,0.0020262325734652087
2003-02-18,-0.0004209758742227621
2003-02-19,3.091174689048293e-05
2003-02-20,0.0005010274186729835
2003-02-21,-0.0004524043823871338
2003-02-24,-0.0006373029143509068
2003-02-25,0.0015757144587857318
2003-02-26,-0.0020200451832669496
2003-02-27,0.0009188931685118251
2003-02-28,-0.0005449141559234095
2003-03-03,0.0013141004094591679
2003-03-04,-0.0011835997234207253
2003-03-05,0.0022199881693061806
2003-03-06,-6.874986554618045e-05
2003-03-07,-0.0002653057238588552
2003-03-10,-0.001926248291344812
2003-03-11,-0.0015905963677697033
2003-03-12,0.0017608675861054968
2003-03-13,0.003696715573023929
2003-03-14,0.0026493141296595026
2003-03-17,0.0009348719163288499
2003-03-18,0.0061613620932926385
2003-03-19,0.0010537474017993874
2003-03-20,-6.182958230346313e-05
2003-03-21,0.003487695705301269
2003-03-24,-0.0016320844041844806
2003-03-25,0.0025915601455919644
2003-03-26,-0.001585529382933365
2003-03-27,0.0014980734893980442
2003-03-28,-0.0005287708220077958
2003-03-31,-0.0026156020369206834
2003-04-01,0.0005929139099434932
2003-04-02,0.00026602256363670305
2003-04-03,0.0014940536236160429
2003-04-04,0.0014406913467832627
2003-04-07,0.00012196517168523435
2003-04-08,-0.0005239383122479568
2003-04-09,-0.0035444485387106537
2003-04-10,0.0027038976623228682
2003-04-11,-0.0012597587436102785
2003-04-14,0.0017003135758739574
2003-04-15,0.0010145000255812552
2003-04-16,-0.002790095596819886
2003-04-17,0.0013770383451052136
2003-04-21,-0.00010317993231639955
2003-04-22,0.00030271586251503504
2003-04-23,-0.0008551487641173305
2003-04-24,0.00024010506901622208
2003-04-25,-0.0002741935305491328
2003-04-28,-7.915717353181861e-05
2003-04-29,0.0019639241138738163
2003-04-30,0.00039488920611653876
2003-05-01,-0.0006752113302425422
2003-05-02,-0.0025269525686968607
2003-05-05,-0.001109973667030323
2003-05-06,0.0013009144468443755
2003-05-07,-0.000515635418406929
2003-05-08,-0.0010423240413444557
2003-05-09,0.001083319097917268
2003-05-12,0.0027883103314282898
2003-05-13,-0.00017851929959852297
2003-05-14,-0.001295455567759346
2003-05-15,-0.0012154608896994602
2003-05-16,0.0025822027028735094
2003-05-19,-0.00022595789488925045
2003-05-20,0.002374087171035294
2003-05-21,-0.0023005102436792157
2003-05-22,-0.0020842439813320624
2003-05-23,-0.005955735181769994
2003-05-27,-0.0036735019999986295
2003-05-28,0.0014380900203239898
2003-05-29,9.1003079400076e-06
2003-05-30,-0.002218729557530552
2003-06-02,0.00018970829476293581
2003-06-03,-0.0007278442366508541
2003-06-04,0.0016262599447098513
2003-06-05,0.0011029222672045591
2003-06-06,0.003351481841482773
2003-06-09,-0.005261349066845467
2003-06-10,0.0026200466249938657
2003-06-11,0.00020141018253089227
2003-06-12,-0.0016842000532885037
2003-06-13,0.004266279896255632
2003-06-16,-9.791822028935581e-05
2003-06-17,0.0014334908653910517
2003-06-18,0.003170757697272997
2003-06-19,0.0015125794936538095
2003-06-20,-0.0027701023671171275
2003-06-23,0.005114678786143939
2003-06-24,0.003270680775421836
2003-06-25,0.0002687421019094027
2003-06-26,-0.0010288941019446606
2003-06-27,-0.001313620286558298
2003-06-30,0.001514009082027351
2003-07-01,0.0
2003-07-02,-0.00021420882926930228
2003-07-03,-0.00043038433219416694
2003-07-07,-0.0005686240022571565
2003-07-08,0.0008381155889451153
2003-07-09,0.0008442541395297709
2003-07-10,0.0005490601640242287
2003-07-11,0.00014058920953050058
2003-07-14,0.0017813627134216636
2003-07-15,-0.0032093911145039565
2003-07-16,0.003797592067634514
2003-07-17,4.936547225098953e-05
2003-07-18,-0.0006046957935063213
2003-07-21,-0.003489839471383249
2003-07-22,-8.70086924503799e-05
2003-07-23,-0.0013116275224809293
2003-07-24,-0.0001871263371214349
2003-07-25,0.002024588560779722
2003-07-28,0.000887508971502704
2003-07-29,-0.0011858537241919598
2003-07-30,3.321501481789446e-05
2003-07-31,-0.0007585958448974251
2003-08-01,-0.0013775866413201555
2003-08-04,0.001034590325719803
2003-08-05,0.0007689449123882142
2003-08-06,-0.0016079953282157667
2003-08-07,-0.0012474356212112292
2003-08-08,0.0002437618550793441
2003-08-11,-0.0017742987360928387
2003-08-12,0.000865147107682912
2003-08-13,-0.003592254759543467
2003-08-14,0.002235877205099579
2003-08-15,-0.001669709146510584
2003-08-18,-0.002307821174191227
2003-08-19,0.0019398960228691087
2003-08-20,0.0011582566517574834
2003-08-21,-0.001989786603777771
2003-08-22,0.0011728833397473492
2003-08-25,-3.137636490069817e-05
2003-08-26,-0.0010500917684081955
2003-08-27,0.0027063309058547647
2003-08-28,-0.0027780385237935246
2003-08-29,-0.0007299137999558058
2003-09-02,0.004822789993810567
2003-09-03,0.00257823980351502
2003-09-04,0.0013359158058196708
2003-09-05,0.0014220648438146356
2003-09-08,0.0005066512797626932
2003-09-09,-0.00026635570259934125
2003-09-10,0.0035115272287316313
2003-09-11,0.0006019522604628735
2003-09-12,0.0005612077121358138
2003-09-15,-0.0018069456118290639
2003-09-16,0.001225927723286474
2003-09-17,-0.0001937144170961802
2003-09-18,0.0012565496631219808
2003-09-19,0.0015163369522035897
2003-09-22,0.0007870835702170287
2003-09-23,0.00045636414403384394
2003-09-24,0.0013826197307757638
2003-09-25,0.0020221608000545177
2003-09-26,-0.0013682924597813672
2003-09-29,0.0013601789558696175
2003-09-30,-0.0027872473094607275
2003-10-01,8.398671890461062e-05
2003-10-02,0.001103624649223528
2003-10-03,0.0006315410980444414
2003-10-06,1.519760064380149e-05
2003-10-07,-0.0009470175389443669
2003-10-08,6.847405315889566e-05
2003-10-09,-0.000594637064283815
2003-10-10,-0.0023970820133157656
2003-10-13,0.0003058667573563767
2003-10-14,-0.0007244756365407335
2003-10-15,-0.0001794050768724742
2003-10-16,-0.0027709424790619388
2003-10-17,0.0006912750334303663
2003-10-20,-0.0006999629953977459
2003-10-21,0.000112554909167073
2003-10-22,0.0028585631831663017
2003-10-23,9.11067628189266e-06
2003-10-24,0.0020631088759003545
2003-10-27,0.005774355845572477
2003-10-28,-0.0011605907205801125
2003-10-29,-0.002934806555332947
2003-10-30,-0.0009593076527932898
2003-10-31,-0.000543577870026335
2003-11-03,-0.005004047949915292
2003-11-04,-0.0018935224049499932
2003-11-05,0.0012338797116667188
2003-11-06,-0.006916516076626078
2003-11-07,0.0018476658934812762
2003-11-10,0.0037668393236774344
2003-11-11,0.0014877145034819794
2003-11-12,0.0003684590201838034
2003-11-13,0.0004677727293601497
2003-11-14,-0.001076520921857288
2003-11-17,0.002099753769193502
2003-11-18,-0.005877248608039692
2003-11-19,0.0019104344244860795
2003-11-20,-0.0019071963658352786
2003-11-21,0.0010214155667019943
2003-11-24,-0.0028240794943408254
2003-11-25,0.0032590186618108364
2003-11-26,0.002287809346982944
2003-11-28,-0.0009137428877131259
2003-12-01,-0.00013427634836798985
2003-12-02,-0.0010973020079916795
2003-12-03,-0.0003183371124507284
2003-12-04,-0.0007924470446353138
2003-12-05,-0.00048708430652916743
2003-12-08,0.003309412928015182
2003-12-09,-0.0009744047059680183
2003-12-10,0.0005847149228361493
2003-12-11,0.0005994424624163941
2003-12-12,-0.003604749130841528
2003-12-15,0.0029499147710659148
2003-12-16,0.0008414768392260685
2003-12-17,-0.0017259860582487796
2003-12-18,0.00027593360233401086
2003-12-19,-0.000164317944893122
2003-12-22,0.0017279045694858608
2003-12-23,-0.0014978483517626207
2003-12-24,-0.002465038083561061
2003-12-26,0.001097926139584099
2003-12-29,0.00021164578112463085
2003-12-30,-0.0006524838716214121
2003-12-31,-0.0009500790642042789
2004-01-02,0.0
2004-01-05,-0.00029671201016794323
2004-01-06,-0.0008018735444708103
2004-01-07,0.00032556783406675893
2004-01-08,-0.0006810678157629591
2004-01-09,0.0022643770009166007
2004-01-12,0.0005401914182270262
2004-01-13,-0.00014210611126319606
2004-01-14,0.00038172656528002725
2004-01-15,-0.00369671867353214
2004-01-16,-0.0011265404857489392
2004-01-20,0.0018072730673479476
2004-01-21,-0.00395416436894685
2004-01-22,0.0014156850443350633
2004-01-23,-0.0002335739006138482
2004-01-26,-0.0010033185737219786
2004-01-27,0.0006003090131518507
2004-01-28,0.0032509235224693457
2004-01-29,0.005273457684409133
2004-01-30,0.0019422609211066754
2004-02-02,0.0011021807969887887
2004-02-03,0.0034616601071943754
2004-02-04,0.0011910903225421765
2004-02-05,0.002307708110543466
2004-02-06,-0.0004717409551678875
2004-02-09,0.0003425240663705975
2004-02-10,-0.000704367907799286
2004-02-11,-0.0005183819207888296
2004-02-12,0.00019838074805249571
2004-02-13,-0.0017422461759101393
2004-02-17,-0.0001484394528294075
2004-02-18,0.0011260120887105652
2004-02-19,-0.0007779112870566485
2004-02-20,0.0027803681034316518
2004-02-23,0.002388617056696635
2004-02-24,0.0034766178914558523
2004-02-25,-0.001924047555902708
2004-02-26,-0.000261899903182411
2004-02-27,-0.0016511330904566356
2004-03-01,-0.0007073738901652194
2004-03-02,-0.0011985961176372128
2004-03-03,-0.000530607123177862
2004-03-04,-0.0009711785882658364
2004-03-05,-0.0018794895645580622
2004-03-08,1.829326627791339e-05
2004-03-09,0.0018223743532462533
2004-03-10,-4.597978848676076e-05
2004-03-11,0.003028424913961997
2004-03-12,-0.002050168959223053
2004-03-15,0.004490201500093727
2004-03-16,0.000874251898885059
2004-03-17,-0.0026012347180041306
2004-03-18,-0.0006535966036169738
2004-03-19,0.0015533225688255992
2004-03-22,0.0015002663009431537
2004-03-23,0.0001453030132927191
2004-03-24,0.0014282106088587987
2004-03-25,-0.0010891075252442261
2004-03-26,0.0014543043890693941
2004-03-29,-0.0018319142869406557
2004-03-30,0.0014325490944426035
2004-03-31,-2.4623003112411724e-05
2004-04-01,-0.0012064510187064005
2004-04-02,-0.00265184070220007
2004-04-05,-0.003915943954087814
2004-04-06,0.00432761650011646
2004-04-07,-0.002013488513125039
2004-04-08,0.001469604499298488
2004-04-12,0.0015815337953792364
2004-04-13,0.00243819506259767
2004-04-14,-0.0031491278629854234
2004-04-15,0.0004993063890771865
2004-04-16,0.0017567026658459994
2004-04-19,0.0007618212741414332
2004-04-20,0.0010733527509936337
2004-04-21,0.004800142082167447
2004-04-22,-0.0034511558316385636
2004-04-23,-0.0014611685911519012
2004-04-26,-0.005114700576818165
2004-04-27,0.004628274820619993
2004-04-28,0.0010158692161724326
2004-04-29,-0.0004143093807882525
2004-04-30,0.0028837410540417273
2004-05-03,0.0028029502198834598
2004-05-04,-0.0014753352347212589
2004-05-05,0.0038504276438026176
2004-05-06,-0.0002891159196714954
2004-05-07,-0.0015443923420771998
2004-05-10,0.002659912899743072
2004-05-11,-0.00010106664411985711
2004-05-12,0.0036926322248231726
2004-05-13,0.0011909702978919689
2004-05-14,-0.0006169082376443369
2004-05-17,-0.0004489979997417071
2004-05-18,0.0005257673538335506
2004-05-19,-5.1238046827845055e-05
2004-05-20,-0.0001035112389863313
2004-05-21,0.0012400795915324114
2004-05-24,0.0018480954719778508
2004-05-25,0.00031231480584449357
2004-05-26,0.0038034116311165267
2004-05-27,0.0009660796627673773
2004-05-28,-0.0005698553922525329
2004-06-01,0.000157959969682947
2004-06-02,-0.0018197408842343609
2004-06-03,0.00045654614830538675
2004-06-04,0.0019643389967350378
2004-06-07,-0.001706438411494804
2004-06-08,0.0006637673815290013
2004-06-09,-0.0021014741048033135
2004-06-10,6.22481070135017e-05
2004-06-14,-0.002167777119449171
2004-06-15,-0.00029948059054027973
2004-06-16,-0.0008486216471859043
2004-06-17,-0.0005021799126501247
2004-06-18,0.00014826999399458196
2004-06-21,0.0006395886059335609
2004-06-22,-0.00105485417774146
2004-06-23,0.0012587607885985786
2004-06-24,-8.308280378560573e-06
2004-06-25,-0.0003357185564028975
2004-06-28,-0.0013973915152453386
2004-06-29,-0.0006521818778102261
2004-06-30,-0.001913770734429243
2004-07-01,0.0
2004-07-02,9.7103795756881e-05
2004-07-06,0.00013701125318395512
2004-07-07,-0.00042968896579093085
2004-07-08,-0.00145160017877497
2004-07-09,-0.0012173590034071867
2004-07-12,-0.0005968188107139283
2004-07-13,0.0018159150349999597
2004-07-14,-0.0014648396296061184
2004-07-15,-0.0008855413261684653
2004-07-16,0.0006038978578249199
2004-07-19,-0.001020942010325776
2004-07-20,0.0014019119992679185
2004-07-21,0.0012351254514926357
2004-07-22,0.0010737954631699132
2004-07-23,0.00034131467056933704
2004-07-26,0.0006475472767738744
2004-07-27,0.0004678022736636034
2004-07-28,0.0020293731726751195
2004-07-29,0.0008272639802893056
2004-07-30,0.0006069948620822108
2004-08-02,-0.0014319915050631572
2004-08-03,0.003350138327491259
2004-08-04,0.002113265725347313
2004-08-05,0.0002535963076320868
2004-08-06,0.000604995166651906
2004-08-09,0.0007108549689559818
2004-08-10,0.00014422217141856207
2004-08-11,0.0004172115683276245
2004-08-12,-0.0006574510026309377
2004-08-13,0.0011166999078397687
2004-08-16,-0.0004074404839739643
2004-08-17,0.0004867556177040877
2004-08-18,0.0010335039760291155
2004-08-19,0.0005959881282395996
2004-08-20,0.0023432620508755052
2004-08-23,-0.0008318290347204161
2004-08-24,0.0005026507974177363
2004-08-25,-0.00030060197358710016
2004-08-26,0.0006191216039809988
2004-08-27,0.0008495326746156328
2004-08-30,-0.0010830957244502171
2004-08-31,0.0013445170786443362
2004-09-01,0.0006679616786015085
2004-09-02,0.001435056235378085
2004-09-03,0.00014538207611765054
2004-09-07,0.0011843753977951344
2004-09-08,-0.001382331454093899
2004-09-09,-0.0001230239243821596
2004-09-10,0.0023466435266611186
2004-09-13,0.0016459405745729793
2004-09-14,-0.0001631574923123269
2004-09-15,-0.000327340396911735
2004-09-16,0.0015894970591971535
2004-09-17,-0.0001748432811721601
2004-09-20,-0.004184963791873881
2004-09-21,-5.670591077631681e-05
2004-09-22,-0.0010429932453992485
2004-09-23,0.00021337375364830491
2004-09-24,-0.002223335623048539
2004-09-27,0.00014234350353162784
2004-09-28,0.0008515314564225607
2004-09-29,-0.0007023945050601387
2004-09-30,-0.0008352858358324944
2004-10-01,0.00157800104258925
2004-10-04,0.0012869054708302351
2004-10-05,0.0021229374213011963
2004-10-06,0.001529304800392195
2004-10-07,-0.0014277020515871207
2004-10-08,-0.0008101785558471075
2004-10-11,0.002520281937838015
2004-10-12,-0.0004505024702367577
2004-10-13,-0.0010693214590683175
2004-10-14,-0.0010143140282537044
2004-10-15,0.00023926879690968627
2004-10-18,-7.68634840837501e-05
2004-10-19,-0.002447987259930512
2004-10-20,0.002407368274803051
2004-10-21,0.00013982076540923206
2004-10-22,0.0003426080274372634
2004-10-25,0.002989292811836608
2004-10-26,-0.002002990501123414
2004-10-27,-0.0011037522476933404
2004-10-28,-0.0007648764616114245
2004-10-29,-0.0005514359936041769
2004-11-01,-0.0030436051388891216
2004-11-02,0.0030439427150425967
2004-11-03,0.0008604882178406103
2004-11-04,0.0016569008983355338
2004-11-05,0.003935727272747469
2004-11-08,0.0011749152272127472
2004-11-09,0.0013070191009708966
2004-11-10,-0.00016297795810399918
2004-11-11,0.0025300887334390398
2004-11-12,0.0013110746398822149
2004-11-15,-0.0015821460680215727
2004-11-16,-0.0006054900076854386
2004-11-17,0.001968601265543746
2004-11-18,-0.0004457603897181306
2004-11-19,-0.0012226989964156608
2004-11-22,0.0015397692384413574
2004-11-23,0.0021410412632846655
2004-11-24,0.001286499525194995
2004-11-26,-0.00032212933821280096
2004-11-29,-0.00033963595846587814
2004-11-30,0.0002605857040835935
2004-12-01,0.003021280535850096
2004-12-02,0.001952690689195563
2004-12-03,-0.0010291460874164438
2004-12-06,0.0003561792282602505
2004-12-07,0.0006081479948711777
2004-12-08,0.0034123537303489327
2004-12-09,0.0003748848417887196
2004-12-10,-0.0004247123815238951
2004-12-13,0.0037950342652596112
2004-12-14,0.00014011047425958602
2004-12-15,-0.0005558280367640334
2004-12-16,-0.0010827363378116905
2004-12-17,0.0003174088520175811
2004-12-20,0.0007414374256310919
2004-12-21,0.0004497200043235117
2004-12-22,7.701019849835622e-05
2004-12-23,0.0009755630323264486
2004-12-27,-0.001726743432270339
2004-12-28,-0.0006949494478058815
2004-12-29,-0.0008783294076180781
2004-12-30,0.0001640828215862533
2004-12-31,-0.0005551016210531945
2005-01-03,0.0
2005-01-04,0.0004655484477822713
2005-01-05,-0.0007280746843854047
2005-01-06,-0.0013187164220584302
2005-01-07,-0.0008489484941047398
2005-01-10,0.0024351317029614296
2005-01-11,0.001519378096656593
2005-01-12,-0.0008629573734654783
2005-01-13,-0.001623656338970708
2005-01-14,-0.0004983822743037436
2005-01-18,0.0007025384253480094
2005-01-19,-8.246873593615312e-05
2005-01-20,-0.0005103790114737439
2005-01-21,-0.0016623188296743308
2005-01-24,-0.0007450848002486743
2005-01-25,0.0016553109678219102
2005-01-26,-0.0021758149761849977
2005-01-27,-0.00044197972566502043
2005-01-28,-0.007452485412466953
2005-01-31,-0.003954849457424148
2005-02-01,0.00043733451501424826
2005-02-02,-0.0010519425910041958
2005-02-03,0.0004912042167632025
2005-02-04,-0.006030403139083718
2005-02-07,-0.0015264172505342565
2005-02-08,-0.004056943815700464
2005-02-09,0.0002871216406862331
2005-02-10,-0.0011716227732115891
2005-02-11,-0.0021873329285235664
2005-02-14,-0.0029148482572649848
2005-02-15,0.004629922399300501
2005-02-16,-1.742442523970933e-05
2005-02-17,0.00010902164288771332
2005-02-18,-3.7090037496961827e-05
2005-02-22,0.0013051086953038804
2005-02-23,0.0010858569239996397
2005-02-24,-0.0004915475932914248
2005-02-25,-0.0027909954380493317
2005-02-28,0.00040235763899786335
2005-03-01,-0.0001881775238997796
2005-03-02,-0.0018361237378655081
2005-03-03,-0.0013849728910716897
2005-03-04,-0.0022326221725214312
2005-03-07,-0.0007191509724667533
2005-03-08,-0.0006268033330442014
2005-03-09,0.0006063729335737567
2005-03-10,0.00410493476989931
2005-03-11,0.002390415283188446
2005-03-14,-0.0032392718970520873
2005-03-15,0.0023721806345977483
2005-03-16,-0.0015208279252648337
2005-03-17,-0.0006601760500296982
2005-03-18,-0.0027875854626532247
2005-03-21,0.0023995787796791345
2005-03-22,0.0038231589283634904
2005-03-23,-1.7060184463218998e-05
2005-03-24,0.0005800641014783225
2005-03-28,-0.0005980935190470493
2005-03-29,0.005130191564365122
2005-03-30,0.0034910309854628285
2005-03-31,-0.004835666838407471
2005-04-01,-0.0024319714537069047
2005-04-04,-0.005356125862473066
2005-04-05,0.0003031757137095359
2005-04-06,-0.0007810666428507085
2005-04-07,-0.001020044635646067
2005-04-08,0.0018498459843213078
2005-04-11,-0.00010011531974614685
2005-04-12,0.0004141356542122276
2005-04-13,0.0008561441270185655
2005-04-14,0.0029041372044211035
2005-04-15,0.003559440035205219
2005-04-18,0.001179209793723518
2005-04-19,0.0001924439715766557
2005-04-20,0.006453775970579256
2005-04-21,0.0031231209286272043
2005-04-22,0.0006961710485000161
2005-04-25,0.0014766794541341665
2005-04-26,-0.0019551143205254417
2005-04-27,0.006447923312071735
2005-04-28,0.00175051733889105
2005-04-29,-0.0004951673205888408
2005-05-02,0.0038894338945733575
2005-05-03,-0.00014299546380469597
2005-05-04,0.005263019869221353
2005-05-05,0.0034566936538309887
2005-05-06,0.00182079066601904
2005-05-09,0.0007473251790900637
2005-05-10,0.00018071603949252336
2005-05-11,0.0021181112905944155
2005-05-12,0.0011793619706163493
2005-05-13,0.009016399523247742
2005-05-16,0.0005878376570058241
2005-05-17,0.0026452350835710625
2005-05-18,0.000805554161707206
2005-05-19,4.527336833128892e-05
2005-05-20,-0.00029507187080080044
2005-05-23,-0.0025593073861543193
2005-05-24,5.743472712190223e-05
2005-05-25,-0.0024353420598363373
2005-05-26,-0.0004730029402699898
2005-05-27,0.003937387553467514
2005-05-31,-0.006099040497931213
2005-06-01,0.0028016576126981387
2005-06-02,0.0008572746812879339
2005-06-03,1.5157521335357194e-05
2005-06-06,0.0008658899999013037
2005-06-07,-0.0021556811428364462
2005-06-08,0.0024816821624266683
2005-06-09,0.0007252987731142524
2005-06-10,-0.0035907435739218397
2005-06-13,-0.0029019939651027727
2005-06-14,0.005075684467574992
2005-06-15,-0.0005560667920602224
2005-06-16,0.0018637185215007956
2005-06-17,9.882211173343203e-05
2005-06-20,0.0016075951350966455
2005-06-21,0.00036701069452201864
2005-06-22,-0.0035660806642580866
2005-06-23,-0.0008698047031306555
2005-06-24,-0.000231221258982095
2005-06-27,0.0010733454952725429
2005-06-28,0.001075106643373347
2005-06-29,0.003765043585729516
2005-06-30,0.00028554874491421576
2005-07-01,0.0
2005-07-05,-0.0004164797993624625
2005-07-06,0.00070327882519442
2005-07-07,-0.0011857730815677202
2005-07-08,-0.0016677481951489104
2005-07-11,-0.0007600637724904824
2005-07-12,0.00036074053704694963
2005-07-13,-0.0002813537284709788
2005-07-14,0.0017571764537642697
2005-07-15,0.0013481597776993925
2005-07-18,-0.0027945792822931083
2005-07-19,-0.0017263128445353271
2005-07-20,-0.0018501054795048433
2005-07-21,0.002729139516104956
2005-07-22,0.0019215024910978317
2005-07-25,-0.0013106525428967452
2005-07-26,-0.0010925126827520336
2005-07-27,0.002722243164155408
2005-07-28,0.0016594481444523134
2005-07-29,3.4968762283366096e-05
2005-08-01,-0.0027519989493892893
2005-08-02,0.00019956418882135507
2005-08-03,-0.0012908564013449975
2005-08-04,0.0022807986920079294
2005-08-05,0.00010498331592317944
2005-08-08,0.003143749856611222
2005-08-09,-0.00035162407153606633
2005-08-10,0.0016226824645384497
2005-08-11,-0.000831659807147983
2005-08-12,0.0029127615280887865
2005-08-15,0.0014719181709331286
2005-08-16,0.006169279584134879
2005-08-17,0.0017408731866053295
2005-08-18,-0.001073344925270603
2005-08-19,0.0009397157236889775
2005-08-22,-3.536119490096801e-05
2005-08-23,-0.001962885822355526
2005-08-24,0.0012962875319319721
2005-08-25,-0.0013252452303642193
2005-08-26,0.0006020661766383939
2005-08-29,0.0018391822921373757
2005-08-30,-0.0014234588759506784
2005-08-31,-0.0009467072165345369
2005-09-01,-0.0013269239513930332
2005-09-02,-0.0007754774413121224
2005-09-06,0.0021312239572189194
2005-09-07,0.001216695844502752
2005-09-08,-0.0010460266627302871
2005-09-09,-0.0012277952772376199
2005-09-12,0.004481646176792903
2005-09-13,0.003426625012602974
2005-09-14,-0.0023175909428965248
2005-09-15,-0.0006087876086024457
2005-09-16,0.004929483098664561
2005-09-19,0.001382416675684034
2005-09-20,-0.0010297773378018017
2005-09-21,-0.0011717762452754076
2005-09-22,0.002483330921650301
2005-09-23,0.001181668459753693
2005-09-26,0.0019727226393215836
2005-09-27,-0.0015341488804190228
2005-09-28,0.0007815140995130643
2005-09-29,-0.0008574669767607457
2005-09-30,0.002673948097046258
2005-10-03,-0.002775259476888453
2005-10-04,0.00126425885832005
2005-10-05,0.0042235385108038035
2005-10-06,0.007195044805548478
2005-10-07,0.000502399797517461
2005-10-10,0.0016859853081867605
2005-10-11,-0.0019280481734779364
2005-10-12,0.0073243795583019635
2005-10-13,0.0033005766449189233
2005-10-14,-5.925462866301911e-06
2005-10-17,-3.872492758498769e-05
2005-10-18,-0.0012391657138064616
2005-10-19,-0.0002745802353413429
2005-10-20,0.0003422713919154996
2005-10-21,-2.8988333681867484e-05
2005-10-24,0.003258901417136423
2005-10-25,0.0007476330739044857
2005-10-26,-0.005359125618651478
2005-10-27,-0.0009978293559491703
2005-10-28,0.003316337619458776
2005-10-31,0.005829986022839723
2005-11-01,0.003375614945638983
2005-11-02,-0.00019803046465238227
2005-11-03,0.001550419499646133
2005-11-04,-0.0004748892541552696
2005-11-07,-0.0024921102232330463
2005-11-08,0.0009963327052751382
2005-11-09,0.0011471506553014487
2005-11-10,-0.0001440887667965407
2005-11-11,0.0004244307725234209
2005-11-14,-0.0014775796892500415
2005-11-15,0.0016420616282165346
2005-11-16,0.0017371841460410598
2005-11-17,-0.001247159455683211
2005-11-18,0.0017276964110002125
2005-11-21,-0.002593794062507748
2005-11-22,-0.001389046997200477
2005-11-23,0.0006648571865368657
2005-11-25,-0.004442817481677458
2005-11-28,0.0009982775505793628
2005-11-29,0.001590701012260748
2005-11-30,-0.0023303080260966393
2005-12-01,0.0016785965211708665
2005-12-02,-0.0008170561228808326
2005-12-05,-0.0005109850165498419
2005-12-06,-0.0029815428497943384
2005-12-07,0.00046680625723652944
2005-12-08,0.002067000988770723
2005-12-09,0.0009805230374740515
2005-12-12,-0.0008462866152574133
2005-12-13,0.001652062973101809
2005-12-14,0.0022511102422101137
2005-12-15,0.0029771069101117873
2005-12-16,0.0007384541553837664
2005-12-19,-0.0003923572514086315
2005-12-20,0.0015760110731761813
2005-12-21,0.0012253603062717167
2005-12-22,0.0017147938790807726
2005-12-23,0.0005629436136522836
2005-12-27,0.0009377161350809182
2005-12-28,-0.0008314483317309774
2005-12-29,0.0005115509582813704
2005-12-30,2.1940870702646942e-05
2006-01-03,0.0
2006-01-04,-0.0007889468160248824
2006-01-05,0.0023208685858302934
2006-01-06,-0.0008671844197705003
2006-01-09,0.00016246249283556337
2006-01-10,0.00019602318014336206
2006-01-11,-0.00034805179856703947
2006-01-12,0.0018274842215816767
2006-01-13,-0.000941124489846007
2006-01-17,0.0009257824127213099
2006-01-18,0.0017313786631398098
2006-01-19,0.0018686978452770787
2006-01-20,-0.00041789556096833433
2006-01-23,0.000629312877937599
2006-01-24,-0.0016198682699731903
2006-01-25,-0.002108469507937705
2006-01-26,0.001916385037557361
2006-01-27,-4.3861917607690426e-05
2006-01-30,-0.0005937983215133335
2006-01-31,-0.0004742800085382359
2006-02-01,-0.0020680942560912406
2006-02-02,0.001641340308797118
2006-02-03,-0.002811065378016525
2006-02-06,-0.0003041384134128078
2006-02-07,0.0005128026917885942
2006-02-08,-0.0003761505571842072
2006-02-09,0.0006930867414707165
2006-02-10,-0.00016531466562097474
2006-02-13,0.001010218114364575
2006-02-14,-0.0032987281398915045
2006-02-15,0.002291080808714624
2006-02-16,0.0014612997426532825
2006-02-17,-0.0009493076725222982
2006-02-21,-0.000652957655165054
2006-02-22,0.004183216629355302
2006-02-23,0.002331345172272742
2006-02-24,0.0029381053678254943
2006-02-27,7.91922958686242e-05
2006-02-28,-0.0021195459333458897
2006-03-01,0.005836757894147065
2006-03-02,-0.0015039453371299804
2006-03-03,0.001001681696630713
2006-03-06,-0.009026057494712792
2006-03-07,0.0033128000145455474
2006-03-08,-0.001331630297503178
2006-03-09,0.0009918262542213617
2006-03-10,0.0007725170001279924
2006-03-13,-0.0015948095466594536
2006-03-14,0.002051102451219716
2006-03-15,-0.0003956745050092858
2006-03-16,0.00031837659008838727
2006-03-17,0.0020343329601543447
2006-03-20,3.799755215558309e-05
2006-03-21,-0.0010891720331660027
2006-03-22,-0.0012890734349927768
2006-03-23,-0.0011207815054948167
2006-03-24,-0.000902998072644412
2006-03-27,0.00021207456350716414
2006-03-28,0.0020711907170801016
2006-03-29,-0.0001663311893909336
2006-03-30,-0.002924096408821264
2006-03-31,-0.0004566879291822756
2006-04-03,0.0005821339583801377
2006-04-04,-0.003862543120494927
2006-04-05,0.003000485994500879
2006-04-06,0.00033632287123780966
2006-04-07,0.0011349832678715199
2006-04-10,0.0027508821760637513
2006-04-11,0.0013582298799165616
2006-04-12,-0.000619825792338824
2006-04-13,0.0013576062609083062
2006-04-17,-0.0008480278832339316
2006-04-18,0.00015956833690016213
2006-04-19,0.003296909787390112
2006-04-20,0.0006462779537507457
2006-04-21,-0.0009800531711692372
2006-04-24,-0.0012249621516921161
2006-04-25,-0.002836815705717766
2006-04-26,0.0015409880611249095
2006-04-27,0.0006956170296244457
2006-04-28,0.0016375499981628905
2006-05-01,0.003978010034341633
2006-05-02,0.0017253966628114348
2006-05-03,-0.000582501023921811
2006-05-04,0.0011361590126375443
2006-05-05,0.0014787171933094978
2006-05-08,0.00048277340871161754
2006-05-09,-0.0006533288723402809
2006-05-10,0.0017472536867684184
2006-05-11,-0.0024232972074312298
2006-05-12,0.002018237418651425
2006-05-15,-0.002199213290286617
2006-05-16,0.0003924818625268667
2006-05-17,0.002862838772722942
2006-05-18,0.0013895652962671202
2006-05-19,-0.0020169131028673236
2006-05-22,0.0006795564118824982
2006-05-23,-0.001574669608084095
2006-05-24,-0.002113082875361283
2006-05-25,-0.0028379583920089936
2006-05-26,-0.0014741833450345853
2006-05-30,0.00034337808013003014
2006-05-31,-0.00086397306276354
2006-06-01,0.0007188061556908099
2006-06-02,-0.0003012367869373589
2006-06-05,0.0006232618633024156
2006-06-06,-0.0025553808646292474
2006-06-07,0.0027419238964490945
2006-06-08,0.0004624732534339204
2006-06-09,0.0009722352269441514
2006-06-12,4.6563394485515944e-05
2006-06-13,0.001065778417468416
2006-06-14,0.00038283739177716325
2006-06-15,-0.0017862205818556464
2006-06-16,-0.0005307620101211774
2006-06-19,0.00038992155602440295
2006-06-20,0.00403833175599973
2006-06-21,0.002315428066296249
2006-06-22,-0.0019309554561184495
2006-06-23,-0.0008799160055954658
2006-06-26,0.0030497052260143763
2006-06-27,-0.0016511137410707532
2006-06-28,-0.0010056741341259445
2006-06-29,-0.002101869720679489
2006-06-30,-0.0008976625286574724
2006-07-03,0.0
2006-07-05,0.0003067811083126204
2006-07-06,0.0010523306022191814
2006-07-07,-0.00027069195967435733
2006-07-10,-0.0003129565870096496
2006-07-11,0.0021936526669070144
2006-07-12,-0.0005322477131142145
2006-07-13,0.0014133382040726506
2006-07-14,0.0011808358468977042
2006-07-17,-0.0006974080593736443
2006-07-18,-0.00039341909584589827
2006-07-19,0.0012912786576294356
2006-07-20,0.004083734794494737
2006-07-21,-0.0005737091853812327
2006-07-24,0.002618484124443948
2006-07-25,-0.0016768056798420305
2006-07-26,0.003785665123346238
2006-07-27,0.0017805361598108803
2006-07-28,-0.001886862812238005
2006-07-31,-0.0005706636175970559
2006-08-01,-0.000785960445744155
2006-08-02,-0.0030007980473936656
2006-08-03,0.0013449120244534707
2006-08-04,-0.0009787089322786935
2006-08-07,0.0002645277139516122
2006-08-08,0.0005508847705670506
2006-08-09,0.003317904880317424
2006-08-10,-8.794331058993299e-05
2006-08-11,-0.0008507642995611575
2006-08-14,0.0009478116788441849
2006-08-15,0.0017588726796118337
2006-08-16,-0.0008115325259227424
2006-08-17,0.0022473451731175598
2006-08-18,-0.000450860537625003
2006-08-21,-0.000742810930020793
2006-08-22,0.0011221873443008957
2006-08-23,-0.00020017367115461316
2006-08-24,-0.0006959853979760344
2006-08-25,-0.0003410924936190163
2006-08-28,-0.00023012641746413264
2006-08-29,0.002286859371244543
2006-08-30,-0.0005746260624726496
2006-08-31,0.0015738672710946366
2006-09-01,0.0012717272173377702
2006-09-05,0.0003780297286937684
2006-09-06,0.0008358328191163611
2006-09-07,0.00032640303448639997
2006-09-08,0.00010806148506729562
2006-09-11,-0.0006367097990077397
2006-09-12,0.0014293114503295512
2006-09-13,0.0010409061117480467
2006-09-14,-0.0004182840906206686
2006-09-15,0.0033685587402273896
2006-09-18,-0.0005720852159765532
2006-09-19,-0.0007120042786143588
2006-09-20,-0.0007997574942161745
2006-09-21,-0.0015138534752675349
2006-09-22,-0.00020852277437069522
2006-09-25,-0.001044566398104374
2006-09-26,-0.0008098041448072413
2006-09-27,0.00022207508770200613
2006-09-28,0.00031220424165088746
2006-09-29,-0.0012068013979913972
2006-10-02,-0.002467432510959122
2006-10-03,0.002996576228788217
2006-10-04,-0.00018958908129615982
2006-10-05,0.00010900386658774242
2006-10-06,-0.0006381539473679753
2006-10-09,0.0018811261894771392
2006-10-10,-0.0011219083242104688
2006-10-11,0.005824554698396367
2006-10-12,-0.0008818506043429153
2006-10-13,0.0006316769549316315
2006-10-16,-0.0010863757981518674
2006-10-17,-0.0025412888504086407
2006-10-18,-0.0012073236401100806
2006-10-19,0.0020336429598616424
2006-10-20,0.005466677587027608
2006-10-23,-0.0010272212292167405
2006-10-24,0.0018851248986551273
2006-10-25,-0.0016003252672839364
2006-10-26,0.00018435835370831933
2006-10-27,-0.00039629725021605446
2006-10-30,0.0007695694463405456
2006-10-31,-0.0020091766901633003
2006-11-01,0.0018939476725618354
2006-11-02,-0.0009155212367040922
2006-11-03,0.0009115137107527371
2006-11-06,-0.002226814300356472
2006-11-07,-0.0011830705907478812
2006-11-08,-0.001294120270921234
2006-11-09,-0.0019471914420254532
2006-11-10,-0.0004304050635465073
2006-11-13,-0.0010036306082129298
2006-11-14,0.0005970057643645832
2006-11-15,0.0012087032188691227
2006-11-16,0.00020389829903028067
2006-11-17,0.0019258863699652517
2006-11-20,-8.537759114924936e-05
2006-11-21,3.881196271478538e-05
2006-11-22,0.0013771447078645637
2006-11-24,-0.00024096864804244998
2006-11-27,-0.004398724063581288
2006-11-28,0.0015419953197706004
2006-11-29,-0.000912972278096874
2006-11-30,0.0048000224605621086
2006-12-01,0.0027885553234500093
2006-12-04,0.001609797752836989
2006-12-05,0.0018315127218459736
2006-12-06,-0.00040684646660889555
2006-12-07,0.001351423609532426
2006-12-08,0.0021655375936633025
2006-12-11,-0.0017763698674918727
2006-12-12,0.0011440587532247748
2006-12-13,0.0002336251328002914
2006-12-14,0.0004584586280922898
2006-12-15,-0.0008843241965666715
2006-12-18,-0.0006165923177947674
2006-12-19,-0.000372917243932136
2006-12-20,-0.0030833600194639043
2006-12-21,0.0013034058126039471
2006-12-22,-0.0011522758245978316
2006-12-26,-0.00023472165301096636
2006-12-27,0.0006751070192036801
2006-12-28,0.0008008320970667393
2006-12-29,-0.001250126807554719
2007-01-03,0.0
2007-01-04,-0.0002978288708554488
2007-01-05,0.00145901978304806
2007-01-08,0.001539285914935612
2007-01-09,0.0009795844678143317
2007-01-10,-0.0009422412200172703
2007-01-11,-0.00038751071639840927
2007-01-12,-0.0001898456107688018
2007-01-16,0.0009221335290999832
2007-01-17,0.0015051395835708637
2007-01-18,-0.0003269438979919603
2007-01-19,-8.433087411821583e-05
2007-01-22,0.0020259314407869876
2007-01-23,5.307709092854385e-05
2007-01-24,-0.0026167145852357076
2007-01-25,0.00212834168035137
2007-01-26,0.002837032205145207
2007-01-29,0.002681459313542173
2007-01-30,5.335858813534933e-05
2007-01-31,-0.0019975037831836072
2007-02-01,0.0006876470358338161
2007-02-02,-0.0011324503022093258
2007-02-05,-0.001052984611664709
2007-02-06,-0.001983701671291893
2007-02-07,-0.00048022909780265355
2007-02-08,0.0011979297348691186
2007-02-09,0.0019962807238440737
2007-02-12,0.0003293400607511099
2007-02-13,-0.0019028427639376567
2007-02-14,-0.0009407450183052835
2007-02-15,4.635082788745359e-06
2007-02-16,0.0005112703785420059
2007-02-20,0.0016294834671383817
2007-02-21,4.9754681702296465e-05
2007-02-22,-0.0030628498311492448
2007-02-23,0.002568660505463366
2007-02-26,0.002919466535495635
2007-02-27,0.005551472147064746
2007-02-28,0.0005307290031546341
2007-03-01,-0.001166097900124935
2007-03-02,0.0010855262763453555
2007-03-05,0.004352369532401051
2007-03-06,-0.001192937293525409
2007-03-07,-0.0010414495944592816
2007-03-08,0.00015968676532146509
2007-03-09,-9.268656861472491e-05
2007-03-12,-0.0008252180105902008
2007-03-13,0.0017737549401210361
2007-03-14,0.0030697587347250864
2007-03-15,-0.0007265675276713235
2007-03-16,0.0005038275102082768
2007-03-19,-0.00158781263217872
2007-03-20,0.001163324199682758
2007-03-21,0.0003354582412438578
2007-03-22,-0.0002594948131755204
2007-03-23,0.000869920548521319
2007-03-26,-0.0016479210803236055
2007-03-27,0.001953899028520267
2007-03-28,0.0013394789009915531
2007-03-29,-0.0023480779857397273
2007-03-30,-0.0014031510033204909
2007-04-02,-0.0071053294750789975
2007-04-03,-0.0035325013903883653
2007-04-04,0.002912172895740012
2007-04-05,0.00128861201856163
2007-04-09,-0.0022163487700446183
2007-04-10,0.0031304195877892072
2007-04-11,-9.798078014308653e-05
2007-04-12,-0.0007428057384869236
2007-04-13,0.0021701288642251237
2007-04-16,-0.0007604120767591871
2007-04-17,0.0025895739627044
2007-04-18,0.00206212365178583
2007-04-19,0.001003303157326102
2007-04-20,-0.0018231581330628577
2007-04-23,7.739524372475937e-05
2007-04-24,0.0031108283477971456
2007-04-25,1.556155751621935e-05
2007-04-26,0.001787639551601139
2007-04-27,0.002687774228433948
2007-04-30,0.002516704070166581
2007-05-01,0.0024333604566246724
2007-05-02,-0.0008505791096896532
2007-05-03,-0.0032413952415440315
2007-05-04,0.0007142639601507017
2007-05-07,-0.0007816642814156838
2007-05-08,0.0003057633325349085
2007-05-09,0.0018315204027458732
2007-05-10,-0.0019022143637739465
2007-05-11,0.00010174988375519223
2007-05-14,-0.0001123113206705495
2007-05-15,-0.003425225637888696
2007-05-16,0.0005473850269113901
2007-05-17,-0.0005757906603573115
2007-05-18,-0.0004060177528940889
2007-05-21,0.00034380608500338415
2007-05-22,-0.0006100562407624522
2007-05-23,0.004717285930608961
2007-05-24,0.0031846556316255437
2007-05-25,0.0019957362615391273
2007-05-29,-0.001520823018436268
2007-05-30,0.0008594437905022123
2007-05-31,0.0027228666848699403
2007-06-01,-4.775848999760135e-05
2007-06-04,-0.0012946762779058817
2007-06-05,0.007361374547052479
2007-06-06,-0.002623362965247883
2007-06-07,0.0019619636217297898
2007-06-08,-2.497708546831956e-05
2007-06-11,0.002196815946433911
2007-06-12,-0.0025984781445826943
2007-06-13,0.003708889337696897
2007-06-14,-0.0013592392317969492
2007-06-15,0.0005726819346251744
2007-06-18,-0.0010596957208745428
2007-06-19,-0.001539178187785578
2007-06-20,-0.002389024453491573
2007-06-21,0.0019404579569179624
2007-06-22,0.0027942387531985635
2007-06-25,-0.0020381435755223555
2007-06-26,0.0004470553198342497
2007-06-27,0.00029717642653681044
2007-06-28,0.002405355539507542
2007-06-29,0.00020002205176668507
2007-07-02,0.0
2007-07-03,-0.00018992105963579043
2007-07-05,0.000555969166673541
2007-07-06,-0.00021549633739625929
2007-07-09,0.000336030831632793
2007-07-10,0.000710361638321006
2007-07-11,0.001977512925877895
2007-07-12,0.001960640050562395
2007-07-13,0.0010464450477701342
2007-07-16,0.0013810856454658084
2007-07-17,0.00021822193599062444
2007-07-18,-0.003239750609449433
2007-07-19,-0.0013554848172473617
2007-07-20,0.00010504877027983022
2007-07-23,-0.0007877591465989172
2007-07-24,-0.003594968856828245
2007-07-25,0.010809793233222287
2007-07-26,-0.004104540252938296
2007-07-27,0.001569400424674615
2007-07-30,0.002273512471753657
2007-07-31,-0.0017969353396714263
2007-08-01,-0.0010580472860164515
2007-08-02,0.0018864996938117347
2007-08-03,-0.007920702669341965
2007-08-06,0.010879417813386206
2007-08-07,0.005413557231012827
2007-08-08,0.00977555414489207
2007-08-09,0.0015009331311051828
2007-08-10,0.0070774833882524995
2007-08-13,-0.0006947962455150996
2007-08-14,-0.001751366079146462
2007-08-15,0.0021671752496881923
2007-08-16,0.0022076912348337873
2007-08-17,0.00867082255036202
2007-08-20,0.003943617441143767
2007-08-21,-0.0014912618138221239
2007-08-22,0.001754131087234286
2007-08-23,0.0007768527216104264
2007-08-24,0.0009864193159410857
2007-08-27,0.0014888533632719926
2007-08-28,-0.00023814809771226396
2007-08-29,0.005834527845005865
2007-08-30,-0.00384227550662135
2007-08-31,0.001990395194571448
2007-09-04,-0.001411420534180795
2007-09-05,-0.000958616483726983
2007-09-06,0.0007440502516111848
2007-09-07,0.0007109312248472653
2007-09-10,-0.0013995439280678418
2007-09-11,0.00421156743189084
2007-09-12,-0.0005027384852584101
2007-09-13,0.0034582584967907237
2007-09-14,-0.0014553277668321535
2007-09-17,-0.001752605585317245
2007-09-18,0.0039877081923553265
2007-09-19,0.007436361893480132
2007-09-20,0.00042578978327357923
2007-09-21,-0.001269868509358131
2007-09-24,-0.0014515302398047164
2007-09-25,0.0006587604916033064
2007-09-26,0.000851465474878959
2007-09-27,-0.0011476475419382583
2007-09-28,0.0009851809724697334
2007-10-01,0.002383470647566419
2007-10-02,0.000744696997035135
2007-10-03,0.002130288073786716
2007-10-04,0.0018440219455559898
2007-10-05,0.003106886698544179
2007-10-08,7.06922628109045e-05
2007-10-09,0.0010850106287182291
2007-10-10,0.0003376078451161181
2007-10-11,0.0013714465260024006
2007-10-12,-0.002195140325237019
2007-10-15,-0.0011519095085344001
2007-10-16,-0.007687689649928812
2007-10-17,-0.0007347196415572959
2007-10-18,0.0012995339830523317
2007-10-19,-0.0016137683571597616
2007-10-22,0.0006810777853137143
2007-10-23,-0.0004996556732604907
2007-10-24,-0.0022713709454300255
2007-10-25,-0.0015866942527916577
2007-10-26,0.0034207126548299544
2007-10-29,-0.0008422317297571949
2007-10-30,0.001626829970554226
2007-10-31,-0.001567884702208095
2007-11-01,-0.0036341778477873444
2007-11-02,-0.002272752993681145
2007-11-05,-6.521687486278472e-05
2007-11-06,0.0017948912242705733
2007-11-07,-0.006590285673888585
2007-11-08,0.0030705794472557133
2007-11-09,0.006449615065208445
2007-11-12,0.0020191811278018118
2007-11-13,0.012835811709373486
2007-11-14,-5.487937832894992e-05
2007-11-15,-0.007411653118531296
2007-11-16,0.00039662979248256743
2007-11-19,-0.00542082117497289
2007-11-20,7.906935526735209e-05
2007-11-21,-0.0017121980952971695
2007-11-23,0.009585915938495991
2007-11-26,-0.004837925726854831
2007-11-27,0.007545306396427464
2007-11-28,0.009701752200228533
2007-11-29,0.0025304700201880864
2007-11-30,0.004935805863462545
2007-12-03,-7.595549753262414e-05
2007-12-04,-0.0014408002251423383
2007-12-05,0.004943529624397573
2007-12-06,0.004162491226762482
2007-12-07,-0.005313092035491752
2007-12-10,0.004517507926880351
2007-12-11,-0.009995805649260288
2007-12-12,-0.0028257530979881717
2007-12-13,-0.002021311505603011
2007-12-14,-0.006334631537901493
2007-12-17,-0.0013307187105241788
2007-12-18,0.0005272178880933885
2007-12-19,0.0019715382342007527
2007-12-20,-0.0012749938632235194
2007-12-21,0.006018103421075178
2007-12-24,0.003733496240733202
2007-12-26,-0.002183086848794122
2007-12-27,-0.0027599508472588297
2007-12-28,-0.0011259917068376492
2007-12-31,0.0015515647036324785
2008-01-02,0.0
2008-01-03,0.0
2008-01-04,0.0
2008-01-07,0.0
2008-01-08,-6.25776998640415e-05
2008-01-09,-0.0011193806839971342
2008-01-10,-0.0012395358739135832
2008-01-11,0.006468082274945169
2008-01-14,9.920370882902651e-05
2008-01-15,-0.0005859066287963288
2008-01-16,-0.0007447299833833465
2008-01-17,0.0003441292010510688
2008-01-18,-0.0002117758372052303
2008-01-22,-0.003947909762146135
2008-01-23,-0.0023757973542110787
2008-01-24,-0.0030437004221787302
2008-01-25,0.00600532617713524
2008-01-28,0.002452442138492328
2008-01-29,0.00134593226514923
2008-01-30,-0.0010216167518211417
2008-01-31,0.0020796110575960424
2008-02-01,0.007450300041743241
2008-02-04,-0.0026407925903237594
2008-02-05,-0.002801074949505733
2008-02-06,-0.0006248068147708174
2008-02-07,-0.00061092735997611
2008-02-08,-0.00032705798017059753
2008-02-11,0.003650615236523269
2008-02-12,-0.00028613039184615107
2008-02-13,0.0046182241556315005
2008-02-14,-0.0010445306980640834
2008-02-15,0.001482799440527155
2008-02-19,-0.0028505971965983147
2008-02-20,-0.00145846800370093
2008-02-21,-0.002515263725666389
2008-02-22,0.002215745227280197
2008-02-25,-0.0005107385572756418
2008-02-26,0.001961379972765903
2008-02-27,0.00013886637468425446
2008-02-28,0.001144942345093869
2008-02-29,0.0018301838692018457
2008-03-03,-0.0012638470118681133
2008-03-04,0.0012577112472352881
2008-03-05,0.00015900058652226767
2008-03-06,0.003557890798161656
2008-03-07,0.00010602025585733088
2008-03-10,-0.002728250560341816
2008-03-11,0.004500544409393075
2008-03-12,-0.008514261674637019
2008-03-13,-0.0016606473187242067
2008-03-14,-0.0032258187264786187
2008-03-17,0.00529749276499652
2008-03-18,0.007777753547892096
2008-03-19,-0.0030649491859382925
2008-03-20,0.0002257628541774026
2008-03-24,0.0010605806856769096
2008-03-25,0.0003899963138675799
2008-03-26,-0.003549479706755632
2008-03-27,-0.003811330496597626
2008-03-28,-0.001940451351446887
2008-03-31,0.0038068484354802147
2008-04-01,0.00559902041480152
2008-04-02,0.00048112930033574754
2008-04-03,0.0008530862721630005
2008-04-04,0.00019718058182963683
2008-04-07,-0.0009401226972053867
2008-04-08,-0.001539016752619471
2008-04-09,-0.00349878040083334
2008-04-10,-0.0012711431441626176
2008-04-11,0.0013327822200251472
2008-04-14,0.0008655625129173839
2008-04-15,0.0011936723650838254
2008-04-16,-0.002320272591312983
2008-04-17,-0.001452734605710515
2008-04-18,-0.0046399219150495665
2008-04-21,0.0009549021972482807
2008-04-22,0.0011276873055570513
2008-04-23,-0.004052753390480645
2008-04-24,0.0009039031931693143
2008-04-25,0.0009796052989559435
2008-04-28,0.0026290209983876657
2008-04-29,-4.561252471296795e-06
2008-04-30,0.004622289477879793
2008-05-01,0.0052571257412117765
2008-05-02,-0.0019251114412369764
2008-05-05,-0.0027777021286339077
2008-05-06,0.0015582018488011218
2008-05-07,-0.0021528277888282323
2008-05-08,-0.0038903710739021046
2008-05-09,0.0020903614416117656
2008-05-12,-0.0022303911683068554
2008-05-13,0.0010917490690105724
2008-05-14,0.001655986839838025
2008-05-15,0.002042244874891802
2008-05-16,-0.001770007612734581
2008-05-19,0.00010721777514312025
2008-05-20,-0.0016706169348652434
2008-05-21,-0.0025441091023593763
2008-05-22,0.0027261350606429756
2008-05-23,-0.0010911249663651701
2008-05-27,0.0034468243767366126
2008-05-28,-0.0011725883379795853
2008-05-29,0.003562450774586767
2008-05-30,7.532450299194693e-05
2008-06-02,-0.005106760861771092
2008-06-03,0.0020357608803220407
2008-06-04,-0.0011264942635010045
2008-06-05,0.007860073823816649
2008-06-06,-0.0009294111358356838
2008-06-09,0.001905850409408838
2008-06-10,0.0009356712649535414
2008-06-11,-0.004954461791975751
2008-06-12,0.0035247538448538174
2008-06-13,-0.00043748211034753124
2008-06-16,-0.0008242643143369476
2008-06-17,-0.0017558240493302734
2008-06-18,0.002018728525055308
2008-06-19,0.002684547719591318
2008-06-20,-0.003774069226645399
2008-06-23,0.001359071630840486
2008-06-24,0.004435453446659088
2008-06-25,0.0014878051671795955
2008-06-26,-0.001109286420737221
2008-06-27,-0.0017420011891118082
2008-06-30,0.0015128122880665117
2008-07-01,0.0
2008-07-02,0.003359529710573167
2008-07-03,0.0004970144727344195
2008-07-07,0.0017110457525049527
2008-07-08,2.777910657785765e-05
2008-07-09,-0.0006250897975908665
2008-07-10,-0.0039595608742642565
2008-07-11,0.00972448794383366
2008-07-14,-0.0030956206394497756
2008-07-15,0.000697929658528057
2008-07-16,0.003314587436050798
2008-07-17,0.009053952852084768
2008-07-18,-0.006585742440181369
2008-07-21,-0.005197450262261855
2008-07-22,0.0088156893643283
2008-07-23,0.002616136341674391
2008-07-24,-0.002980793549897176
2008-07-25,0.0007951763343590268
2008-07-28,0.005900950274098793
2008-07-29,-0.0014134158588247458
2008-07-30,0.001144026158439637
2008-07-31,0.004212290903949889
2008-08-01,0.000950519337121597
2008-08-04,0.0003352488485015903
2008-08-05,-0.0017765598882751032
2008-08-06,-0.0029156542133514096
2008-08-07,0.00011447770425728753
2008-08-08,0.008660584667654098
2008-08-11,0.0005483022021957496
2008-08-12,-0.001920099325139485
2008-08-13,0.0035188709395494455
2008-08-14,-0.0005662407281878667
2008-08-15,0.00034551973369482123
2008-08-18,7.719673605917076e-05
2008-08-19,-0.0022997749566371463
2008-08-20,0.003031108045405173
2008-08-21,-0.005380024448126852
2008-08-22,-0.00730303814933791
2008-08-25,0.006433038411965247
2008-08-26,0.007579277000819296
2008-08-27,0.0027640888780895434
2008-08-28,-0.003807516449295517
2008-08-29,0.0006953478688883685
2008-09-02,0.004565899013333585
2008-09-03,0.0038269694699571977
2008-09-04,0.002293385994683955
2008-09-05,-0.0038133135219168947
2008-09-08,0.0015367455327611023
2008-09-09,0.002896663360752333
2008-09-10,-0.0012920235665897727
2008-09-11,0.0008558717450127928
2008-09-12,0.0006791661808824512
2008-09-15,0.0006586023928664864
2008-09-16,-0.0008025605325602758
2008-09-17,-0.00955110728778572
2008-09-18,0.006934536399413005
2008-09-19,0.01186250230172251
2008-09-22,0.00723252326781249
2008-09-23,-0.000854312883089714
2008-09-24,0.0017404495048605917
2008-09-25,0.0007728924959670147
2008-09-26,0.0006833774382829893
2008-09-29,0.001696642474797372
2008-09-30,0.008500655806683488
2008-10-01,-0.005499702786878747
2008-10-02,-0.003530203450738295
2008-10-03,0.0028814434681790346
2008-10-06,-0.008043704996241902
2008-10-07,0.00391648553639457
2008-10-08,-0.001671899694692347
2008-10-09,0.0032340359662678233
2008-10-10,0.0076434246049226166
2008-10-13,0.034529591449674865
2008-10-14,0.003433645865078211
2008-10-15,-0.009115912442754148
2008-10-16,0.008958706194564492
2008-10-17,0.0034528818947519467
2008-10-20,0.01298312394518546
2008-10-21,-0.004487845970633097
2008-10-22,-0.0017281559183509264
2008-10-23,0.015312977129668537
2008-10-24,0.0005389822730776372
2008-10-27,-0.012992020883229006
2008-10-28,0.010026223257393658
2008-10-29,-0.004288686119626084
2008-10-30,0.008690192159057957
2008-10-31,0.008703637545519654
2008-11-03,-0.004876628985787296
2008-11-04,0.004032154743788141
2008-11-05,-0.00017457856367725789
2008-11-06,-0.0055548844100154985
2008-11-07,0.00745009343782842
2008-11-10,0.0035340035421148773
2008-11-11,0.005628848098131284
2008-11-12,-0.0012891512714996167
2008-11-13,0.017351237512372185
2008-11-14,0.015304267030611145
2008-11-17,0.003843339736793394
2008-11-18,-0.0032130733677217527
2008-11-19,-0.0017365087739425634
2008-11-20,-0.0032153488974605237
2008-11-21,0.022399258659509987
2008-11-24,0.00601536651636268
2008-11-25,0.021286854924123362
2008-11-26,0.001381206459708789
2008-11-28,0.0033956064349539793
2008-12-01,-0.000155991460635857
2008-12-02,-0.0019746248480086216
2008-12-03,0.0051588670437719975
2008-12-04,-0.0030416844979082426
2008-12-05,-0.00012622752332172026
2008-12-08,0.004994337967926077
2008-12-09,-0.004731786327690035
2008-12-10,0.004421947335913473
2008-12-11,0.0013224846963479254
2008-12-12,0.00020507836929021807
2008-12-15,-0.0076815467143430734
2008-12-16,0.009030619685333141
2008-12-17,0.0038093222049346343
2008-12-18,0.009357308530386854
2008-12-19,0.0036699507201375546
2008-12-22,-2.417131239257353e-06
2008-12-23,-0.005381475760223043
2008-12-24,0.0003991459395954189
2008-12-26,0.0010287132796554354
2008-12-29,0.0013251593870013012
2008-12-30,-0.0007057917093091337
2008-12-31,0.007361751870696343
2009-01-02,0.0
2009-01-05,0.0021275404868673574
2009-01-06,-0.002321496603925327
2009-01-07,0.0035845713901757727
2009-01-08,0.0002119088467098129
2009-01-09,-0.0003068792308779489
2009-01-12,-0.0009346604684784043
2009-01-13,0.004262235139511539
2009-01-14,0.0010486535204419722
2009-01-15,0.003328785948849894
2009-01-16,-0.0025818881774401616
2009-01-20,0.001237346814274648
2009-01-21,-5.5385364997567746e-05
2009-01-22,-0.00147529554850101
2009-01-23,-0.005399104435696228
2009-01-26,-0.0025626200809339304
2009-01-27,0.0016372755551818218
2009-01-28,0.0073295060642267484
2009-01-29,-0.006519443182282486
2009-01-30,-0.0034509466230691122
2009-02-02,-0.008123834429176724
2009-02-03,0.0010412515964887624
2009-02-04,-0.005144123507928283
2009-02-05,0.003059663534455537
2009-02-06,0.0077710002343311935
2009-02-09,0.004162436230442834
2009-02-10,-0.0007398727072247425
2009-02-11,-0.00313913642549839
2009-02-12,-0.001346577377992164
2009-02-13,-0.004826482113309094
2009-02-17,0.000529789183598578
2009-02-18,0.00207273267463724
2009-02-19,-0.005373422006394018
2009-02-20,-0.0032696622439715496
2009-02-23,-0.004150195722069927
2009-02-24,-0.005449646680195497
2009-02-25,-0.004069597440375594
2009-02-26,-0.0021679527957199187
2009-02-27,-0.0019168386915036362
2009-03-02,-0.008538007249990053
2009-03-03,-0.0014411128159714849
2009-03-04,0.007689671270972242
2009-03-05,-0.001658178373397695
2009-03-06,-0.005988372152604083
2009-03-09,0.0002090100749484125
2009-03-10,0.013114230631854334
2009-03-11,4.929878246567876e-05
2009-03-12,0.003490576289872688
2009-03-13,-0.0006326882254796273
2009-03-16,0.008945096911945154
2009-03-17,0.0011628760314703391
2009-03-18,0.0033006558366180825
2009-03-19,-0.0009653385862171459
2009-03-20,-0.005904918942924042
2009-03-23,0.002823589563194356
2009-03-24,-0.0009940769923256043
2009-03-25,0.0007064665927670244
2009-03-26,0.010231005317127428
2009-03-27,0.000536838431235781
2009-03-30,-0.0038880083185965585
2009-03-31,-0.00503015157302873
2009-04-01,0.0050833325560115435
2009-04-02,0.02061191825096534
2009-04-03,-0.003156101901069763
2009-04-06,0.0026033627222383227
2009-04-07,-0.012007838409398152
2009-04-08,-0.007266904363663324
2009-04-09,0.007814510802464153
2009-04-13,0.002051895781929591
2009-04-14,0.0017036243456843626
2009-04-15,0.00015674764085270575
2009-04-16,0.01294149571678121
2009-04-17,0.004143301157968959
2009-04-20,-0.0033538561273920076
2009-04-21,-0.008198201274203348
2009-04-22,0.0015363420400313743
2009-04-23,0.0005175881993662257
2009-04-24,0.003923623505470125
2009-04-27,-0.0012698684661237136
2009-04-28,-0.005620691570349845
2009-04-29,0.00401130082200285
2009-04-30,0.003004045697106744
2009-05-01,0.0019013563782027288
2009-05-04,0.002240372535394164
2009-05-05,0.0002383443338935809
2009-05-06,0.006181785277636631
2009-05-07,0.0029602911513016026
2009-05-08,-0.00035199641580900277
2009-05-11,-0.0035887593386363936
2009-05-12,-0.004140381761840178
2009-05-13,0.0030071261324937535
2009-05-14,-0.0006411709095796414
2009-05-15,0.0011566073486212359
2009-05-18,0.004889493534377787
2009-05-19,0.0026862160146323586
2009-05-20,0.004993239298667856
2009-05-21,-0.0008398945156665727
2009-05-22,0.0019716285943918
2009-05-26,-0.0009482223687170777
2009-05-27,0.0002777125272584835
2009-05-28,-0.0009579947342593543
2009-05-29,0.0025028572077361866
2009-06-01,0.0018793828725412799
2009-06-02,0.0017366082896658197
2009-06-03,0.0012827655191170295
2009-06-04,-0.0018993015944663127
2009-06-05,-0.0001197106030956574
2009-06-08,-0.0020189839895378204
2009-06-09,0.0030867642214176816
2009-06-10,0.004398355506361712
2009-06-11,-0.00237695582463468
2009-06-12,0.0019013665725972073
2009-06-15,0.0012201593094258556
2009-06-16,-0.0007371959760136438
2009-06-17,0.0013359999647135357
2009-06-18,-0.0017616694105027809
2009-06-19,0.0008462933343932721
2009-06-22,0.0039265026226029676
2009-06-23,0.00012168114061381075
2009-06-24,0.0025339019139910325
2009-06-25,0.0030996277921789663
2009-06-26,-0.004771985664896461
2009-06-29,0.00033682066071085706
2009-06-30,-7.392770082202404e-05
2009-07-01,0.0
2009-07-02,-0.00011881730777087984
2009-07-06,0.0006375506756304494
2009-07-07,-0.00044339885974964963
2009-07-08,0.0023557076486079853
2009-07-09,0.0013066300033496125
2009-07-10,0.00044855702684497566
2009-07-13,0.0022350242473216375
2009-07-14,0.0002544989431661926
2009-07-15,-0.0010698029952751376
2009-07-16,0.0014963274411733617
2009-07-17,-0.0005067917169282232
2009-07-20,-0.0007122904820731635
2009-07-21,0.0003979114380236015
2009-07-22,-0.00034826985917405515
2009-07-23,-0.003013612243009528
2009-07-24,0.0008184327603611763
2009-07-27,0.0018384946228704013
2009-07-28,0.0037427247808858033
2009-07-29,0.0026277851744049563
2009-07-30,0.0015545216440589703
2009-07-31,-0.0008602546541767008
2009-08-03,0.002396748053701092
2009-08-04,0.0007066862709155075
2009-08-05,-0.0011523177957646568
2009-08-06,-0.00135184981360274
2009-08-07,0.001205371864291771
2009-08-10,-0.0009695497795986607
2009-08-11,8.907790069428989e-06
2009-08-12,0.0008916187710253931
2009-08-13,-0.001800703878606824
2009-08-14,0.0013111812678260448
2009-08-17,-0.0010369697400021416
2009-08-18,-0.002090222196077074
2009-08-19,3.253342790242586e-05
2009-08-20,0.0017071437676982604
2009-08-21,0.0009766937975985823
2009-08-24,0.001026017418413633
2009-08-25,-0.0021797554826783637
2009-08-26,0.000900079947418192
2009-08-27,-0.0031471502557471496
2009-08-28,-0.0006136793362783832
2009-08-31,0.003220254515994764
2009-09-01,0.001313699734158308
2009-09-02,0.00013571395628701467
2009-09-03,0.003117079497230557
2009-09-04,0.004727353865977757
2009-09-08,0.0007356901101256141
2009-09-09,-0.002826071382164508
2009-09-10,0.003925507881223778
2009-09-11,0.004153395887082323
2009-09-14,-0.0012954543149894583
2009-09-15,0.0024144331220453397
2009-09-16,4.432134263611109e-05
2009-09-17,-0.0013396923108071833
2009-09-18,0.0027164972458879446
2009-09-21,0.00039612241610432195
2009-09-22,0.0033158377613540678
2009-09-23,-0.0002058098282111731
2009-09-24,0.00046715370635208586
2009-09-25,0.0012037406054942689
2009-09-28,-0.001515159897121543
2009-09-29,0.0008758344570456266
2009-09-30,0.0012192116441869627
2009-10-01,0.000236093980264529
2009-10-02,-0.00023229411110176624
2009-10-05,-0.0007022592492677115
2009-10-06,-0.0007617030700973304
2009-10-07,0.0019646273491856605
2009-10-08,0.000955955757840099
2009-10-09,-0.0011707581054572925
2009-10-12,0.00010381009443960476
2009-10-13,-0.0004921569567236661
2009-10-14,-0.002468266189769086
2009-10-15,0.001136252767744489
2009-10-16,0.002560579887399528
2009-10-19,0.0010248921952439316
2009-10-20,-0.0007752807982776555
2009-10-21,-0.0009191230920982618
2009-10-22,0.002285343804512968
2009-10-23,0.004067731838409761
2009-10-26,0.0017397873590067558
2009-10-27,0.0007614192396277863
2009-10-28,0.002047088394845753
2009-10-29,-0.0012016413946909887
2009-10-30,0.001443274098546099
2009-11-02,-0.0028864260633180094
2009-11-03,-0.010809736251390433
2009-11-04,0.0034615303548760747
2009-11-05,-0.001964130053998936
2009-11-06,-0.0008966994546743656
2009-11-09,-0.0039139562326456654
2009-11-10,0.0005853771847417089
2009-11-11,-0.0004398992125668466
2009-11-12,0.004133311707661807
2009-11-13,0.0005670049638288266
2009-11-16,-0.006512222633036202
2009-11-17,-0.0017697111185379145
2009-11-18,-0.001109197881217855
2009-11-19,0.0018123097763449226
2009-11-20,0.006147070677564553
2009-11-23,-0.0010139405884614038
2009-11-24,0.0029633313165584154
2009-11-25,0.001983341296634661
2009-11-27,0.0035829586430121798
2009-11-30,-0.005768742659835397
2009-12-01,0.0026346540096222394
2009-12-02,0.0006294544632772736
2009-12-03,0.004917576977089844
2009-12-04,-0.0019662001684598975
2009-12-07,0.002397899236148221
2009-12-08,0.005002239832892041
2009-12-09,0.0010986558702888948
2009-12-10,-0.0038712158969061604
2009-12-11,0.0011799598737216254
2009-12-14,0.0021938114040110424
2009-12-15,-0.0019195871326725122
2009-12-16,-0.0019234882897201267
2009-12-17,-0.004109395962911999
2009-12-18,0.0018749923317925576
2009-12-21,0.003288646830120129
2009-12-22,-0.00022192466083534312
2009-12-23,-0.0033485729354608028
2009-12-24,-0.0006175028689604622
2009-12-28,-0.00045750234396531585
2009-12-29,0.00039745442003227827
2009-12-30,-0.000991452060641751
2009-12-31,-0.000732002700902279
2010-01-04,0.0
2010-01-05,0.0
2010-01-06,0.0
2010-01-07,-0.0005242135576248363
2010-01-08,0.00037236573889377065
2010-01-11,-0.0008490885758385414
2010-01-12,0.0003128583007777075
2010-01-13,0.0016449268513731685
2010-01-14,0.00023302415720202196
2010-01-15,0.0007550002522783483
2010-01-19,4.607178328551731e-05
2010-01-20,0.0002808326774268677
2010-01-21,0.00029782420379262375
2010-01-22,0.002657024681995379
2010-01-25,0.0009589909647830964
2010-01-26,0.00259887444428476
2010-01-27,0.0010008077275461824
2010-01-28,0.0003738026481860335
2010-01-29,0.0010712298360938566
2010-02-01,-0.0007329227748296586
2010-02-02,-0.00038070384432352665
2010-02-03,0.0013432693987641964
2010-02-04,0.006052790581003553
2010-02-05,0.00047220380932583295
2010-02-08,-0.0013114229388563492
2010-02-09,-0.0005262192511773511
2010-02-10,-0.0012841234131487967
2010-02-11,-0.0008395443982625372
2010-02-12,0.0001837118796385817
2010-02-16,-3.652866622742001e-05
2010-02-17,-0.001417384051214099
2010-02-18,0.0013824211173580347
2010-02-19,0.00038781689623128003
2010-02-22,-0.0010450782996135888
2010-02-23,0.00041147614905433504
2010-02-24,-0.0006812582635419062
2010-02-25,-0.00020648684882732527
2010-02-26,0.0017050212204534065
2010-03-01,0.0002281878325796183
2010-03-02,0.0011488649164291154
2010-03-03,-0.00012432429129721756
2010-03-04,0.00020494596511799745
2010-03-05,-0.002871267281324952
2010-03-08,0.0003140343439234472
2010-03-09,3.670393092960467e-05
2010-03-10,-0.000749907032586139
2010-03-11,-0.0008714504049582295
2010-03-12,-0.0019967659382553794
2010-03-15,-0.0023260345625206623
2010-03-16,0.0018317604629785934
2010-03-17,-0.0009986378370070714
2010-03-18,-0.0005708168623032084
2010-03-19,-0.00021161866272733086
2010-03-22,-0.0010262095615645062
2010-03-23,0.00040716468956604744
2010-03-24,-0.0024846763284551766
2010-03-25,-0.0011551931219138222
2010-03-26,0.0023633779742366135
2010-03-29,-0.00032619009701627676
2010-03-30,-0.0014643970902068482
2010-03-31,-0.0023676918418428896
2010-04-01,0.000995833136399732
2010-04-05,0.0025456154934323572
2010-04-06,0.0013703303906549892
2010-04-07,-0.00035057843547705024
2010-04-08,0.000715224339480941
2010-04-09,0.0012967687919275884
2010-04-12,0.001350663798807683
2010-04-13,-0.001810332648112639
2010-04-14,0.00159459432045313
2010-04-15,0.0001549184412278637
2010-04-16,-6.541994937380169e-05
2010-04-19,-0.0006741287451205557
2010-04-20,0.0009202716619889417
2010-04-21,0.0005721545345869327
2010-04-22,-0.0005824426310264974
2010-04-23,0.0016429067408634701
2010-04-26,0.0029879881399097917
2010-04-27,-0.0016463198147010916
2010-04-28,0.0037552307447532907
2010-04-29,-0.00017088987832900582
2010-04-30,0.004934561670174637
2010-05-03,-0.001286718441204926
2010-05-04,-0.0002734361223596327
2010-05-05,-0.0010289182889912374
2010-05-06,0.002980474111444459
2010-05-07,-0.002282283143138264
2010-05-10,-0.0002034886840906247
2010-05-11,-0.001622818949570498
2010-05-12,0.0016736089477560779
2010-05-13,-0.0008173834585204042
2010-05-14,0.0043055341359274964
2010-05-17,0.0022273556904940815
2010-05-18,0.0021638655306424337
2010-05-19,-0.0033073327335145066
2010-05-20,0.001444060971486083
2010-05-21,-0.0003684195827875214
2010-05-24,-0.0016500505902564632
2010-05-25,-9.830565772367961e-05
2010-05-26,0.003964080512217577
2010-05-27,0.0006758046087525005
2010-05-28,0.0012251594905649643
2010-06-01,-0.004643328237171107
2010-06-02,-0.0007687181651203856
2010-06-03,0.00260700274067282
2010-06-04,-6.672712581178852e-05
2010-06-07,0.0009979663862512533
2010-06-08,-0.0016014411515367089
2010-06-09,-0.0013205809584791062
2010-06-10,0.003189156365036694
2010-06-11,0.001174111186696647
2010-06-14,-0.0018739103728294682
2010-06-15,0.0005718085008695972
2010-06-16,-0.0001152600943978177
2010-06-17,-0.003022674591530117
2010-06-18,0.002640504547580069
2010-06-21,0.0028015337639227035
2010-06-22,0.0019650385427604335
2010-06-23,-0.0017390596234551803
2010-06-24,-0.0009944373503014859
2010-06-25,-0.0009759429036165779
2010-06-28,-0.00037467073129715533
2010-06-29,0.0019250139055607685
2010-06-30,0.003941822644304688
2010-07-01,0.0
2010-07-02,-0.0004399800058020098
2010-07-06,7.722299771930618e-05
2010-07-07,0.0003304211926685952
2010-07-08,0.0016720980056611546
2010-07-09,0.004109572468492822
2010-07-12,0.0010357195400222674
2010-07-13,0.0012537765271320278
2010-07-14,0.0010993410940846938
2010-07-15,-0.0010526818441202624
2010-07-16,-0.0006995185035676366
2010-07-19,-0.0033140000799791736
2010-07-20,0.003275199059266204
2010-07-21,0.0005829577160183008
2010-07-22,-0.005049417037083603
2010-07-23,0.004875120194786415
2010-07-26,0.0011297077356888674
2010-07-27,-0.000621702999921614
2010-07-28,-0.00021691376437699695
2010-07-29,0.002683329334888812
2010-07-30,0.0013670427112669082
2010-08-02,0.0021487453064306774
2010-08-03,0.0017722777288530166
2010-08-04,0.001844020081665365
2010-08-05,-0.001369730924543927
2010-08-06,0.0005016752989794482
2010-08-09,-0.0022413290506741344
2010-08-10,-0.0020309775061894964
2010-08-11,-0.0005944981641270552
2010-08-12,0.0006239334439295363
2010-08-13,-0.0015216108774617377
2010-08-16,0.00034188084307726905
2010-08-17,0.0046130848426162606
2010-08-18,0.002568170076542686
2010-08-19,-7.659522979297506e-06
2010-08-20,0.0018970309314053357
2010-08-23,-0.004201215239829387
2010-08-24,-0.007338912628713473
2010-08-25,-0.0016242857937715349
2010-08-26,-0.000577066614904076
2010-08-27,-1.2679850286023697e-05
2010-08-30,0.0017568157103085458
2010-08-31,-0.003445209668251359
2010-09-01,0.00470877843146435
2010-09-02,0.0016314764987937825
2010-09-03,0.0015909794295185186
2010-09-07,-0.00140517825365587
2010-09-08,0.0018429074354089747
2010-09-09,0.001726222274236877
2010-09-10,0.003791718439499775
2010-09-13,-0.004859386044022113
2010-09-14,0.0025949375684844954
2010-09-15,0.001304523753285891
2010-09-16,0.00010626939243300049
2010-09-17,0.0037553308946525034
2010-09-20,-0.0011012937602424943
2010-09-21,0.003008971369046859
2010-09-22,-0.001779084475413567
2010-09-23,0.001023746767372341
2010-09-24,-0.0012264325310696322
2010-09-27,-0.00142804236108664
2010-09-28,0.0029877514714750754
2010-09-29,7.038350005922344e-06
2010-09-30,0.0007438627113836582
2010-10-01,-0.002639221570331457
2010-10-04,-0.002134835606935287
2010-10-05,0.0002636654590658094
2010-10-06,0.0003633771873484404
2010-10-07,-0.0015892210761418168
2010-10-08,0.00036732341388315823
2010-10-11,0.001711394364053337
2010-10-12,0.0023488778494286876
2010-10-13,0.0027713310033594283
2010-10-14,-0.0015048894851681371
2010-10-15,-0.0010328284579637858
2010-10-18,0.0028532641126700676
2010-10-19,-0.0017800129167413914
2010-10-20,-9.082505474295455e-05
2010-10-21,-0.00032131482489441976
2010-10-22,0.00026048562540552654
2010-10-25,-0.001580249856406013
2010-10-26,0.003226919128767214
2010-10-27,-0.00042293585479266096
2010-10-28,-0.0009044406033721531
2010-10-29,0.0036090601088811626
2010-11-01,0.0012743692408570372
2010-11-02,-0.0014431886852430131
2010-11-03,0.0028825890040104774
2010-11-04,-0.0023912108996859472
2010-11-05,0.0010476424518925608
2010-11-08,-0.0006017007280322395
2010-11-09,0.0008805119757764379
2010-11-10,0.0008301454341602011
2010-11-11,0.0006005142432790822
2010-11-12,-0.0004492816808179201
2010-11-15,-0.0009275194726359182
2010-11-16,0.0009681223427277896
2010-11-17,0.0014059641133168821
2010-11-18,0.0015197416518743622
2010-11-19,0.0012853596752119278
2010-11-22,-0.003211061090733697
2010-11-23,-0.000916162841272461
2010-11-24,0.0010145659686741748
2010-11-26,-0.001133946283270304
2010-11-29,-0.0007349012094405527
2010-11-30,-0.002154527219287922
2010-12-01,0.00145453293067902
2010-12-02,0.0023066610875962625
2010-12-03,0.0013003576457823185
2010-12-06,-0.0023078160901840285
2010-12-07,-0.0004533537643536201
2010-12-08,-0.00047597059796229414
2010-12-09,-0.0003631663828481069
2010-12-10,0.001668384092634889
2010-12-13,0.000591037795590238
2010-12-14,0.001733421508448424
2010-12-15,0.0018030091493034584
2010-12-16,-0.0011587264490460825
2010-12-17,-0.00010668269920964813
2010-12-20,-7.529048151431184e-05
2010-12-21,-0.0009260672199460362
2010-12-22,0.001968381642083944
2010-12-23,-8.057542907546344e-05
2010-12-27,0.00017441372119922916
2010-12-28,0.0009204021393318107
2010-12-29,0.0011447286758096199
2010-12-30,-0.0010121219248280966
2010-12-31,0.0011510423471762844
2011-01-03,0.0
2011-01-04,0.0003866234513410005
2011-01-05,-0.0001545216054069931
2011-01-06,0.0010504869369955595
2011-01-07,0.0012141338047414907
2011-01-10,0.0007735528035585915
2011-01-11,-0.0002709888692332241
2011-01-12,0.0001555346494753973
2011-01-13,0.0008439339480577346
2011-01-14,-0.0006085638012983064
2011-01-18,0.0004371596841711622
2011-01-19,0.0009306312030630092
2011-01-20,4.051413737219955e-05
2011-01-21,0.0002930267371811679
2011-01-24,-1.874581687321686e-05
2011-01-25,-0.003768553135326774
2011-01-26,2.685889519526419e-05
2011-01-27,-0.000692764376573296
2011-01-28,-0.0023259720148900544
2011-01-31,-0.0018372585313311096
2011-02-01,-0.0005338233863256103
2011-02-02,0.005128441995898453
2011-02-03,0.003431645901117758
2011-02-04,0.0007833624437127596
2011-02-07,-0.0007083673821397963
2011-02-08,-0.0010148795477264495
2011-02-09,0.004639880052219219
2011-02-10,0.0004007338992233933
2011-02-11,0.003049015042804426
2011-02-14,0.0032261505725692196
2011-02-15,0.00014720841983248412
2011-02-16,-0.0006489242412206608
2011-02-17,-0.00018718463983428691
2011-02-18,-0.0019374403881361468
2011-02-22,0.0010189635324557799
2011-02-23,0.0024772307377101733
2011-02-24,0.0004185788828695358
2011-02-25,-0.0011086324025119166
2011-02-28,0.003773176406744255
2011-03-01,0.0021421414401882944
2011-03-02,0.0011073186052699246
2011-03-03,-0.0013014598836012636
2011-03-04,-0.00022154106004746433
2011-03-07,0.0008984534699063684
2011-03-08,0.003281473525317202
2011-03-09,0.0001718554401747119
2011-03-10,0.002221258331133824
2011-03-11,-0.0006834404708143005
2011-03-14,-0.004263744981181472
2011-03-15,0.0008493281292897947
2011-03-16,0.0038085157508807423
2011-03-17,-0.0005063380426513442
2011-03-18,-0.0005912326620642561
2011-03-21,-0.0004910421401137066
2011-03-22,0.0006872826980732161
2011-03-23,0.000630297281863601
2011-03-24,-0.0005874357448964029
2011-03-25,-0.0003873154054801764
2011-03-28,-0.001027335460363421
2011-03-29,-0.0016117255549759624
2011-03-30,0.0004501351395157727
2011-03-31,0.0003889965002572271
2011-04-01,-9.499222366596838e-05
2011-04-04,-0.0009202057825860477
2011-04-05,0.001360632556776553
2011-04-06,0.0007025677598455293
2011-04-07,2.2540609632382137e-05
2011-04-08,-0.00044775925422996796
2011-04-11,-0.0003468974433333882
2011-04-12,0.003056426696144221
2011-04-13,0.0017387233926782098
2011-04-14,-0.00038700327131037106
2011-04-15,0.00026980466393686784
2011-04-18,-0.000563694663136155
2011-04-19,0.004505143892311397
2011-04-20,0.0015638101397990266
2011-04-21,-0.0047430288072437985
2011-04-25,-0.0014389866550592156
2011-04-26,0.00244560752418832
2011-04-27,-0.0013474749389743134
2011-04-28,0.002196912096458237
2011-04-29,0.0007023169101084082
2011-05-02,0.0011663099300397383
2011-05-03,0.0026390932360849826
2011-05-04,-0.0018796834888463565
2011-05-05,0.0017946489668193345
2011-05-06,0.0022072659199694144
2011-05-09,-0.0018024701511474782
2011-05-10,0.0014241646581467093
2011-05-11,0.0017089045452313822
2011-05-12,0.0008501271955401679
2011-05-13,0.0028584204968580664
2011-05-16,0.002010989932656043
2011-05-17,0.0002572957418427946
2011-05-18,-0.0026738803411558766
2011-05-19,1.8708648772292058e-05
2011-05-20,0.0006184236131557275
2011-05-23,0.00031920660253652034
2011-05-24,0.000340994692929375
2011-05-25,-0.0014853414563986644
2011-05-26,-0.000358111825182994
2011-05-27,-0.0022682387796975566
2011-05-31,-0.0018415757451813787
2011-06-01,-0.0014739048808249278
2011-06-02,0.0013501283572032007
2011-06-03,-0.00048156849904607555
2011-06-06,-0.0010137153802173115
2011-06-07,0.003358588388604156
2011-06-08,0.0031055913074392373
2011-06-09,0.0017518280175184918
2011-06-10,0.00015656374390052852
2011-06-13,0.0005568210040812815
2011-06-14,0.00015376012924830373
2011-06-15,0.0016029879887229314
2011-06-16,0.0007421619497278876
2011-06-17,-0.0013293743866376717
2011-06-20,0.0032040471153572227
2011-06-21,-0.0002904997151304656
2011-06-22,-0.00024681239572786894
2011-06-23,-0.000668581272725105
2011-06-24,0.0009397109798819469
2011-06-27,-0.0005103995281417528
2011-06-28,-0.0020857363851632506
2011-06-29,0.00022877946312946373
2011-06-30,0.0007497981197801817
2011-07-01,0.0
2011-07-05,1.1042427819579759e-05
2011-07-06,0.0009766362415471908
2011-07-07,0.00013320688331998066
2011-07-08,6.644322476229148e-06
2011-07-11,0.0006959147138045629
2011-07-12,0.0006653857477759817
2011-07-13,-0.0004866974015716952
2011-07-14,-0.0011881881676214234
2011-07-15,0.0014609693662399781
2011-07-18,0.0005652227541936506
2011-07-19,0.001729353550347279
2011-07-20,-0.000630041358537331
2011-07-21,0.00017430797622895456
2011-07-22,0.00099109719949389
2011-07-25,-0.0010901140011121747
2011-07-26,-0.0010717635724032837
2011-07-27,-0.0009909288416094174
2011-07-28,-0.0015965826890199542
2011-07-29,0.0010837332598392202
2011-08-01,0.0010504680577543778
2011-08-02,0.003071645011361407
2011-08-03,0.0012056721000035353
2011-08-04,0.0033768449247040923
2011-08-05,-0.003952139218798445
2011-08-08,0.0019916021707646393
2011-08-09,0.008834810853101366
2011-08-10,-0.0008599060457834817
2011-08-11,0.010696628003253888
2011-08-12,0.002369281211906743
2011-08-15,0.0015699535595514514
2011-08-16,0.002678146738366283
2011-08-17,0.0016848150615343283
2011-08-18,0.0025171130659544906
2011-08-19,-0.0032897417685365583
2011-08-22,-0.0001864414160437311
2011-08-23,0.006301961124254241
2011-08-24,-0.003927120316913502
2011-08-25,0.005396435121993637
2011-08-26,0.002427877748105306
2011-08-29,0.003607942064519454
2011-08-30,0.004292658948503369
2011-08-31,0.001964762528006414
2011-09-01,-0.001800978392383462
2011-09-02,-0.00386340693415248
2011-09-06,0.0014203641035422099
2011-09-07,0.003545481492244218
2011-09-08,-0.0013772630619560578
2011-09-09,-0.001702062339530208
2011-09-12,0.003841874478203533
2011-09-13,0.0016881670729818998
2011-09-14,0.0020674025724016997
2011-09-15,0.002737938492877601
2011-09-16,0.001697537046291192
2011-09-19,-0.004912421346246254
2011-09-20,0.0006850255614048506
2011-09-21,-0.0027728684928247207
2011-09-22,0.001990856608593833
2011-09-23,0.003218302653715066
2011-09-26,0.00030181312013853324
2011-09-27,0.00725719563101343
2011-09-28,-0.001795717832477023
2011-09-29,0.001511022248324223
2011-09-30,0.0007237509513576823
2011-10-03,-0.0044471752345905
2011-10-04,0.007968550351498826
2011-10-05,0.0029259262154569753
2011-10-06,0.003094799086702793
2011-10-07,-0.0021120607613112907
2011-10-10,0.0003987120701392399
2011-10-11,-0.00066529114689724
2011-10-12,0.006886680749365587
2011-10-13,0.0006740516717870737
2011-10-14,-0.00011237915753411487
2011-10-17,-0.0011753955587565812
2011-10-18,0.0060906881908828255
2011-10-19,2.4471915477541905e-05
2011-10-20,0.00121971704658968
2011-10-21,0.0013756798422331963
2011-10-24,0.003591687444296182
2011-10-25,0.0025144809354600006
2011-10-26,0.0011515424209893265
2011-10-27,0.00248574955925841
2011-10-28,0.0038192604036785373
2011-10-31,-0.0021377830237928274
2011-11-01,-0.0009863897257550158
2011-11-02,0.003197259272286296
2011-11-03,-0.003608662617618863
2011-11-04,-0.0006016053896034546
2011-11-07,-0.0007967152175259229
2011-11-08,0.001935899616274972
2011-11-09,-0.0003463105463990701
2011-11-10,0.0021299784617964503
2011-11-11,0.001346111758899693
2011-11-14,0.0014420208990100435
2011-11-15,0.0033546655483886354
2011-11-16,0.006047200465831004
2011-11-17,0.0013627083305237154
2011-11-18,-0.0028295177225098334
2011-11-21,-0.0006567056123934101
2011-11-22,-0.0008674083752134354
2011-11-23,-0.0010839424522160134
2011-11-25,0.0010025426214792022
2011-11-28,0.002800330519021932
2011-11-29,-4.477612819048238e-05
2011-11-30,-0.002346508858606705
2011-12-01,0.0014907877003453752
2011-12-02,0.0017452119513424514
2011-12-05,0.0024823018254476414
2011-12-06,0.0015925834672841145
2011-12-07,-0.0003328129422009274
2011-12-08,-0.0029874436165001684
2011-12-09,0.0005666750442330448
2011-12-12,0.0031241984462845374
2011-12-13,-0.002053761710499874
2011-12-14,-0.00020413745223369918
2011-12-15,0.004470131635333885
2011-12-16,0.0014753545057139606
2011-12-19,0.00020227549096176188
2011-12-20,-0.0009682603643975107
2011-12-21,0.00024900214786134357
2011-12-22,0.0007010682760368536
2011-12-23,-0.0009646899380596708
2011-12-27,0.0010983022206032644
2011-12-28,0.0002675891562886112
2011-12-29,-0.00031085075279602137
2011-12-30,0.00021345278468793417
2012-01-03,0.0
2012-01-04,0.0005985439765124279
2012-01-05,-0.0005094208779487352
2012-01-06,0.00019722351423888672
2012-01-09,-0.0005995686357953666
2012-01-10,0.0010410265963055998
2012-01-11,-0.0003487037514534774
2012-01-12,0.000286501971148867
2012-01-13,0.0004636547132270075
2012-01-17,0.0006775000912625006
2012-01-18,-0.0016467659721590255
2012-01-19,-0.0009828986315143673
2012-01-20,0.004038480227243823
2012-01-23,-0.0007897498421523874
2012-01-24,0.0010355809106245618
2012-01-25,-0.0009933832531939303
2012-01-26,-0.000553191658288843
2012-01-27,0.0005031418726165471
2012-01-30,-0.001059625549274068
2012-01-31,0.0013382080859142941
2012-02-01,0.0016086556791492291
2012-02-02,-0.00240856012477903
2012-02-03,0.00019390939153456354
2012-02-06,0.0016360824181852695
2012-02-07,0.000921693722657968
2012-02-08,0.0009121363352270206
2012-02-09,-0.0012916352294763233
2012-02-10,-0.0004878443262121779
2012-02-13,-3.645657762285648e-05
2012-02-14,-0.0009541652920549038
2012-02-15,0.0024773969334831504
2012-02-16,0.0021951709027106083
2012-02-17,0.0032785783326541584
2012-02-21,-0.003105355234918522
2012-02-22,0.0016380198540018986
2012-02-23,-0.001355098761120921
2012-02-24,-0.0012104101542087908
2012-02-27,0.0010559478689118663
2012-02-28,-0.0003596722947703301
2012-02-29,0.0012520853633684326
2012-03-01,4.520496151539932e-05
2012-03-02,-0.0011131384289016944
2012-03-05,0.0005459015601021522
2012-03-06,-0.000850456658320975
2012-03-07,0.0004095763734003999
2012-03-08,-0.0003987362348977119
2012-03-09,-0.000950625981318054
2012-03-12,4.126671994386655e-06
2012-03-13,0.00040182848215796206
2012-03-14,-0.0001712657184793298
2012-03-15,-0.0022144262330561605
2012-03-16,0.0014682053544474495
2012-03-19,-0.0016598197106117152
2012-03-20,-0.0019475109347619646
2012-03-21,-0.00024355208002723727
2012-03-22,-0.0017240209541800223
2012-03-23,0.00013004291198995822
2012-03-26,-0.002000515146008608
2012-03-27,-0.0003235291721430056
2012-03-28,-0.0002590626589145051
2012-03-29,-0.0006301461503172345
2012-03-30,-0.0003539412151479515
2012-04-02,-0.003118702153749786
2012-04-03,0.0003543535490813654
2012-04-04,-0.0006055686862115994
2012-04-05,-0.001523059145171629
2012-04-09,-0.0022273289277727425
2012-04-10,0.00044761279768026354
2012-04-11,-0.00036316422046124287
2012-04-12,0.0012934652877033882
2012-04-13,-0.000988663218510949
2012-04-16,-0.0018810900001500542
2012-04-17,0.0007199790397574457
2012-04-18,-0.0021318943928247567
2012-04-19,0.0004184884825404078
2012-04-20,-0.00018054088551769932
2012-04-23,-0.0006105842250478666
2012-04-24,-0.000548729587974206
2012-04-25,0.0005653127282743198
2012-04-26,-0.00285285415993512
2012-04-27,-0.0002498737715153243
2012-04-30,-0.0008467333856475411
2012-05-01,-0.000712706019508752
2012-05-02,0.0006122368510715459
2012-05-03,-0.0024709031682346116
2012-05-04,0.00369447649049231
2012-05-07,0.0007560949445321319
2012-05-08,-0.002282861050152385
2012-05-09,0.0020165266915474155
2012-05-10,-0.002880874508668607
2012-05-11,-0.0012523049150630794
2012-05-14,-0.0036095248308670724
2012-05-15,-0.004602595230377521
2012-05-16,-0.002093065231459401
2012-05-17,0.0035915463028155905
2012-05-18,0.0022840266323494117
2012-05-21,0.001317079896124218
2012-05-22,-0.0006180262399935965
2012-05-23,0.0007893397490561505
2012-05-24,-0.0012326404776151988
2012-05-25,0.0010965425003477802
2012-05-29,0.0012968786666598842
2012-05-30,0.0019845551781097425
2012-05-31,-0.0023421912997882766
2012-06-01,0.004028918737446502
2012-06-04,0.0002987140935849286
2012-06-05,0.0008931370548785345
2012-06-06,0.0051769235794751735
2012-06-07,0.0008178362174685539
2012-06-08,-0.004538596775835601
2012-06-11,0.0009213356720173815
2012-06-12,-0.0007095647903793467
2012-06-13,0.00039286811701239044
2012-06-14,0.002029763441965815
2012-06-15,-0.0008730828496690934
2012-06-18,-0.0007612452462710861
2012-06-19,0.001745270451610137
2012-06-20,-0.0008240707260326385
2012-06-21,-0.0032103698711493933
2012-06-22,-0.001003424795557334
2012-06-25,-0.00242238343115177
2012-06-26,7.282678086367733e-05
2012-06-27,-0.0014580985803130885
2012-06-28,0.0029249893684350713
2012-06-29,0.0004918380486898854
2012-07-02,0.0
2012-07-03,0.0006535689337753503
2012-07-05,6.774576580131919e-06
2012-07-06,0.0025455275207409978
2012-07-09,0.0006668891451820147
2012-07-10,0.0007143284547552808
2012-07-11,-0.00037819314646564406
2012-07-12,0.0007102149384473455
2012-07-13,0.000606560437402881
2012-07-16,0.002740437066594925
2012-07-17,-0.0013200341665110028
2012-07-18,-8.560795610911276e-05
2012-07-19,0.0004158450562882776
2012-07-20,3.539102578891673e-05
2012-07-23,0.00063384814991011
2012-07-24,-5.101671283462283e-05
2012-07-25,0.0023005195835051452
2012-07-26,0.0005329721430177958
2012-07-27,-0.0012046984223521462
2012-07-30,-0.0006510397573668448
2012-07-31,0.0005104553556825264
2012-08-01,0.00020945502045698338
2012-08-02,-0.000307484389267465
2012-08-03,0.0027093433706238735
2012-08-06,-0.0010370320854611258
2012-08-07,-9.052634306710438e-05
2012-08-08,0.0024840251352771293
2012-08-09,0.0023761835384868923
2012-08-10,0.0003255719093625209
2012-08-13,0.00020084192908780273
2012-08-14,0.0008048458640846912
2012-08-15,-0.0007774975893055314
2012-08-16,0.00046744983155928567
2012-08-17,-0.0010126067990754218
2012-08-20,0.00012091681293299739
2012-08-21,-0.0006428450206950043
2012-08-22,-0.001556655093326087
2012-08-23,0.0005022100383397677
2012-08-24,0.0030141932143912032
2012-08-27,8.836393077989446e-05
2012-08-28,-0.00015123453161561273
2012-08-29,0.0005241518070721818
2012-08-30,-0.0010264259371452144
2012-08-31,0.0005728011208074757
2012-09-04,-0.0033838951662112093
2012-09-05,-0.0016579823573087515
2012-09-06,0.00033862539579818107
2012-09-07,3.6453177052053755e-05
2012-09-10,0.0013496336444965783
2012-09-11,-0.001354091542750746
2012-09-12,-0.00017182545614785605
2012-09-13,9.559957504423622e-05
2012-09-14,0.0002623858214890362
2012-09-17,-0.0019367317135454587
2012-09-18,0.001608462346434747
2012-09-19,-0.0004931283996399583
2012-09-20,0.00037759793008200205
2012-09-21,0.00020715652314549638
2012-09-24,0.0007961619248027296
2012-09-25,0.0012696428647744561
2012-09-26,0.001380219157874224
2012-09-27,0.001905407263980119
2012-09-28,0.0012541904400362625
2012-10-01,-0.000352473658661967
2012-10-02,-0.0003847515568808135
2012-10-03,0.0009541904232412246
2012-10-04,0.001337853977666731
2012-10-05,-0.0007853639196543527
2012-10-08,-0.0022056641707608295
2012-10-09,-0.0009237602356922614
2012-10-10,0.00039585191517514385
2012-10-11,-0.0009669678018686789
2012-10-12,-0.00021733040902568445
2012-10-15,-0.0015485956069392181
2012-10-16,-0.0009959077241155413
2012-10-17,0.0010694597446596788
2012-10-18,0.0005392784671570894
2012-10-19,0.0023971856858805763
2012-10-22,0.0007068228595918657
2012-10-23,0.000989520215205375
2012-10-24,-0.0002519711204767294
2012-10-25,0.00103713152313627
2012-10-26,0.0006508415920796929
2012-10-31,0.003607181483173122
2012-11-01,-0.0026755776772187157
2012-11-02,0.0009457659947876285
2012-11-05,-0.0019876002704492914
2012-11-06,0.00292040678973296
2012-11-07,0.001656393976940279
2012-11-08,-0.0016417903550994984
2012-11-09,-0.0008262604469159663
2012-11-12,-0.0012924889043427368
2012-11-13,0.0009017154640743097
2012-11-14,0.0014489246890678376
2012-11-15,-0.0035549607613675925
2012-11-16,0.001195377242228457
2012-11-19,-0.0030881223698745962
2012-11-20,-0.0022819603690365396
2012-11-21,-0.00032256774489172746
2012-11-23,-0.0022755089918879423
2012-11-26,0.0016186102271880608
2012-11-27,0.0015126051948731456
2012-11-28,0.0014765067771756902
2012-11-29,0.0013307071154723348
2012-11-30,0.0013401674602710688
2012-12-03,-0.0016913997337042685
2012-12-04,-0.0026882345119457196
2012-12-05,0.0035402532563947263
2012-12-06,-0.000960199770191078
2012-12-07,0.000618599379159035
2012-12-10,0.0023884732224707717
2012-12-11,7.541865376459178e-06
2012-12-12,0.002033636379529713
2012-12-13,0.0023997819596760007
2012-12-14,0.0016877485560771676
2012-12-17,-0.002988817050336634
2012-12-18,0.0032119276519785743
2012-12-19,-0.0006780089570267489
2012-12-20,0.0013979530603912328
2012-12-21,8.969137967072549e-05
2012-12-24,-0.0010110579062826807
2012-12-26,-0.0010847355540151093
2012-12-27,0.001074673266191878
2012-12-28,0.00026923928591942036
2012-12-31,-0.001444845439873138
2013-01-02,0.0
2013-01-03,0.0011707947484386806
2013-01-04,-0.0001156481735135828
2013-01-07,0.0007557622176398493
2013-01-08,0.001964309673516562
2013-01-09,-0.0007905688437380487
2013-01-10,0.0006692228509188991
2013-01-11,-0.0038122085149268404
2013-01-14,-0.002863919293353989
2013-01-15,-0.0005565249577385411
2013-01-16,0.0009981692328970503
2013-01-17,-0.0028319200604546846
2013-01-18,0.00035002191957463346
2013-01-22,-0.001375596335252749
2013-01-23,-0.003972799973242713
2013-01-24,0.0002653064666045646
2013-01-25,0.0008490419694770323
2013-01-28,-0.0017017000792593716
2013-01-29,-0.0016901488267636877
2013-01-30,-0.0025699595156196465
2013-01-31,0.0009634618454882227
2013-02-01,-0.0019865200234002512
2013-02-04,0.008192696294676467
2013-02-05,-0.0006173659456427949
2013-02-06,0.007983064876531748
2013-02-07,-0.0026037582348787
2013-02-08,0.0013378328708285702
2013-02-11,-0.0016633029612739714
2013-02-12,0.003782246204211581
2013-02-13,-0.0020251961221744996
2013-02-14,-0.0008038450903018746
2013-02-15,0.010740304812367697
2013-02-19,-6.975160480134912e-05
2013-02-20,0.0038343821039873104
2013-02-21,0.0006890150243596904
2013-02-22,-0.001612767935581999
2013-02-25,0.0023991295725736216
2013-02-26,-0.0014391406551937103
2013-02-27,-0.0009515648981657798
2013-02-28,0.0010539765298832938
2013-03-01,0.00033883066925669556
2013-03-04,0.00449606289287729
2013-03-05,-0.004068656533481774
2013-03-06,-0.0003841003243831964
2013-03-07,0.0013180798868566712
2013-03-08,-0.0011725854296076033
2013-03-11,-0.003185470876030666
2013-03-12,0.003495541684008607
2013-03-13,-0.0016193087377811555
2013-03-14,0.003047585249424889
2013-03-15,-1.955045182809312e-05
2013-03-18,-0.001393087849667668
2013-03-19,-0.00140574516029065
2013-03-20,-0.0005404914876405931
2013-03-21,0.0013899858690610222
2013-03-22,0.0032856827643519605
2013-03-25,-0.0018716054265074
2013-03-26,0.004520683692154725
2013-03-27,0.0020396172210218333
2013-03-28,5.8847587868765536e-05
2013-04-01,0.002457031444070323
2013-04-02,-0.002258304744441236
2013-04-03,0.005766556995120969
2013-04-04,0.0008193762097894574
2013-04-05,-0.00047998399989844786
2013-04-08,-0.005098520175424004
2013-04-09,0.0006464525442650304
2013-04-10,-0.0018786507445674894
2013-04-11,0.002153426840738842
2013-04-12,0.002495982921756934
2013-04-15,0.004422716338408084
2013-04-16,-0.005868718245458149
2013-04-17,0.005697089095842417
2013-04-18,-0.001005960414299667
2013-04-19,-0.003519925311028088
2013-04-22,0.00045087037348768286
2013-04-23,-7.511476421458995e-05
2013-04-24,0.0016537367557920401
2013-04-25,-0.0012458282935226995
2013-04-26,-0.001893589315812083
2013-04-29,0.0013351907726624646
2013-04-30,0.002110354079170318
2013-05-01,0.00015977337818650071
2013-05-02,0.002735834275709603
2013-05-03,-0.002573009393795511
2013-05-06,-0.002013816195246121
2013-05-07,1.1724609844826483e-05
2013-05-08,-0.0023965213693181386
2013-05-09,0.0018054242055587032
2013-05-10,-0.0032421370883186306
2013-05-13,0.002050937359197841
2013-05-14,-0.0022871953062783335
2013-05-15,-0.00022245997195392554
2013-05-16,0.0019892192546409225
2013-05-17,-0.005648686352466537
2013-05-20,0.003386391620844975
2013-05-21,0.0003132780326354168
2013-05-22,0.0016928332942213575
2013-05-23,0.0020981170271972883
2013-05-24,0.0018270491626295627
2013-05-28,-0.0022206289240161935
2013-05-29,0.0006410084324918131
2013-05-30,-0.004394732788367356
2013-05-31,-0.00116526464504067
2013-06-03,0.004337979904158229
2013-06-04,0.0014658633435396307
2013-06-05,0.0016339771004772851
2013-06-06,-0.001856032946922881
2013-06-07,-0.0008875344091905379
2013-06-10,0.0006841771986343503
2013-06-11,0.0029394618433652596
2013-06-12,-0.000625270507951503
2013-06-13,-0.0021279436280616905
2013-06-14,0.0012482987426503333
2013-06-17,-9.14180333305703e-06
2013-06-18,0.0013515364024836106
2013-06-19,-0.0010351033925539265
2013-06-20,0.0025994528139297703
2013-06-21,-0.0016481256936917322
2013-06-24,0.00043223837443158165
2013-06-25,-0.0008296801156202016
2013-06-26,0.0019335971619968805
2013-06-27,-0.005496232768252313
2013-06-28,0.0011745986706024503
2013-07-01,0.0
2013-07-02,0.0015903575458274422
2013-07-03,0.0006291913105989921
2013-07-05,-0.0002474501436127152
2013-07-08,0.0006879268292806495
2013-07-09,-0.00010712128015536449
2013-07-10,-0.0008566764449848774
2013-07-11,-0.00031008240774496045
2013-07-12,0.000245996762732692
2013-07-15,0.00047587909735747334
2013-07-16,-0.0019149689188036833
2013-07-17,0.0008131409189863382
2013-07-18,-0.0006357031849840433
2013-07-19,0.001048607939286622
2013-07-22,0.001176426412765258
2013-07-23,0.0011741145847713908
2013-07-24,0.0002449544966252215
2013-07-25,-0.0012276147513436198
2013-07-26,-0.0012170419158276323
2013-07-29,0.000992185896179315
2013-07-30,0.0004064899968307667
2013-07-31,-0.0024622048362729133
2013-08-01,-0.0009778764690305751
2013-08-02,-0.002674097497447936
2013-08-05,0.00036826306630150516
2013-08-06,7.912867848011151e-05
2013-08-07,4.4537131344268846e-05
2013-08-08,0.0016307075174045338
2013-08-09,-0.0013494814627437901
2013-08-12,-0.0001402792687600074
2013-08-13,-2.830771303111712e-05
2013-08-14,0.0021743710634529122
2013-08-15,0.0018079791607038044
2013-08-16,-0.0005841133751155914
2013-08-19,-0.0008586062426101826
2013-08-20,-0.0018853188128044374
2013-08-21,-0.0008704231730026213
2013-08-22,0.001047835396347413
2013-08-23,-0.0002606187642033908
2013-08-26,0.0005686342553830159
2013-08-27,0.0002893547405573127
2013-08-28,0.002309492193246826
2013-08-29,-0.0003430583678903365
2013-08-30,0.0010397431622854504
2013-09-03,0.0008665911531650639
2013-09-04,-0.00025589426089381306
2013-09-05,-0.0023284011918203174
2013-09-06,0.001534683351037558
2013-09-09,-7.3146440023375e-05
2013-09-10,0.0002916618636084334
2013-09-11,0.002411973677413032
2013-09-12,-0.0002707881909688903
2013-09-13,-0.0018246798166356216
2013-09-16,-0.002302018087975655
2013-09-17,-0.0036279973456033953
2013-09-18,-0.001291550578461087
2013-09-19,-0.003670582579149262
2013-09-20,0.002479877414833548
2013-09-23,0.0003596139355877659
2013-09-24,-0.0013282667882561438
2013-09-25,-0.0020733478424686536
2013-09-26,0.0005131724678080097
2013-09-27,-0.00021851947792174696
2013-09-30,-0.0008288491851857593
2013-10-01,-0.00028863892448273144
2013-10-02,-0.0011208071545180053
2013-10-03,-0.002657540411394682
2013-10-04,-0.001698951547086841
2013-10-07,0.002431463364806158
2013-10-08,0.0033333211546421604
2013-10-09,3.252194827935151e-06
2013-10-10,-0.0010602878901750934
2013-10-11,-0.0011358304975466527
2013-10-14,-0.00010194767860514098
2013-10-15,0.0006622196901599486
2013-10-16,0.0006034331174026075
2013-10-17,0.0021115437183643893
2013-10-18,0.0021957051986805365
2013-10-21,1.5395362035530712e-05
2013-10-22,0.0050537374750666995
2013-10-23,-0.0011607811914592981
2013-10-24,-0.0022359486817397746
2013-10-25,9.35934968188168e-05
2013-10-28,0.002072582826195368
2013-10-29,-0.0008234777988459785
2013-10-30,0.0009785457114304286
2013-10-31,-0.0001212758767336175
2013-11-01,-0.0005697882183768211
2013-11-04,0.001089845473142309
2013-11-05,-0.0014669197842015202
2013-11-06,0.0008824161401905839
2013-11-07,0.003221417629310297
2013-11-08,-0.001619952699198024
2013-11-11,-0.0005443104817069999
2013-11-12,-0.0007103491561013143
2013-11-13,-0.001857567818787803
2013-11-14,-0.0025514065691456533
2013-11-15,-0.0002942260828109666
2013-11-18,0.0006473332306261681
2013-11-19,0.0014227171790051785
2013-11-20,-0.0005839248917233142
2013-11-21,0.002693032017972685
2013-11-22,0.0003872244745102615
2013-11-25,-0.0009373067072506125
2013-11-26,0.0014144113841084549
2013-11-27,0.0007904459843382228
2013-11-29,0.0007180272996513137
2013-12-02,-0.000659009103033148
2013-12-03,0.0004242200493984716
2013-12-04,4.267440733797256e-05
2013-12-05,0.006305496409464345
2013-12-06,0.0010190226102493594
2013-12-09,-0.00040608762822814113
2013-12-10,0.00018431806424045182
2013-12-11,-0.0032293126706429308
2013-12-12,0.002486634955285727
2013-12-13,0.0035744506293935996
2013-12-16,0.0025227900879408903
2013-12-17,0.000499790390665622
2013-12-18,0.0032527456367631435
2013-12-19,-0.001710290647168705
2013-12-20,-0.00037033480920373174
2013-12-23,-0.00011110800847680125
2013-12-24,0.0001895611389290397
2013-12-26,-0.0015252723194352392
2013-12-27,-0.0008778754139067146
2013-12-30,-0.0010147480439948898
2013-12-31,-0.0006329144483038396
2014-01-02,0.0
2014-01-03,-0.0002740389626479156
2014-01-06,-0.0004527941246941891
2014-01-07,0.001070725458868238
2014-01-08,-0.00018119410234391232
2014-01-09,0.002873557769972346
2014-01-10,-0.0006679193756083723
2014-01-13,0.00026606874244599623
2014-01-14,-0.0004034098421847043
2014-01-15,-0.0015233988009323075
2014-01-16,-6.940458931048444e-06
2014-01-17,-0.0007919285101738116
2014-01-21,-0.0015977585653837445
2014-01-22,-0.0009282840165669382
2014-01-23,-0.001961863483993742
2014-01-24,-0.0003185658683160453
2014-01-27,-0.0023160096940764317
2014-01-28,-0.0003023676006177367
2014-01-29,0.0024986251013099036
2014-01-30,0.002679330944200908
2014-01-31,0.00023370784804610523
2014-02-03,-0.001321413492288953
2014-02-04,0.000368744220634748
2014-02-05,0.000208657256831829
2014-02-06,0.008059466644750662
2014-02-07,0.0015231703315684909
2014-02-10,-0.003022653336249287
2014-02-11,0.0003682304640871381
2014-02-12,-0.0024153561442876227
2014-02-13,-0.0007436757195744325
2014-02-14,0.003871867118907557
2014-02-18,-0.0009537587881466136
2014-02-19,-0.0008999848809604083
2014-02-20,-0.0003056848891390407
2014-02-21,0.0018379019277478814
2014-02-24,-0.0003349818109331493
2014-02-25,0.001795319998962658
2014-02-26,0.0004708507528847328
2014-02-27,0.0007544493669188968
2014-02-28,-0.0016860472553424544
2014-03-03,0.0012201528033752795
2014-03-04,-5.934878065920746e-05
2014-03-05,-0.0026077128868340293
2014-03-06,-0.00035865383206961087
2014-03-07,-0.0003667129271009151
2014-03-10,0.0022787703954277815
2014-03-11,0.0005836324917906921
2014-03-12,0.0005777345761320829
2014-03-13,0.0012679806547572891
2014-03-14,-0.0010590358316897364
2014-03-17,-0.000917298962069435
2014-03-18,-0.0011914693113093179
2014-03-19,-0.00014524961467305976
2014-03-20,2.3138460305055507e-05
2014-03-21,-0.0005258291152695993
2014-03-24,-0.00033248155285454104
2014-03-25,-0.0011982790372132123
2014-03-26,0.0002575440196670553
2014-03-27,-0.0007821785833942608
2014-03-28,-0.0032055389437916416
2014-03-31,0.00196688845695116
2014-04-01,-0.001859026672909575
2014-04-02,0.001870499725805036
2014-04-03,-3.66563508075457e-05
2014-04-04,0.005427341955980397
2014-04-07,-0.0004528379562766416
2014-04-08,-0.0008152736796332493
2014-04-09,-0.0014778000593049345
2014-04-10,0.0019103518999078195
2014-04-11,0.001373225692165836
2014-04-14,0.0015962344456658395
2014-04-15,0.0010221004744418948
2014-04-16,0.00030351425638189267
2014-04-17,-0.004054678683175217
2014-04-21,0.0014627288822722684
2014-04-22,0.000428734021859023
2014-04-23,0.002481148486620982
2014-04-24,0.004045480392807876
2014-04-25,4.884316361652985e-06
2014-04-28,0.0016494552885884361
2014-04-29,-0.0008552820669445016
2014-04-30,0.00330386598531206
2014-05-01,-0.0010982379184296398
2014-05-02,-0.0004673136850275317
2014-05-05,0.00010548027604056486
2014-05-06,0.0013301131105122432
2014-05-07,0.00020213213942903429
2014-05-08,0.0008688484925812201
2014-05-09,-0.002819774971911676
2014-05-12,-0.004272140535433139
2014-05-13,-0.001881909537178611
2014-05-14,0.001390525365131251
2014-05-15,-0.003807574012491516
2014-05-16,-0.0013364952098312843
2014-05-19,0.0006085356465898417
2014-05-20,0.002712406472218698
2014-05-21,-0.0008989082985381647
2014-05-22,0.001576602932015786
2014-05-23,0.0010012419240673308
2014-05-27,0.0010640132061254081
2014-05-28,0.0018753992461531422
2014-05-29,-0.0023718449453132727
2014-05-30,0.000526520247316542
2014-06-02,-0.001581555851932409
2014-06-03,-0.0008816824144564361
2014-06-04,0.0005332063850216062
2014-06-05,0.0004994024667975439
2014-06-06,0.0011197877671822397
2014-06-09,-0.00029428346456623065
2014-06-10,-0.0017986688766687242
2014-06-11,8.143605447717972e-05
2014-06-12,-0.0008723270206522415
2014-06-13,0.00048457847359805183
2014-06-16,0.001036754029362047
2014-06-17,-0.0021139964127418476
2014-06-18,0.0024571535550725054
2014-06-19,0.0012604598908255494
2014-06-20,0.00047986699596914707
2014-06-23,-0.0078918304954193
2014-06-24,0.0019398301771579919
2014-06-25,0.0008040962337023339
2014-06-26,0.00019414062619547146
2014-06-27,0.000358558174338508
2014-06-30,-0.0016321212915244854
2014-07-01,0.0
2014-07-02,0.0011370805817313868
2014-07-03,-0.00033286119510451127
2014-07-07,-0.0007901320388026655
2014-07-08,0.0008748284033747222
2014-07-09,0.001347970151229888
2014-07-10,-0.0011641174105276654
2014-07-11,-0.0008351746794749648
2014-07-14,0.0008347519193517561
2014-07-15,-0.000952832907823814
2014-07-16,0.0017132011803340896
2014-07-17,-0.0025914874688539925
2014-07-18,0.0014664109108112
2014-07-21,-0.00042483190879587517
2014-07-22,0.0015653498208246686
2014-07-23,-0.0005296246488299905
2014-07-24,-0.0006098387115060389
2014-07-25,0.00048101615262169937
2014-07-28,0.0008633152282027323
2014-07-29,-0.0017890101294042004
2014-07-30,0.0014453945504102838
2014-07-31,-0.0009090995922385436
2014-08-01,0.002089584506636888
2014-08-04,-0.0016984849141861158
2014-08-05,-0.001185785904001213
2014-08-06,0.0015684136044411545
2014-08-07,0.00036543432556934154
2014-08-08,0.0017343583050268118
2014-08-11,-0.003265922301690449
2014-08-12,-0.0011486959941458986
2014-08-13,0.0005165188950617295
2014-08-14,-0.0016248868058830134
2014-08-15,-0.0006032593278113285
2014-08-18,0.00010459982973035076
2014-08-19,-0.000565348027226048
2014-08-20,1.0536233649949268e-05
2014-08-21,0.0006129581982560917
2014-08-22,-0.0005131812416694914
2014-08-25,0.002209256951146654
2014-08-26,0.0011779686485103135
2014-08-27,-0.000495595222011036
2014-08-28,-0.0005815451780087855
2014-08-29,-0.0008697068408801522
2014-09-02,-0.003194145919521524
2014-09-03,0.001789781305631416
2014-09-04,-0.0007680081618841427
2014-09-05,0.0016110472310039703
2014-09-08,-0.001687378653499494
2014-09-09,-0.0001546590591271768
2014-09-10,-0.00012925834422702898
2014-09-11,0.00013055736027475228
2014-09-12,0.0013720880541507607
2014-09-15,-0.00011838894499593966
2014-09-16,0.0022120653472653905
2014-09-17,-0.0010301342694276129
2014-09-18,-0.00024911238713340444
2014-09-19,0.0018570747380741936
2014-09-22,-0.0015035100642442234
2014-09-23,0.0009028662852244518
2014-09-24,0.0010384402207311682
2014-09-25,0.0018445450689623722
2014-09-26,0.00012998964023767102
2014-09-29,-0.0011258892919068842
2014-09-30,-0.002543281953617882
2014-10-01,0.0038679000140097565
2014-10-02,0.002447086196709314
2014-10-03,0.0012979702865646369
2014-10-06,-0.0010782136968676525
2014-10-07,-0.003625772241659231
2014-10-08,0.0016763184531963127
2014-10-09,-0.00022766344323598697
2014-10-10,-0.001212731044393639
2014-10-13,0.0016703331398787602
2014-10-14,0.0031764051242049564
2014-10-15,-0.002848615113423303
2014-10-16,0.007090646060635497
2014-10-17,0.0016558861694530359
2014-10-20,-0.0008470878647647117
2014-10-21,0.0009478181364876547
2014-10-22,0.0013103221581129477
2014-10-23,-0.0032420201928819335
2014-10-24,3.1806126097622124e-05
2014-10-27,-0.0007789007014235072
2014-10-28,-0.001350193118989418
2014-10-29,0.003344673584004304
2014-10-30,-0.002280276214964899
2014-10-31,0.0009511715280080601
2014-11-03,0.0030177880646819364
2014-11-04,0.0020427553648689144
2014-11-05,0.002998284263262202
2014-11-06,-0.000821694186307892
2014-11-07,0.002422278322498339
2014-11-10,-0.003526717108252836
2014-11-11,-0.00037043413097646025
2014-11-12,0.00019163847984000616
2014-11-13,0.0032216830905469284
2014-11-14,-0.00206281186578674
2014-11-17,-0.00041864623735118347
2014-11-18,4.091903052016455e-05
2014-11-19,0.005344597576988052
2014-11-20,0.0026443054701479896
2014-11-21,-0.0012017095038311277
2014-11-24,0.0007862038079589684
2014-11-25,-0.0035094859245735468
2014-11-26,-0.004828695896432667
2014-11-28,0.005886194340805856
2014-12-01,-0.0029080731180643415
2014-12-02,-0.0005559888720794049
2014-12-03,0.004076456478506646
2014-12-04,0.003289399086899647
2014-12-05,0.0014151103388535646
2014-12-08,-0.0015010167399756246
2014-12-09,-0.0022803051678503216
2014-12-10,0.004245273649880305
2014-12-11,-0.001494024618168044
2014-12-12,0.00039131971148619326
2014-12-15,-0.0027234144367575984
2014-12-16,-0.00017327383011377372
2014-12-17,-0.0007744996372292534
2014-12-18,0.005566693120010813
2014-12-19,0.0020067192255898147
2014-12-22,0.0026652712583067396
2014-12-23,0.002202016518070282
2014-12-24,-0.0024454361902836175
2014-12-26,-0.0005373516051293492
2014-12-29,0.001565355526987716
2014-12-30,0.0007520273214642381
2014-12-31,-0.0012920791566286172
2015-01-02,0.0
2015-01-05,0.00038968841644440035
2015-01-06,0.0006733491703780847
2015-01-07,0.00010748068456073456
2015-01-08,-0.00046383378962833177
2015-01-09,-0.0011361217909931164
2015-01-12,0.0006580472431054307
2015-01-13,-0.0012399556023020176
2015-01-14,0.0031276334288988907
2015-01-15,0.00026281918803413017
2015-01-16,-0.0005746549175016713
2015-01-20,0.0017370266754703546
2015-01-21,-0.0002467780083711679
2015-01-22,0.0014972471180317414
2015-01-23,-0.0005445088412605881
2015-01-26,-0.0004888689254857581
2015-01-27,-2.5141913725457156e-05
2015-01-28,-0.0025633497890054312
2015-01-29,0.0009569856690363254
2015-01-30,0.0016097681537538266
2015-02-02,0.0013163168996565499
2015-02-03,-0.001013724378855807
2015-02-04,0.0020640407156345074
2015-02-05,2.7429554760594055e-05
2015-02-06,-0.0007147157184995923
2015-02-09,0.0014987538698890857
2015-02-10,-0.0014261177109834377
2015-02-11,0.0020466679248610066
2015-02-12,-0.001282930091031098
2015-02-13,0.005061698752645616
2015-02-17,-0.002390359394276842
2015-02-18,-0.00047073592459520586
2015-02-19,0.000459622224378603
2015-02-20,0.00037023099458807773
2015-02-23,-0.0007208941719071049
2015-02-24,0.0006712054681095925
2015-02-25,-0.000639585322001135
2015-02-26,-0.0017026384334473343
2015-02-27,0.0014989511474676586
2015-03-02,-0.0011421594248855692
2015-03-03,0.002399108403172906
2015-03-04,-0.001195510948542866
2015-03-05,-0.0005185579716132149
2015-03-06,0.0019047979761830148
2015-03-09,3.6246493557717806e-05
2015-03-10,0.0030930531712798194
2015-03-11,0.0002715710147651373
2015-03-12,0.00035521064706344754
2015-03-13,0.0017218017445306544
2015-03-16,-0.0014053145596533035
2015-03-17,0.00034685485258387216
2015-03-18,0.000551122069365284
2015-03-19,-0.0005718866714292059
2015-03-20,0.0014758818350496194
2015-03-23,0.0006171394331175972
2015-03-24,0.0007982086413132194
2015-03-25,0.0004855756113887
2015-03-26,-7.5356236701074055e-06
2015-03-27,0.00048439002435319287
2015-03-30,0.00015911883958791284
2015-03-31,-0.0005998907649999552
2015-04-01,0.0017410381196585555
2015-04-02,-0.0004999244124083869
2015-04-06,-0.0006054449650479632
2015-04-07,0.0002477988423222943
2015-04-08,-0.0006417219254421236
2015-04-09,0.000900620063224461
2015-04-10,-0.0005435330260555205
2015-04-13,0.0004799396698968117
2015-04-14,-0.00017564897977467297
2015-04-15,-0.0006323837129861343
2015-04-16,-0.0014003091014541502
2015-04-17,0.0018258852299237183
2015-04-20,-0.0004676035652437127
2015-04-21,-0.0017627305594587529
2015-04-22,-0.0004245564602705143
2015-04-23,0.0030594081575358867
2015-04-24,0.0007173594538917472
2015-04-27,0.0011704083854150837
2015-04-28,-0.0005638095586442182
2015-04-29,0.0008225795922808977
2015-04-30,0.0022991982212209384
2015-05-01,0.0006437833209376909
2015-05-04,0.000611140988797898
2015-05-05,0.0004202329323667986
2015-05-06,0.0015804848202630839
2015-05-07,0.0006389549250244708
2015-05-08,-0.0012045975426431099
2015-05-11,-0.0016502673666271618
2015-05-12,-0.0018349063552707489
2015-05-13,0.00045662974239792374
2015-05-14,-0.000702252863409869
2015-05-15,-0.00020817520254321487
2015-05-18,0.00016284766823331797
2015-05-19,0.0003306426999348189
2015-05-20,0.0013372122618224846
2015-05-21,-0.003528247746378471
2015-05-22,0.00011381130948094342
2015-05-26,-0.0008670092756432879
2015-05-27,0.00010983728311675378
2015-05-28,-0.0011754873175847057
2015-05-29,0.00016073311388257184
2015-06-01,-0.00032148891524822474
2015-06-02,0.0007551199854381241
2015-06-03,0.002848910033623525
2015-06-04,0.002470789088855163
2015-06-05,0.0003887884045961687
2015-06-08,0.0017888464961330786
2015-06-09,0.001697981706124646
2015-06-10,-0.0001291674968607104
2015-06-11,-0.0003770926867505076
2015-06-12,0.0010213311360673881
2015-06-15,0.0011349251135456206
2015-06-16,-0.0006873245436246234
2015-06-17,0.000116600091087099
2015-06-18,-0.00047359024443817676
2015-06-19,-0.0003759467444164777
2015-06-22,-0.0028444364076789077
2015-06-23,-0.0004820578773180151
2015-06-24,2.1776141683238492e-05
2015-06-25,9.170424406448329e-05
2015-06-26,-0.00211293345269255
2015-06-29,0.0006607977051996284
2015-06-30,0.00122524578098826
2015-07-01,0.0
2015-07-02,0.0006563649600049126
2015-07-06,-0.000490434001947282
2015-07-07,0.0017002293809402324
2015-07-08,-0.0017718169164697539
2015-07-09,0.00024320425340500494
2015-07-10,-0.0005046362671213278
2015-07-13,0.0005472991827344565
2015-07-14,0.00048677417696728066
2015-07-15,0.0004945895017945234
2015-07-16,-0.0007624711151104857
2015-07-17,-0.000671666083180944
2015-07-20,-0.0033361974010015726
2015-07-21,0.0015513769473899431
2015-07-22,-0.00011939250405268998
2015-07-23,-0.00165651407506629
2015-07-24,-0.0014839655497687287
2015-07-27,-0.0008466935033960232
2015-07-28,0.004202914367430905
2015-07-29,0.002024420422546469
2015-07-30,-0.0005500420832889985
2015-07-31,0.0020971817928525536
2015-08-03,0.0006569491293776597
2015-08-04,-0.0017289968505776964
2015-08-05,0.0014678541114611753
2015-08-06,0.003185240058933808
2015-08-07,0.001149426588275465
2015-08-10,0.0026067634742459713
2015-08-11,0.0014794893723488634
2015-08-12,0.0005246859469642207
2015-08-13,-0.0005057560930344484
2015-08-14,0.00022960929699138987
2015-08-17,0.003887129733909156
2015-08-18,-0.00047626236752799645
2015-08-19,0.0011636893311206154
2015-08-20,0.0009831544364662047
2015-08-21,-0.0020185538502153376
2015-08-24,-0.0013953146037272378
2015-08-25,-0.0028298916060447874
2015-08-26,0.0030622056766687277
2015-08-27,0.003016664059160046
2015-08-28,0.0020885990479369287
2015-08-31,-0.0018012723539293728
2015-09-01,-0.002206482187311376
2015-09-02,0.0019247365318751375
2015-09-03,-0.0007218753767030128
2015-09-04,-0.001627954439245577
2015-09-08,-0.04594507001574155
2015-09-09,-0.0010280441087125503
2015-09-10,-0.0006355377874797174
2015-09-11,0.0014450009469652802
2015-09-14,-0.000733462061305351
2015-09-15,0.0030236276746157587
2015-09-16,6.507739117377343e-05
2015-09-17,0.004365360897001858
2015-09-18,-0.0028377481569926864
2015-09-21,-0.0007152310871554601
2015-09-22,0.0009849951987889183
2015-09-23,0.0018579403289355923
2015-09-24,0.00018464822757240372
2015-09-25,0.003767946408973244
2015-09-28,0.00023359063148832294
2015-09-29,0.0034170903735514626
2015-09-30,0.007408985316431166
2015-10-01,-0.0021846935262942293
2015-10-02,0.004548805577631298
2015-10-05,0.003493294730178098
2015-10-06,0.00018628161095256556
2015-10-07,-0.0009206784513284549
2015-10-08,0.003490842371356118
2015-10-09,6.234709738398014e-05
2015-10-12,-6.136830666149673e-05
2015-10-13,-0.001761454558702713
2015-10-14,0.0014000923032416734
2015-10-15,0.0033150114363880824
2015-10-16,-0.002474983464844244
2015-10-19,9.554282474691367e-05
2015-10-20,0.0020098203185466403
2015-10-21,0.0006233460604039454
2015-10-22,0.0021514366028017153
2015-10-23,-0.003194880697214397
2015-10-26,0.001862996500334313
2015-10-27,0.00028354871307185726
2015-10-28,-0.00453124360353257
2015-10-29,-0.0004271835079395103
2015-10-30,0.0014588979710754013
2015-11-02,0.0008726710738317988
2015-11-03,-6.974343419178242e-05
2015-11-04,0.0024768425943225924
2015-11-05,-0.002320209082938135
2015-11-06,-0.004223580172726671
2015-11-09,0.001744203229365432
2015-11-10,0.0031760843112789983
2015-11-11,0.0026078885623842807
2015-11-12,-0.0012906080003349473
2015-11-13,-0.0013443184005208831
2015-11-16,0.004842017501799046
2015-11-17,-0.004789590218565615
2015-11-18,0.0030945732617691847
2015-11-19,0.003455947609890736
2015-11-20,0.002741889548790155
2015-11-23,-0.0028303630221012286
2015-11-24,-0.0017664487998003797
2015-11-25,-0.0013475481370401332
2015-11-27,0.0015264464809556567
2015-11-30,0.002319136333932037
2015-12-01,-0.0009882334982025953
2015-12-02,-0.0031541300643778856
2015-12-03,0.0005143623407610376
2015-12-04,0.005282644911160189
2015-12-07,0.0009779070133368317
2015-12-08,8.692414951497196e-05
2015-12-09,0.0004870515647755924
2015-12-10,-0.0037379056382128182
2015-12-11,-9.475973860801346e-05
2015-12-14,0.006563853537272185
2015-12-15,-0.0001771888657851217
2015-12-16,0.007280642857356417
2015-12-17,0.0011221598749965756
2015-12-18,-0.0010447141310479136
2015-12-21,9.357981512105872e-05
2015-12-22,0.0006065079054530687
2015-12-23,0.003049229904176898
2015-12-24,0.0003109160513674325
2015-12-28,-0.0005081609957656053
2015-12-29,0.0013236452658940356
2015-12-30,0.00039742144705123275
2016-01-04,0.0
2016-01-05,-0.0002296404435787186
2016-01-06,-0.0022165464864913748
2016-01-07,-0.0017685706294492953
2016-01-08,-0.0006313440121975336
2016-01-11,-7.386686134425169e-05
2016-01-12,0.00368282036513283
2016-01-13,0.0014998296100115216
2016-01-14,-0.0017777890720621706
2016-01-15,-0.0003095027673063952
2016-01-19,0.0020882412823885615
2016-01-20,0.0002589538226206792
2016-01-21,-0.0031569613948919106
2016-01-22,0.004220354645754154
2016-01-25,-0.00046435046840257593
2016-01-26,0.0022670795612233924
2016-01-27,2.139052090646687e-05
2016-01-28,-0.000979452293079719
2016-01-29,0.004956151798333183
2016-02-01,-0.007484194052842862
2016-02-02,0.002067698892943455
2016-02-03,0.010805995605773493
2016-02-04,0.0020012248303946864
2016-02-05,-0.0027164957376171264
2016-02-08,-0.003305809931349886
2016-02-09,0.0032062640291418837
2016-02-10,-0.0029025960708653
2016-02-11,0.0005320172770701959
2016-02-12,0.0022971383120245006
2016-02-16,0.0020403075250439717
2016-02-17,0.0032695470073115726
2016-02-18,-0.0020559939588288417
2016-02-19,0.0021671609631520664
2016-02-22,-0.0012584370755684415
2016-02-23,0.0022772690157208744
2016-02-24,0.002673487947404324
2016-02-25,0.00048244870264027573
2016-02-26,0.0020926945149441906
2016-02-29,-0.002278400829382063
2016-03-01,0.0008008972688113569
2016-03-02,0.0004950060318907254
2016-03-03,0.0018896609651080087
2016-03-04,0.0011295618875679023
2016-03-07,0.0010185254843974867
2016-03-08,0.0002494869198532909
2016-03-09,-5.8389575699840934e-05
2016-03-10,0.003917887826119376
2016-03-11,-0.0024505930588468033
2016-03-14,-0.0004597308256411303
2016-03-15,-0.0015069157390532537
2016-03-16,0.00019140822426974569
2016-03-17,0.0005693029586027049
2016-03-18,0.00010909972050612837
2016-03-21,0.0004407920406117108
2016-03-22,-0.0008780680401359042
2016-03-23,0.0011702043332069215
2016-03-24,0.0022885697395510496
2016-03-28,-0.0021900671584351925
2016-03-29,0.0003935008277807378
2016-03-30,-0.0021829055271875494
2016-03-31,-7.510703559943793e-05
2016-04-01,-0.0017169239188515872
2016-04-04,0.00037197700570663905
2016-04-05,-0.0008601598817020578
2016-04-06,-0.0003090115504450555
2016-04-07,0.000562658183457368
2016-04-08,-0.0001028084879382829
2016-04-11,0.00021799485623463788
2016-04-12,-0.0011509506519212093
2016-04-13,0.002154409299052501
2016-04-14,0.002264891726144025
2016-04-15,0.00297025629661523
2016-04-18,-0.0008836899559727801
2016-04-19,0.0021869403410190516
2016-04-20,0.002905820005104705
2016-04-21,0.005084536363174311
2016-04-22,0.00021147496295441381
2016-04-25,0.0008036894557196528
2016-04-26,0.0006221764424891099
2016-04-27,-0.000757538012295382
2016-04-28,0.004059827292946024
2016-04-29,0.0001445700911594447
2016-05-02,-0.0007464667067099834
2016-05-03,-0.0017460890467968226
2016-05-04,0.0003044321660768401
2016-05-05,-0.0001006030402413427
2016-05-06,-0.003850371410805825
2016-05-09,-0.0020212946938537174
2016-05-10,0.0021786094642040135
2016-05-11,0.0006596921529913591
2016-05-12,-0.0008534576810146771
2016-05-13,-0.0008736666155507236
2016-05-16,0.00037505692572188665
2016-05-17,0.0015624265908670693
2016-05-18,0.0032981938013846995
2016-05-19,0.0029454118570717697
2016-05-20,-0.0002923971837036077
2016-05-23,-0.0011012500953519605
2016-05-24,0.0005953080909916059
2016-05-25,0.00016691276770697955
2016-05-26,-0.0009079934634712086
2016-05-27,0.00021589636892745123
2016-05-31,0.00026822525360559873
2016-06-01,-0.0022536887979153694
2016-06-02,-0.00017882271895773572
2016-06-03,-0.002394633077623179
2016-06-06,0.00037466054739573873
2016-06-07,-0.0017435393450076914
2016-06-08,0.000320538883913174
2016-06-09,-0.0021046811189240552
2016-06-10,-0.00017959270789948828
2016-06-13,0.0025001261727911755
2016-06-14,0.001333095521036158
2016-06-15,-0.0001825679037304323
2016-06-16,-0.0019979650600818466
2016-06-17,-0.0006386565124950755
2016-06-20,0.002735766423027565
2016-06-21,0.00017494441310075826
2016-06-22,0.0012355720070730408
2016-06-23,0.00038855902069628856
2016-06-24,-0.0009258917461410568
2016-06-27,6.429027079538074e-05
2016-06-28,0.0004073975364554325
2016-06-29,0.001347617837926092
2016-06-30,0.003724551833503162
2016-07-01,0.0
2016-07-05,9.826651508725858e-05
2016-07-06,-0.00018849486614377353
2016-07-07,-0.0002547106339343297
2016-07-08,-0.00032090873806213117
2016-07-11,-0.00011347256779864479
2016-07-12,0.0005515338433841555
2016-07-13,-0.00017709688048205273
2016-07-14,0.00015240843637784885
2016-07-15,-0.00012960033984948938
2016-07-18,-0.00017776754618827883
2016-07-19,-0.0004741030877737196
2016-07-20,0.003157258695765669
2016-07-21,0.0005799951069588083
2016-07-22,0.0005921416240335653
2016-07-25,0.0007684351299495851
2016-07-26,0.001208144286019741
2016-07-27,0.0005022441608434847
2016-07-28,0.00110231556072225
2016-07-29,-0.0009589235963774201
2016-08-01,-0.0010003038983457334
2016-08-02,0.000557162820420154
2016-08-03,0.001918206992312449
2016-08-04,0.0017842204853881828
2016-08-05,0.0015156976794331368
2016-08-08,0.0009693372879163165
2016-08-09,0.000920797971754972
2016-08-10,-0.002652979125506999
2016-08-11,-0.0008191732570679733
2016-08-12,-0.0009041342114529283
2016-08-15,0.0005532107070201186
2016-08-16,0.00019175689211484715
2016-08-17,0.00041039406716447127
2016-08-18,0.0008188599055241718
2016-08-19,0.0011571360115689266
2016-08-22,-6.2766380994006e-05
2016-08-23,0.000155437961889221
2016-08-24,-0.00022034168233814878
2016-08-25,0.000756754766167389
2016-08-26,0.00021142170561884167
2016-08-29,0.0005780167835284511
2016-08-30,0.0020203833859805233
2016-08-31,0.0011961376444094562
2016-09-01,-0.0006492669916054794
2016-09-02,-0.0014458097299661632
2016-09-06,-0.0026260661866127854
2016-09-07,0.0036281158614109577
2016-09-08,0.0018848840632840313
2016-09-09,0.0009614719419436702
2016-09-12,-0.00018987563044809975
2016-09-13,-0.001357316195753283
2016-09-14,-0.00088272356590256
2016-09-15,-0.001557313682642897
2016-09-16,0.0006144640193896933
2016-09-19,0.0014099931249103637
2016-09-20,0.0003380506871861921
2016-09-21,-0.0017853058161237168
2016-09-22,-0.001715592510349373
2016-09-23,0.00030571974908285003
2016-09-26,-0.00013186149076892527
2016-09-27,0.0023194180813581487
2016-09-28,-0.0010781808007824245
2016-09-29,0.0006886941935829505
2016-09-30,-0.001083963075090366
2016-10-03,-0.0007015127961555234
2016-10-04,0.0011254755436973518
2016-10-05,0.0040267360822698215
2016-10-06,0.001897794537075348
2016-10-07,0.0018048130471963574
2016-10-10,-4.882491319485594e-06
2016-10-11,-0.0009938031967279826
2016-10-12,0.0005906740158421519
2016-10-13,-0.0008633717549076936
2016-10-14,-6.719611056831276e-05
2016-10-17,-0.0010701876074858286
2016-10-18,0.0004331208305041412
2016-10-19,0.0015755231423164816
2016-10-20,0.001102187854757669
2016-10-21,0.0012983960015064688
2016-10-24,-0.0017050089087659371
2016-10-25,0.0006876850213378249
2016-10-26,0.0020141894254249006
2016-10-27,0.0006246917732986357
2016-10-28,-0.0008749030481208453
2016-10-31,-0.00039316801649063595
2016-11-01,0.0014512602693099897
2016-11-02,-0.0003838063853923102
2016-11-03,0.00013806557043072876
2016-11-04,0.0054231046843412675
2016-11-07,-0.00015338463078986563
2016-11-08,-0.0010399706377236418
2016-11-09,0.0028229181368181143
2016-11-10,0.0031584633562665386
2016-11-11,-0.0011184789033405417
2016-11-14,0.0017197376371303808
2016-11-15,-0.000799471481293168
2016-11-16,9.102411969679757e-05
2016-11-17,0.0018036348515377831
2016-11-18,0.0018609095311839408
2016-11-21,0.002068997244665238
2016-11-22,0.0004211734910127496
2016-11-23,-0.001384487133518042
2016-11-25,-5.384434827092055e-05
2016-11-28,0.001161145439751915
2016-11-29,-0.0014358079834486115
2016-11-30,-0.0004924327634108272
2016-12-01,-0.0021439628393503662
2016-12-02,0.0004621517439599654
2016-12-05,-0.00030497178492786545
2016-12-06,0.0018607369274575847
2016-12-07,0.0032902253037268903
2016-12-08,0.0016888263334049359
2016-12-09,-0.0013321467910141992
2016-12-12,-0.0013678059366782958
2016-12-13,-0.0021318846201180686
2016-12-14,-0.0009691715491459918
2016-12-15,-0.00047362296767524125
2016-12-16,0.002787138220672891
2016-12-19,-0.00143632020202642
2016-12-20,0.0002628099663758932
2016-12-21,-0.002025255697473044
2016-12-22,-0.0018606644684165895
2016-12-23,-0.0006698621604767808
2016-12-27,0.0003772606310651072
2016-12-28,-0.0010943621129966496
2016-12-29,-0.0008917872484374256
2016-12-30,8.811009822479177e-06
2017-01-03,0.0
2017-01-04,-0.0003865005914624908
2017-01-05,-0.001121640258225387
2017-01-06,-0.0014698187910722749
2017-01-09,0.0006751860849561198
2017-01-10,0.0006349333588223371
2017-01-11,-0.00031642535756181144
2017-01-12,0.002339041150905119
2017-01-13,-0.0009463115637443453
2017-01-17,0.0003807957884810753
2017-01-18,0.0013509506279385185
2017-01-19,-0.0009584687032717365
2017-01-20,-0.0013246734264197424
2017-01-23,-0.00040360857884478294
2017-01-24,0.0004075199734491941
2017-01-25,-8.19774597252354e-05
2017-01-26,-0.005669732441272507
2017-01-27,0.0026313787000942002
2017-01-30,-0.000953509259743035
2017-01-31,-0.0008468435615770209
2017-02-01,-0.0014078763750438373
2017-02-02,-0.002257821666568538
2017-02-03,0.0020730107720284773
2017-02-06,0.0005940839141274745
2017-02-07,-1.9689697964075937e-05
2017-02-08,0.00026340473082818173
2017-02-09,0.00026355940797297974
2017-02-10,-0.001665975612306575
2017-02-13,0.0014226024768845102
2017-02-14,-0.007438505656184519
2017-02-15,0.0003285818063969548
2017-02-16,0.0006278429929203244
2017-02-17,-0.0033673436192015517
2017-02-21,-0.0002543246082658213
2017-02-22,0.0029695928782249637
2017-02-23,0.003293106211683988
2017-02-24,-0.000690103303867029
2017-02-27,0.0013884873756192574
2017-02-28,-0.0009392089020062889
2017-03-01,6.969467965605713e-05
2017-03-02,-0.0008525804696464468
2017-03-03,-0.0010446517274946276
2017-03-06,-0.0003761883602359295
2017-03-07,-0.0019372185444165135
2017-03-08,-0.0005658783158321856
2017-03-09,-0.0028592571009817434
2017-03-10,0.0006106870132359165
2017-03-13,0.00042731817397166915
2017-03-14,-4.1402016023339706e-05
2017-03-15,0.00016934302927584243
2017-03-16,-7.720232784034775e-05
2017-03-17,-0.0014917112483171068
2017-03-20,0.0010673322497853134
2017-03-21,-0.0012170012359702497
2017-03-22,-0.0013179370798403923
2017-03-23,-0.003004232098349441
2017-03-24,0.00028651243118868464
2017-03-27,-0.0008587799399850437
2017-03-28,0.0006986295866047432
2017-03-29,-0.00031706774329001155
2017-03-30,-0.00012679736760654037
2017-03-31,-0.0003289366983815434
2017-04-03,0.0012465993619927341
2017-04-04,-7.173305924113027e-05
2017-04-05,0.0012157810803454239
2017-04-06,-0.000785453372306899
2017-04-07,-0.0019540939698286853
2017-04-10,-0.0009756136653357505
2017-04-11,0.000947726504276536
2017-04-12,-0.00046762628017281703
2017-04-13,-0.000668691052334125
2017-04-17,-0.0005151563370940582
2017-04-18,0.00020244553499741967
2017-04-19,0.0026376155141804303
2017-04-20,-0.0014846386681010237
2017-04-21,-0.0014406320473127343
2017-04-24,-0.0010929058208637543
2017-04-25,-0.00026795749657237413
2017-04-26,-0.00243555080907813
2017-04-27,0.0030664140686321173
2017-04-28,-0.0013918473517032348
2017-05-01,0.00063404090423268
2017-05-02,-0.00209722182686925
2017-05-03,-0.002822494401135972
2017-05-04,0.0005393503667464272
2017-05-05,0.000618354672291982
2017-05-08,-0.00021733840183756347
2017-05-09,-0.0015477999270286646
2017-05-10,-0.002479863782552427
2017-05-11,0.0009280644399098092
2017-05-12,-0.004812923526209484
2017-05-15,0.0006888415231498413
2017-05-16,-0.0006952498477828695
2017-05-17,-0.0019479016177994467
2017-05-18,-0.0007194663562419213
2017-05-19,0.00026287803948191744
2017-05-22,-0.001536648908810756
2017-05-23,0.0010564269915135705
2017-05-24,0.0033704286607574075
2017-05-25,-0.0011886832239653088
2017-05-26,-0.0005506402745423522
2017-05-30,0.0006794344677329367
2017-05-31,0.0020885425696161473
2017-06-01,0.0018677106179093516
2017-06-02,-0.0004168637336218084
2017-06-05,0.0016014836075399553
2017-06-06,-0.00048254138753058283
2017-06-07,0.0012196712867384662
2017-06-08,0.0027993324916039896
2017-06-09,0.0014746307752428246
2017-06-12,0.008348795709030049
2017-06-13,-0.0021147399772657614
2017-06-14,-0.001790786219520313
2017-06-15,0.0022019671259530917
2017-06-16,0.0014534872820670397
2017-06-19,-0.004145991665649673
2017-06-20,-0.000921291968439325
2017-06-21,-0.0014639646579406417
2017-06-22,-0.001186251188743831
2017-06-23,0.001908121762551257
2017-06-26,0.0001435283818346733
2017-06-27,-0.002484437440971454
2017-06-28,0.0005070239420391698
2017-06-29,-0.0009189040213677779
2017-06-30,-0.001130903811113415
2017-07-03,0.0
2017-07-05,-0.00010088956734223831
2017-07-06,-6.346506990143608e-05
2017-07-07,-3.6666700984744335e-05
2017-07-10,-8.951709113920181e-05
2017-07-11,1.301362139770612e-05
2017-07-12,6.241122358696671e-05
2017-07-13,0.00016325275877862588
2017-07-14,-1.8116306857440811e-06
2017-07-17,9.641296298545932e-05
2017-07-18,-0.0005468356191062173
2017-07-19,2.1664909954721702e-05
2017-07-20,-0.000801323018569522
2017-07-21,0.0006752885419345934
2017-07-24,0.00024588241371237827
2017-07-25,-0.00027721785669180263
2017-07-26,-0.0007765873190541895
2017-07-27,-0.00018242405218948376
2017-07-28,0.0007188350140235611
2017-07-31,-0.000596559353043874
2017-08-01,0.0008869410766569052
2017-08-02,0.0014969117326318893
2017-08-03,-0.0001032945794165463
2017-08-04,0.000315743126614515
2017-08-07,-0.0010896536031587967
2017-08-08,0.0005644424959336481
2017-08-09,2.9075037115272595e-05
2017-08-10,-0.0012916421051754833
2017-08-11,0.0009126143946299959
2017-08-14,0.0005446929225546681
2017-08-15,0.00019183589384984544
2017-08-16,0.0002905601396164914
2017-08-17,1.970688196959447e-05
2017-08-18,0.00015124266993149504
2017-08-21,-0.0007470418581713489
2017-08-22,0.0006627392416708233
2017-08-23,0.00024958101808051356
2017-08-24,-0.0004096538537909089
2017-08-25,0.0013522604630872403
2017-08-28,-0.0009795354693405256
2017-08-29,0.00046726511794092376
2017-08-30,-0.00047844593702389693
2017-08-31,-9.646336576730752e-05
2017-09-01,-0.00014484572371860073
2017-09-05,-0.001150041632224519
2017-09-06,-4.5710648542368613e-05
2017-09-07,0.00016493805674466788
2017-09-08,-0.00015924137466516441
2017-09-11,0.0006474667999683548
2017-09-12,0.0012704761126959563
2017-09-13,0.00039751841580573655
2017-09-14,0.001106037610856181
2017-09-15,-0.0007598418051921463
2017-09-18,-0.00034832693152425653
2017-09-19,0.0011421091492983704
2017-09-20,-0.0007520815761140164
2017-09-21,0.0011788767482799611
2017-09-22,0.0007181914580467186
2017-09-25,0.0011578958028235942
2017-09-26,-0.00114872525229755
2017-09-27,0.0002548056007811494
2017-09-28,-0.0010137636740731371
2017-09-29,-1.5170850012152792e-05
2017-10-02,-0.0002811192884289715
2017-10-03,-0.001047173681804936
2017-10-04,-0.0007902252568816493
2017-10-05,0.0004671499208236951
2017-10-06,0.0002697623190735188
2017-10-09,-0.0002891331272554254
2017-10-10,0.0012108486802317685
2017-10-11,0.0006790996939679439
2017-10-12,-0.00010328998659697719
2017-10-13,-0.000980780229410383
2017-10-16,0.00018157910653106567
2017-10-17,-0.0003087843715313232
2017-10-18,-0.00039442027277339917
2017-10-19,-0.00021103116278738953
2017-10-20,-0.00044964691481945706
2017-10-23,0.002183827663464838
2017-10-24,0.00023241798791113767
2017-10-25,-0.00011207657554242468
2017-10-26,0.0018799317282756744
2017-10-27,0.0002008702013640451
2017-10-30,0.0002591380520156783
2017-10-31,-0.0002236935846095023
2017-11-01,-0.0020079396113910743
2017-11-02,0.0016999638220251024
2017-11-03,-0.0017088481658412314
2017-11-06,-0.00025721284438612324
2017-11-07,0.0011709125100277996
2017-11-08,-0.00246688298170325
2017-11-09,-0.0014833928547960007
2017-11-10,0.00016191225828213196
2017-11-13,-0.0019060636651080487
2017-11-14,-0.0021184400500872556
2017-11-15,0.0004737333079000483
2017-11-16,-0.0018789567809647744
2017-11-17,-6.751016316571268e-05
2017-11-20,8.521597467275876e-06
2017-11-21,0.0005899296185753855
2017-11-22,0.0006184699795504456
2017-11-24,0.001254154919854189
2017-11-27,-0.000123072211453501
2017-11-28,-0.0018988037682064695
2017-11-29,0.0009296890703030692
2017-11-30,-0.0016239105263194053
2017-12-01,-0.000520210162830248
2017-12-04,-0.0005706128494896545
2017-12-05,-0.0023690853814542666
2017-12-06,-0.0008925551432518719
2017-12-07,0.0006321590754927442
2017-12-08,-0.003976371745730317
2017-12-11,0.0008719717684758432
2017-12-12,-0.0008084104666612301
2017-12-13,-0.0013930014462314399
2017-12-14,0.0026861027833524342
2017-12-15,-0.0008090555817710343
2017-12-18,0.002241291140970708
2017-12-19,-0.005655913740159136
2017-12-20,-0.000994200415231905
2017-12-21,-0.004899241410086669
2017-12-22,0.0010804031281461345
2017-12-26,8.18318645102567e-05
2017-12-27,-0.0013418642333281826
2017-12-28,-0.0018760950978700785
2017-12-29,0.0001348504704734188
2018-01-02,0.0
2018-01-03,0.002063066355603105
2018-01-04,0.0012420193686851822
2018-01-05,0.00038509012570190346
2018-01-08,-0.00029618989910732975
2018-01-09,-0.002045844702561095
2018-01-10,-0.0012827675385670202
2018-01-11,-0.0030181036222608317
2018-01-12,-0.0020915913416822696
2018-01-16,0.0011669835731543787
2018-01-17,-0.0016843523200117338
2018-01-18,-0.0008176944206717996
2018-01-19,0.0014994849982568226
2018-01-22,0.0012767445068991023
2018-01-23,0.001950354990907266
2018-01-24,-0.0002605063892142545
2018-01-25,-0.007351890026209484
2018-01-26,-0.00021622482633962826
2018-01-29,0.0006789214734248206
2018-01-30,-1.5068003914187056e-05
2018-01-31,0.0009365872308538026
2018-02-01,0.002402380914627705
2018-02-02,0.0033814640367920146
2018-02-05,0.00020805245583923048
2018-02-06,0.0009906349401584357
2018-02-07,0.0008899780158877713
2018-02-08,0.0007216385809780956
2018-02-09,0.004473279499191285
2018-02-12,0.00037143917009491156
2018-02-13,-0.0007861892677171522
2018-02-14,-0.0028608514636719374
2018-02-15,0.0021180196583987067
2018-02-16,-5.994315159979502e-06
2018-02-20,0.000708366567881924
2018-02-21,-0.0004942589896436367
2018-02-22,0.00048360518677493803
2018-02-23,0.0003044971192030288
2018-02-26,0.0049254419569262796
2018-02-27,-0.0024282425647648097
2018-02-28,-0.00010573844159588175
2018-03-01,0.0028375493902715655
2018-03-02,-0.0037160881713740046
2018-03-05,-0.0005577385096872334
2018-03-06,-0.0009121337509079619
2018-03-07,0.0007342978338482576
2018-03-08,-0.0009525423514311404
2018-03-09,0.0015691995440379747
2018-03-12,0.0012638582570168478
2018-03-13,0.001209709355441052
2018-03-14,-0.0007428863290237176
2018-03-15,-0.0011387963233701725
2018-03-16,0.0017598668616100044
2018-03-19,-0.00030771359899369746
2018-03-20,0.001449110336576287
2018-03-21,-0.00012761278301325895
2018-03-22,-0.001563746728528792
2018-03-23,0.0013287582959859545
2018-03-26,-0.00032619501969398667
2018-03-27,-0.0007538190686347812
2018-03-28,0.002290917775820067
2018-03-29,-0.000381335745917627
2018-04-02,-2.3865943916279164e-05
2018-04-03,0.0008762941424250104
2018-04-04,0.0008336552413602205
2018-04-05,0.00019366755834019923
2018-04-06,8.225024711432937e-05
2018-04-09,-0.0003685187342741203
2018-04-10,-0.003562188650315623
2018-04-11,-0.0017373198051949756
2018-04-12,-0.001203332343877278
2018-04-13,0.00038714610793980087
2018-04-16,0.0024725380236402528
2018-04-17,0.00027639557726616415
2018-04-18,-0.0005855419293491592
2018-04-19,-0.00021570466283558632
2018-04-20,-0.0009259949716120597
2018-04-23,0.002699390165657245
2018-04-24,0.002033244764218617
2018-04-25,0.003125890976525797
2018-04-26,-0.0005107515298372056
2018-04-27,-0.000996032513523043
2018-04-30,-0.0002196828847335186
2018-05-01,0.0017133530926998375
2018-05-02,0.001501023404820928
2018-05-03,-0.0009744097288380716
2018-05-04,0.0011000190465149274
2018-05-07,0.0012626195045759736
2018-05-08,0.0023992779725261816
2018-05-09,0.00023073598881401258
2018-05-10,-0.0015737752708684717
2018-05-11,9.282891044496422e-05
2018-05-14,0.0015268943060698203
2018-05-15,-0.00018187951361035571
2018-05-16,-0.00030622923624427646
2018-05-17,-0.000994588989173989
2018-05-18,0.0009294941178687122
2018-05-21,0.0007824700274984663
2018-05-22,0.001382562018764155
2018-05-23,0.003199163143974837
2018-05-24,0.0012680364078851369
2018-05-25,-0.00016257047163080186
2018-05-29,0.0004424682674071423
2018-05-30,-4.4855772399110536e-05
2018-05-31,0.0010598029915636908
2018-06-01,0.0020620436655191254
2018-06-04,-0.0012791723271692369
2018-06-05,-0.0007862685423967897
2018-06-06,-0.0005622641409041007
2018-06-07,0.0016352144565583704
2018-06-08,-0.0020723359338982728
2018-06-11,-0.007897293672256372
2018-06-12,-0.0010004331331345151
2018-06-13,0.0011736510711087222
2018-06-14,0.003100255929778217
2018-06-15,0.0006795601102080661
2018-06-18,-0.003705789352368716
2018-06-19,0.00038661858335107825
2018-06-20,0.0012279547427997805
2018-06-21,0.0010724253496954272
2018-06-22,0.0002885786368206578
2018-06-25,0.00036757549065430937
2018-06-26,0.0008550887843613408
2018-06-27,4.470794904545272e-05
2018-06-28,-0.0037750073592341337
2018-06-29,-0.0038049054390142667
2018-07-02,0.0
2018-07-03,-1.7549995054455537e-05
2018-07-05,0.0006112006516415525
2018-07-06,-3.901561109715956e-05
2018-07-09,0.0008301721951489594
2018-07-10,0.0003887200024930204
2018-07-11,-0.00019823960762730964
2018-07-12,0.0004396539731038707
2018-07-13,0.0004888107267977615
2018-07-16,9.540093542853567e-05
2018-07-17,0.00017665511170429914
2018-07-18,0.0010345544442084908
2018-07-19,-0.0010995152789885277
2018-07-20,-0.0004067494802120042
2018-07-23,-0.0004949337170339685
2018-07-24,0.0009149973713291071
2018-07-25,-0.002476157660167655
2018-07-26,0.004843759748908538
2018-07-27,-0.0005352115026765525
2018-07-30,0.0010768323231898024
2018-07-31,-0.0001667764198068411
2018-08-01,-0.0016869738007582792
2018-08-02,-0.0022923043784446374
2018-08-03,0.0013329894114315344
2018-08-06,-0.0002927865851827582
2018-08-07,8.877754995038068e-05
2018-08-08,0.0018276467368355588
2018-08-09,0.0007954760800655825
2018-08-10,-0.0003601919334784154
2018-08-13,-0.0015863992258905834
2018-08-14,9.640636103130373e-05
2018-08-15,0.0006489938497781678
2018-08-16,-0.0009235585464290597
2018-08-17,0.0006008401785643991
2018-08-20,-0.0016872143448080745
2018-08-21,-0.0009509924572038197
2018-08-22,0.0003905524401052685
2018-08-23,0.0009802073680814482
2018-08-24,-0.00040386802792815034
2018-08-27,0.0016453713610998677
2018-08-28,-0.0004949190616904076
2018-08-29,0.0015511773955005303
2018-08-30,-0.002746570400019266
2018-08-31,-0.0007868017268060467
2018-09-04,0.0005709236951315033
2018-09-05,-0.0005650690953376891
2018-09-06,0.00034916632262523283
2018-09-07,-0.0020014219395266984
2018-09-10,0.0009756386609595047
2018-09-11,0.00019167916765733262
2018-09-12,0.00047996430061902353
2018-09-13,-0.0002802631000198341
2018-09-14,0.00017778049451057653
2018-09-17,0.002718333236445436
2018-09-18,-0.00013964610206202433
2018-09-19,0.0038752955909444942
2018-09-20,-0.0022709144436453
2018-09-21,0.00044409409697042656
2018-09-24,-0.0030867665201735174
2018-09-25,-0.002457608514059595
2018-09-26,-0.000599805545720028
2018-09-27,0.00042961448016950456
2018-09-28,-0.0012514728076098603
2018-10-01,0.000414969332434495
2018-10-02,-2.4903275841725582e-05
2018-10-03,0.0003149353112693376
2018-10-04,-9.118675921950813e-05
2018-10-05,-0.0026058054394209273
2018-10-08,-0.0007093753281058657
2018-10-09,-0.004263417400951541
2018-10-10,-2.049195082794997e-05
2018-10-11,0.0012864173410007563
2018-10-12,0.002158385959585024
2018-10-15,0.001004523451103434
2018-10-16,0.0026445835998044733
2018-10-17,-0.001856273544489645
2018-10-18,0.0016521248098531505
2018-10-19,-0.0006338586326089136
2018-10-22,-0.0023762656103903266
2018-10-23,5.031611590595175e-05
2018-10-24,-0.0034775981212285534
2018-10-25,0.00014419650584066024
2018-10-26,0.006962944182388292
2018-10-29,0.0022594425309118483
2018-10-30,-0.003061467407158308
2018-10-31,0.0012805739813460837
2018-11-01,-8.036330089343235e-05
2018-11-02,-0.000693142430658339
2018-11-05,0.0005419480900712315
2018-11-06,0.0007434217140688037
2018-11-07,0.002260314513642081
2018-11-08,3.678488237705557e-05
2018-11-09,-0.0008674817290051318
2018-11-12,-0.0023120135637792584
2018-11-13,-0.0002781014891313716
2018-11-14,0.0006761146467126944
2018-11-15,-0.007696855734737373
2018-11-16,0.0023064024340629596
2018-11-19,0.0003341045631191364
2018-11-20,0.0009861695541234783
2018-11-21,0.003631629153626037
2018-11-23,-0.0012447374052294402
2018-11-26,0.002623828574266268
2018-11-27,0.0010373026897364079
2018-11-28,0.0008806628936475381
2018-11-29,0.000477110586587659
2018-11-30,-0.002219235527066038
2018-12-03,0.003035119320291252
2018-12-04,0.001620377816494517
2018-12-06,-0.004399072391626924
2018-12-07,0.003079825754393484
2018-12-10,0.0007721575241479206
2018-12-11,0.0013714250229048374
2018-12-12,0.0006221020282240308
2018-12-13,-0.0005343430806759141
2018-12-14,0.0002419551108096496
2018-12-17,-0.002592514021033043
2018-12-18,-0.0012868294687254588
2018-12-19,0.0006333436138626969
2018-12-20,-0.0009872506894869238
2018-12-21,-0.0011858284240676587
2018-12-24,-0.0009605504297949929
2018-12-26,-0.0018366681926140216
2018-12-27,-0.0006308427131521466
2018-12-28,0.00042557940387285555
2018-12-31,-0.002245485058355301
2019-01-02,0.0
2019-01-03,0.002123706815479526
2019-01-04,0.0008724281573036341
2019-01-07,0.00045760054648897875
2019-01-08,-0.00012885188159879047
2019-01-09,0.0011353887375942229
2019-01-10,0.0020684927268351918
2019-01-11,0.0005644922717509049
2019-01-14,-0.0005397282898128075
2019-01-15,-0.001028243192384104
2019-01-16,0.001004811052361465
2019-01-17,0.0014361146921700262
2019-01-18,0.00017930474275852925
2019-01-22,-0.00015230410935948568
2019-01-23,0.0010147089363468308
2019-01-24,0.0006878325357113857
2019-01-25,0.0006985541290655484
2019-01-28,3.721020695497401e-05
2019-01-29,0.000755222272520717
2019-01-30,0.0005287940192812646
2019-01-31,-0.0008185936308208186
2019-02-01,0.00012190620175135947
2019-02-04,-0.0005169578813960963
2019-02-05,0.0015764364995718815
2019-02-06,-0.000752179842262679
2019-02-07,0.0003968179805911687
2019-02-08,-0.0004221133644852215
2019-02-11,0.000174992252142947
2019-02-12,0.00016382289726646349
2019-02-13,0.0016413982240651493
2019-02-14,-0.001235265460931656
2019-02-15,0.00047539498570521864
2019-02-19,-0.0004574563048786451
2019-02-20,0.0018485763450028613
2019-02-21,0.00047254639196344094
2019-02-22,-0.000554845936739301
2019-02-25,0.0025142975013662584
2019-02-26,-0.0006785205650475523
2019-02-27,0.0006875824480191528
2019-02-28,-3.7161716607192476e-05
2019-03-01,-0.0020364861071036798
2019-03-04,0.0009141758678560929
2019-03-05,-0.00010065342996482541
2019-03-06,-0.0014037054669371663
2019-03-07,-0.0013358949714157241
2019-03-08,0.000602898622827025
2019-03-11,-0.0008472472319696389
2019-03-12,-0.0014975668651123764
2019-03-13,-0.001066700953556804
2019-03-14,-0.0005842691839257729
2019-03-15,-0.0021238260143417566
2019-03-18,-0.0002599209710529571
2019-03-19,-0.00043687251738812604
2019-03-20,0.0004592517244021821
2019-03-21,-0.002297353024630111
2019-03-22,0.0007744274921957673
2019-03-25,0.00033859088557236516
2019-03-26,0.0007104777135362505
2019-03-27,-0.00098380881036102
2019-03-28,0.001279838958267998
2019-03-29,0.0013976356912253963
2019-04-01,0.0015471471415042849
2019-04-02,-0.0007113435980753091
2019-04-03,-6.266314201593958e-05
2019-04-04,0.0021185632662656497
2019-04-05,0.0008019286788629731
2019-04-08,-0.0003693585185368442
2019-04-09,-0.0008805279413192979
2019-04-10,0.001269444561101074
2019-04-11,0.00017163522015024025
2019-04-12,0.00011813487698785762
2019-04-15,-2.5589522342284177e-05
2019-04-16,0.00045980947880825963
2019-04-17,0.0002444724245858343
2019-04-18,0.0009955968222501554
2019-04-22,-0.0024867073888680978
2019-04-23,-0.0015718587629144965
2019-04-24,0.001148471743855839
2019-04-25,-0.0013079336026926348
2019-04-26,0.0008614075792783393
2019-04-29,-0.0002843503447277851
2019-04-30,-0.0003644369982634399
2019-05-01,-7.940047301324137e-05
2019-05-02,-8.849784734539234e-05
2019-05-03,-0.00010708557526586392
2019-05-06,-0.0005167280436289224
2019-05-07,-0.0001649299216408717
2019-05-08,-0.001240806256924637
2019-05-09,-0.002057500182158195
2019-05-10,-0.002421705514287398
2019-05-13,-0.0038440774599099504
2019-05-14,-0.0015307264866167459
2019-05-15,-0.00039903159756141116
2019-05-16,-0.00032944210921820316
2019-05-17,0.00014775309848791274
2019-05-20,-0.0017441810324258177
2019-05-21,0.000704912784878664
2019-05-22,-0.0007840154860689563
2019-05-23,0.0011924694441477813
2019-05-24,-0.0013290684809662667
2019-05-28,-0.0029129997013866205
2019-05-29,0.00048560173460420185
2019-05-30,-0.0013208773862792677
2019-05-31,-0.00012666734502072007
2019-06-03,-0.0014290957767920886
2019-06-04,-0.00012017905275386598
2019-06-05,-0.002477222145535396
2019-06-06,-0.0009738481105914909
2019-06-07,-0.00031145433700250914
2019-06-10,-0.0009424448348338554
2019-06-11,0.0003394770328588148
2019-06-12,-0.00272884682410966
2019-06-13,-0.00023962080396071063
2019-06-14,0.001589234698631914
2019-06-17,0.0022400952178439014
2019-06-18,-0.0028146997194449185
2019-06-19,-0.0016181145607548908
2019-06-20,0.0032578761018972613
2019-06-21,0.0005653667794364936
2019-06-24,0.0029470786569627816
2019-06-25,0.0011300318779337403
2019-06-26,-0.00029386412641497215
2019-06-27,0.0032723939918642754
2019-06-28,-0.001957755273495493
2019-07-01,0.0
2019-07-02,4.909207255278226e-07
2019-07-03,0.0012535153714820933
2019-07-05,-0.0005468898443017838
2019-07-08,0.00020158389271741136
2019-07-09,0.0012426860100567632
2019-07-10,9.250676118603234e-05
2019-07-11,-0.0007624158028085273
2019-07-12,0.00016915982608067196
2019-07-15,-0.0017835873655800355
2019-07-16,-0.0008851833266273541
2019-07-17,-0.0010922449115176715
2019-07-18,-0.0012670392067546696
2019-07-19,-0.001206683634770901
2019-07-22,-0.00018446077695716886
2019-07-23,3.595323218151073e-05
2019-07-24,-0.0017164015748504667
2019-07-25,-0.0007182438396102528
2019-07-26,-0.0035405171941967966
2019-07-29,-0.0015981290231947152
2019-07-30,-2.3180730221283863e-05
2019-07-31,-0.0018254493181052063
2019-08-01,-0.0032342105841519702
2019-08-02,0.003824916891816151
2019-08-05,-0.001838921735637353
2019-08-06,0.002126264039171402
2019-08-07,-0.00036444586910946677
2019-08-08,-0.0025187384165226145
2019-08-09,-0.002359783940425871
2019-08-12,-0.0015613395166688446
2019-08-13,-0.0027602089936253535
2019-08-14,-0.003306879883715974
2019-08-15,0.000804033735574435
2019-08-16,0.0022616330562559603
2019-08-19,-0.0018297713385327682
2019-08-20,-0.0023027812501364184
2019-08-21,-0.0019649038770744743
2019-08-22,-0.0011143517240120243
2019-08-23,-0.002154894206298003
2019-08-26,-0.00168540249564644
2019-08-27,-0.0038711088579863914
2019-08-28,-2.836191340830105e-05
2019-08-29,0.002349594937692644
2019-08-30,0.0020393308169131727
2019-09-03,-0.0026119227323221114
2019-09-04,0.0016468885900031334
2019-09-05,0.0029006644700434766
2019-09-06,0.007222811841336175
2019-09-09,0.00992468327393392
2019-09-10,-0.0009610081647032179
2019-09-11,-0.0029557667860692916
2019-09-12,-0.0005878805460232796
2019-09-13,-0.0004526359739878262
2019-09-16,0.002891950667449572
2019-09-17,-0.0020794959654291
2019-09-18,0.001160025810809663
2019-09-19,-0.001689098728613694
2019-09-20,0.001739456981908891
2019-09-23,-0.001291980584086108
2019-09-24,0.00025476533666600617
2019-09-25,-0.0013825919936560226
2019-09-26,0.000725981600571283
2019-09-27,-3.593367763589835e-05
2019-09-30,-0.00022488402914289107
2019-10-01,-0.0008267818540874353
2019-10-02,0.0006950402173192353
2019-10-03,0.0006045334522868249
2019-10-04,0.0005490947978126832
2019-10-07,0.0028027142723857767
2019-10-08,-0.0015944177811136576
2019-10-09,-0.0019831252877276742
2019-10-10,-0.001277713689559781
2019-10-11,0.004157354642716234
2019-10-14,0.0019106636273363595
2019-10-15,0.001299955133203153
2019-10-16,-0.002862628402339831
2019-10-17,-0.0012293929422794478
2019-10-18,0.0022096285730675755
2019-10-21,-0.00014814333841486584
2019-10-22,-0.0007724125700536463
2019-10-23,0.00043980138875514426
2019-10-24,0.0026963085833640846
2019-10-25,-0.0037245425554364472
2019-10-28,0.0009722565735533947
2019-10-29,0.0012077728643387076
2019-10-30,-0.0008113502114419759
2019-10-31,-0.0032684054134995114
2019-11-01,0.0022156103427390444
2019-11-04,0.00017194480852621922
2019-11-05,-8.738862374710641e-05
2019-11-06,0.0012207729346385883
2019-11-07,0.0017010842021792
2019-11-08,0.0020577070693168003
2019-11-11,0.0032584723171515703
2019-11-12,-0.0015944266205176133
2019-11-13,-0.0006964258343337507
2019-11-14,0.0009539141105453632
2019-11-15,-0.0003514750098072499
2019-11-18,0.0027064407709646576
2019-11-19,0.0035346137100312636
2019-11-20,0.00023804838644791992
2019-11-21,-0.0015942279891406558
2019-11-22,-0.0014248919802923002
2019-11-25,-0.0013537103070996993
2019-11-26,-0.0004551797897581817
2019-11-27,0.0003208387673408413
2019-11-29,0.001217231046268678
2019-12-02,-0.0012474559623021045
2019-12-03,0.0010639942946659956
2019-12-04,-0.0012374212619515755
2019-12-05,0.00017758052541510464
2019-12-06,0.0005435293040381706
2019-12-09,0.00015432482670945595
2019-12-10,-0.0007570004678395895
2019-12-11,-0.0014187753004746716
2019-12-12,-0.0010711426316828113
2019-12-13,0.0009136248358065862
2019-12-16,0.0008011390765064248
2019-12-17,-8.935998702571299e-06
2019-12-18,0.0001683029574651471
2019-12-19,-0.0011446619775525055
2019-12-20,0.0017575931315200312
2019-12-23,0.0005170450366230872
2019-12-24,-0.0012644915980898712
2019-12-26,-0.0010545631932786421
2019-12-27,0.0011275402234676157
2019-12-30,0.0013341241282331137
2019-12-31,0.0015348487319871336
2020-01-02,0.0
2020-01-03,0.0005073499530534986
2020-01-06,0.00021019463500712154
2020-01-07,0.00015355991159520798
2020-01-08,3.116090481670719e-05
2020-01-09,2.7211978809399405e-05
2020-01-10,-0.00020963009191681258
2020-01-13,-0.00044917491354127257
2020-01-14,0.0005358860554447398
2020-01-15,-0.0009420107455919702
2020-01-16,-0.0002468656529507229
2020-01-17,-0.0007388440490256499
2020-01-21,0.00023405813462267777
2020-01-22,0.0019604567441730003
2020-01-23,-0.0003600595556623509
2020-01-24,0.0004576115063661679
2020-01-27,-0.0006879380139539482
2020-01-28,-0.00033125915503548486
2020-01-29,0.0007213383725993783
2020-01-30,-0.0011071964831303016
2020-01-31,0.0015046058205449742
2020-02-03,0.0003504699985240889
2020-02-04,0.004235080770562361
2020-02-05,0.00148342894939969
2020-02-06,-0.003229935024480657
2020-02-07,0.0031565415101206585
2020-02-10,0.0005214829110838648
2020-02-11,0.000431399601186816
2020-02-12,-0.0014388108343794726
2020-02-13,-0.0019975443266890213
2020-02-14,-0.0002129462648572944
2020-02-18,0.00012367498278161303
2020-02-19,0.0011259786895058631
2020-02-20,-0.0014172037563857486
2020-02-21,-0.004348873197453834
2020-02-24,-0.0015729786596444307
2020-02-25,-0.002198365050444473
2020-02-26,-0.008160440300796984
2020-02-27,-0.0024321739345937454
2020-02-28,0.0019118180729316037
2020-03-02,-0.003735034488516287
2020-03-03,-0.0006184057314260472
2020-03-04,-0.00253158648365871
2020-03-05,-0.005171210103803036
2020-03-06,0.0038212562227700865
2020-03-09,0.000635381459756057
2020-03-10,0.010419057860611902
2020-03-11,-0.004424939493451097
2020-03-12,-0.0019143825329817343
2020-03-13,-0.008528760187570284
2020-03-16,-0.003676045266080519
2020-03-17,-0.0015652780127063059
2020-03-18,-0.021247956856160887
2020-03-19,0.04220537628269314
2020-03-20,0.012220224128992652
2020-03-23,0.007331477938679998
2020-03-24,-7.448409380514943e-05
2020-03-25,0.007865893874396424
2020-03-26,0.007573467953310898
2020-03-27,-0.0031717670152910547
2020-03-30,-0.0072827833991514265
2020-03-31,0.015317487116425731
2020-04-01,0.002824330741303993
2020-04-02,-0.003281889281702033
2020-04-03,-0.004748414546276147
2020-04-06,0.011976249467190137
2020-04-07,0.002487651270900432
2020-04-08,-0.002812806565453585
2020-04-09,-0.005041021243939353
2020-04-13,0.00899409309990803
2020-04-14,0.0008380640580212706
2020-04-15,-0.00061820206410238
2020-04-16,-0.006838828322771823
2020-04-17,0.012407736921024625
2020-04-20,0.008509404353895333
2020-04-21,-0.002628857927798428
2020-04-22,-0.0010208991542599577
2020-04-23,-0.003931568484163084
2020-04-24,-0.00035781870218842826
2020-04-27,0.006470638901490189
2020-04-28,0.0031210558444091873
2020-04-29,0.005138893740874645
2020-04-30,0.0032922762240583216
2020-05-01,-0.005701822027412168
2020-05-04,-0.0006885125419533345
2020-05-05,0.0014661050618652305
2020-05-06,0.0050328807463176865
2020-05-07,-0.003760036877761669
2020-05-08,0.00043352517243124835
2020-05-11,-0.0016493560341317326
2020-05-12,0.004553210693562087
2020-05-13,-0.005344024220574101
2020-05-14,-0.0018254180242813945
2020-05-15,-0.003511981917674939
2020-05-18,0.0016837749211215613
2020-05-19,-0.006311370073147626
2020-05-20,1.7231120581717718e-05
2020-05-21,0.001752485317706498
2020-05-22,0.004448994068251566
2020-05-26,0.002525696838084163
2020-05-27,0.005123663228676217
2020-05-28,-0.003928324399647581
2020-05-29,-0.001941102623207408
2020-06-01,-0.0006108069260246818
2020-06-02,-0.0003498938623442083
2020-06-03,0.003882538143701575
2020-06-04,0.000275852753507666
2020-06-05,-0.001427442239017973
2020-06-08,0.010360859217465246
2020-06-09,0.000648132538672741
2020-06-10,-0.005227452398072074
2020-06-11,-0.003068403406014486
2020-06-12,0.0011016973789561512
2020-06-15,-0.0006609167824808027
2020-06-16,0.0018767130566100243
2020-06-17,-0.0025766106219689113
2020-06-18,0.0004724862944745389
2020-06-19,-0.006053265834423227
2020-06-22,0.0005802160495374853
2020-06-23,-0.0012216530922986636
2020-06-24,-0.0013132433526154342
2020-06-25,-0.0007748470750603587
2020-06-26,-0.004706469224416282
2020-06-29,0.006736182714084005
2020-06-30,-0.0005480279240652197
2020-07-01,0.0
2020-07-02,0.0005653117376312911
2020-07-06,-0.0007588603010828976
2020-07-07,-0.0009006754430706421
2020-07-08,0.00047151898050817875
2020-07-09,-0.0024355658298769733
2020-07-10,-0.0022871724477750432
2020-07-13,0.001982314441179639
2020-07-14,0.0008878415291452945
2020-07-15,0.002843935118854868
2020-07-16,-0.0015786520574212425
2020-07-17,-0.0006133274363119056
2020-07-20,-0.0011324180526529504
2020-07-21,0.003716569591476937
2020-07-22,0.0009202245213919436
2020-07-23,0.0027871610788853364
2020-07-24,0.0014519702800496691
2020-07-27,0.002817809529722237
2020-07-28,-0.00024542301025014534
2020-07-29,0.0022177260208743
2020-07-30,-9.559189158878656e-05
2020-07-31,-0.0036862621843879563
2020-08-03,0.0010808278486717615
2020-08-04,-0.00013951497404322
2020-08-05,-0.0015220526248226729
2020-08-06,0.0016282865813044556
2020-08-07,0.0012514412891958093
2020-08-10,-0.0002310469567391782
2020-08-11,0.001915429479813352
2020-08-12,-0.0018550683416163004
2020-08-13,9.345694089349932e-05
2020-08-14,0.004749644666763336
2020-08-17,-0.0023346397106291496
2020-08-18,-1.7757776904769873e-05
2020-08-19,-0.000700042883523716
2020-08-20,-0.0005897739370751165
2020-08-21,-0.001090926880987725
2020-08-24,0.0015637681264540292
2020-08-25,-0.0016277254161309817
2020-08-26,-0.0008058185155066955
2020-08-27,0.005662529564991336
2020-08-28,0.000818262775352696
2020-08-31,-0.0009139652044843627
2020-09-01,0.0002242813155060308
2020-09-02,-0.0005310760662200487
2020-09-03,0.00300154047989028
2020-09-04,0.0013777028157335503
2020-09-08,-0.0005086826481025764
2020-09-09,-0.0037506229900094944
2020-09-10,-0.0002417277248343397
2020-09-11,0.0017704160529105062
2020-09-14,0.005619161690749963
2020-09-15,-0.0049474156576297616
2020-09-16,-0.0010448497775157161
2020-09-17,-0.0002933165894138112
2020-09-18,-0.002169571411726584
2020-09-21,0.0044343503224949675
2020-09-22,0.004519343121823244
2020-09-23,-0.0006940281633410816
2020-09-24,0.001963500029425869
2020-09-25,-0.004517639034104659
2020-09-28,-0.001313439890713225
2020-09-29,-0.001104260785386496
2020-09-30,-0.0010186807961983623
2020-10-01,-0.0028248021178113258
2020-10-02,-0.0022811736995860645
2020-10-05,-0.004818098909953561
2020-10-06,0.0036730268974511705
2020-10-07,-0.005672648495366755
2020-10-08,-0.004690156410907998
2020-10-09,0.0021783216951512807
2020-10-12,0.0009483092786611858
2020-10-13,-0.005333112846772303
2020-10-14,-0.001661590897738191
2020-10-15,0.0004998634051001316
2020-10-16,0.0029228037167280175
2020-10-19,0.0023920247152504626
2020-10-20,0.0033475403977605567
2020-10-21,0.00404694726344248
2020-10-22,-0.003156875999733405
2020-10-23,-0.00021855471014022853
2020-10-26,0.0013645043045846961
2020-10-27,0.00010965292920908087
2020-10-28,0.00461431155628631
2020-10-29,-0.0014436984182977675
2020-10-30,-0.0005832099790088197
2020-11-02,0.0011710353792112715
2020-11-03,0.0029784191613025867
2020-11-04,0.0014203818591211781
2020-11-05,-0.006699625181832364
2020-11-06,0.001251394670714101
2020-11-09,0.0008044598903398925
2020-11-10,0.008899271641542944
2020-11-11,0.005250368763524499
2020-11-12,-0.002671388448793899
2020-11-13,-0.00024698550023933283
2020-11-16,0.001508010726935477
2020-11-17,0.0035419060377317848
2020-11-18,0.00017451814126357435
2020-11-19,0.0033447383578270483
2020-11-20,0.0024812211598107094
2020-11-23,-0.0021713326992362004
2020-11-24,0.0067336548639443435
2020-11-25,0.0011450383985870615
2020-11-27,0.002393772271775019
2020-11-30,0.0007474520377298843
2020-12-01,-0.004336378195472851
2020-12-02,-0.0019571719671092336
2020-12-03,-0.0027492908457907917
2020-12-04,0.005964119522498146
2020-12-07,-0.000543811297547192
2020-12-08,0.0020099874243941105
2020-12-09,0.0005229410254951661
2020-12-10,0.006847898701008426
2020-12-11,0.0009350293677667209
2020-12-14,0.0015999843816239812
2020-12-15,-0.0030704687426609256
2020-12-16,-0.00036094914294337865
2020-12-17,0.0019809851807437327
2020-12-18,3.980403721314252e-05
2020-12-21,0.0012735137048062784
2020-12-22,-0.0020686892802915637
2020-12-23,0.003566908529638646
2020-12-24,-0.001838519744296946
2020-12-28,0.0028403882599541573
2020-12-29,0.0006141824581517685
2020-12-30,-0.002186705980248277
2020-12-31,0.0015156363243865822
2021-01-04,0.0
2021-01-05,0.00034586518564719835
2021-01-06,-0.0008164903749353969
2021-01-07,-0.0032566350615101936
2021-01-08,-0.0006728583923025999
2021-01-11,-0.0015791487540326998
2021-01-12,0.0016521958025695282
2021-01-13,0.0015129900462257817
2021-01-14,-0.001076702330814827
2021-01-15,0.004850574028770866
2021-01-19,0.0013568169642911132
2021-01-20,0.001200982429011871
2021-01-21,0.002615261272151648
2021-01-22,0.004328930294564404
2021-01-25,0.0011885038633210165
2021-01-26,0.0030563328455822437
2021-01-27,0.0023058676664660773
2021-01-28,0.001440954566476954
2021-01-29,0.0008976303439597322
2021-02-01,0.0010758060986386375
2021-02-02,-0.0006344889479546811
2021-02-03,-0.0005958418080219852
2021-02-04,-0.00344840168223729
2021-02-05,0.0005508467058241096
2021-02-08,-0.0005254008627022855
2021-02-09,-0.0007072350262597949
2021-02-10,-0.00143395427161232
2021-02-11,0.000580414983243771
2021-02-12,-0.002682286589727445
2021-02-16,-0.006194248704136119
2021-02-17,0.006592852875730476
2021-02-18,0.0045649669238156275
2021-02-19,-0.00021258326414051455
2021-02-22,-0.002027594679825007
2021-02-23,-0.0031329172260911864
2021-02-24,-0.0037381520479180864
2021-02-25,-0.0007288997979458589
2021-02-26,0.0022098580158861404
2021-03-01,0.0011577787323339029
2021-03-02,0.0006579029277701375
2021-03-03,0.0008077271239193606
2021-03-04,-0.0007494681792115043
2021-03-05,0.0001624168033928286
2021-03-08,0.003237796419826339
2021-03-09,0.0048985945489613434
2021-03-10,-0.004145958227845403
2021-03-11,0.0023484684142930923
2021-03-12,-0.0015119486290400496
2021-03-15,0.002965584429958157
2021-03-16,-0.0008255518451937893
2021-03-17,7.31609069727357e-05
2021-03-18,-1.606504565970779e-05
2021-03-19,0.0023076943039739063
2021-03-22,0.0036836262110134356
2021-03-23,0.002811282956396849
2021-03-24,-0.0014255946653748352
2021-03-25,-0.0006786533662086036
2021-03-26,-0.0023396112611922095
2021-03-29,0.0029757812685407893
2021-03-30,-0.0008781109043425716
2021-03-31,0.00031600229972714167
2021-04-01,-0.0027066663239694254
2021-04-05,0.0003056756543796613
2021-04-06,0.0006745401602656298
2021-04-07,-0.001931340385283442
2021-04-08,-0.0006565016099226495
2021-04-09,0.0014389542930596966
2021-04-12,0.0018217322661551905
2021-04-13,0.003816856131185603
2021-04-14,0.00036168858736942424
2021-04-15,0.004665249653374603
2021-04-16,-0.0018375335097871482
2021-04-19,0.0005283345534082884
2021-04-20,0.0017221621996647563
2021-04-21,-0.000590900661710192
2021-04-22,0.0014714410451132532
2021-04-23,-0.0020529012983607486
2021-04-26,0.00023388679704237637
2021-04-27,-0.0015814263581448718
2021-04-28,-0.0043105103367585326
2021-04-29,-0.003161315225542366
2021-04-30,-0.00036216090588875316
2021-05-03,0.0005774867941879369
2021-05-04,-0.006338044044089769
2021-05-05,0.0003084522304350523
2021-05-06,0.0007861642318419848
2021-05-07,-0.0008724191925906288
2021-05-10,-0.002070347161020325
2021-05-11,-0.0003205114186675295
2021-05-12,0.0003988635612856284
2021-05-13,-0.0025847201250264627
2021-05-14,0.001030790215532551
2021-05-17,-0.001244551419278339
2021-05-18,0.0024155441705179027
2021-05-19,0.003503159763069352
2021-05-20,0.0014512225757566445
2021-05-21,-0.0009012240647521929
2021-05-24,0.0005298108068962859
2021-05-25,-0.00033949881039190276
2021-05-26,0.0006636146589830471
2021-05-27,-0.00032621013048940163
2021-05-28,-0.0006089863863005917
2021-06-01,0.0005315710036125854
2021-06-02,0.0004639568084674528
2021-06-03,-0.001714252051191606
2021-06-04,0.0022515026868539954
2021-06-07,0.000285567651875962
2021-06-08,-0.004350495831120122
2021-06-09,0.0022707586841297644
2021-06-10,0.0009056230581640623
2021-06-11,0.0004572349145177845
2021-06-14,0.0018833551172245887
2021-06-15,-0.0014772371454390588
2021-06-16,0.0019901127753812363
2021-06-17,0.0015904381412579827
2021-06-18,0.0013050304430900661
2021-06-21,-0.005251539421125373
2021-06-22,-0.0004515887292487364
2021-06-23,-0.0004218117018052636
2021-06-24,0.0008299394356337198
2021-06-25,-0.0010139114909687552
2021-06-28,0.00036794390341453044
2021-06-29,0.003040446154466242
2021-06-30,-0.0008533864679166836
2021-07-01,0.0
2021-07-02,-0.00011165461231602003
2021-07-06,-0.00012561229793448537
2021-07-07,0.0002113002404414699
2021-07-08,-0.0003087465526100952
2021-07-09,0.0004376932398709954
2021-07-12,0.000400385770284778
2021-07-13,-0.0001278498907009762
2021-07-14,-0.0007237066732076192
2021-07-15,0.0005234263476998124
2021-07-16,-0.0007122281017170884
2021-07-19,-0.00019566244063160543
2021-07-20,0.000976629351200936
2021-07-21,0.0011982541768353339
2021-07-22,-0.0019509755985876675
2021-07-23,-0.001315181453707337
2021-07-26,-0.008618007373966336
2021-07-27,-0.0012998037158394704
2021-07-28,-0.0014941346269851385
2021-07-29,-0.0011491547691903192
2021-07-30,0.002285993117609375
2021-08-02,-0.0008505926467652746
2021-08-03,0.0012103095955683708
2021-08-04,-0.0007212696949535857
2021-08-05,0.000366219594205669
2021-08-06,0.0041546242565894675
2021-08-09,-0.00022425506774555458
2021-08-10,-0.001790196397019239
2021-08-11,-0.0001464732466336549
2021-08-12,9.982006859244885e-05
2021-08-13,-0.00013878603351492603
2021-08-16,-0.002717839588343851
2021-08-17,-0.0007212212247933225
2021-08-18,-0.0018428663408874223
2021-08-19,-0.003590753437000821
2021-08-20,0.00038219850536071464
2021-08-23,-0.00023523818240890891
2021-08-24,-0.00030238231639632686
2021-08-25,-0.0005310082012243312
2021-08-26,0.0005756815285649752
2021-08-27,0.0008232811093933756
2021-08-30,-0.0029173460923869856
2021-08-31,0.0008632555258817065
2021-09-01,-0.0013474121196482558
2021-09-02,0.0007454730195839809
2021-09-03,-0.0021683271253299164
2021-09-07,0.004558441755567977
2021-09-08,-0.0008565862692990478
2021-09-09,0.0020960758545257585
2021-09-10,-0.0012383917849784708
2021-09-13,-0.0003303109893148526
2021-09-14,-0.0011027587459899845
2021-09-15,0.0003137667472792649
2021-09-16,-0.00020084433312035356
2021-09-17,-0.0001984035900234493
2021-09-20,-0.0012301126286454634
2021-09-21,-0.0004995038118464912
2021-09-22,-0.0017818170893071806
2021-09-23,0.0009419034513100721
2021-09-24,-0.0002440426213061564
2021-09-27,0.002910648423901824
2021-09-28,5.949236102433808e-05
2021-09-29,-0.00013255644761233642
2021-09-30,0.002790324073885614
2021-10-01,0.0021575185364787865
2021-10-04,0.0021024934777327253
2021-10-05,-0.0004915058493541013
2021-10-06,-0.003097754898896632
2021-10-07,-0.0006535146168831996
2021-10-08,0.00012772268394159458
2021-10-11,-0.0012661505731276334
2021-10-12,-0.004800330304012251
2021-10-13,0.0024456739603142207
2021-10-14,0.0008019281618295903
2021-10-15,0.0030802872158626317
2021-10-18,-0.004292523898697031
2021-10-19,-0.0003607289487452925
2021-10-20,-0.0014640827765600773
2021-10-21,-0.005290611344006213
2021-10-22,-0.005274273331503593
2021-10-25,-8.802985677872633e-05
2021-10-26,-0.001084944382818026
2021-10-27,-0.0038369062862799565
2021-10-28,-5.603469211212797e-06
2021-10-29,0.0008826812843842791
2021-11-01,0.0022419127489449243
2021-11-02,-0.004527270049145266
2021-11-03,0.00041218007726806505
2021-11-04,0.0016466369586825291
2021-11-05,0.001348190535138516
2021-11-08,-0.0015893857296862546
2021-11-09,-0.0033880991546181237
2021-11-10,-0.0005544162856560009
2021-11-11,-0.0028793454887387883
2021-11-12,0.0008230289372238242
2021-11-15,-0.0044229928914916285
2021-11-16,-0.0013203898078044008
2021-11-17,0.0015090416094705127
2021-11-18,-0.002315576020710047
2021-11-19,0.000729490061554583
2021-11-22,0.0016625282210456615
2021-11-23,-0.0011722889742025121
2021-11-24,-0.002295595764361391
2021-11-26,-0.0013556112169981704
2021-11-29,-0.00611199459690055
2021-11-30,-0.000682033628683909
2021-12-01,0.002785569123471071
2021-12-02,-0.0010685002415048773
2021-12-03,-0.002314593789847169
2021-12-06,0.00295862691225528
2021-12-07,-0.0042891504339268634
2021-12-08,0.005605274169509333
2021-12-09,0.001356411518146483
2021-12-10,-0.00459674204432573
2021-12-13,0.003609021487479558
2021-12-14,0.0020050260507688657
2021-12-15,0.0018019890157195905
2021-12-16,0.005526368081425365
2021-12-17,0.010738313852923065
2021-12-20,-0.0011064447738001692
2021-12-21,0.003986563671272281
2021-12-22,-0.0017360231930526604
2021-12-23,0.0004838354825984992
2021-12-27,-0.000621656724948172
2021-12-28,0.0026454664463359924
2021-12-29,-0.0029189313282801553
2021-12-30,0.0008736261833249493
2021-12-31,-0.0006872548815403335
2022-01-03,0.0
2022-01-04,0.001025722552924891
2022-01-05,0.00035571906616537136
2022-01-06,-0.00031425266789238197
2022-01-07,-0.0004214191260623875
2022-01-10,0.0006614542044052909
2022-01-11,-0.00020260840770141826
2022-01-12,8.886544360971851e-05
2022-01-13,-0.0016624853073055467
2022-01-14,-0.0014702710591260341
2022-01-18,-0.0020767289230791907
2022-01-19,0.001405607636626531
2022-01-20,0.001571005572111878
2022-01-21,0.0023942874963910517
2022-01-24,0.0027951024240621125
2022-01-25,-0.002674576057340298
2022-01-26,-0.002734557330160183
2022-01-27,-0.00205126738674047
2022-01-28,0.001464796714676072
2022-01-31,0.0015653620442967154
2022-02-01,0.00231110901707775
2022-02-02,-0.008723403596189441
2022-02-03,-0.005114120242870642
2022-02-04,0.0017313232072698106
2022-02-07,0.0019575255144819227
2022-02-08,-0.0006359291746315402
2022-02-09,0.00016840193338263365
2022-02-10,0.0032008456085372487
2022-02-11,-0.0029098353108540746
2022-02-14,0.002761765806736693
2022-02-15,0.0005227139663410883
2022-02-16,-0.0015788302989525021
2022-02-17,-4.5511227269467404e-05
2022-02-18,0.002496625961295091
2022-02-22,0.0035024724297342794
2022-02-23,-0.004122909973150188
2022-02-24,0.0015728553732028533
2022-02-25,-0.0036148804335562773
2022-02-28,-0.0018153901132578433
2022-03-01,-0.0013923751646816964
2022-03-02,0.0008849938347113007
2022-03-03,-7.165841263489485e-05
2022-03-04,0.0008686017077556183
2022-03-07,0.003447774373321023
2022-03-08,-0.002602813678394889
2022-03-09,0.005171274740996697
2022-03-10,-0.004532388256860029
2022-03-11,-0.001574411954816107
2022-03-14,0.001258342932879309
2022-03-15,0.0022385446312032918
2022-03-16,0.0033873344369237447
2022-03-17,0.0005091092783246107
2022-03-18,0.00047075368885906546
2022-03-21,-0.00047159830227775545
2022-03-22,-0.00047204269493813334
2022-03-23,-0.0014974812040124729
2022-03-24,0.0008573425399141609
2022-03-25,-0.0015948860266343438
2022-03-28,0.0006646536236933489
2022-03-29,0.002792010023492415
2022-03-30,-0.0029264664575087665
2022-03-31,-0.00016733468953343764
2022-04-01,-0.0022148908653346912
2022-04-04,0.0034775346639978055
2022-04-05,0.0009957439605481051
2022-04-06,0.0002180345596917856
2022-04-07,0.004924653764299548
2022-04-08,0.00028108421202036195
2022-04-11,0.001394520553303276
2022-04-12,-0.0006903771521448457
2022-04-13,0.0012088248498041425
2022-04-14,-0.0027111651158272052
2022-04-18,-0.0002851590621164404
2022-04-19,0.004462546310345477
2022-04-20,0.0012021711564876917
2022-04-21,0.005232663134274893
2022-04-22,0.0014052399797626653
2022-04-25,0.0011012474018786572
2022-04-26,-0.0010433825362294986
2022-04-27,0.0051150923643962405
2022-04-28,0.0017458705486644154
2022-04-29,0.00025527016076820033
2022-05-02,0.003063764151480417
2022-05-03,0.0001934391147539431
2022-05-04,0.0010180646537557043
2022-05-05,0.0012890102184345803
2022-05-06,-0.0003727694963273748
2022-05-09,0.0015902377308581316
2022-05-10,-0.0011520769269881665
2022-05-11,-0.00045093641692322227
2022-05-12,0.0011972194841609783
2022-05-13,0.00014545696126612806
2022-05-16,0.00047712213571525134
2022-05-17,0.0001210229532338543
2022-05-18,0.0021829932238212582
2022-05-19,0.004121026798737008
2022-05-20,0.00039064473171910777
2022-05-23,-0.0018390018658408795
2022-05-24,-0.002235068112540174
2022-05-25,0.00015352901268833304
2022-05-26,0.0016758266536625102
2022-05-27,0.0019411269816435566
2022-05-31,0.0019953043326062076
2022-06-01,-0.0019721523896741575
2022-06-02,0.0005253024173322559
2022-06-03,1.1459353256614232e-05
2022-06-06,-0.0016696918324211373
2022-06-07,0.0025108400686520748
2022-06-08,-0.00036948788244465413
2022-06-09,-0.0012109498478205995
2022-06-10,-0.00247663380534468
2022-06-13,0.00010742695059131145
2022-06-14,0.0009437304395674431
2022-06-15,0.0011521181904320622
2022-06-16,0.00010779039930376491
2022-06-17,-0.0019675428048551978
2022-06-21,-0.0012125525735263768
2022-06-22,0.003426868158861244
2022-06-23,0.0014814229474286252
2022-06-24,0.0006777368509881823
2022-06-27,-0.002407589466357271
2022-06-28,-0.002339915307337728
2022-06-29,-0.0009065660528821494
2022-06-30,0.00031988851550706894
2022-07-01,0.0
2022-07-05,0.0011724418649558088
2022-07-06,-9.880038559932914e-05
2022-07-07,-0.0005024499777669001
2022-07-08,-0.00013896065176724481
2022-07-11,-0.00014528504664822471
2022-07-12,-0.0008448794407270588
2022-07-13,-0.0005331954731989163
2022-07-14,-0.0013304466396422854
2022-07-15,-0.000344180322641674
2022-07-18,0.0006369619751155243
2022-07-19,0.0009675594344213167
2022-07-20,0.0006671852172458581
2022-07-21,-0.0004422027799945438
2022-07-22,-0.001133462557278231
2022-07-25,-1.5139853186241226e-05
2022-07-26,0.00013294307325312782
2022-07-27,0.0009859443796240042
2022-07-28,0.004017984904532879
2022-07-29,-3.077562646880416e-05
2022-08-01,0.00017476319391102613
2022-08-02,-0.001091592627370358
2022-08-03,0.000399304922071031
2022-08-04,-0.0019238158058885902
2022-08-05,0.0011098394514523324
2022-08-08,0.00123905093884073
2022-08-09,-0.002105661329514591
2022-08-10,0.001387352213647275
2022-08-11,-0.0012254004794899354
2022-08-12,-0.001194406832445788
2022-08-15,9.034188685602129e-05
2022-08-16,0.0006277245171455226
2022-08-17,0.00010484498971222167
2022-08-18,0.00026830400878451454
2022-08-19,0.0011028640193111229
2022-08-22,-0.0007003524505621639
2022-08-23,-0.00070200694301919
2022-08-24,-0.001306105947244862
2022-08-25,-0.00011963738888648434
2022-08-26,-0.00018022475106815316
2022-08-29,-0.002174921319951434
2022-08-30,-8.344444686486652e-06
2022-08-31,-0.00017769485029269226
2022-09-01,-0.0020183637446795854
2022-09-02,-0.0003536188656740602
2022-09-06,-0.0010004402780008693
2022-09-07,0.001964868297770583
2022-09-08,0.002994963793797273
2022-09-09,-0.0003116705396528863
2022-09-12,0.0002957446803781738
2022-09-13,-0.0011101522639130946
2022-09-14,0.0015029212797352254
2022-09-15,0.00300081107378799
2022-09-16,1.5027812091117365e-06
2022-09-19,-0.0021893229717274087
2022-09-20,0.0005727902994408119
2022-09-21,8.445188418174654e-05
2022-09-22,0.00014655703514106498
2022-09-23,0.0011428814627912009
2022-09-26,-0.0013639552174105896
2022-09-27,0.0008877590400137913
2022-09-28,0.00015083349248327105
2022-09-29,0.0013838170797358218
2022-09-30,0.0014853539010911243
2022-10-03,-0.000562126579765132
2022-10-04,0.001187388263044742
2022-10-05,-0.000768115542463893
2022-10-06,0.0004946472352678755
2022-10-07,-0.00231531881423519
2022-10-10,-0.0008925622777320397
2022-10-11,-0.0011588122629425934
2022-10-12,-0.00030936892890459644
2022-10-13,-0.0026105865237114
2022-10-14,-0.0008575541223251104
2022-10-17,0.003963500616944593
2022-10-18,0.0003951731965912364
2022-10-19,-0.0021177606144037074
2022-10-20,-0.0035716484199834475
2022-10-21,-0.0037654607755236214
2022-10-24,0.0017968365596378489
2022-10-25,0.0022618701652303563
2022-10-26,-0.0002303090428267429
2022-10-27,0.0019371612687913043
2022-10-28,0.00248242832508071
2022-10-31,-0.001404311568477462
2022-11-01,-0.0009423021809082166
2022-11-02,0.001242798813577739
2022-11-03,-0.000865425108172313
2022-11-04,-0.001784755276577632
2022-11-07,0.002648060818296533
2022-11-08,-0.0024955926636572646
2022-11-09,-0.0028832312673034988
2022-11-10,0.0034928711447307914
2022-11-11,0.0017003409410354386
2022-11-14,-0.006022091718172423
2022-11-15,0.002755890600370897
2022-11-16,0.0028245170931860074
2022-11-17,-0.004171678512480121
2022-11-18,-0.0023771895771069916
2022-11-21,-0.0034215744993675414
2022-11-22,2.6963128720802754e-05
2022-11-23,0.000260118673742471
2022-11-25,0.0008430408323539806
2022-11-28,0.0004293476444592048
2022-11-29,-0.00180045281530421
2022-11-30,-0.002547368315865739
2022-12-01,0.0020939801454608773
2022-12-02,0.00035735239453935086
2022-12-05,-0.0010537067007922285
2022-12-06,-0.002550032118205897
2022-12-07,0.001917194775138853
2022-12-08,0.0029030653782672776
2022-12-09,0.0014009878743143245
2022-12-12,0.00293858938961008
2022-12-13,-0.00011777124708076681
2022-12-14,-0.0007090131438198033
2022-12-15,0.003948298923136329
2022-12-16,-8.733522733848642e-05
2022-12-19,0.001755163076265942
2022-12-20,0.0023940632384163774
2022-12-21,0.00016838051555660428
2022-12-22,0.002646780296788792
2022-12-23,0.0012362237009673315
2022-12-27,0.0018052347412756352
2022-12-28,0.0009679032055669834
2022-12-29,0.00022291946557525532
2022-12-30,0.0007055677994847964
2023-01-03,0.0
2023-01-04,-2.3344978473149867e-05
2023-01-05,-0.0015320775270835807
2023-01-06,0.002880601121354903
2023-01-09,0.0011426129540452023
2023-01-10,0.0005105744094491049
2023-01-11,0.0012538280162807335
2023-01-12,0.00034811726095470007
2023-01-13,0.001811855142010238
2023-01-17,-0.0004128180250400126
2023-01-18,-0.0008352734174344623
2023-01-19,-0.00017565552336813451
2023-01-20,0.0032576134987234717
2023-01-23,0.0016441926772830183
2023-01-24,0.002427083230310617
2023-01-25,0.001125872674190137
2023-01-26,0.00026300666695982524
2023-01-27,0.002714943443257961
2023-01-30,-0.0010225271103492194
2023-01-31,-0.0032288854251503072
2023-02-01,0.0007832931937001908
2023-02-02,-0.00015874241033873583
2023-02-03,-0.00023839227812384457
2023-02-06,-4.2933411305651203e-05
2023-02-07,-0.002394094506972594
2023-02-08,0.0008239487634888632
2023-02-09,0.0005917065364088204
2023-02-10,0.000500508473543082
2023-02-13,-0.0008804882782724788
2023-02-14,-0.0006060741406807235
2023-02-15,-0.0006139532205553577
2023-02-16,0.00033843594593733204
2023-02-17,0.0026614717121416333
2023-02-21,0.0014851904285476613
2023-02-22,-0.0014466233320505283
2023-02-23,0.0014911241399037823
2023-02-24,0.00019202523353371582
2023-02-27,0.0001400766059706904
2023-02-28,-0.0006332304238254538
2023-03-01,0.0010678779022632256
2023-03-02,0.0017183876680661458
2023-03-03,-0.0019478078373540042
2023-03-06,0.0003513701593535146
2023-03-07,-0.0009178270736125982
2023-03-08,-0.00015770649621064115
2023-03-09,-0.0017537210543304815
2023-03-10,1.616889049585457e-05
2023-03-13,0.0010957791774701964
2023-03-14,0.002256652933497527
2023-03-15,0.0019971836314512104
2023-03-16,-0.00010886108940410532
2023-03-17,0.0014658097958208216
2023-03-20,-0.0015081828564075083
2023-03-21,0.0011214147493111449
2023-03-22,-7.210466873735499e-05
2023-03-23,-0.0026736729259802918
2023-03-24,0.0028935708962036567
2023-03-27,0.0009414460738177699
2023-03-28,0.0010737399003424631
2023-03-29,0.0005993031757795253
2023-03-30,0.0010017750517883727
2023-03-31,-0.0011716153704351417
2023-04-03,-0.001680689778525979
2023-04-04,-0.0018389567227423298
2023-04-05,-0.001114561114246776
2023-04-06,0.000651455858740263
2023-04-10,-0.0007125638671279466
2023-04-11,-0.0008103052986938475
2023-04-12,7.305628711670175e-05
2023-04-13,0.0013361789093933707
2023-04-14,-0.001247769345776567
2023-04-17,0.0008375423452100072
2023-04-18,-0.0007715515182765865
2023-04-19,-0.00024806838428345634
2023-04-20,-0.002187656578780678
2023-04-21,-0.0025977259181232727
2023-04-24,-0.0004928780294650936
2023-04-25,-0.0059363592320750835
2023-04-26,0.0013335820051687485
2023-04-27,0.0014561823748212965
2023-04-28,0.004415649728781728
2023-05-01,0.0008899125886086268
2023-05-02,-0.0015379034431926952
2023-05-03,-0.0007070115396363763
2023-05-04,-0.002646104203751859
2023-05-05,0.0022708091170728474
2023-05-08,8.235983651653788e-05
2023-05-09,-0.0005955904083788765
2023-05-10,-0.0015341084223894797
2023-05-11,-6.60769475030798e-05
2023-05-12,0.001711264965190018
2023-05-15,0.004060185519875204
2023-05-16,-0.0017217065251574793
2023-05-17,0.0005334499835092377
2023-05-18,-0.00013169284081473998
2023-05-19,-0.0019477591540031148
2023-05-22,0.0030678932454262843
2023-05-23,-9.986745983954215e-05
2023-05-24,0.0016839135839474884
2023-05-25,-0.0025891247311777056
2023-05-26,-0.004570467852701271
2023-05-30,-0.001188643930430383
2023-05-31,0.0016914748699153215
2023-06-01,-0.0027111443149466785
2023-06-02,0.001699315254397371
2023-06-05,-0.002065935116716189
2023-06-06,-0.0029349537029951687
2023-06-07,0.0024398105703059003
2023-06-08,-0.0012884323547371456
2023-06-09,-0.0023092649583116463
2023-06-12,-0.002547972513431257
2023-06-13,-0.0007431482151710134
2023-06-14,-0.001693517275727452
2023-06-15,0.0011092009427348226
2023-06-16,0.002970553149345073
2023-06-20,-0.00375592244830118
2023-06-21,-3.5574584460851265e-06
2023-06-22,0.002232507557131913
2023-06-23,0.0017288772078580816
2023-06-26,-0.001901836518727218
2023-06-27,-0.0011906285982593745
2023-06-28,-0.0018671800523147597
2023-06-29,0.0012986627101741976
2023-06-30,0.00036402816371351455
2023-07-03,0.0
2023-07-05,0.0002452944009792568
2023-07-06,-0.00016418985811364473
2023-07-07,0.00013336069899452796
2023-07-10,-5.2124796600200304e-05
2023-07-11,-0.00022918327540694117
2023-07-12,-0.00027378010547655094
2023-07-13,0.0005272977331957418
2023-07-14,-0.00043504422451952075
2023-07-17,0.0003840833718479042
2023-07-18,-0.0008749129729282657
2023-07-19,-0.0005600625850413099
2023-07-20,-0.0006194179708229886
2023-07-21,-0.00018458848898065262
2023-07-24,0.001908354329200551
2023-07-25,-0.0010047863830467297
2023-07-26,0.0010477403087789938
2023-07-27,0.00015638317332991036
2023-07-28,0.00044232259253796925
2023-07-31,-0.0006697793411051145
2023-08-01,0.0011848414643024884
2023-08-02,0.0001607629895690521
2023-08-03,-0.0008076897326251608
2023-08-04,0.0008572646614491586
2023-08-07,-0.0008197713993600697
2023-08-08,-0.0016337507976724897
2023-08-09,0.0013972329788281336
2023-08-10,-0.0003800672758382917
2023-08-11,-0.000835589276519888
2023-08-14,0.0004295837800493196
2023-08-15,-0.0010860695776939878
2023-08-16,-0.0006639965581962004
2023-08-17,-7.382688387674863e-05
2023-08-18,-0.0012414550696392191
2023-08-21,0.0003039925293634005
2023-08-22,-0.00052664900775789
2023-08-23,-0.0018238682162585117
2023-08-24,0.00015754592435257008
2023-08-25,0.0006358184989424421
2023-08-28,0.0008879853862838072
2023-08-29,-0.0005618162230251577
2023-08-30,0.0005827283379145787
2023-08-31,0.00012141184541126781
2023-09-01,-0.00028187571669655573
2023-09-05,-0.0003247157444752624
2023-09-06,-0.0007546441750325816
2023-09-07,-0.0031286631961871315
2023-09-08,-0.00023971315371366098
2023-09-11,0.0007145360052235427
2023-09-12,0.0009636250922800016
2023-09-13,0.0007722349230912529
2023-09-14,-1.317814809319584e-05
2023-09-15,-0.0009617091181005732
2023-09-18,0.0003838445884843389
2023-09-19,0.0044674944384697325
2023-09-20,0.004155793448578105
2023-09-21,0.001922432359003734
2023-09-22,3.5618315635255193e-06
2023-09-25,-0.0019428552142137234
2023-09-26,-0.0005741694429999555
2023-09-27,0.0007969847382607531
2023-09-28,0.002466999696197214
2023-09-29,0.0025098704649229864
2023-10-02,-0.0009730687076105748
2023-10-03,0.0009060368191380674
2023-10-04,-0.001092157960808654
2023-10-05,-0.009744387020124496
2023-10-06,-0.0010244807464890205
2023-10-09,0.0002885901447248429
2023-10-10,-0.0024602204082052825
2023-10-11,-0.0009574997256193041
2023-10-12,-0.00536772047354106
2023-10-13,0.0014395547395013863
2023-10-16,0.002457584219925135
2023-10-17,-0.0014095680247822762
2023-10-18,-0.004045634338468324
2023-10-19,-0.0011460614099576328
2023-10-20,0.0030434555536397014
2023-10-23,0.005587864432687417
2023-10-24,3.3967013864832915e-05
2023-10-25,0.005211861070846119
2023-10-26,-3.433060256769482e-05
2023-10-27,0.0047085031849262715
2023-10-30,-0.0010204552431279268
2023-10-31,-0.0011688367882042305
2023-11-01,-0.003517507912128037
2023-11-02,0.007592004756815129
2023-11-03,0.0023020700281264684
2023-11-06,0.00234287628756909
2023-11-07,0.0017158764705102135
2023-11-08,-0.0006455160648042135
2023-11-09,0.0034982325852040753
2023-11-10,0.00019282270674431112
2023-11-13,-0.00368279625619542
2023-11-14,0.0022440776739148793
2023-11-15,0.00040530065476568344
2023-11-16,0.0027616373658928715
2023-11-17,0.0016597794939754661
2023-11-20,0.0011606648670392794
2023-11-21,0.0033288876147383626
2023-11-22,0.002227777226976313
2023-11-24,-0.001616257214487876
2023-11-27,-0.0013519081020141265
2023-11-28,0.004323907075042427
2023-11-29,0.0012736263941949377
2023-11-30,-0.0023557432001371503
2023-12-01,0.002762657882993991
2023-12-04,-0.004298603771598103
2023-12-05,0.002530400693426538
2023-12-06,-0.0014948882664700901
2023-12-07,0.0004326782802168361
2023-12-08,0.0008952532864454632
2023-12-11,0.002456707846946743
2023-12-12,-0.003335377699564229
2023-12-13,0.0031731020439242476
2023-12-14,0.011829743232825901
2023-12-15,-0.004177749357882399
2023-12-18,-0.006844788627898157
2023-12-19,0.005646157467554702
2023-12-20,0.0015878664867009617
2023-12-21,-0.001297941148985965
2023-12-22,-0.0022523232152588334
2023-12-26,0.00025952655360081953
2023-12-27,0.0014747700383324514
2023-12-28,0.0005608832884270665
2023-12-29,-0.0003492284428153747
2024-01-02,0.0
2024-01-03,0.0014765425954373912
2024-01-04,0.0004915891091105906
2024-01-05,0.0010491823154239078
2024-01-08,0.0005069134801354569
2024-01-09,0.0002452190020692413
2024-01-10,0.0008334185222130863
2024-01-11,0.003149001254812439
2024-01-12,-0.0008534778933144028
2024-01-16,3.690055213913524e-05
2024-01-17,-0.0010981566946252242
2024-01-18,-0.000720404871106417
2024-01-19,0.000295281609085607
2024-01-22,0.00038267867894986043
2024-01-23,-0.00023748280239436204
2024-01-24,0.00026820324971107425
2024-01-25,0.001890643269283765
2024-01-26,-0.00023455174963604163
2024-01-29,-0.0002584086227696514
2024-01-30,-0.00014030791867130631
2024-01-31,-0.0014563372247237971
2024-02-01,0.0003662061633133429
2024-02-02,-0.0009456831033639202
2024-02-05,-0.001998160372647434
2024-02-06,0.0008527726767567246
2024-02-07,0.0011894959056845955
2024-02-08,-0.0003449545457493708
2024-02-09,0.002548237724557173
2024-02-12,-0.00187196107126687
2024-02-13,0.001564274224100226
2024-02-14,0.0011568188639322463
2024-02-15,0.0026504854941522714
2024-02-16,0.0016154269917195874
2024-02-20,-0.0005306088641454654
2024-02-21,0.00041491092354771774
2024-02-22,-0.0006367487083407564
2024-02-23,-0.0012650660019014992
2024-02-26,-0.0009910913495776107
2024-02-27,-0.0007171815512457047
2024-02-28,0.00010906782460435305
2024-02-29,-0.0050315207742664516
2024-03-01,-0.0033063761535890245
2024-03-04,0.0030774146482814404
2024-03-05,-0.0028169329566574254
2024-03-06,0.0003172579117769192
2024-03-07,0.0035842121689819983
2024-03-08,0.0011096414593020298
2024-03-11,0.005039364985023331
2024-03-12,-0.0007716297419238904
2024-03-13,0.0006280449486550821
2024-03-14,-0.0001822629001913878
2024-03-15,-0.00012649443704457753
2024-03-18,0.0003480213768279949
2024-03-19,0.00011834948289386471
2024-03-20,0.0006857117146735093
2024-03-21,-0.001021731139600357
2024-03-22,-0.0020973240348581166
2024-03-25,-0.000613468471863271
2024-03-26,-0.00028165701007524244
2024-03-27,-0.001321606802183728
2024-03-28,-0.00014142257980296336
2024-04-01,-0.0005444586886438674
2024-04-02,0.0013438244952964419
2024-04-03,0.000261592171853281
2024-04-04,0.0003035107087866307
2024-04-05,-0.001430262049943737
2024-04-08,0.0008035508079004994
2024-04-09,0.0016378273609191196
2024-04-10,-0.0023121779045315928
2024-04-11,0.0007594130537676491
2024-04-12,0.0010447383543418342
2024-04-15,0.0014263085540781484
2024-04-16,-0.0013273487025269536
2024-04-17,0.001056158091742132
2024-04-18,0.001899042201978629
2024-04-19,0.0006771626198173508
2024-04-22,-0.0007129378429422517
2024-04-23,-0.00036787391803161926
2024-04-24,0.0002520700273209553
2024-04-25,0.0017942916310987045
2024-04-26,-0.002999926781041573
2024-04-29,-0.0005660367768424324
2024-04-30,-1.849592451720339e-05
2024-05-01,0.004518765771111838
2024-05-02,-0.0008866776745489913
2024-05-03,-0.0025264610372246867
2024-05-06,-0.0009818514944198498
2024-05-07,-0.0006570225595665779
2024-05-08,-0.0005250975640087807
2024-05-09,-0.001009528297896045
2024-05-10,-0.0004447183193041493
2024-05-13,0.0004206496866803411
2024-05-14,0.001432056044609259
2024-05-15,-0.0004790221509799686
2024-05-16,0.0008514388383631888
2024-05-17,0.0002416005266847987
2024-05-20,0.0006097534442163766
2024-05-21,0.0005778777856779493
2024-05-22,0.00040015862356966304
2024-05-23,0.00013573750860076394
2024-05-24,0.002161313438449919
2024-05-28,-0.00052747066619655
2024-05-29,0.00039523480918625674
2024-05-30,0.0004459797275455146
2024-05-31,-0.0006366803553932599
2024-06-03,0.0009366498923260635
2024-06-04,0.0012444007886709962
2024-06-05,-0.0014545533361064289
2024-06-06,0.0005290294687739061
2024-06-07,-0.00027239078380023594
2024-06-10,0.00045318948783739656
2024-06-11,-0.0010503390232208143
2024-06-12,-0.002473943485252822
2024-06-13,-0.0018032520764339644
2024-06-14,0.0009736300140454068
2024-06-17,0.0005706100058115226
2024-06-18,0.0006374841403115284
2024-06-20,0.0019623586621680565
2024-06-21,0.0007834277799457556
2024-06-24,-9.852308189071124e-05
2024-06-25,-0.0001780276827492877
2024-06-26,-0.001373654138671826
2024-06-27,-0.0010705515767569507
2024-06-28,0.0006487219759139685
2024-07-01,0.0
2024-07-02,0.0006721538661579374
2024-07-03,-0.00012272605852710615
2024-07-05,-0.001450588697722216
2024-07-08,0.00026495539288330926
2024-07-09,-0.0005150764102744454
2024-07-10,0.0014692421379287502
2024-07-11,0.005776397584389375
2024-07-12,0.0015616381011859415
2024-07-15,-0.005563981567342469
2024-07-16,0.0005339138621164197
2024-07-17,-0.0013989573023916902
2024-07-18,0.0007058758037427004
2024-07-19,0.0009423449918393278
2024-07-22,-0.0026131104144087036
2024-07-23,-0.0010866968861265648
2024-07-24,0.0005879022789912313
2024-07-25,-0.0012527247858227341
2024-07-26,0.0020723716941362267
2024-07-29,0.0006948079683270991
2024-07-30,-0.0005984267888535288
2024-07-31,-0.0038153402206569263
2024-08-01,0.0020598441383686884
2024-08-02,-0.003223994054787166
2024-08-05,0.004170777079505283
2024-08-06,-0.0009166278815657902
2024-08-07,-0.0031788317072855288
2024-08-08,0.006331735741544597
2024-08-09,0.00025674088383429436
2024-08-12,-0.0024714565420921875
2024-08-13,-0.0037766897055049042
2024-08-14,0.0026265348387963074
2024-08-15,0.0033200380933246566
2024-08-16,-0.00010338296569562533
2024-08-19,0.00018987601402389309
2024-08-20,-0.00020721349909883502
2024-08-21,0.0005082753132256313
2024-08-22,0.002062135694799366
2024-08-23,0.00129413002944912
2024-08-26,-0.0009070672623278042
2024-08-27,0.0014179664803728842
2024-08-28,0.0007329702425796115
2024-08-29,-0.001817103361168293
2024-08-30,0.0006173956102436873
2024-09-03,-0.0018048496541740288
2024-09-04,-0.0008099754502664591
2024-09-05,-0.002593952621283785
2024-09-06,-0.0034413168180641605
2024-09-09,-0.003129090938621415
2024-09-10,0.0031219553322816727
2024-09-11,0.002202636040802397
2024-09-12,0.0011745400789998695
2024-09-13,0.0017083239588709942
2024-09-16,-0.0012525521866453948
2024-09-17,0.0016528556068598598
2024-09-18,0.00228373216154914
2024-09-19,0.002907453635520757
2024-09-20,-5.6010431863418034e-05
2024-09-23,0.004700545954962809
2024-09-24,-0.00537872049720931
2024-09-25,-0.0008620846633463686
2024-09-26,-0.00022593161505565229
2024-09-27,0.0005632631507954455
2024-09-30,-0.0008480953165557192
2024-10-01,0.0014857325606926041
2024-10-02,0.001042556401823741
2024-10-03,-0.0031802826293588493
2024-10-04,0.00016190967639941877
2024-10-07,-0.0024719495387149903
2024-10-08,-0.0022598290469489747
2024-10-09,0.0013483826067339278
2024-10-10,0.0027904347172688247
2024-10-11,0.00026935578533279216
2024-10-14,0.0009912762347426662
2024-10-15,-0.000409015974080551
2024-10-16,-5.631758777033813e-05
2024-10-17,0.001848353552143478
2024-10-18,0.0007583945207856712
2024-10-21,-0.002138413722967941
2024-10-22,-0.013554104493701402
2024-10-23,-0.0041427697862059356
2024-10-24,-0.0028221388761726363
2024-10-25,0.0017091675750708023
2024-10-28,-0.00035323819451184567
2024-10-29,-0.0020306883281556
2024-10-30,-0.004355521200744511
2024-10-31,-0.009036153040036039
2024-11-01,0.0012077474037457958
2024-11-04,0.0018401839122415276
2024-11-05,-0.00010892603812416857
2024-11-06,0.011145708462487575
2024-11-07,-8.110886340717549e-05
2024-11-08,-0.004686371438616643
2024-11-11,-0.0029192202098639874
2024-11-12,0.003517516413309002
2024-11-13,-0.0023699045142734853
2024-11-14,-0.004348138639049898
2024-11-15,-0.0010019150951279699
2024-11-18,-0.0029031746474815433
2024-11-19,0.0034416819471799697
2024-11-20,-0.0005177262618226208
2024-11-21,-0.0007538645422833778
2024-11-22,0.0019770431081741037
2024-11-25,0.0016681089364238622
2024-11-26,-0.0013158108565223038
2024-11-27,0.0014152847692835147
2024-11-29,-0.0004055133928094701
2024-12-02,0.000689759077022628
2024-12-03,0.0024673165904598336
2024-12-04,-0.0018783424840133178
2024-12-05,-0.003721368497970423
2024-12-06,0.002059599893128222
2024-12-09,0.0018338394668369006
2024-12-10,-0.0012201860557975897
2024-12-11,0.001791784441109745
2024-12-12,0.0047198017942574055
2024-12-13,-0.0019919235703134584
2024-12-16,0.0018377001891144384
2024-12-17,-0.001048150400076836
2024-12-18,0.0017936928079917592
2024-12-19,0.0006514598477225409
2024-12-20,0.00040426860523825047
2024-12-23,-0.0026715181642005814
2024-12-24,0.0011975088982386973
2024-12-26,-0.0008943932308904223
2024-12-27,-0.0015242058187887376
2024-12-30,0.00068964020192952
2024-12-31,0.000685759529295138
2025-01-02,0.0
2025-01-03,0.00025943817328501483
2025-01-06,0.0002928460110116271
2025-01-07,-0.0005834123151348458
2025-01-08,0.00011202446039052517
2025-01-10,-0.00023958172625274666
2025-01-13,0.0014852386740773827
2025-01-14,9.083563752145806e-05
2025-01-15,-0.001337416969672156
2025-01-16,0.001195763691370122
2025-01-17,-0.002263996763711329
2025-01-21,-0.001401995104499465
2025-01-22,0.0013905213402776618
2025-01-23,-0.002000562348838386
2025-01-24,-0.0011328407777702887
2025-01-27,0.0020515336415954377
2025-01-28,-0.0011817653033990739
2025-01-29,0.0020038270283916247
2025-01-30,-0.0014280190185553044
2025-01-31,0.0028273087728836023
2025-02-03,0.00026935652480793436
2025-02-04,0.000740272870336084
2025-02-05,-0.0007083444179536491
2025-02-06,0.0011663584688214879
2025-02-07,0.0009240018624985024
2025-02-10,6.193283746740441e-05
2025-02-11,0.0011223910155877814
2025-02-12,0.00022085487966594375
2025-02-13,0.00014176745895080333
2025-02-14,-0.0015858854897629836
2025-02-18,0.0022512538662396997
2025-02-19,0.00019734515423975864
2025-02-20,-0.0002462662332316956
2025-02-21,0.002434075911476985
2025-02-24,0.0008440142071647283
2025-02-25,0.0011820062390738295
2025-02-26,-0.00031649443106633867
2025-02-27,0.0018142196638809172
2025-02-28,0.001503078510072614
2025-03-03,0.0012534136579039012
2025-03-04,-1.0851304436226838e-05
2025-03-05,0.00030957540763494883
2025-03-06,0.0005653811331414682
2025-03-07,0.001749389805903112
2025-03-10,0.0003777065744547337
2025-03-11,-0.0030942214403701152
2025-03-12,-0.004097832759353925
2025-03-13,0.0006562679175935893
2025-03-14,-0.0010531526095194144
2025-03-17,-0.00040847320089762993
2025-03-18,-0.0002885191715384705
2025-03-19,0.0008159674085930435
2025-03-20,-0.0018693636963966254
2025-03-21,0.00015086293092085866
2025-03-24,0.0004368103233855336
2025-03-25,-0.0017754836829851294
2025-03-26,0.0002693449256654823
2025-03-27,0.0009198351863865695
2025-03-28,0.00032791498199900013
2025-03-31,0.0013737440875554285
2025-04-01,0.0005198557523446001
2025-04-02,-0.0010278027242419496
2025-04-03,-0.001998230803245482
2025-04-04,-0.0009354657161161573
2025-04-07,0.001032216357043536
2025-04-08,0.002131121940625219
2025-04-09,0.0060407119291083665
2025-04-10,-0.002638219034964828
2025-04-11,-0.0006643854130721716
2025-04-14,0.0036101227076980936
2025-04-15,-0.0002231619683125352
2025-04-16,0.0011533524251035043
2025-04-17,0.0030419230209218773
2025-04-21,0.0020308250640160065
2025-04-22,0.0022623063715967564
2025-04-23,-0.0006430444557949666
2025-04-24,3.984318446444979e-05
2025-04-25,-0.0020912251062156274
2025-04-28,0.0002685612257654346
2025-04-29,0.002468486183048302
2025-04-30,-0.0034118689789577605
2025-05-01,-0.0032968092556202254
2025-05-02,-0.005363685908896321
2025-05-05,-0.0002284022128402896
2025-05-06,-0.001678539912020305
2025-05-07,0.0018386948056807351
2025-05-08,0.0023753794791804062
2025-05-09,0.0003874673485376623
2025-05-12,0.005238194100738847
2025-05-13,1.5804681927245046e-05
2025-05-14,0.0016922175884718283
2025-05-15,7.951290234103903e-05
2025-05-16,-0.0011800583163497857
2025-05-19,0.0013645698768190218
2025-05-20,0.0007329489577579118
2025-05-21,-0.0007462255970918874
2025-05-22,0.00013203375160869001
2025-05-23,-0.0001651095892008847
2025-05-27,0.0013998130891951844
2025-05-28,-0.0011384573783717322
2025-05-29,0.003550936564978824
2025-05-30,-7.060935257037215e-05
2025-06-02,-0.00022188141545931295
2025-06-03,-0.0017676786166690329
2025-06-04,0.0005732852947379297
2025-06-05,0.0002715140409761174
2025-06-06,0.0003372148164170807
2025-06-09,-0.0012678655249338867
2025-06-10,-2.9685393875639177e-05
2025-06-11,0.001230503025737395
2025-06-12,0.001123503628491279
2025-06-13,0.0008559513291913568
2025-06-16,0.0012578098606668086
2025-06-17,-0.002297218353960262
2025-06-18,0.0006473933713656676
2025-06-20,0.0002771692214888322
2025-06-23,-0.001380865667180675
2025-06-24,-0.0025267974568837837
2025-06-25,-0.0022253877317162662
2025-06-26,0.0014767488449024702
2025-06-27,0.00237130537229549
2025-06-30,0.00023249434349650877
2025-07-01,0.0
2025-07-02,0.0006019213330099749
2025-07-03,0.00012476246280068715
2025-07-07,0.00021733741856093115
2025-07-08,0.0006246810756130484
2025-07-09,-0.0005130951168025088
2025-07-10,0.0011022293732456112
2025-07-11,0.0004751503075697605
2025-07-14,0.0013657992810315934
2025-07-15,0.0018424637958575462
2025-07-16,-0.0009073398525529075
2025-07-17,-0.001554262926070904
2025-07-18,-0.0053143635900353035
2025-07-21,0.0005251064421532392
2025-07-22,-0.0009042821547676549
2025-07-23,-0.0006935899569101234
2025-07-24,0.001042536457355786
2025-07-25,-0.001445953481096851
2025-07-28,-0.0012006797209668351
2025-07-29,0.0002815331349800054
2025-07-30,0.0020799683891449816
2025-07-31,0.0027741453816049755
2025-08-01,-0.0005662262283161245
2025-08-04,-0.0003337133586512331
2025-08-05,0.0017453548552024134
2025-08-06,0.0034141625467061843
2025-08-07,0.001385424603276425
2025-08-08,-0.00020610848896764343
2025-08-11,0.0013473325126724112
2025-08-12,-0.0018423453601301043
2025-08-13,0.0015391573657887847
2025-08-14,0.0007063673922343249
2025-08-15,-0.0003927313609494054
2025-08-18,-0.0009991820095945569
2025-08-19,0.0005451240294509329
2025-08-20,-0.0009003139635173852
2025-08-21,-0.0003235014262979896
2025-08-22,-0.0009664905709943717
2025-08-25,-0.0015410410927157003
2025-08-26,0.0007908840079446644
2025-08-27,0.0005591204601172517
2025-08-28,0.00045515974813213346
2025-08-29,0.000434765822288663
2025-09-02,-0.0006641118453155626
2025-09-03,0.001437532486187798
2025-09-04,0.0038616727738623735
2025-09-05,0.0009408400983838605
2025-09-08,-0.0007300707265765372
2025-09-09,-0.001190024844583415
2025-09-10,-0.00013143148067485956
2025-09-11,5.459759692419408e-05
2025-09-12,-0.0008156267830235819
2025-09-15,-0.0003113093997448968
2025-09-16,0.00033557321533558837
2025-09-17,0.000584604504664632
2025-09-18,-0.0034124910163275957
2025-09-19,8.71673569265985e-05
2025-09-22,-0.0002301153858514815
2025-09-23,-0.00017925471223221857
2025-09-24,-0.003087041332243123
2025-09-25,0.0001461299929751636
2025-09-26,7.786042901547496e-06
2025-09-29,-0.0004437766915425634
2025-09-30,-0.0009890326195207855
2025-10-01,-0.004767231309562752
2025-10-02,-0.0008603189799961941
2025-10-03,0.0006559715127470056
2025-10-06,-0.0018394824208097904
2025-10-07,0.0013660818030904408
2025-10-08,-0.0013198281577826044
2025-10-09,0.0028791956459058576
2025-10-10,0.00261163682690872
2025-10-13,0.0020972446434994463
2025-10-14,0.0003575924572968403
2025-10-15,0.00036601266824804466
2025-10-16,0.0007389565704726986
2025-10-17,-0.0006938088388239616
2025-10-20,-0.0005514166140523635
2025-10-21,-6.17533143589144e-05
2025-10-22,-0.0009635831127720928
2025-10-23,-8.92218124698474e-05
2025-10-24,-0.001373051504990619
2025-10-27,0.0006396946200181386
2025-10-28,3.449663878942189e-05
2025-10-29,-0.00907464412402812
2025-10-30,0.001215272305951498
2025-10-31,0.001407475396472807
2025-11-03,0.002907258985743677
2025-11-04,0.0017686261519614444
2025-11-05,-0.0028577331300065345
2025-11-06,-0.0007287216688892928
2025-11-07,-0.0013740199572714773
2025-11-10,-0.0005814708459518314
2025-11-11,-0.00020062227001533262
2025-11-12,0.0034664490388743308
2025-11-13,0.002972181289203446
2025-11-14,-0.0005468709858689636
2025-11-17,-0.0011116678578634964
2025-11-18,-5.659518883133208e-05
2025-11-19,-0.0006147730076239255
2025-11-20,-0.00013760618442124617
2025-11-21,-0.0017110067706346765
2025-11-24,-0.0009027989122107394
2025-11-25,0.0012455723088884319
2025-11-26,-0.0014747132611117708
2025-11-28,-0.0008081007745954106
2025-12-01,0.0015367630090777629
2025-12-02,0.0013858284446894077
2025-12-03,-0.0001326578485661367
2025-12-04,-0.003260600025125027
2025-12-05,-0.000956908808326179
2025-12-08,0.0030754662129014064
2025-12-09,-0.0026347354901428534
2025-12-10,0.0004280986782246865
2025-12-11,-0.00027505541364801766
2025-12-12,0.002069067229503868
2025-12-15,0.0010105140886486508
2025-12-16,-0.0010163736661042088
2025-12-17,0.003104142459338827
2025-12-18,-0.0016275978986356853
2025-12-19,0.0002486978731857381
2025-12-22,0.002141758417979145
2025-12-23,-0.0005372205497366888
2025-12-24,0.0005487238472289491
2025-12-26,0.0007598673987986137
2025-12-29,0.0011596297460314763
2025-12-30,0.0017440216648998974
2025-12-31,-0.0002720762769197416
