janela,formacao_inicio,formacao_fim,negociacao,rank,ativo1,ativo2,ssd,spread_media,spread_desvio
1990/S2_a_1991/S1,1990/S2,1991/S1,1991/S2,1,GPUI,FPC,0.081122894780151,0.0029943560240820078,0.01772559996732685
1990/S2_a_1991/S1,1990/S2,1991/S1,1991/S2,2,FPC,ES,0.09804698678613022,0.006864402670529417,0.01852883407450608
1990/S2_a_1991/S1,1990/S2,1991/S1,1991/S2,3,45200Q,CNP,0.10264142869277748,-0.0005137664099991217,0.02021546406219403
1990/S2_a_1991/S1,1990/S2,1991/S1,1991/S2,4,PEG,0961514D,0.10430933190741598,-0.011163786441570497,0.0170425457438838
1990/S2_a_1991/S1,1990/S2,1991/S1,1991/S2,5,SCG,WEC,0.10697831722063711,-0.0036362033199280755,0.020320772213879575
1990/S2_a_1991/S1,1990/S2,1991/S1,1991/S2,6,PEG,PPL,0.11194621003869543,-0.0028240082146338092,0.020928307179829773
1990/S2_a_1991/S1,1990/S2,1991/S1,1991/S2,7,D,ES,0.11678150946238475,0.008970344984678951,0.019608092787961835
1990/S2_a_1991/S1,1990/S2,1991/S1,1991/S2,8,EIX,PPL,0.1336006156655003,0.004852041441828258,0.022552988027843435
1990/S2_a_1991/S1,1990/S2,1991/S1,1991/S2,9,CNP,SO,0.1389026701772309,0.009486514049485709,0.021518471179386982
1990/S2_a_1991/S1,1990/S2,1991/S1,1991/S2,10,GPUI,ES,0.14096639984393278,0.009858758694611424,0.021541512674831818
1990/S2_a_1991/S1,1990/S2,1991/S1,1991/S2,11,AEP,CEG,0.1469367050914343,-0.0048543732394631415,0.023701189332980988
1990/S2_a_1991/S1,1990/S2,1991/S1,1991/S2,12,45200Q,SO,0.1525805878650317,0.008972747639486587,0.022957783654654437
1990/S2_a_1991/S1,1990/S2,1991/S1,1991/S2,13,D,GPUI,0.15886782656343712,-0.000888413709932474,0.025142536160937562
1990/S2_a_1991/S1,1990/S2,1991/S1,1991/S2,14,0961514D,PPL,0.16181389657810996,0.008339778226936687,0.023975985458683083
1990/S2_a_1991/S1,1990/S2,1991/S1,1991/S2,15,ED,PEG,0.16442584816002181,-0.0007279393121953861,0.025584195387352703
1990/S2_a_1991/S1,1990/S2,1991/S1,1991/S2,16,SO,WEC,0.171146630055091,-0.007857731588047054,0.024897171452953174
1990/S2_a_1991/S1,1990/S2,1991/S1,1991/S2,17,D,FPC,0.17143403816544378,0.0021059423141495345,0.026049020591809743
1990/S2_a_1991/S1,1990/S2,1991/S1,1991/S2,18,ED,PPL,0.17243836174986882,-0.0035519475268291946,0.02596803476961748
1990/S2_a_1991/S1,1990/S2,1991/S1,1991/S2,19,8375930Q,COP,0.1747713609576067,0.02275791602431356,0.013278330613055176
1990/S2_a_1991/S1,1990/S2,1991/S1,1991/S2,20,SO,SCG,0.1768483538342025,-0.004221528268118976,0.026204633421565593
1991/S1_a_1991/S2,1991/S1,1991/S2,1992/S1,1,FPC,ES,0.08412071894599649,-0.002286749668833596,0.018126290349489232
1991/S1_a_1991/S2,1991/S1,1991/S2,1992/S1,2,FPC,WEC,0.08478959409831077,-0.0028261785102201165,0.01812312508099902
1991/S1_a_1991/S2,1991/S1,1991/S2,1992/S1,3,AEP,WEC,0.0852966827317232,0.005747069000101456,0.01747338063920362
1991/S1_a_1991/S2,1991/S1,1991/S2,1992/S1,4,45200Q,FPC,0.09128508881462949,0.0006134099881007192,0.019022740364527904
1991/S1_a_1991/S2,1991/S1,1991/S2,1992/S1,5,AEP,ES,0.09291312848176858,0.006286497841487976,0.018139074123974763
1991/S1_a_1991/S2,1991/S1,1991/S2,1992/S1,6,CEG,SCG,0.09487407565154626,-0.00045085380488732484,0.019397947092719012
1991/S1_a_1991/S2,1991/S1,1991/S2,1992/S1,7,CEG,AYE,0.09520088782255698,-0.0011774390214374637,0.01940075866543985
1991/S1_a_1991/S2,1991/S1,1991/S2,1992/S1,8,AEP,FPC,0.09966641671417165,0.008573247510321572,0.01793625969411805
1991/S1_a_1991/S2,1991/S1,1991/S2,1992/S1,9,D,UEP,0.10007595632623634,-0.0028124854768953444,0.019727781098603476
1991/S1_a_1991/S2,1991/S1,1991/S2,1992/S1,10,NEE,AYE,0.1021922545128291,0.0004044028070979559,0.020133569700634946
1991/S1_a_1991/S2,1991/S1,1991/S2,1992/S1,11,EIX,NEE,0.10285198280439545,0.0008534263278452107,0.020184438614559166
1991/S1_a_1991/S2,1991/S1,1991/S2,1992/S1,12,CEG,NEE,0.10467371681272652,-0.0015818418285354196,0.020318950245671166
1991/S1_a_1991/S2,1991/S1,1991/S2,1992/S1,13,45200Q,ES,0.10856177001596734,-0.0016733396807328766,0.02068790703789293
1991/S1_a_1991/S2,1991/S1,1991/S2,1992/S1,14,EIX,AYE,0.10928850985885674,0.0012578291349431667,0.020786922583377578
1991/S1_a_1991/S2,1991/S1,1991/S2,1992/S1,15,D,DTE,0.1112232536712554,0.0008950075252703127,0.02098947118315342
1991/S1_a_1991/S2,1991/S1,1991/S2,1992/S1,16,WEC,ES,0.11511991714348824,0.0005394288413865208,0.02136663122391703
1991/S1_a_1991/S2,1991/S1,1991/S2,1992/S1,17,45200Q,D,0.12102461824167676,0.008282084226707783,0.020282783544927952
1991/S1_a_1991/S2,1991/S1,1991/S2,1992/S1,18,PPL,TE,0.12239121443690237,-0.0009777978644362369,0.022016347101737225
1991/S1_a_1991/S2,1991/S1,1991/S2,1992/S1,19,PEG,0961514D,0.1259964621602876,0.003963960936043829,0.02200478633230301
1991/S1_a_1991/S2,1991/S1,1991/S2,1992/S1,20,45200Q,DTE,0.12676965444325106,0.009177091751978096,0.020457296225101725
1991/S2_a_1992/S1,1991/S2,1992/S1,1992/S2,1,NEE,FPC,0.06821419622997382,-0.00807924296241989,0.014285977791704652
1991/S2_a_1992/S1,1991/S2,1992/S1,1992/S2,2,AEP,NEE,0.06891261203986687,-0.006619155087074941,0.015112758746922651
1991/S2_a_1992/S1,1991/S2,1992/S1,1992/S2,3,NEE,PPL,0.07957252997607611,-0.0008104048948941692,0.017715997764469908
1991/S2_a_1992/S1,1991/S2,1992/S1,1992/S2,4,DUK,WEC,0.08028850440064161,0.008316089728051106,0.015745322150626406
1991/S2_a_1992/S1,1991/S2,1992/S1,1992/S2,5,FPC,AYE,0.09057016169845156,0.0039667589251583405,0.018498309601180582
1991/S2_a_1992/S1,1991/S2,1992/S1,1992/S2,6,USW,BLS,0.10119028917313244,-0.004528580194305768,0.019477487498832328
1991/S2_a_1992/S1,1991/S2,1992/S1,1992/S2,7,PPL,FPC,0.1085805330533276,-0.0072688380675257225,0.019393999654032504
1991/S2_a_1992/S1,1991/S2,1992/S1,1992/S2,8,BLS,3054Q,0.11051780359866825,-0.008995915843194431,0.018856905731902886
1991/S2_a_1992/S1,1991/S2,1992/S1,1992/S2,9,AEP,PPL,0.11217926190988692,-0.007429559981969111,0.019697201711548453
1991/S2_a_1992/S1,1991/S2,1992/S1,1992/S2,10,NEE,AYE,0.11224247770587681,-0.00411248403726155,0.020655914021349746
1991/S2_a_1992/S1,1991/S2,1992/S1,1992/S2,11,TXU,FPC,0.11990800117837352,0.005714517115029475,0.02100380653347608
1991/S2_a_1992/S1,1991/S2,1992/S1,1992/S2,12,PPL,AYE,0.12012892429595468,-0.0033020791423673816,0.021537666034074063
1991/S2_a_1992/S1,1991/S2,1992/S1,1992/S2,13,AYE,TE,0.12637408198077082,0.0025020089800816075,0.022208500807237932
1991/S2_a_1992/S1,1991/S2,1992/S1,1992/S2,14,D,FPC,0.13646297687387232,0.0038884533013140484,0.022895403971876976
1991/S2_a_1992/S1,1991/S2,1992/S1,1992/S2,15,CEG,SCG,0.1371785615714316,0.00231339307247175,0.023169695993428746
1991/S2_a_1992/S1,1991/S2,1992/S1,1992/S2,16,300583Q,8375930Q,0.14075345481188606,-0.0033543602679562377,0.023346125160199252
1991/S2_a_1992/S1,1991/S2,1992/S1,1992/S2,17,TXU,AYE,0.14081238423807463,0.009681276040187816,0.021505188212440428
1991/S2_a_1992/S1,1991/S2,1992/S1,1992/S2,18,AEP,FPC,0.1414214375940901,-0.014698398049494833,0.01849543685503104
1991/S2_a_1992/S1,1991/S2,1992/S1,1992/S2,19,45200Q,PPL,0.14395799286717192,0.012347488296311169,0.020394627885938602
1991/S2_a_1992/S1,1991/S2,1992/S1,1992/S2,20,NEE,TXU,0.1461850188579774,-0.013793760077449368,0.019666889303269847
1992/S1_a_1992/S2,1992/S1,1992/S2,1993/S1,1,XEL,TXU,0.061099895348775135,0.00016965862925884048,0.015539390748112607
1992/S1_a_1992/S2,1992/S1,1992/S2,1993/S1,2,DUK,PPL,0.06575231212855215,-0.0017316853196617885,0.01602747562849358
1992/S1_a_1992/S2,1992/S1,1992/S2,1993/S1,3,XEL,NEE,0.07168778656199493,-4.789564213719021e-05,0.016832962661667204
1992/S1_a_1992/S2,1992/S1,1992/S2,1993/S1,4,PPL,FPC,0.07403529377961604,-0.0018049056363193237,0.017010557283729945
1992/S1_a_1992/S2,1992/S1,1992/S2,1993/S1,5,DUK,FPC,0.076337872458339,-0.0035365909559811125,0.0170051112588369
1992/S1_a_1992/S2,1992/S1,1992/S2,1993/S1,6,D,DUK,0.07671117723089083,0.00914844347326842,0.014804776585145368
1992/S1_a_1992/S2,1992/S1,1992/S2,1993/S1,7,CEG,NEE,0.08850274135022573,0.00023348853289127658,0.018701830780441717
1992/S1_a_1992/S2,1992/S1,1992/S2,1993/S1,8,D,FPC,0.09925517129067885,0.005611852517287306,0.018991986823550314
1992/S1_a_1992/S2,1992/S1,1992/S2,1993/S1,9,D,PPL,0.09966835559225729,0.00741675815360663,0.018404356655673252
1992/S1_a_1992/S2,1992/S1,1992/S2,1993/S1,10,DUK,CNP,0.10453549470310008,-0.006021408740858319,0.019410901590846956
1992/S1_a_1992/S2,1992/S1,1992/S2,1993/S1,11,45200Q,AYE,0.11338867870290414,0.000135103425139789,0.021169748949409033
1992/S1_a_1992/S2,1992/S1,1992/S2,1993/S1,12,USW,BLS,0.11621916726920745,0.004169310651256546,0.02102171349085004
1992/S1_a_1992/S2,1992/S1,1992/S2,1993/S1,13,XEL,GPUI,0.11627235262653812,-0.013756348842223917,0.016419178115337288
1992/S1_a_1992/S2,1992/S1,1992/S2,1993/S1,14,D,CNP,0.12901159652517435,0.0031270347324101,0.022363145198880666
1992/S1_a_1992/S2,1992/S1,1992/S2,1993/S1,15,XEL,CEG,0.1318928583655179,-0.00028138417502846636,0.022830596919646676
1992/S1_a_1992/S2,1992/S1,1992/S2,1993/S1,16,NEE,TXU,0.13234802006900281,0.00021755427139603071,0.02287066214377255
1992/S1_a_1992/S2,1992/S1,1992/S2,1993/S1,17,CEG,TXU,0.13344444261792887,0.00045104280428730686,0.02296179753576274
1992/S1_a_1992/S2,1992/S1,1992/S2,1993/S1,18,CNP,EXC,0.13397710421259035,0.006729648439466532,0.022001968067785063
1992/S1_a_1992/S2,1992/S1,1992/S2,1993/S1,19,XOM,677004Q,0.1358848606154197,0.0039232783113218525,0.022839469337835188
1992/S1_a_1992/S2,1992/S1,1992/S2,1993/S1,20,AEP,SCG,0.13745009257769425,0.01145947788021263,0.020284040896991276
1992/S2_a_1993/S1,1992/S2,1993/S1,1993/S2,1,D,DUK,0.07025163909406729,-0.010005760203097222,0.013393017046711775
1992/S2_a_1993/S1,1992/S2,1993/S1,1993/S2,2,45200Q,AEP,0.07672050674364073,-0.001998983907933953,0.017368003128924604
1992/S2_a_1993/S1,1992/S2,1993/S1,1993/S2,3,DUK,PPL,0.07816713947056542,0.007692035585355986,0.01587512923506275
1992/S2_a_1993/S1,1992/S2,1993/S1,1993/S2,4,D,PPL,0.07887250686860625,-0.0023137246177412367,0.017574368993299772
1992/S2_a_1993/S1,1992/S2,1993/S1,1993/S2,5,45200Q,CEG,0.0826425604434462,-0.0018957328177941414,0.0180456395841787
1992/S2_a_1993/S1,1992/S2,1993/S1,1993/S2,6,DTE,PPL,0.08773379881290566,-0.0028081721528746125,0.018482959681038257
1992/S2_a_1993/S1,1992/S2,1993/S1,1993/S2,7,45200Q,PPL,0.08825255934425513,0.0023054192244064335,0.01860826937565036
1992/S2_a_1993/S1,1992/S2,1993/S1,1993/S2,8,FPC,TEG,0.08939332308125358,-0.011288413136008688,0.01510671188740917
1992/S2_a_1993/S1,1992/S2,1993/S1,1993/S2,9,CEG,PPL,0.09375450351387826,0.004201152042200575,0.018862765503919056
1992/S2_a_1993/S1,1992/S2,1993/S1,1993/S2,10,45200Q,D,0.09389298822759429,0.00461914384214767,0.018779088224381728
1992/S2_a_1993/S1,1992/S2,1993/S1,1993/S2,11,XEL,FPC,0.09825357204510965,-0.010432193195147703,0.016798340723925324
1992/S2_a_1993/S1,1992/S2,1993/S1,1993/S2,12,XEL,571300Q,0.10466140157325299,-0.004766887851162597,0.01985356252590892
1992/S2_a_1993/S1,1992/S2,1993/S1,1993/S2,13,CEG,DTE,0.10671109904819787,0.007009324195075188,0.019386011856337874
1992/S2_a_1993/S1,1992/S2,1993/S1,1993/S2,14,3891289Q,SCG,0.11095410359098423,0.00449089474161683,0.020537763626042427
1992/S2_a_1993/S1,1992/S2,1993/S1,1993/S2,15,DUK,FPC,0.11351646490129497,-0.010214694204229406,0.018641382928013685
1992/S2_a_1993/S1,1992/S2,1993/S1,1993/S2,16,CEG,D,0.11430172194434363,0.006514876659941812,0.020316806599927087
1992/S2_a_1993/S1,1992/S2,1993/S1,1993/S2,17,XEL,DTE,0.11451425191978615,0.0102827087473123,0.018710337484620494
1992/S2_a_1993/S1,1992/S2,1993/S1,1993/S2,18,45200Q,DUK,0.12494660975721672,-0.005386616360949552,0.021648649427486163
1992/S2_a_1993/S1,1992/S2,1993/S1,1993/S2,19,AEP,D,0.1273883802200544,0.006618127750081623,0.02153019534972407
1992/S2_a_1993/S1,1992/S2,1993/S1,1993/S2,20,AEP,CEG,0.1273917746460711,0.00010325109013981138,0.02252834320408439
1993/S1_a_1993/S2,1993/S1,1993/S2,1994/S1,1,MHFI,SPGI,0.024757449013463884,0.0008047276018618604,0.009898741763164414
1993/S1_a_1993/S2,1993/S1,1993/S2,1994/S1,2,ED,PPL,0.08055441103624617,-0.010138888966085656,0.014755585009282599
1993/S1_a_1993/S2,1993/S1,1993/S2,1994/S1,3,NEE,WEC,0.08127523006703541,-0.001248981939575817,0.01795103135281643
1993/S1_a_1993/S2,1993/S1,1993/S2,1994/S1,4,FPC,WEC,0.09714657890799572,0.0007088886446864455,0.019660458737920106
1993/S1_a_1993/S2,1993/S1,1993/S2,1994/S1,5,1005945D,XEL,0.11130369117961436,0.009269174856117867,0.01889923535485217
1993/S1_a_1993/S2,1993/S1,1993/S2,1994/S1,6,CIN,AYE,0.12067046686024696,-0.00690087911365846,0.020807377777131254
1993/S1_a_1993/S2,1993/S1,1993/S2,1994/S1,7,45200Q,PEG,0.12359054332409869,-0.006252329656066938,0.021287208206502792
1993/S1_a_1993/S2,1993/S1,1993/S2,1994/S1,8,NI,SCG,0.12785948552811988,0.005048868141338776,0.021995629411220297
1993/S1_a_1993/S2,1993/S1,1993/S2,1994/S1,9,AEP,SO,0.13733517329694678,0.0037365196727584507,0.023089713765236382
1993/S1_a_1993/S2,1993/S1,1993/S2,1994/S1,10,CEG,PEG,0.140605188137215,0.0010619877783158461,0.023644190006841405
1993/S1_a_1993/S2,1993/S1,1993/S2,1994/S1,11,AEP,AYE,0.14242602410593008,0.012522658572515395,0.020248274307403356
1993/S1_a_1993/S2,1993/S1,1993/S2,1994/S1,12,UEP,PNW,0.14425541267439712,-0.0035052832823095326,0.023714695792554925
1993/S1_a_1993/S2,1993/S1,1993/S2,1994/S1,13,45200Q,PPL,0.1466478380477838,0.016872452949375057,0.017275430077922715
1993/S1_a_1993/S2,1993/S1,1993/S2,1994/S1,14,DUK,SO,0.15524787623473912,-0.005970178863213308,0.02413985077444977
1993/S1_a_1993/S2,1993/S1,1993/S2,1994/S1,15,DUK,AYE,0.15960362216151225,0.0028159600365436368,0.025058128053481104
1993/S1_a_1993/S2,1993/S1,1993/S2,1994/S1,16,CEG,TEG,0.1625678172786138,0.016287373441254877,0.01952805998360776
1993/S1_a_1993/S2,1993/S1,1993/S2,1994/S1,17,TXU,PPL,0.16274089233729683,-0.0027488404599449218,0.025313708954624287
1993/S1_a_1993/S2,1993/S1,1993/S2,1994/S1,18,ETR,CIN,0.1631378841715332,0.0022541039136151435,0.02539390679569681
1993/S1_a_1993/S2,1993/S1,1993/S2,1994/S1,19,NEE,FPC,0.16678710064581992,-0.0019578705842622627,0.025702955309731677
1993/S1_a_1993/S2,1993/S1,1993/S2,1994/S1,20,AEP,DUK,0.16778360974626594,0.009706698535971756,0.0239554841666294
1993/S2_a_1994/S1,1993/S2,1994/S1,1994/S2,1,MHFI,SPGI,0.03969789280154146,0.0031295681034220913,0.012153117224366869
1993/S2_a_1994/S1,1993/S2,1994/S1,1994/S2,2,AEP,AYE,0.0808869633121958,-0.001101722025728383,0.017881873645907025
1993/S2_a_1994/S1,1993/S2,1994/S1,1994/S2,3,PPW,SCG,0.09417602781559253,-0.009670719644737698,0.016727834747846563
1993/S2_a_1994/S1,1993/S2,1994/S1,1994/S2,4,AEP,CIN,0.09718755585174677,-0.0076722717277203385,0.01807118049233955
1993/S2_a_1994/S1,1993/S2,1994/S1,1994/S2,5,PEG,FPC,0.10011712849126297,-0.0030010612925656702,0.019704011875364934
1993/S2_a_1994/S1,1993/S2,1994/S1,1994/S2,6,CIN,AYE,0.10108715094389709,0.006570549701991954,0.018915497522819926
1993/S2_a_1994/S1,1993/S2,1994/S1,1994/S2,7,CEG,WEC,0.10798955674783883,-0.0007575182894288988,0.020687046092111933
1993/S2_a_1994/S1,1993/S2,1994/S1,1994/S2,8,EXC,GPUI,0.11411146813503592,0.006475132847132128,0.02026646398628702
1993/S2_a_1994/S1,1993/S2,1994/S1,1994/S2,9,NEE,AYE,0.11630637807633093,0.014118384732718014,0.016168285982804956
1993/S2_a_1994/S1,1993/S2,1994/S1,1994/S2,10,UEP,FPC,0.12075285862903229,0.010019685044489786,0.019452134402219025
1993/S2_a_1994/S1,1993/S2,1994/S1,1994/S2,11,PEG,UEP,0.12350092263909573,-0.013020746337055454,0.017884921415767814
1993/S2_a_1994/S1,1993/S2,1994/S1,1994/S2,12,0961514D,PPL,0.14146581744165587,-0.0019985065402597637,0.023608524175075325
1993/S2_a_1994/S1,1993/S2,1994/S1,1994/S2,13,FPC,AYE,0.14217875035666339,-0.016807431948273683,0.0167508396942189
1993/S2_a_1994/S1,1993/S2,1994/S1,1994/S2,14,XOM,L,0.1428857542211972,0.006371883776975158,0.022940029285807895
1993/S2_a_1994/S1,1993/S2,1994/S1,1994/S2,15,1005945D,0961514D,0.14643955943125775,0.002201728562960658,0.024005051918636226
1993/S2_a_1994/S1,1993/S2,1994/S1,1994/S2,16,NI,WEC,0.1509689258260778,0.009096439409181306,0.022715841940380458
1993/S2_a_1994/S1,1993/S2,1994/S1,1994/S2,17,SO,SCG,0.15114924575527766,-0.013541707354674835,0.020388552335881303
1993/S2_a_1994/S1,1993/S2,1994/S1,1994/S2,18,8375930Q,COP,0.15290993364681071,0.02119448137042579,0.012481860709253213
1993/S2_a_1994/S1,1993/S2,1994/S1,1994/S2,19,MMM,WYE,0.156450490228508,0.008372725271644278,0.02346176816807774
1993/S2_a_1994/S1,1993/S2,1994/S1,1994/S2,20,CVX,677004Q,0.15937543169036417,0.00836810362110287,0.023709473917044126
1994/S1_a_1994/S2,1994/S1,1994/S2,1995/S1,1,MHFI,SPGI,0.03409334536013375,0.0019905807814371863,0.011482676641254642
1994/S1_a_1994/S2,1994/S1,1994/S2,1995/S1,2,0961514D,UEP,0.06788551434976853,-0.0020862910864770045,0.016312273445413937
1994/S1_a_1994/S2,1994/S1,1994/S2,1995/S1,3,CMS,TE,0.11140827337351311,0.0005088065600521537,0.021061760309084743
1994/S1_a_1994/S2,1994/S1,1994/S2,1995/S1,4,AEP,NEE,0.11804483290620738,-0.0015461026080269566,0.021630954258997432
1994/S1_a_1994/S2,1994/S1,1994/S2,1995/S1,5,DTE,CMS,0.1219918431721112,0.0023386695664179735,0.02192104271902559
1994/S1_a_1994/S2,1994/S1,1994/S2,1995/S1,6,UEP,FPC,0.12278136692430053,0.013897898419529806,0.017182772879780726
1994/S1_a_1994/S2,1994/S1,1994/S2,1995/S1,7,DTE,UEP,0.13859907162475338,-0.0034613133133808067,0.02324132342764133
1994/S1_a_1994/S2,1994/S1,1994/S2,1995/S1,8,0961514D,FPC,0.14378762024909975,0.011811607333052799,0.02080358488546822
1994/S1_a_1994/S2,1994/S1,1994/S2,1995/S1,9,DTE,0961514D,0.15287031026423392,-0.001375022226903801,0.024640349877284234
1994/S1_a_1994/S2,1994/S1,1994/S2,1995/S1,10,CIN,AYE,0.1555547452448991,0.003160198688419284,0.024692374873137194
1994/S1_a_1994/S2,1994/S1,1994/S2,1995/S1,11,SO,DTE,0.1560246211284948,0.00799181653301,0.02361119323922741
1994/S1_a_1994/S2,1994/S1,1994/S2,1995/S1,12,DUK,UEP,0.15703842315423344,0.0019722460511510565,0.024934831797051773
1994/S1_a_1994/S2,1994/S1,1994/S2,1995/S1,13,RHDCQ,L,0.1610475143825738,-0.008322156753543648,0.023918389176361115
1994/S1_a_1994/S2,1994/S1,1994/S2,1995/S1,14,8375930Q,COP,0.16477003938007329,0.022312934254230567,0.012514142844118155
1994/S1_a_1994/S2,1994/S1,1994/S2,1995/S1,15,DTE,TE,0.1676375314817733,0.002847476126470127,0.025685369141270908
1994/S1_a_1994/S2,1994/S1,1994/S2,1995/S1,16,1005945D,CIN,0.1693840069714838,0.00015803422654095091,0.025977136232526017
1994/S1_a_1994/S2,1994/S1,1994/S2,1995/S1,17,3277Q,TXT,0.17688566032694553,-0.009468219264554626,0.02479353565380629
1994/S1_a_1994/S2,1994/S1,1994/S2,1995/S1,18,MMM,PAS,0.17972314057584526,-0.0068753174255213635,0.025856723151905864
1994/S1_a_1994/S2,1994/S1,1994/S2,1995/S1,19,XOM,677004Q,0.18182352886526587,-0.006003075433072381,0.02623387202307897
1994/S1_a_1994/S2,1994/S1,1994/S2,1995/S1,20,PDG,HM,0.18407964402041443,-0.011755079008669397,0.02438550036414059
1994/S2_a_1995/S1,1994/S2,1995/S1,1995/S2,1,MHFI,SPGI,0.03313246999675812,-0.0033196829792231427,0.01097333263549817
1994/S2_a_1995/S1,1994/S2,1995/S1,1995/S2,2,677004Q,300583Q,0.10354293658247116,-0.003930647789398523,0.01988399777308311
1994/S2_a_1995/S1,1994/S2,1995/S1,1995/S2,3,2196Q,2638Q,0.12487240100642794,-0.005285340416723399,0.021621279449279912
1994/S2_a_1995/S1,1994/S2,1995/S1,1995/S2,4,D,SCG,0.1280476287261081,0.0016547033399844121,0.022480582786578215
1994/S2_a_1995/S1,1994/S2,1995/S1,1995/S2,5,8375930Q,COP,0.1331704247587595,0.019835163735725702,0.01155245000673686
1994/S2_a_1995/S1,1994/S2,1995/S1,1995/S2,6,PEG,TE,0.1358596290846208,-0.010074354369803305,0.02091004896685695
1994/S2_a_1995/S1,1994/S2,1995/S1,1995/S2,7,XEL,DUK,0.13694640385529055,-0.004742278567072553,0.022822350046580158
1994/S2_a_1995/S1,1994/S2,1995/S1,1995/S2,8,210967Q,GHC,0.1560173572182748,0.0002046493114071009,0.024881206750496727
1994/S2_a_1995/S1,1994/S2,1995/S1,1995/S2,9,DTE,WEC,0.15756674932652004,0.0035618855043290814,0.024749293011795556
1994/S2_a_1995/S1,1994/S2,1995/S1,1995/S2,10,BMY,69895Q,0.160729398719468,-0.006831109319476268,0.02430978907618987
1994/S2_a_1995/S1,1994/S2,1995/S1,1995/S2,11,AYE,TE,0.16102269491420884,-0.004185708690042966,0.024927680726499007
1994/S2_a_1995/S1,1994/S2,1995/S1,1995/S2,12,AIG,CIN,0.17127330609764613,0.0038229640235364227,0.02578726287157098
1994/S2_a_1995/S1,1994/S2,1995/S1,1995/S2,13,2196Q,2676187Q,0.17419441209176512,0.007637219227728508,0.025153311763750356
1994/S2_a_1995/S1,1994/S2,1995/S1,1995/S2,14,UEP,WEC,0.17805798657275318,0.003509396111343489,0.02634795206967538
1994/S2_a_1995/S1,1994/S2,1995/S1,1995/S2,15,3277Q,2223Q,0.17875097607634416,-0.005887923849763842,0.025971600891223807
1994/S2_a_1995/S1,1994/S2,1995/S1,1995/S2,16,NSC,TEG,0.1840134391546826,-0.010622193566350566,0.02483814248143956
1994/S2_a_1995/S1,1994/S2,1995/S1,1995/S2,17,VZ,2428Q,0.18438834952837624,-0.0006897408082392388,0.02704111997433782
1994/S2_a_1995/S1,1994/S2,1995/S1,1995/S2,18,329556Q,NCC,0.1843966762552327,0.009791752609460117,0.02520860871210789
1994/S2_a_1995/S1,1994/S2,1995/S1,1995/S2,19,210967Q,41018Q,0.18540410647187855,-0.004010782897599149,0.026824995190057183
1994/S2_a_1995/S1,1994/S2,1995/S1,1995/S2,20,SHW,41018Q,0.18669650804736193,0.002300101507672224,0.027120982615973104
1995/S1_a_1995/S2,1995/S1,1995/S2,1996/S1,1,MHFI,SPGI,0.026606085938283286,0.0014051212472961931,0.010198926936932036
1995/S1_a_1995/S2,1995/S1,1995/S2,1996/S1,2,RRC,SWKS,0.052682775340713306,0.012495244935923631,0.007289605803736334
1995/S1_a_1995/S2,1995/S1,1995/S2,1996/S1,3,UEP,FPC,0.055617044056475606,-0.008230913979438613,0.012392093921613142
1995/S1_a_1995/S2,1995/S1,1995/S2,1996/S1,4,PEG,WEC,0.11068192023344636,-0.0008053732277721917,0.02098362731817239
1995/S1_a_1995/S2,1995/S1,1995/S2,1996/S1,5,TE,TEG,0.11215174757739987,0.001837805346724346,0.021057747426616855
1995/S1_a_1995/S2,1995/S1,1995/S2,1996/S1,6,CIN,AYE,0.1168274809159584,-0.005101887077568621,0.020959846783528024
1995/S1_a_1995/S2,1995/S1,1995/S2,1996/S1,7,RTN_B,RRC,0.12843256892824684,0.010601027522054838,0.019971329971461352
1995/S1_a_1995/S2,1995/S1,1995/S2,1996/S1,8,RTN,RRC,0.12843807787237438,0.010602604529391794,0.01997103896418536
1995/S1_a_1995/S2,1995/S1,1995/S2,1996/S1,9,8375930Q,COP,0.12963489180174292,0.019899744946895264,0.01090395042743269
1995/S1_a_1995/S2,1995/S1,1995/S2,1996/S1,10,AEP,CMS,0.13699269564313,-0.012380309996693786,0.01979658836039928
1995/S1_a_1995/S2,1995/S1,1995/S2,1996/S1,11,AEP,DUK,0.1447969051663449,-0.010305952172471924,0.021685116834212117
1995/S1_a_1995/S2,1995/S1,1995/S2,1996/S1,12,DUK,TXU,0.14880811227612867,0.002186826081650962,0.02424994317826431
1995/S1_a_1995/S2,1995/S1,1995/S2,1996/S1,13,D,UEP,0.1524266768255984,-0.019269457839933758,0.01531294422279002
1995/S1_a_1995/S2,1995/S1,1995/S2,1996/S1,14,SO,TE,0.15742365240112122,-0.0021255380002396453,0.024952954829052763
1995/S1_a_1995/S2,1995/S1,1995/S2,1996/S1,15,EXC,SO,0.15999002359660608,0.0031528210322839204,0.025048564218400758
1995/S1_a_1995/S2,1995/S1,1995/S2,1996/S1,16,XOM,3891289Q,0.16453080138546738,0.014189056635705882,0.021292481387811264
1995/S1_a_1995/S2,1995/S1,1995/S2,1996/S1,17,DUK,CMS,0.1648694607389416,-0.00207435782422186,0.025544673369203814
1995/S1_a_1995/S2,1995/S1,1995/S2,1996/S1,18,PEG,FPC,0.17684943832318822,0.009225790077246632,0.024882225153888455
1995/S1_a_1995/S2,1995/S1,1995/S2,1996/S1,19,EQR,0574018D,0.18615839914593835,-0.008859295095459912,0.025746205965762513
1995/S1_a_1995/S2,1995/S1,1995/S2,1996/S1,20,CIN,NI,0.1883556111050666,-0.01591539856242476,0.022273564756883614
1995/S2_a_1996/S1,1995/S2,1996/S1,1996/S2,1,RRC,SWKS,0.023750827732783364,0.008389636650814783,0.004894730455090465
1995/S2_a_1996/S1,1995/S2,1996/S1,1996/S2,2,MHFI,SPGI,0.02984961301092426,0.000964827721211717,0.010862235485036323
1995/S2_a_1996/S1,1995/S2,1996/S1,1996/S2,3,D,TE,0.05032400700793005,-0.0018887220276096112,0.014032553890555568
1995/S2_a_1996/S1,1995/S2,1996/S1,1996/S2,4,D,FPC,0.08211663089298327,0.009314310800487563,0.01549373626163601
1995/S2_a_1996/S1,1995/S2,1996/S1,1996/S2,5,FPC,TEG,0.09010735396987002,-0.004638374711258649,0.01836826630172794
1995/S2_a_1996/S1,1995/S2,1996/S1,1996/S2,6,FPC,NI,0.1052126557721067,-0.0064233961329296565,0.019435779556184113
1995/S2_a_1996/S1,1995/S2,1996/S1,1996/S2,7,D,TEG,0.10584525951321666,0.004675936089228912,0.01999356830637473
1995/S2_a_1996/S1,1995/S2,1996/S1,1996/S2,8,FPC,TE,0.10695377517322413,-0.011203032828097174,0.017323471992145626
1995/S2_a_1996/S1,1995/S2,1996/S1,1996/S2,9,UEP,FPC,0.11233243115964342,-0.012669083548612679,0.016923191884483324
1995/S2_a_1996/S1,1995/S2,1996/S1,1996/S2,10,GPUI,NI,0.12232258307972188,0.00576264839457084,0.021307288627893946
1995/S2_a_1996/S1,1995/S2,1996/S1,1996/S2,11,XOM,3891289Q,0.1272755683739888,-0.0002526134102723658,0.022516880552461895
1995/S2_a_1996/S1,1995/S2,1996/S1,1996/S2,12,TE,TEG,0.13303199726772164,0.006564658116838524,0.022062219491136095
1995/S2_a_1996/S1,1995/S2,1996/S1,1996/S2,13,NEE,CIN,0.14217416764211066,-0.005216554265601618,0.02321874441669631
1995/S2_a_1996/S1,1995/S2,1996/S1,1996/S2,14,NI,TEG,0.14343449913587847,0.0017850214216710075,0.023838061831623895
1995/S2_a_1996/S1,1995/S2,1996/S1,1996/S2,15,AEP,CMS,0.1459441923441318,-0.01247114408864325,0.020622848771489073
1995/S2_a_1996/S1,1995/S2,1996/S1,1996/S2,16,D,NI,0.14868290009906104,0.002890914667557905,0.024165501604752938
1995/S2_a_1996/S1,1995/S2,1996/S1,1996/S2,17,MCAI,RRC,0.1518315982140166,0.021212158285708962,0.012375720367959482
1995/S2_a_1996/S1,1995/S2,1996/S1,1996/S2,18,NI,TE,0.15316133502801677,-0.004779636695167517,0.02423362497529629
1995/S2_a_1996/S1,1995/S2,1996/S1,1996/S2,19,NEE,PNW,0.154339429432639,-0.001486006263938188,0.02475239610512766
1995/S2_a_1996/S1,1995/S2,1996/S1,1996/S2,20,8375930Q,COP,0.16612023044274338,0.021704864198232317,0.01374247287156324
1996/S1_a_1996/S2,1996/S1,1996/S2,1997/S1,1,MHFI,SPGI,0.03311357978475371,-0.0011063411822013758,0.011386609936402113
1996/S1_a_1996/S2,1996/S1,1996/S2,1997/S1,2,D,PPL,0.06149109473136605,-0.003313978882299371,0.015232266420759304
1996/S1_a_1996/S2,1996/S1,1996/S2,1997/S1,3,XEL,TE,0.07610452423364222,0.004907374431997086,0.016632224304452183
1996/S1_a_1996/S2,1996/S1,1996/S2,1997/S1,4,UEP,PPL,0.09073711215711455,0.00035405667115524927,0.01893459427815517
1996/S1_a_1996/S2,1996/S1,1996/S2,1997/S1,5,D,UEP,0.09100833399463681,-0.00366803555345462,0.018606694240339568
1996/S1_a_1996/S2,1996/S1,1996/S2,1997/S1,6,CEG,UEP,0.09625648899418593,-0.00538108870513902,0.01874539581079284
1996/S1_a_1996/S2,1996/S1,1996/S2,1997/S1,7,D,SO,0.09810891894943552,-0.003221486480015947,0.01942584087065844
1996/S1_a_1996/S2,1996/S1,1996/S2,1997/S1,8,CEG,PPL,0.10295498493070454,-0.005027032033983772,0.019533708369967644
1996/S1_a_1996/S2,1996/S1,1996/S2,1997/S1,9,CEG,D,0.10670584437127673,-0.0017130531516844011,0.02046499647200871
1996/S1_a_1996/S2,1996/S1,1996/S2,1997/S1,10,PPL,TE,0.10891816527021092,-0.01317883144490456,0.016004327393299916
1996/S1_a_1996/S2,1996/S1,1996/S2,1997/S1,11,GPUI,NI,0.1152139725353436,-0.007369888519394986,0.020021519777338723
1996/S1_a_1996/S2,1996/S1,1996/S2,1997/S1,12,ETR,PPL,0.1189547926043133,0.005752443022361051,0.02090348421323034
1996/S1_a_1996/S2,1996/S1,1996/S2,1997/S1,13,D,TE,0.11918213673862965,-0.01649281032720393,0.014070810119453415
1996/S1_a_1996/S2,1996/S1,1996/S2,1997/S1,14,USW,VZ,0.12390043352388602,0.0030479966195126984,0.0219179841639541
1996/S1_a_1996/S2,1996/S1,1996/S2,1997/S1,15,SO,UEP,0.12794688817751876,-0.00044654907343867286,0.022483743713198417
1996/S1_a_1996/S2,1996/S1,1996/S2,1997/S1,16,CIN,PNW,0.13176638226946125,0.008864840003726811,0.021021887111348565
1996/S1_a_1996/S2,1996/S1,1996/S2,1997/S1,17,PPW,NEE,0.13250152579291807,-0.004679647399055775,0.022399459554545902
1996/S1_a_1996/S2,1996/S1,1996/S2,1997/S1,18,MCAI,SWKS,0.1464668308902901,0.020755158204304697,0.012101281495581893
1996/S1_a_1996/S2,1996/S1,1996/S2,1997/S1,19,SO,TE,0.14763551916769302,-0.013271323847187983,0.020167186381555957
1996/S1_a_1996/S2,1996/S1,1996/S2,1997/S1,20,FPC,SCG,0.14775104725231358,0.012772622810623921,0.020499061418134488
1996/S2_a_1997/S1,1996/S2,1997/S1,1997/S2,1,MHFI,SPGI,0.05129184662962416,-0.0015642520455797153,0.014180355411819353
1996/S2_a_1997/S1,1996/S2,1997/S1,1997/S2,2,VZ,210967Q,0.05819382593199407,0.004489134248185217,0.014515356862154077
1996/S2_a_1997/S1,1996/S2,1997/S1,1997/S2,3,MCAI,SWKS,0.08041669953126984,0.015404778371357867,0.00899249660179311
1996/S2_a_1997/S1,1996/S2,1997/S1,1997/S2,4,AEP,NEE,0.08868847444887251,0.0031334428200854316,0.018495430911593315
1996/S2_a_1997/S1,1996/S2,1997/S1,1997/S2,5,8375930Q,COP,0.09904017170072166,0.017247371750657343,0.009714127767502327
1996/S2_a_1997/S1,1996/S2,1997/S1,1997/S2,6,CEG,UEP,0.11088417357672142,-0.010719143493544877,0.018018339880491566
1996/S2_a_1997/S1,1996/S2,1997/S1,1997/S2,7,0961514D,UEP,0.12253253598703395,0.0005235093173770139,0.022044615501714052
1996/S2_a_1997/S1,1996/S2,1997/S1,1997/S2,8,DUK,SO,0.1297997323743516,-0.007434447798391953,0.021438002695808978
1996/S2_a_1997/S1,1996/S2,1997/S1,1997/S2,9,AEP,PSX,0.13968107712548772,-0.015995790855045634,0.017245559571209386
1996/S2_a_1997/S1,1996/S2,1997/S1,1997/S2,10,NEE,TE,0.14225691281075115,-0.013224693461957197,0.019721182106678427
1996/S2_a_1997/S1,1996/S2,1997/S1,1997/S2,11,TE,PSX,0.14310880718642238,-0.005904540213173867,0.023084413557231023
1996/S2_a_1997/S1,1996/S2,1997/S1,1997/S2,12,AEP,TE,0.14326544624282178,-0.010091250641871767,0.021593430378167456
1996/S2_a_1997/S1,1996/S2,1997/S1,1997/S2,13,NI,TE,0.15214939654890713,-0.005422053298683213,0.023963558235211336
1996/S2_a_1997/S1,1996/S2,1997/S1,1997/S2,14,CEG,0961514D,0.15621151132592104,-0.011242652810921891,0.02220333603587984
1996/S2_a_1997/S1,1996/S2,1997/S1,1997/S2,15,D,AYE,0.1728947624770285,-0.004701011462946645,0.025766317588112743
1996/S2_a_1997/S1,1996/S2,1997/S1,1997/S2,16,PPW,UEP,0.18673047141305688,-0.0033116419149324585,0.027018205756030134
1996/S2_a_1997/S1,1996/S2,1997/S1,1997/S2,17,CEG,PPW,0.18785040312246792,-0.007407501578612418,0.02627449876996869
1996/S2_a_1997/S1,1996/S2,1997/S1,1997/S2,18,SO,WEC,0.18991912989082493,0.0039204315986320565,0.027170141069040525
1996/S2_a_1997/S1,1996/S2,1997/S1,1997/S2,19,UEP,SCG,0.1944038328169313,0.0035126206388487917,0.027550976660560177
1996/S2_a_1997/S1,1996/S2,1997/S1,1997/S2,20,STI,KEY,0.19458922971784887,0.0007328693339048636,0.027778413457353556
1997/S1_a_1997/S2,1997/S1,1997/S2,1998/S1,1,MCAI,SWKS,0.047034265304773726,0.011799877343557419,0.0068450183652142135
1997/S1_a_1997/S2,1997/S1,1997/S2,1998/S1,2,8375930Q,COP,0.11481382466809009,0.018225312098504164,0.01105125834838161
1997/S1_a_1997/S2,1997/S1,1997/S2,1998/S1,3,CIN,TE,0.1265399007183987,0.0012722239727851786,0.022372248132408415
1997/S1_a_1997/S2,1997/S1,1997/S2,1998/S1,4,XEL,NI,0.1380431697801896,0.007352622183965869,0.022215192443508752
1997/S1_a_1997/S2,1997/S1,1997/S2,1998/S1,5,SO,UEP,0.14820016331771058,0.009284095537253734,0.02239552220529906
1997/S1_a_1997/S2,1997/S1,1997/S2,1998/S1,6,DUK,CMS,0.16304230678247222,-0.011265698777868226,0.02279415883801426
1997/S1_a_1997/S2,1997/S1,1997/S2,1998/S1,7,375573Q,DDR,0.1772006352139215,0.008372949903927038,0.025155369888104014
1997/S1_a_1997/S2,1997/S1,1997/S2,1998/S1,8,0961514D,UEP,0.17836391912010185,0.006531107515346029,0.025786986972928323
1997/S1_a_1997/S2,1997/S1,1997/S2,1998/S1,9,2269312Q,0111145D,0.18738430859377786,0.008761722556679945,0.025816973291781217
1997/S1_a_1997/S2,1997/S1,1997/S2,1998/S1,10,D,0961514D,0.20527661766743677,-0.004567028722473439,0.0281717807822258
1997/S1_a_1997/S2,1997/S1,1997/S2,1998/S1,11,AEP,NEE,0.22195109408357894,0.016812370557059204,0.024433191688615637
1997/S1_a_1997/S2,1997/S1,1997/S2,1998/S1,12,GPUI,NI,0.22318348004091604,0.005007443779858631,0.029333849647710887
1997/S1_a_1997/S2,1997/S1,1997/S2,1998/S1,13,UEP,SCG,0.23295603129326992,0.018386062370491407,0.02418759906683237
1997/S1_a_1997/S2,1997/S1,1997/S2,1998/S1,14,D,UEP,0.23704688393024753,0.001964078792872591,0.030607014299917582
1997/S1_a_1997/S2,1997/S1,1997/S2,1998/S1,15,PET,NI,0.24356148221613694,-0.003170218623561691,0.030926099820534774
1997/S1_a_1997/S2,1997/S1,1997/S2,1998/S1,16,AVB,GGP,0.24870400553481886,0.004110496053484931,0.03114413958924053
1997/S1_a_1997/S2,1997/S1,1997/S2,1998/S1,17,0961514D,SCG,0.2506322895601443,0.024917169885837438,0.01926767944228838
1997/S1_a_1997/S2,1997/S1,1997/S2,1998/S1,18,PPW,CMS,0.2514624732673383,-0.0028203436946921583,0.03146237521261884
1997/S1_a_1997/S2,1997/S1,1997/S2,1998/S1,19,XEL,GPUI,0.2540778656276643,0.0023451784041072375,0.03166581456281819
1997/S1_a_1997/S2,1997/S1,1997/S2,1998/S1,20,GFS_A,GAS,0.2547380933046952,0.017161253256057767,0.026743001913217865
1997/S2_a_1998/S1,1997/S2,1998/S1,1998/S2,1,8375930Q,COP,0.1057801103172551,0.01777048252295458,0.010216972431938191
1997/S2_a_1998/S1,1997/S2,1998/S1,1998/S2,2,MHFI,SPGI,0.10823830833055581,-0.009953257604385419,0.018214452847087465
1997/S2_a_1998/S1,1997/S2,1998/S1,1998/S2,3,JNJ,ABT,0.1834718324222422,-0.0035352443392428,0.026803278355615662
1997/S2_a_1998/S1,1997/S2,1998/S1,1998/S2,4,PSX,O,0.18984893990500495,-0.015561722268041247,0.022654762611793045
1997/S2_a_1998/S1,1997/S2,1998/S1,1998/S2,5,DDR,O,0.19322302342197872,-0.00953374378591764,0.02604915451878854
1997/S2_a_1998/S1,1997/S2,1998/S1,1998/S2,6,FPC,NI,0.20292136714374465,0.009799246239486076,0.02668415006028803
1997/S2_a_1998/S1,1997/S2,1998/S1,1998/S2,7,CEG,SCG,0.20689897946829205,-0.004603778349784148,0.028337598814149663
1997/S2_a_1998/S1,1997/S2,1998/S1,1998/S2,8,DDR,PSX,0.20857454939095987,0.006027978482123607,0.028186752362636625
1997/S2_a_1998/S1,1997/S2,1998/S1,1998/S2,9,CEG,TXU,0.20931891382258527,-0.0060381615596230035,0.02823712528095933
1997/S2_a_1998/S1,1997/S2,1998/S1,1998/S2,10,D,0111145D,0.21025961402074245,-0.0035868099907441944,0.028718830817964884
1997/S2_a_1998/S1,1997/S2,1998/S1,1998/S2,11,BF_B,1958Q,0.22131930344710327,-0.0244726310805977,0.016746774215346327
1997/S2_a_1998/S1,1997/S2,1998/S1,1998/S2,12,8214761Q,RLM,0.2253762312343497,0.007653406275972932,0.028967313979287167
1997/S2_a_1998/S1,1997/S2,1998/S1,1998/S2,13,DUK,SCG,0.2277982778933847,0.010126182107003404,0.028365732352767667
1997/S2_a_1998/S1,1997/S2,1998/S1,1998/S2,14,0961514D,SCG,0.22868545276116947,-0.020041456734563173,0.022535243382713635
1997/S2_a_1998/S1,1997/S2,1998/S1,1998/S2,15,1281683D,HCP,0.2400395468721399,0.006440162854145107,0.03024387403516339
1997/S2_a_1998/S1,1997/S2,1998/S1,1998/S2,16,677004Q,3891289Q,0.2444152766663592,-0.003981882527237511,0.030949111217546774
1997/S2_a_1998/S1,1997/S2,1998/S1,1998/S2,17,GIDL,O,0.2526585880756329,0.01416387972765593,0.028375925831317324
1997/S2_a_1998/S1,1997/S2,1998/S1,1998/S2,18,CVX,COP,0.2618078820030405,-0.004133771865725641,0.03202972277513659
1997/S2_a_1998/S1,1997/S2,1998/S1,1998/S2,19,GPC,GAS,0.26855135836808586,0.009164222052946426,0.03139439713108546
1997/S2_a_1998/S1,1997/S2,1998/S1,1998/S2,20,DDR,MAC,0.2685915542360817,-0.012782845639194702,0.030100394187563585
1998/S1_a_1998/S2,1998/S1,1998/S2,1999/S1,1,MCAI,GIDL,0.029608143539121556,0.009399957892633842,0.005408280145318017
1998/S1_a_1998/S2,1998/S1,1998/S2,1999/S1,2,8375930Q,COP,0.08051401749031584,0.01594441857128702,0.008095409064700519
1998/S1_a_1998/S2,1998/S1,1998/S2,1999/S1,3,BF_B,1958Q,0.11502891085160627,0.009269070471407145,0.019287938004191776
1998/S1_a_1998/S2,1998/S1,1998/S2,1999/S1,4,0574018D,AVB,0.13731748120096654,-0.00040568786241975975,0.02338624296593477
1998/S1_a_1998/S2,1998/S1,1998/S2,1999/S1,5,NCE,TE,0.15509855476807388,0.008608667977360833,0.023313474837014878
1998/S1_a_1998/S2,1998/S1,1998/S2,1999/S1,6,TE,TEG,0.1554178722388997,-0.007882692243966259,0.023596828515310142
1998/S1_a_1998/S2,1998/S1,1998/S2,1999/S1,7,SO,FPC,0.1939727496157957,-0.011921677944805423,0.025101935255868173
1998/S1_a_1998/S2,1998/S1,1998/S2,1999/S1,8,GIDL,FPC,0.24469326533517233,0.0002780779432916798,0.031221722112224057
1998/S1_a_1998/S2,1998/S1,1998/S2,1999/S1,9,CMS,GAS,0.2479371690752714,0.005677216919600406,0.030910164750023963
1998/S1_a_1998/S2,1998/S1,1998/S2,1999/S1,10,SO,WEC,0.252634603709339,0.006994785610675527,0.03094172605475556
1998/S1_a_1998/S2,1998/S1,1998/S2,1999/S1,11,231330Q,ESS,0.2526358999772924,0.0021917908698824724,0.03164955676374562
1998/S1_a_1998/S2,1998/S1,1998/S2,1999/S1,12,D,PPL,0.25448650093096603,-0.013535061367817082,0.028809072940122204
1998/S1_a_1998/S2,1998/S1,1998/S2,1999/S1,13,D,TXU,0.2556611118031924,-0.006061776736701607,0.03133175121778922
1998/S1_a_1998/S2,1998/S1,1998/S2,1999/S1,14,FE,WEC,0.25629397832290124,-0.0037774351961762753,0.031729571093388975
1998/S1_a_1998/S2,1998/S1,1998/S2,1999/S1,15,ED,PEG,0.2584167050201813,0.015072113718231464,0.028310333085517107
1998/S1_a_1998/S2,1998/S1,1998/S2,1999/S1,16,231330Q,HCN,0.2610491192337463,-0.0018195141544396754,0.03219802028203983
1998/S1_a_1998/S2,1998/S1,1998/S2,1999/S1,17,FPC,WEC,0.2616607273661202,0.01891646355548095,0.026138377839621346
1998/S1_a_1998/S2,1998/S1,1998/S2,1999/S1,18,RDPL,300583Q,0.2619492289036316,0.004177001848252656,0.0320328826385919
1998/S1_a_1998/S2,1998/S1,1998/S2,1999/S1,19,MCAI,FPC,0.26358749698715656,0.009678035835925523,0.030921058324299967
1998/S1_a_1998/S2,1998/S1,1998/S2,1999/S1,20,AEP,CEG,0.2740248315228655,0.0031694702076929876,0.03288839967268587
1998/S2_a_1999/S1,1998/S2,1999/S1,1999/S2,1,MCAI,GIDL,0.02058296225095546,0.007813282193285963,0.004551179889926743
1998/S2_a_1999/S1,1998/S2,1999/S1,1999/S2,2,8375930Q,COP,0.09099778053098362,0.016043469276010112,0.010204047340823141
1998/S2_a_1999/S1,1998/S2,1999/S1,1999/S2,3,MHFI,SPGI,0.14987575492375527,-0.002663566499910432,0.02428974494853783
1998/S2_a_1999/S1,1998/S2,1999/S1,1999/S2,4,45200Q,TEG,0.15947301152471027,0.0075754825953736225,0.02403609930447934
1998/S2_a_1999/S1,1998/S2,1999/S1,1999/S2,5,AEE,FPC,0.16529984690191668,-0.005023394606615715,0.025164063620467657
1998/S2_a_1999/S1,1998/S2,1999/S1,1999/S2,6,45200Q,AEP,0.17104502080314887,0.00847381045297988,0.024685273444112955
1998/S2_a_1999/S1,1998/S2,1999/S1,1999/S2,7,SO,0961514D,0.17944534326818484,-0.0005113250341041079,0.026733110394954115
1998/S2_a_1999/S1,1998/S2,1999/S1,1999/S2,8,SO,AEE,0.19081946706410235,0.0026898417528381804,0.02744035069429083
1998/S2_a_1999/S1,1998/S2,1999/S1,1999/S2,9,BF_B,1958Q,0.2009713704611613,0.020141752463647116,0.019833715308714986
1998/S2_a_1999/S1,1998/S2,1999/S1,1999/S2,10,45200Q,0961514D,0.20400335409362924,-0.003074975611281149,0.0283420045282752
1998/S2_a_1999/S1,1998/S2,1999/S1,1999/S2,11,EQR,0574018D,0.21043066184012105,-0.016505668714614508,0.02376650298611185
1998/S2_a_1999/S1,1998/S2,1999/S1,1999/S2,12,FE,AEE,0.21906295807013976,-0.0032895359348103794,0.029358076073175667
1998/S2_a_1999/S1,1998/S2,1999/S1,1999/S2,13,ED,TXU,0.21942364046003604,0.00930866083960686,0.02805710926590082
1998/S2_a_1999/S1,1998/S2,1999/S1,1999/S2,14,AEP,0111145D,0.22718667462896747,0.013850824471122737,0.02669300528515469
1998/S2_a_1999/S1,1998/S2,1999/S1,1999/S2,15,45200Q,AEE,0.23326574482359774,0.0001261911756611412,0.030484907893092866
1998/S2_a_1999/S1,1998/S2,1999/S1,1999/S2,16,CNP,CMS,0.23547710886930417,-0.015834132668180213,0.026199946018620402
1998/S2_a_1999/S1,1998/S2,1999/S1,1999/S2,17,45200Q,FPC,0.23587999245830815,-0.004897203430954575,0.030260250766829627
1998/S2_a_1999/S1,1998/S2,1999/S1,1999/S2,18,PCG,PSX,0.2384329044983815,0.007827410116451857,0.029806365835049243
1998/S2_a_1999/S1,1998/S2,1999/S1,1999/S2,19,FPC,TEG,0.24776034451633677,0.0124726860263282,0.028825428304048186
1998/S2_a_1999/S1,1998/S2,1999/S1,1999/S2,20,0961514D,AEE,0.251370717594682,0.003201166786942286,0.03148314893972109
1999/S1_a_1999/S2,1999/S1,1999/S2,2000/S1,1,MCAI,GIDL,0.014264583508634132,0.0065109154728263344,0.003777578217567353
1999/S1_a_1999/S2,1999/S1,1999/S2,2000/S1,2,8375930Q,COP,0.12019134433921863,0.019183046212410525,0.010459188438086622
1999/S1_a_1999/S2,1999/S1,1999/S2,2000/S1,3,SO,AEE,0.12305070622107905,-0.003802128434904045,0.02181119167935317
1999/S1_a_1999/S2,1999/S1,1999/S2,2000/S1,4,MHFI,SPGI,0.18215589228611861,-0.01630730833080117,0.021418050940382925
1999/S1_a_1999/S2,1999/S1,1999/S2,2000/S1,5,BF_B,1958Q,0.20864048689469428,-0.024298816512637843,0.015441897390309444
1999/S1_a_1999/S2,1999/S1,1999/S2,2000/S1,6,DUK,CNP,0.21594467758802693,0.0012309872169944083,0.029305562513110308
1999/S1_a_1999/S2,1999/S1,1999/S2,2000/S1,7,EQR,0574018D,0.22200358854559,0.01605138757247702,0.025016053308698234
1999/S1_a_1999/S2,1999/S1,1999/S2,2000/S1,8,SKY,FE,0.2292205660505715,-0.001821921738212035,0.030164494414757242
1999/S1_a_1999/S2,1999/S1,1999/S2,2000/S1,9,0111145D,AEE,0.24303182574846005,-0.01702789333208282,0.026022105191914915
1999/S1_a_1999/S2,1999/S1,1999/S2,2000/S1,10,DUK,TEG,0.2506728602762678,0.023433551827419415,0.02115130088033632
1999/S1_a_1999/S2,1999/S1,1999/S2,2000/S1,11,AEP,CMS,0.25316740558770334,-0.00593206048058221,0.031197845180361186
1999/S1_a_1999/S2,1999/S1,1999/S2,2000/S1,12,PEG,PLD,0.263117201675243,0.0038548619893248003,0.03214586349591063
1999/S1_a_1999/S2,1999/S1,1999/S2,2000/S1,13,CIN,PNW,0.2668995194807735,-0.011391419458295778,0.03054608439819288
1999/S1_a_1999/S2,1999/S1,1999/S2,2000/S1,14,PSA,KIM,0.27133453372539407,-0.009723474081355038,0.031402093135502726
1999/S1_a_1999/S2,1999/S1,1999/S2,2000/S1,15,PEG,UCM,0.27236423243073205,0.011029211785604402,0.031032053037898712
1999/S1_a_1999/S2,1999/S1,1999/S2,2000/S1,16,CNP,TEG,0.28008090276148323,0.022202564610425007,0.0249187145619828
1999/S1_a_1999/S2,1999/S1,1999/S2,2000/S1,17,TEG,DDR,0.2849230406263814,0.0015393650533718905,0.03365668537894235
1999/S1_a_1999/S2,1999/S1,1999/S2,2000/S1,18,8394653Q,KIM,0.2885467519525946,-0.02138792319571562,0.026273996868948688
1999/S1_a_1999/S2,1999/S1,1999/S2,2000/S1,19,BBT,NFB,0.29188020330059317,0.014065038955513726,0.031052469569273218
1999/S1_a_1999/S2,1999/S1,1999/S2,2000/S1,20,CMA,BBT,0.2939380220008161,-0.010981748279096046,0.0324035267861998
1999/S2_a_2000/S1,1999/S2,2000/S1,2000/S2,1,MCAI,GIDL,0.010868522897567345,0.0056616961833296005,0.0032828472438622813
1999/S2_a_2000/S1,1999/S2,2000/S1,2000/S2,2,BF_B,1958Q,0.07490381659022205,-0.0062690158200045904,0.01601894561562275
1999/S2_a_2000/S1,1999/S2,2000/S1,2000/S2,3,8375930Q,COP,0.08178116010049052,0.015109704821355308,0.009697428947800688
1999/S2_a_2000/S1,1999/S2,2000/S1,2000/S2,4,571300Q,VZ,0.10619249364037842,-0.005358970652147102,0.01977121892736747
1999/S2_a_2000/S1,1999/S2,2000/S1,2000/S2,5,MHFI,SPGI,0.15508894278258367,0.001205605413530222,0.024729345814904272
1999/S2_a_2000/S1,1999/S2,2000/S1,2000/S2,6,8394653Q,0574018D,0.16310863419215593,0.016665731360591386,0.019127303637021843
1999/S2_a_2000/S1,1999/S2,2000/S1,2000/S2,7,AIV,PLD,0.18417036061526915,0.012109834275184346,0.024098098815298414
1999/S2_a_2000/S1,1999/S2,2000/S1,2000/S2,8,EQR,0574018D,0.19748370576991192,-0.005522414801987286,0.027385222292142436
1999/S2_a_2000/S1,1999/S2,2000/S1,2000/S2,9,AEE,AYE,0.21235529627836058,0.011847591368604186,0.026427803008833618
1999/S2_a_2000/S1,1999/S2,2000/S1,2000/S2,10,AIV,VNO,0.2187853236264914,0.0038694462228894325,0.029150168621142617
1999/S2_a_2000/S1,1999/S2,2000/S1,2000/S2,11,XEL,NCE,0.22190660341658486,0.024646184795987867,0.01634826742186327
1999/S2_a_2000/S1,1999/S2,2000/S1,2000/S2,12,AIV,0574018D,0.250142745579069,-0.01707859306371127,0.026379448144542263
1999/S2_a_2000/S1,1999/S2,2000/S1,2000/S2,13,VNO,PLD,0.2616973053308129,0.008240388052294913,0.03108382715209935
1999/S2_a_2000/S1,1999/S2,2000/S1,2000/S2,14,EOP,AVB,0.26666809461937646,0.006491672373487646,0.03180747884979224
1999/S2_a_2000/S1,1999/S2,2000/S1,2000/S2,15,SO,0111145D,0.2696068810465704,0.006977246883931958,0.031886759839843105
1999/S2_a_2000/S1,1999/S2,2000/S1,2000/S2,16,EQR,AIV,0.27571111748596877,0.011556178261723983,0.0309143034841846
1999/S2_a_2000/S1,1999/S2,2000/S1,2000/S2,17,BBT,OK,0.28318646826335225,0.004002224656381881,0.03321495130414586
1999/S2_a_2000/S1,1999/S2,2000/S1,2000/S2,18,544791Q,228510Q,0.2845087589238915,0.002064587832606686,0.03347030293067357
1999/S2_a_2000/S1,1999/S2,2000/S1,2000/S2,19,EQR,VNO,0.28753520860215076,0.015425624484613414,0.029960180183966956
1999/S2_a_2000/S1,1999/S2,2000/S1,2000/S2,20,41018Q,BBT,0.2881838779198347,0.00041007000454541646,0.033747561231633326
2000/S1_a_2000/S2,2000/S1,2000/S2,2001/S1,1,8375930Q,COP,0.14922067425061414,0.020765737489643613,0.012711051622577074
2000/S1_a_2000/S2,2000/S1,2000/S2,2001/S1,2,BF_B,1958Q,0.17192823300649707,0.01911063290406305,0.017841011879732638
2000/S1_a_2000/S2,2000/S1,2000/S2,2001/S1,3,BXP,AVB,0.20223197555401384,-0.01787879953851151,0.02201772234144536
2000/S1_a_2000/S2,2000/S1,2000/S2,2001/S1,4,DOW,1255177D,0.2495304455166547,-0.00321690851777204,0.0313648764028302
2000/S1_a_2000/S2,2000/S1,2000/S2,2001/S1,5,EOP,PLD,0.318544283467304,0.005321520424158437,0.035223136264340454
2000/S1_a_2000/S2,2000/S1,2000/S2,2001/S1,6,AIV,PLD,0.3404690729652202,-0.017748845282045275,0.03225172732247723
2000/S1_a_2000/S2,2000/S1,2000/S2,2001/S1,7,AIV,0574018D,0.3454865370154039,0.01866282650053292,0.03204296552707156
2000/S1_a_2000/S2,2000/S1,2000/S2,2001/S1,8,WY,544791Q,0.35752376496657234,0.0016956428507416974,0.03770292840496939
2000/S1_a_2000/S2,2000/S1,2000/S2,2001/S1,9,FNMA,FMCC,0.35771178880816024,-0.020419787855088994,0.03172566164590881
2000/S1_a_2000/S2,2000/S1,2000/S2,2001/S1,10,KIM,PLD,0.3639431363026233,0.01496080768384345,0.03500364483760293
2000/S1_a_2000/S2,2000/S1,2000/S2,2001/S1,11,EQR,0574018D,0.40600856240291705,-0.016733151843000473,0.036557490226748625
2000/S1_a_2000/S2,2000/S1,2000/S2,2001/S1,12,D,TE,0.4081571248580076,-0.0082849088916932,0.03946151065370586
2000/S1_a_2000/S2,2000/S1,2000/S2,2001/S1,13,AYE,TE,0.4549602391523422,-0.022930170577550427,0.03584275491355556
2000/S1_a_2000/S2,2000/S1,2000/S2,2001/S1,14,KIM,HCP,0.460684035680174,-0.01640784378904354,0.03956140350927269
2000/S1_a_2000/S2,2000/S1,2000/S2,2001/S1,15,EOP,AIV,0.468091689875223,0.023070365706203702,0.03647663460362736
2000/S1_a_2000/S2,2000/S1,2000/S2,2001/S1,16,PLD,GRMN,0.4683000591940072,0.011849062515448636,0.041530442346028304
2000/S1_a_2000/S2,2000/S1,2000/S2,2001/S1,17,SPG,MAC,0.4691373429252508,0.009321841584578936,0.04221172996622008
2000/S1_a_2000/S2,2000/S1,2000/S2,2001/S1,18,D,AYE,0.47447236119899117,0.014645261685857228,0.040926640782342566
2000/S1_a_2000/S2,2000/S1,2000/S2,2001/S1,19,GGP,PLD,0.4996769923551483,-0.0015110209945933914,0.04459207001997392
2000/S1_a_2000/S2,2000/S1,2000/S2,2001/S1,20,KIM,GGP,0.5101281769927937,0.016471828678436842,0.04195212836724464
2000/S2_a_2001/S1,2000/S2,2001/S1,2001/S2,1,MCAI,GIDL,0.055828381058745435,0.009297343960392427,0.011684483604239293
2000/S2_a_2001/S1,2000/S2,2001/S1,2001/S2,2,BF_B,1958Q,0.0678358416193987,-0.0015757900101502564,0.016396655752468094
2000/S2_a_2001/S1,2000/S2,2001/S1,2001/S2,3,8375930Q,COP,0.08084180981813915,0.01583295727285897,0.008466520721302731
2000/S2_a_2001/S1,2000/S2,2001/S1,2001/S2,4,MHFI,SPGI,0.12939895436875304,-0.009489707177725628,0.020668358836279144
2000/S2_a_2001/S1,2000/S2,2001/S1,2001/S2,5,EOP,BXP,0.22395557731908866,0.020582414640182938,0.021690826947947942
2000/S2_a_2001/S1,2000/S2,2001/S1,2001/S2,6,MCAI,PLD,0.242781893256506,-0.014026136767031398,0.027813811863307072
2000/S2_a_2001/S1,2000/S2,2001/S1,2001/S2,7,0574018D,PLD,0.24966622762372026,0.009853977812415385,0.03001958740974979
2000/S2_a_2001/S1,2000/S2,2001/S1,2001/S2,8,SNV,MTB,0.2825880687987592,-0.00200609426229787,0.033560568579067036
2000/S2_a_2001/S1,2000/S2,2001/S1,2001/S2,9,GIDL,PLD,0.31947794782502115,-0.023323480727423823,0.027050898303831963
2000/S2_a_2001/S1,2000/S2,2001/S1,2001/S2,10,SPG,PSA,0.32597878129274704,-0.024513827049163973,0.02646854166191922
2000/S2_a_2001/S1,2000/S2,2001/S1,2001/S2,11,AIV,BXP,0.3425417315138475,-0.0025981855929139573,0.03692410263508411
2000/S2_a_2001/S1,2000/S2,2001/S1,2001/S2,12,NYT,KRI,0.3454497692636096,-0.007131359794961621,0.036479300423108034
2000/S2_a_2001/S1,2000/S2,2001/S1,2001/S2,13,GIDL,KIM,0.35008049200155256,0.014057719262136996,0.03466860278795148
2000/S2_a_2001/S1,2000/S2,2001/S1,2001/S2,14,MCAI,KIM,0.3507639410106549,0.02335506322252942,0.0292474776690184
2000/S2_a_2001/S1,2000/S2,2001/S1,2001/S2,15,739306Q,8394653Q,0.35201880313843503,-0.0006000268649439413,0.037519511459846076
2000/S2_a_2001/S1,2000/S2,2001/S1,2001/S2,16,AIV,PLD,0.35356764897676385,-0.016491019134215613,0.03378208206983486
2000/S2_a_2001/S1,2000/S2,2001/S1,2001/S2,17,0574018D,VNO,0.3598108570122349,0.018402008759987445,0.03315501419001909
2000/S2_a_2001/S1,2000/S2,2001/S1,2001/S2,18,KIM,SLG,0.37975249380360765,0.0014830914126674226,0.03894613738018418
2000/S2_a_2001/S1,2000/S2,2001/S1,2001/S2,19,AIV,VNO,0.3935191870889412,-0.007942988186643556,0.03886815306621316
2000/S2_a_2001/S1,2000/S2,2001/S1,2001/S2,20,CL,HNZ,0.40920975649356706,-0.01672762437277231,0.03682263373455788
2001/S1_a_2001/S2,2001/S1,2001/S2,2002/S1,1,GIDL,PSX,0.02447769681793943,0.00757827165834469,0.006437179106775072
2001/S1_a_2001/S2,2001/S1,2001/S2,2002/S1,2,8375930Q,COP,0.05827232078360112,0.01316647997690893,0.007865258109861056
2001/S1_a_2001/S2,2001/S1,2001/S2,2002/S1,3,BF_B,1958Q,0.10302072053548272,0.015196269568052033,0.013609790706111678
2001/S1_a_2001/S2,2001/S1,2001/S2,2002/S1,4,AEE,SCG,0.10716543508931409,-0.01008159499166845,0.01821587517919449
2001/S1_a_2001/S2,2001/S1,2001/S2,2002/S1,5,NMK,GIDL,0.14550974869177935,0.010657328493025042,0.02179609623527422
2001/S1_a_2001/S2,2001/S1,2001/S2,2002/S1,6,NMK,PSX,0.17496286140010398,0.018235600151369734,0.01935118209841087
2001/S1_a_2001/S2,2001/S1,2001/S2,2002/S1,7,8394653Q,PLD,0.19066921261895686,-0.005739740874546496,0.02718201846264813
2001/S1_a_2001/S2,2001/S1,2001/S2,2002/S1,8,EQR,0574018D,0.21302083727789523,0.016368579430532375,0.02436016027412945
2001/S1_a_2001/S2,2001/S1,2001/S2,2002/S1,9,ETR,AEE,0.24898626496354836,0.003972421742563572,0.03149916724092846
2001/S1_a_2001/S2,2001/S1,2001/S2,2002/S1,10,VNO,SLG,0.2619468026131244,-0.014549856766384222,0.02911971773065013
2001/S1_a_2001/S2,2001/S1,2001/S2,2002/S1,11,ETR,SCG,0.2685642119448062,-0.006109173249104878,0.032401101876443204
2001/S1_a_2001/S2,2001/S1,2001/S2,2002/S1,12,1288652D,SCG,0.27817183732730655,0.015665333328427712,0.029661516636779225
2001/S1_a_2001/S2,2001/S1,2001/S2,2002/S1,13,EOP,AIV,0.27981829913051115,0.005932749518676779,0.033128953966230563
2001/S1_a_2001/S2,2001/S1,2001/S2,2002/S1,14,D,CIN,0.28016299104967857,-0.007650215128681811,0.032794822512389694
2001/S1_a_2001/S2,2001/S1,2001/S2,2002/S1,15,WYE,SCG,0.28080412731617344,0.004623856518787928,0.033397488034813884
2001/S1_a_2001/S2,2001/S1,2001/S2,2002/S1,16,544791Q,1051665D,0.28744691991562377,0.016512326400844542,0.029832732272765203
2001/S1_a_2001/S2,2001/S1,2001/S2,2002/S1,17,AVB,PLD,0.29106960725863473,-0.021698228487962424,0.02656501867270427
2001/S1_a_2001/S2,2001/S1,2001/S2,2002/S1,18,TEG,PSX,0.294440958118912,-0.02322351207115063,0.025505952541342324
2001/S1_a_2001/S2,2001/S1,2001/S2,2002/S1,19,UPC,3133754Q,0.29654144790322334,-0.0021738020190061307,0.034580747781389726
2001/S1_a_2001/S2,2001/S1,2001/S2,2002/S1,20,8394653Q,AVB,0.301623717075131,0.015958487613415926,0.031071598914734835
2001/S2_a_2002/S1,2001/S2,2002/S1,2002/S2,1,MHFI,SPGI,0.05585308390885757,-0.0031429438005839408,0.014735223308300958
2001/S2_a_2002/S1,2001/S2,2002/S1,2002/S2,2,8375930Q,COP,0.06585346065480735,0.014277370307328653,0.007938832428479285
2001/S2_a_2002/S1,2001/S2,2002/S1,2002/S2,3,GIDL,PSX,0.06700704319928263,-0.014260892422653583,0.008257516700028722
2001/S2_a_2002/S1,2001/S2,2002/S1,2002/S2,4,BF_B,1958Q,0.07968232910729967,0.011979660341527377,0.013409558600616668
2001/S2_a_2002/S1,2001/S2,2002/S1,2002/S2,5,WFC,MTB,0.1773507169198183,-0.0032582083126196327,0.026651056228551653
2001/S2_a_2002/S1,2001/S2,2002/S1,2002/S2,6,WFC,355488Q,0.1847516949628698,-0.001119712112765703,0.027381824235702644
2001/S2_a_2002/S1,2001/S2,2002/S1,2002/S2,7,KEY,MTB,0.18688443164950286,-0.01369110841608971,0.023905739572016447
2001/S2_a_2002/S1,2001/S2,2002/S1,2002/S2,8,355488Q,MTB,0.19312546683886467,-0.002138496199853931,0.027936913165680463
2001/S2_a_2002/S1,2001/S2,2002/S1,2002/S2,9,2676187Q,GAS,0.20315304951276403,-0.001699783480431539,0.02868665884462859
2001/S2_a_2002/S1,2001/S2,2002/S1,2002/S2,10,1255173D,KEY,0.20890404709854238,-0.008813951776103328,0.027770522174844364
2001/S2_a_2002/S1,2001/S2,2002/S1,2002/S2,11,EQR,AVB,0.21178681283868173,-0.006249648841683064,0.028665399351093742
2001/S2_a_2002/S1,2001/S2,2002/S1,2002/S2,12,DDR,GGP,0.21427103799192082,0.01088505549728532,0.027423610309843836
2001/S2_a_2002/S1,2001/S2,2002/S1,2002/S2,13,SPG,PLD,0.2220514363473285,0.01064239421800329,0.028087847047841435
2001/S2_a_2002/S1,2001/S2,2002/S1,2002/S2,14,PEG,ES,0.22393913715541203,-0.021613031091590323,0.021007134700963048
2001/S2_a_2002/S1,2001/S2,2002/S1,2002/S2,15,2676187Q,BXP,0.2307667214444109,0.0012502274473829673,0.030602396651657992
2001/S2_a_2002/S1,2001/S2,2002/S1,2002/S2,16,WFC,KEY,0.23527554421718833,0.010432900103470078,0.029105270755076698
2001/S2_a_2002/S1,2001/S2,2002/S1,2002/S2,17,AIV,BXP,0.2387204390652755,0.02063508308988561,0.023299586120755864
2001/S2_a_2002/S1,2001/S2,2002/S1,2002/S2,18,STI,BBT,0.24501584057730952,-0.0014202371733093575,0.03152735445332138
2001/S2_a_2002/S1,2001/S2,2002/S1,2002/S2,19,PBI,AIV,0.2453033205756583,-0.0011365862300237162,0.03155742210998287
2001/S2_a_2002/S1,2001/S2,2002/S1,2002/S2,20,TXU,SCG,0.24883817294619348,0.0026486919706752267,0.03169374071753529
2002/S1_a_2002/S2,2002/S1,2002/S2,2003/S1,1,GIDL,PSX,0.06550751447474568,-0.013966972817402525,0.008070476270429736
2002/S1_a_2002/S2,2002/S1,2002/S2,2003/S1,2,BF_B,1958Q,0.10452285462827149,-0.011961852542599858,0.016515742065921508
2002/S1_a_2002/S2,2002/S1,2002/S2,2003/S1,3,BBT,2676187Q,0.12410405538003033,-0.014253100671382574,0.017043421688422333
2002/S1_a_2002/S2,2002/S1,2002/S2,2003/S1,4,KRI,TMK,0.12652074538146962,-0.004699503631720192,0.021952070310181294
2002/S1_a_2002/S2,2002/S1,2002/S2,2003/S1,5,SPG,DDR,0.17232621702498818,0.00267501876635302,0.0260648115147343
2002/S1_a_2002/S2,2002/S1,2002/S2,2003/S1,6,HBAN,MTB,0.17619536783763579,0.001548238475229416,0.026449328624702458
2002/S1_a_2002/S2,2002/S1,2002/S2,2003/S1,7,EOP,EQR,0.19743939876724426,-0.012505648784543565,0.025091768096918217
2002/S1_a_2002/S2,2002/S1,2002/S2,2003/S1,8,HBAN,355488Q,0.21008154111120803,-0.016159332464300267,0.023975276661222865
2002/S1_a_2002/S2,2002/S1,2002/S2,2003/S1,9,STI,NCC,0.21620261046905398,-0.004268576394143268,0.029035696046568214
2002/S1_a_2002/S2,2002/S1,2002/S2,2003/S1,10,PG,3393199Q,0.2173667075164758,-0.0038428183510118737,0.02917493328586354
2002/S1_a_2002/S2,2002/S1,2002/S2,2003/S1,11,GPC,EOP,0.2268615069202724,-0.006367320383505873,0.029379013104927562
2002/S1_a_2002/S2,2002/S1,2002/S2,2003/S1,12,AEE,PSX,0.23237197550054134,-0.0073098580972602864,0.029531980173796286
2002/S1_a_2002/S2,2002/S1,2002/S2,2003/S1,13,WFC,MTB,0.23572329881642418,0.013298616614459404,0.027596718108772112
2002/S1_a_2002/S2,2002/S1,2002/S2,2003/S1,14,355488Q,MTB,0.238344830650135,0.017707570939529686,0.025194715610527448
2002/S1_a_2002/S2,2002/S1,2002/S2,2003/S1,15,GIDL,AEE,0.24206488310892382,-0.006657114720142239,0.030329988227576744
2002/S1_a_2002/S2,2002/S1,2002/S2,2003/S1,16,MHFI,SPGI,0.24541656549467916,0.02571735071513267,0.01771265436493441
2002/S1_a_2002/S2,2002/S1,2002/S2,2003/S1,17,FMCC,MI,0.25314220783110386,-0.00571221404393252,0.031237402352061436
2002/S1_a_2002/S2,2002/S1,2002/S2,2003/S1,18,WFC,355488Q,0.2557053948319208,-0.00440895432507028,0.031610603742790795
2002/S1_a_2002/S2,2002/S1,2002/S2,2003/S1,19,8394653Q,MAC,0.25717781382286375,-0.0008831868259412612,0.03199733859963444
2002/S1_a_2002/S2,2002/S1,2002/S2,2003/S1,20,NBL,NFX,0.2581152582473578,-0.004179784481702276,0.031793198016700164
2002/S2_a_2003/S1,2002/S2,2003/S1,2003/S2,1,GIDL,PSX,0.06373631114655609,-0.01373425911744212,0.008034185679631795
2002/S2_a_2003/S1,2002/S2,2003/S1,2003/S2,2,355488Q,RF,0.07987611240213255,0.014328203056855419,0.010588493884241174
2002/S2_a_2003/S1,2002/S2,2003/S1,2003/S2,3,BF_B,1958Q,0.08413633409577415,0.010225779041787331,0.01517304720448588
2002/S2_a_2003/S1,2002/S2,2003/S1,2003/S2,4,SPG,8394653Q,0.12327641562478675,-0.0017966968169257306,0.022088461187243776
2002/S2_a_2003/S1,2002/S2,2003/S1,2003/S2,5,355488Q,MTB,0.16005563054199,0.008404754936349653,0.02380652211899857
2002/S2_a_2003/S1,2002/S2,2003/S1,2003/S2,6,UNH,502466Q,0.16196432626321666,-0.002477818195185362,0.0252806676484815
2002/S2_a_2003/S1,2002/S2,2003/S1,2003/S2,7,NEE,EXC,0.16337898126408845,0.0006485636582622324,0.025504704767916154
2002/S2_a_2003/S1,2002/S2,2003/S1,2003/S2,8,MHFI,SPGI,0.165424632008353,0.01692369869289914,0.019274584807141237
2002/S2_a_2003/S1,2002/S2,2003/S1,2003/S2,9,BXP,ESS,0.16892272586738954,0.004994406140637715,0.02545496879364691
2002/S2_a_2003/S1,2002/S2,2003/S1,2003/S2,10,EQR,SLG,0.1738158025118537,0.003449557039017759,0.026087283974969178
2002/S2_a_2003/S1,2002/S2,2003/S1,2003/S2,11,SOV,8206908Q,0.181075353378219,0.0033327609309727773,0.026650782407181786
2002/S2_a_2003/S1,2002/S2,2003/S1,2003/S2,12,SCG,PBCT,0.18515517176967933,0.005870923207374234,0.026515371882596398
2002/S2_a_2003/S1,2002/S2,2003/S1,2003/S2,13,KEY,RF,0.19041245463222367,-0.012979613060471485,0.024279081639682867
2002/S2_a_2003/S1,2002/S2,2003/S1,2003/S2,14,8394653Q,O,0.19279792091248282,0.012020007837228676,0.024961229908418932
2002/S2_a_2003/S1,2002/S2,2003/S1,2003/S2,15,1255173D,8206908Q,0.20544057359160206,0.003058942466099045,0.028444576505779088
2002/S2_a_2003/S1,2002/S2,2003/S1,2003/S2,16,PG,TGNA,0.20618536769484308,-0.0020735903566130045,0.028585638713079103
2002/S2_a_2003/S1,2002/S2,2003/S1,2003/S2,17,KSE,HRL,0.20825379907245178,-0.0032748951415405014,0.0286169310657415
2002/S2_a_2003/S1,2002/S2,2003/S1,2003/S2,18,MTB,8206908Q,0.2100839103055705,-0.013689682198479476,0.02547221326744872
2002/S2_a_2003/S1,2002/S2,2003/S1,2003/S2,19,HBAN,1436513D,0.21127829064289472,-0.001296411468280387,0.02898376785751877
2002/S2_a_2003/S1,2002/S2,2003/S1,2003/S2,20,JCI,HBAN,0.2112790083259597,0.0012927189122886023,0.028983982768280087
2003/S1_a_2003/S2,2003/S1,2003/S2,2004/S1,1,GIDL,PSX,0.06177088198126057,-0.013567427700642348,0.007828835806018272
2003/S1_a_2003/S2,2003/S1,2003/S2,2004/S1,2,PNAA,PSX,0.06949063487530793,-0.014390263769471558,0.008303638297711363
2003/S1_a_2003/S2,2003/S1,2003/S2,2004/S1,3,NEE,AEE,0.09020333557737104,-0.0023818788783449185,0.01880637894405942
2003/S1_a_2003/S2,2003/S1,2003/S2,2004/S1,4,HBAN,MTB,0.09340169920733388,-0.01075210984005294,0.016001558312072253
2003/S1_a_2003/S2,2003/S1,2003/S2,2004/S1,5,355488Q,RF,0.10281823987975258,0.016674927100453374,0.011422497379188889
2003/S1_a_2003/S2,2003/S1,2003/S2,2004/S1,6,TGNA,HBAN,0.1055926567237293,0.004640303753318546,0.01997672820909849
2003/S1_a_2003/S2,2003/S1,2003/S2,2004/S1,7,WFC,STI,0.13350311319140928,0.005864195761628466,0.022301549588372507
2003/S1_a_2003/S2,2003/S1,2003/S2,2004/S1,8,WWY,PNAA,0.14232008756488312,-0.005347344747370395,0.023201385400583408
2003/S1_a_2003/S2,2003/S1,2003/S2,2004/S1,9,EOP,O,0.14294048765088974,-0.009247206993526843,0.021991646067051212
2003/S1_a_2003/S2,2003/S1,2003/S2,2004/S1,10,WWY,GIDL,0.14380654709162854,-0.0061701808161996035,0.023123832758561835
2003/S1_a_2003/S2,2003/S1,2003/S2,2004/S1,11,TGNA,MTB,0.14741797144324664,-0.006111806086734394,0.02344823235000694
2003/S1_a_2003/S2,2003/S1,2003/S2,2004/S1,12,0961514D,KSE,0.15147026927201068,0.0050913425490505225,0.02403002632798323
2003/S1_a_2003/S2,2003/S1,2003/S2,2004/S1,13,WFC,3621240Q,0.1535333616502612,0.011050576480372793,0.022115264962250726
2003/S1_a_2003/S2,2003/S1,2003/S2,2004/S1,14,TGNA,WFC,0.16030003447156105,0.0025302095464821376,0.02514394737300031
2003/S1_a_2003/S2,2003/S1,2003/S2,2004/S1,15,HSY,HBAN,0.164517038672102,-0.003878522497479618,0.025305009393958664
2003/S1_a_2003/S2,2003/S1,2003/S2,2004/S1,16,KRI,HBAN,0.16537488934955036,-0.010115308280636602,0.023582556946285766
2003/S1_a_2003/S2,2003/S1,2003/S2,2004/S1,17,STI,3621240Q,0.16551340749629162,0.005186380718744327,0.025147768402839558
2003/S1_a_2003/S2,2003/S1,2003/S2,2004/S1,18,BF_B,1958Q,0.16702065484173545,0.021997580364398184,0.013401474956903843
2003/S1_a_2003/S2,2003/S1,2003/S2,2004/S1,19,HSY,605018Q,0.170562670767481,0.0029552124621702643,0.02589912118615833
2003/S1_a_2003/S2,2003/S1,2003/S2,2004/S1,20,HBAN,605018Q,0.1708973844376942,0.006833734959649883,0.025178961147088435
2003/S2_a_2004/S1,2003/S2,2004/S1,2004/S2,1,MHFI,SPGI,0.03258201220489809,0.0026683862874329095,0.011075204761851008
2003/S2_a_2004/S1,2003/S2,2004/S1,2004/S2,2,355488Q,RF,0.05775626001070577,0.013046399763532926,0.007695320205565139
2003/S2_a_2004/S1,2003/S2,2004/S1,2004/S2,3,GIDL,PSX,0.06024828781062297,-0.013358669908469024,0.007801793709470036
2003/S2_a_2004/S1,2003/S2,2004/S1,2004/S2,4,PNAA,PSX,0.06788822844504239,-0.014180387602791326,0.00828169717159908
2003/S2_a_2004/S1,2003/S2,2004/S1,2004/S2,5,NEE,SO,0.07504800226053021,-0.012027336522446306,0.012400116092643411
2003/S2_a_2004/S1,2003/S2,2004/S1,2004/S2,6,HLS,PSX,0.08456500327349659,0.015826547990114386,0.0092430955625025
2003/S2_a_2004/S1,2003/S2,2004/S1,2004/S2,7,BF_B,1958Q,0.10496244282126099,-0.017926221249574874,0.009774833922694962
2003/S2_a_2004/S1,2003/S2,2004/S1,2004/S2,8,XEL,TEG,0.10800813655953334,-0.00271869154489375,0.020564303294118624
2003/S2_a_2004/S1,2003/S2,2004/S1,2004/S2,9,MCAI,HLS,0.10885138531352823,0.01795592754311528,0.010486705900620445
2003/S2_a_2004/S1,2003/S2,2004/S1,2004/S2,10,0961514D,KSE,0.11178285803441668,-0.0025427953100651732,0.020948948991039395
2003/S2_a_2004/S1,2003/S2,2004/S1,2004/S2,11,D,SO,0.11287242768588612,0.006853191161961597,0.02006333973702086
2003/S2_a_2004/S1,2003/S2,2004/S1,2004/S2,12,3393199Q,PSX,0.1360231936139371,0.002851220556402521,0.023103316368352892
2003/S2_a_2004/S1,2003/S2,2004/S1,2004/S2,13,D,PGL,0.14756629512567088,0.00030138837890902306,0.02424504752624473
2003/S2_a_2004/S1,2003/S2,2004/S1,2004/S2,14,C,NI,0.1476142663468636,0.0072455231407721225,0.023138666500251655
2003/S2_a_2004/S1,2003/S2,2004/S1,2004/S2,15,AEE,KSE,0.14971393004032052,-0.008276573430766623,0.02297161853314349
2003/S2_a_2004/S1,2003/S2,2004/S1,2004/S2,16,0961514D,AEE,0.15020781690338936,0.005733778120701449,0.023778778881266095
2003/S2_a_2004/S1,2003/S2,2004/S1,2004/S2,17,CIN,KSE,0.15519050368357057,0.01254491524718022,0.021454299548353935
2003/S2_a_2004/S1,2003/S2,2004/S1,2004/S2,18,PG,CLX,0.15582193822797308,-0.008984011475791882,0.023232961691971987
2003/S2_a_2004/S1,2003/S2,2004/S1,2004/S2,19,3393199Q,HLS,0.16323617642615318,-0.012975327433711867,0.021938857237510132
2003/S2_a_2004/S1,2003/S2,2004/S1,2004/S2,20,ED,NEE,0.1642210299389717,0.004019672875791678,0.025259550826091756
2004/S1_a_2004/S2,2004/S1,2004/S2,2005/S1,1,BF_B,1958Q,0.03418197912071719,-0.006347462642025769,0.009784292652209307
2004/S1_a_2004/S2,2004/S1,2004/S2,2005/S1,2,MHFI,SPGI,0.04661238737264739,0.00815177682323944,0.010908277148567342
2004/S1_a_2004/S2,2004/S1,2004/S2,2005/S1,3,GIDL,PSX,0.05889821059986389,-0.013252083402364168,0.0076378556431127235
2004/S1_a_2004/S2,2004/S1,2004/S2,2005/S1,4,PNAA,PSX,0.06647803960419196,-0.014079013070472012,0.008114457641474355
2004/S1_a_2004/S2,2004/S1,2004/S2,2005/S1,5,XEL,CIN,0.07532803044125558,-0.0015660114825942154,0.017252521920463004
2004/S1_a_2004/S2,2004/S1,2004/S2,2005/S1,6,HLS,PSX,0.07797164064936624,0.015247598460040769,0.008787973362828935
2004/S1_a_2004/S2,2004/S1,2004/S2,2005/S1,7,CEG,SO,0.08869792229756968,-0.0019422992080243015,0.01869734259959418
2004/S1_a_2004/S2,2004/S1,2004/S2,2005/S1,8,XEL,TEG,0.09412699986467032,0.006165044991737135,0.018353440070489384
2004/S1_a_2004/S2,2004/S1,2004/S2,2005/S1,9,8394653Q,KIM,0.09700997472759809,0.0029003894857298064,0.019443460316309107
2004/S1_a_2004/S2,2004/S1,2004/S2,2005/S1,10,D,WFC,0.0988806722790514,-0.0019514557263433194,0.01975154550989154
2004/S1_a_2004/S2,2004/S1,2004/S2,2005/S1,11,CEG,AEE,0.10944648085353492,0.003974312581254152,0.02049838205733407
2004/S1_a_2004/S2,2004/S1,2004/S2,2005/S1,12,SO,AEE,0.1139371808657188,0.005916611789278455,0.020464291561672298
2004/S1_a_2004/S2,2004/S1,2004/S2,2005/S1,13,CEG,CIN,0.11842494514132795,-0.009133697591509561,0.01969913019644976
2004/S1_a_2004/S2,2004/S1,2004/S2,2005/S1,14,KIM,O,0.13062233192476924,-0.007445149911592096,0.021558214258799974
2004/S1_a_2004/S2,2004/S1,2004/S2,2005/S1,15,XEL,CEG,0.13510102542477398,0.007567686108915345,0.02192608167098238
2004/S1_a_2004/S2,2004/S1,2004/S2,2005/S1,16,NEE,CIN,0.13517244680417662,0.007557513021202194,0.021936090986661425
2004/S1_a_2004/S2,2004/S1,2004/S2,2005/S1,17,GIS,HNZ,0.14054056552004113,-0.005938955035365236,0.022902202126076333
2004/S1_a_2004/S2,2004/S1,2004/S2,2005/S1,18,MEL,MS,0.14237323599758156,-0.0029635649655633815,0.02363062292003434
2004/S1_a_2004/S2,2004/S1,2004/S2,2005/S1,19,CBE,UPS,0.1435176335290862,0.013638670288369913,0.019622155445498127
2004/S1_a_2004/S2,2004/S1,2004/S2,2005/S1,20,D,TEG,0.14417233540075358,-0.010953099723554157,0.021305947790599928
2004/S2_a_2005/S1,2004/S2,2005/S1,2005/S2,1,MHFI,SPGI,0.04773050682717894,0.0051568882958778345,0.012755694668574916
2004/S2_a_2005/S1,2004/S2,2005/S1,2005/S2,2,PNAA,PSX,0.06477450270142526,-0.013847583244044741,0.00803275674455203
2004/S2_a_2005/S1,2004/S2,2005/S1,2005/S2,3,BF_B,1958Q,0.06594030443784504,0.011527503463963147,0.011325070587674074
2004/S2_a_2005/S1,2004/S2,2005/S1,2005/S2,4,HLS,PSX,0.07175122334172102,0.014574262784344517,0.008454291670581458
2004/S2_a_2005/S1,2004/S2,2005/S1,2005/S2,5,TMK,MSFT,0.08694721362712698,-0.0027299996273441283,0.0183724291411561
2004/S2_a_2005/S1,2004/S2,2005/S1,2005/S2,6,STI,KEY,0.09568348892673839,0.002812539358272854,0.019280939204317914
2004/S2_a_2005/S1,2004/S2,2005/S1,2005/S2,7,XEL,CIN,0.09984913855385003,-0.007867212816942698,0.01827807690908878
2004/S2_a_2005/S1,2004/S2,2005/S1,2005/S2,8,GE,STI,0.10243536930749997,-0.008651398683657633,0.01820290775810028
2004/S2_a_2005/S1,2004/S2,2005/S1,2005/S2,9,BAC,KSE,0.1123320390815934,-0.0048748067059998625,0.02054030230712645
2004/S2_a_2005/S1,2004/S2,2005/S1,2005/S2,10,BAC,WFC,0.11838348086121186,0.013362233420893271,0.01704458585039161
2004/S2_a_2005/S1,2004/S2,2005/S1,2005/S2,11,T,NCC,0.11841845235744586,-0.005253126785697667,0.021028781399159528
2004/S2_a_2005/S1,2004/S2,2005/S1,2005/S2,12,WFC,PNW,0.1199411957193206,-0.008289487075089927,0.020173468937343283
2004/S2_a_2005/S1,2004/S2,2005/S1,2005/S2,13,SNV,MI,0.12034308892100398,-0.0033068884941963974,0.02160030170534405
2004/S2_a_2005/S1,2004/S2,2005/S1,2005/S2,14,K,WWY,0.12206603120091586,0.001691001878659634,0.021943522465068074
2004/S2_a_2005/S1,2004/S2,2005/S1,2005/S2,15,WFC,USB,0.12791583373598314,0.006503061653003664,0.021567217883909227
2004/S2_a_2005/S1,2004/S2,2005/S1,2005/S2,16,1288652D,FII,0.12950561719446796,0.011633406588358533,0.019443198869593017
2004/S2_a_2005/S1,2004/S2,2005/S1,2005/S2,17,USB,8206908Q,0.13953522958036046,-0.003035233500848846,0.023333710120420813
2004/S2_a_2005/S1,2004/S2,2005/S1,2005/S2,18,PNW,MI,0.13955397850577356,0.008819672281700037,0.021810326287658114
2004/S2_a_2005/S1,2004/S2,2005/S1,2005/S2,19,XL,FII,0.1402628402308892,0.0032343674913625315,0.023368695445886652
2004/S2_a_2005/S1,2004/S2,2005/S1,2005/S2,20,BAC,PNW,0.14056718596907558,0.005072746345803345,0.023064505716149597
2005/S1_a_2005/S2,2005/S1,2005/S2,2006/S1,1,PNAA,PSX,0.06147939943514302,-0.013516992538971814,0.00784224677027305
2005/S1_a_2005/S2,2005/S1,2005/S2,2006/S1,2,HLS,PSX,0.06432123787544697,0.013825869801934284,0.008021450221845933
2005/S1_a_2005/S2,2005/S1,2005/S2,2006/S1,3,BF_B,1958Q,0.07013226205833689,0.00941102165813215,0.013801855530668653
2005/S1_a_2005/S2,2005/S1,2005/S2,2006/S1,4,T,USB,0.07583691858633301,0.0031030429158063685,0.01710180927513214
2005/S1_a_2005/S2,2005/S1,2005/S2,2006/S1,5,EQR,0574018D,0.07674982841717792,0.006837380060183845,0.01608851107772367
2005/S1_a_2005/S2,2005/S1,2005/S2,2006/S1,6,K,WWY,0.0978434295303714,-0.002474728231973753,0.019587388313343647
2005/S1_a_2005/S2,2005/S1,2005/S2,2006/S1,7,EXC,PEG,0.09945531982339162,-0.012993356504338267,0.015057768823163363
2005/S1_a_2005/S2,2005/S1,2005/S2,2006/S1,8,STI,KEY,0.10243648831828978,0.002211581286667124,0.020079913372996794
2005/S1_a_2005/S2,2005/S1,2005/S2,2006/S1,9,3393199Q,MDLZ,0.10329021139506267,0.004539497383574594,0.01976931081731634
2005/S1_a_2005/S2,2005/S1,2005/S2,2006/S1,10,WFC,STI,0.10392589352881032,-0.009722303684656538,0.01786470288669316
2005/S1_a_2005/S2,2005/S1,2005/S2,2006/S1,11,SNV,MI,0.10661300289871178,-0.0035278753924468885,0.020304125431380833
2005/S1_a_2005/S2,2005/S1,2005/S2,2006/S1,12,K,PSX,0.10705890205781543,0.004403880699667195,0.020175679851338665
2005/S1_a_2005/S2,2005/S1,2005/S2,2006/S1,13,BAC,C,0.11018946609613067,-0.0008648653120595183,0.02093444255051697
2005/S1_a_2005/S2,2005/S1,2005/S2,2006/S1,14,WFC,BLS,0.11403427398420263,0.014676992259187189,0.015428787748260809
2005/S1_a_2005/S2,2005/S1,2005/S2,2006/S1,15,CIN,SCG,0.11407599156291326,0.0014036418565743964,0.021272234538403236
2005/S1_a_2005/S2,2005/S1,2005/S2,2006/S1,16,JNJ,SJM,0.11589080006694985,0.008342707416681834,0.019794905253516248
2005/S1_a_2005/S2,2005/S1,2005/S2,2006/S1,17,T,BLS,0.11776277869398655,-0.014244328091103983,0.016293101739396514
2005/S1_a_2005/S2,2005/S1,2005/S2,2006/S1,18,K,HLS,0.11858733671567734,-0.00942198910226709,0.0195788648647719
2005/S1_a_2005/S2,2005/S1,2005/S2,2006/S1,19,XEL,SCG,0.1201849815352034,-0.0026591496125846275,0.02171923984277566
2005/S1_a_2005/S2,2005/S1,2005/S2,2006/S1,20,WFC,KEY,0.1204373120586979,-0.007510722397989415,0.020571685219162715
2005/S2_a_2006/S1,2005/S2,2006/S1,2006/S2,1,USB,MTB,0.03916050674069993,-0.0008573066692400029,0.01246114169049687
2005/S2_a_2006/S1,2005/S2,2006/S1,2006/S2,2,MHFI,SPGI,0.050255533054041734,0.002169325622144093,0.013982007176091934
2005/S2_a_2006/S1,2005/S2,2006/S1,2006/S2,3,BF_B,1958Q,0.052310575811134186,0.004277180775950412,0.013785554309523036
2005/S2_a_2006/S1,2005/S2,2006/S1,2006/S2,4,HLS,PSX,0.060790392672174676,0.01344378862794447,0.007793412939976851
2005/S2_a_2006/S1,2005/S2,2006/S1,2006/S2,5,PNAA,PSX,0.06129523189963493,-0.013499495780543784,0.007825706578025468
2005/S2_a_2006/S1,2005/S2,2006/S1,2006/S2,6,ED,SO,0.061639927452176835,0.0038837169143889545,0.015180054363497803
2005/S2_a_2006/S1,2005/S2,2006/S1,2006/S2,7,AEE,SCG,0.09313712746268266,-0.002671317330089141,0.019076160162259517
2005/S2_a_2006/S1,2005/S2,2006/S1,2006/S2,8,ETR,AEE,0.09650398278142802,0.006103683573499833,0.018629939339019828
2005/S2_a_2006/S1,2005/S2,2006/S1,2006/S2,9,DUK,POM,0.09924534258863105,0.00872176485842177,0.01786134162241833
2005/S2_a_2006/S1,2005/S2,2006/S1,2006/S2,10,PBG,MTB,0.10167178656342912,-0.005114674115953226,0.01946285602758264
2005/S2_a_2006/S1,2005/S2,2006/S1,2006/S2,11,AEE,PNW,0.1081072116075461,-0.006576213531040986,0.019679612312892333
2005/S2_a_2006/S1,2005/S2,2006/S1,2006/S2,12,BAC,WFC,0.11289385881298131,-0.015259863614880204,0.014696433227438974
2005/S2_a_2006/S1,2005/S2,2006/S1,2006/S2,13,WFC,MTB,0.11451493616391417,-0.009825850142880807,0.01895528484834531
2005/S2_a_2006/S1,2005/S2,2006/S1,2006/S2,14,WFC,TMK,0.12194462250818106,-0.010897517666490778,0.019146961302008395
2005/S2_a_2006/S1,2005/S2,2006/S1,2006/S2,15,K,KO,0.1230355126857603,0.0017415493432121343,0.022071163260802214
2005/S2_a_2006/S1,2005/S2,2006/S1,2006/S2,16,0111145D,WEC,0.1243116632293777,-0.014397106579286804,0.01694588767821008
2005/S2_a_2006/S1,2005/S2,2006/S1,2006/S2,17,WFC,USB,0.12994796530506392,-0.008968543473640806,0.020903725696952
2005/S2_a_2006/S1,2005/S2,2006/S1,2006/S2,18,TMK,MTB,0.13027784602377324,0.001071667523609969,0.022757025206688937
2005/S2_a_2006/S1,2005/S2,2006/S1,2006/S2,19,JNJ,AEE,0.1313771959343626,0.0008503445772752935,0.02286239612383907
2005/S2_a_2006/S1,2005/S2,2006/S1,2006/S2,20,DUK,ES,0.13330697055647533,0.005803691238393967,0.02229992021984693
2006/S1_a_2006/S2,2006/S1,2006/S2,2007/S1,1,BF_B,1958Q,0.032207495476541226,0.0002118582514101569,0.011348344304466147
2006/S1_a_2006/S2,2006/S1,2006/S2,2007/S1,2,MHFI,SPGI,0.05073611187094684,-0.002735430185856593,0.013979697381174399
2006/S1_a_2006/S2,2006/S1,2006/S2,2007/S1,3,PNAA,PSX,0.057750746439808154,-0.01313090649797238,0.007608718517540808
2006/S1_a_2006/S2,2006/S1,2006/S2,2007/S1,4,MI,MTB,0.08929776887396201,-0.007267820373034398,0.01744014270783877
2006/S1_a_2006/S2,2006/S1,2006/S2,2007/S1,5,ED,SO,0.09144360405207408,0.011161614683729846,0.01551433038486718
2006/S1_a_2006/S2,2006/S1,2006/S2,2007/S1,6,SRE,WEC,0.0988233117004711,-0.0025962343578794294,0.01971105913514712
2006/S1_a_2006/S2,2006/S1,2006/S2,2007/S1,7,GIS,USB,0.11196371632490809,-0.000174157654893553,0.021161862231098272
2006/S1_a_2006/S2,2006/S1,2006/S2,2007/S1,8,0111145D,WEC,0.11951866043875725,-0.001289948411491743,0.021826681355259298
2006/S1_a_2006/S2,2006/S1,2006/S2,2007/S1,9,AEE,SCG,0.12489578763086229,0.003378610938987846,0.022093494033287617
2006/S1_a_2006/S2,2006/S1,2006/S2,2007/S1,10,KMB,MET,0.1302218629125491,0.002520707678024519,0.02268277030222694
2006/S1_a_2006/S2,2006/S1,2006/S2,2007/S1,11,CL,PFG,0.13101739413662017,-0.005180648668915926,0.02229625752080893
2006/S1_a_2006/S2,2006/S1,2006/S2,2007/S1,12,KO,DUK,0.13952245346354175,-0.00472407009330516,0.023144841936270012
2006/S1_a_2006/S2,2006/S1,2006/S2,2007/S1,13,HLS,PSX,0.14308861128370154,0.005264581346942489,0.023335118707844126
2006/S1_a_2006/S2,2006/S1,2006/S2,2007/S1,14,XL,CB,0.14573908143933068,-0.01090596866438659,0.021529988681811597
2006/S1_a_2006/S2,2006/S1,2006/S2,2007/S1,15,HBAN,PSX,0.1459714390125555,-0.00740718507369598,0.022995649583585385
2006/S1_a_2006/S2,2006/S1,2006/S2,2007/S1,16,JNJ,AEE,0.1487050946176396,0.003993319170309093,0.024058470318842264
2006/S1_a_2006/S2,2006/S1,2006/S2,2007/S1,17,POM,WEC,0.1502974453369461,-0.0016403091203135497,0.024464022663529875
2006/S1_a_2006/S2,2006/S1,2006/S2,2007/S1,18,ED,AEE,0.15194439003846583,-0.013545628963497808,0.02058056267164609
2006/S1_a_2006/S2,2006/S1,2006/S2,2007/S1,19,ALL,MET,0.15324660886881247,0.006307291408323336,0.023938366336602967
2006/S1_a_2006/S2,2006/S1,2006/S2,2007/S1,20,SCHW,ABKFQ,0.1552596583446757,0.000835602457841152,0.02490657762490496
2006/S2_a_2007/S1,2006/S2,2007/S1,2007/S2,1,SCHW,KSE,0.026888309906780705,0.006375463251394345,0.008196060614443723
2006/S2_a_2007/S1,2006/S2,2007/S1,2007/S2,2,BF_B,1958Q,0.03606029512286568,0.007456812427057793,0.00943361549586076
2006/S2_a_2007/S1,2006/S2,2007/S1,2007/S2,3,AVATQ,PSX,0.05653456710587079,-0.012981151237595497,0.007606537888178309
2006/S2_a_2007/S1,2006/S2,2007/S1,2007/S2,4,PNAA,PSX,0.05653456710587079,-0.012981151237595497,0.007606537888178309
2006/S2_a_2007/S1,2006/S2,2007/S1,2007/S2,5,LNC,MET,0.06141773921467575,0.0017153419280123501,0.015611001646896378
2006/S2_a_2007/S1,2006/S2,2007/S1,2007/S2,6,MHFI,SPGI,0.062417691574182754,-0.0007909111802091604,0.015812824144693583
2006/S2_a_2007/S1,2006/S2,2007/S1,2007/S2,7,KSE,MI,0.08246055070765124,-0.005598335260293712,0.017311835365381018
2006/S2_a_2007/S1,2006/S2,2007/S1,2007/S2,8,K,SCHW,0.08926918762301739,0.000742618172915058,0.01891975415091025
2006/S2_a_2007/S1,2006/S2,2007/S1,2007/S2,9,FE,POM,0.08991985391048729,0.008356444839747975,0.017059111890038482
2006/S2_a_2007/S1,2006/S2,2007/S1,2007/S2,10,SCHW,MI,0.10607225742182891,0.0007771279911006328,0.020624903596522613
2006/S2_a_2007/S1,2006/S2,2007/S1,2007/S2,11,PG,MKC,0.10653154188639746,0.00010278905909387115,0.020683977122217288
2006/S2_a_2007/S1,2006/S2,2007/S1,2007/S2,12,K,KSE,0.11033168754579492,0.007118081424309404,0.019804761582617444
2006/S2_a_2007/S1,2006/S2,2007/S1,2007/S2,13,K,TMK,0.11666589678986838,-0.004931703451387436,0.021074115916763135
2006/S2_a_2007/S1,2006/S2,2007/S1,2007/S2,14,DUK,0961514D,0.1228624214439833,-0.01209450960099252,0.01861608869552485
2006/S2_a_2007/S1,2006/S2,2007/S1,2007/S2,15,BBT,AEE,0.12461576206533209,-0.007084494538700639,0.02121493055623424
2006/S2_a_2007/S1,2006/S2,2007/S1,2007/S2,16,JNJ,BAC,0.12461793804300214,-0.007578931404913398,0.021042879127648618
2006/S2_a_2007/S1,2006/S2,2007/S1,2007/S2,17,1255173D,KEY,0.12538716142444173,-0.010703945766377572,0.01971112132637996
2006/S2_a_2007/S1,2006/S2,2007/S1,2007/S2,18,ED,SCG,0.13467970078124836,0.014861280832284987,0.01786442514868544
2006/S2_a_2007/S1,2006/S2,2007/S1,2007/S2,19,1255173D,BBT,0.1351251387349066,-0.003026562149473442,0.02309706418554482
2006/S2_a_2007/S1,2006/S2,2007/S1,2007/S2,20,9876566D,CLX,0.13565675830591317,0.0018186380963590384,0.023269841658701575
2007/S1_a_2007/S2,2007/S1,2007/S2,2008/S1,1,HET,SCHW,0.03630805050784147,0.00016599072101072048,0.012050084601318648
2007/S1_a_2007/S2,2007/S1,2007/S2,2008/S1,2,ED,0961514D,0.07934982492554354,0.013515491619642302,0.01157584173725683
2007/S1_a_2007/S2,2007/S1,2007/S2,2008/S1,3,MHFI,SPGI,0.08809870039965517,0.01075850012430762,0.015368360204481426
2007/S1_a_2007/S2,2007/S1,2007/S2,2008/S1,4,9876566D,CB,0.10017283663648868,0.007472956931639647,0.01856402114043234
2007/S1_a_2007/S2,2007/S1,2007/S2,2008/S1,5,9876566D,TRV,0.10755838243630933,0.006626486789107108,0.019650637681006482
2007/S1_a_2007/S2,2007/S1,2007/S2,2008/S1,6,GIS,HNZ,0.11060752094545023,0.0012958997946733233,0.020993904117125005
2007/S1_a_2007/S2,2007/S1,2007/S2,2008/S1,7,SCHW,GHC,0.11452338079766378,-0.0005830474979435431,0.02139514475359642
2007/S1_a_2007/S2,2007/S1,2007/S2,2008/S1,8,BF_B,1958Q,0.12060547967496404,0.015623764677204935,0.015405956248211358
2007/S1_a_2007/S2,2007/S1,2007/S2,2008/S1,9,KMB,GIS,0.12373491562129857,0.0011631574352677033,0.022216690021792555
2007/S1_a_2007/S2,2007/S1,2007/S2,2008/S1,10,ED,SCG,0.13084916538832658,0.008133369415595029,0.021377098884346676
2007/S1_a_2007/S2,2007/S1,2007/S2,2008/S1,11,0961514D,SCG,0.13540609077705312,-0.005382122204047276,0.022639373991601243
2007/S1_a_2007/S2,2007/S1,2007/S2,2008/S1,12,KMB,PSX,0.13838667724087372,0.013531376744357507,0.019228004569876576
2007/S1_a_2007/S2,2007/S1,2007/S2,2008/S1,13,HET,GHC,0.1474058585054081,-0.0004170567769328226,0.024278566718855563
2007/S1_a_2007/S2,2007/S1,2007/S2,2008/S1,14,0961514D,TEG,0.15448173612793425,0.008655534817407474,0.023296115307170184
2007/S1_a_2007/S2,2007/S1,2007/S2,2008/S1,15,ED,DUK,0.15593272178909956,-0.01693615792248034,0.01832348515430995
2007/S1_a_2007/S2,2007/S1,2007/S2,2008/S1,16,JNJ,AEE,0.15641990417509533,-0.010139434388752012,0.022857389493508937
2007/S1_a_2007/S2,2007/S1,2007/S2,2008/S1,17,DD,WIN,0.16290439294061798,-0.009140730905012181,0.023827093789214857
2007/S1_a_2007/S2,2007/S1,2007/S2,2008/S1,18,0961514D,WEC,0.1629839175513439,0.015306019019433374,0.02041382754676181
2007/S1_a_2007/S2,2007/S1,2007/S2,2008/S1,19,KMB,HNZ,0.16562827441566697,0.0024590572299410265,0.025621123069704828
2007/S1_a_2007/S2,2007/S1,2007/S2,2008/S1,20,3393199Q,HET,0.17542379023632293,-0.0006633507861732648,0.026481188918633512
2007/S2_a_2008/S1,2007/S2,2008/S1,2008/S2,1,MHFI,SPGI,0.06315403592071789,-0.0006709554683371107,0.0158479566529075
2007/S2_a_2008/S1,2007/S2,2008/S1,2008/S2,2,BF_B,1958Q,0.08112887207158792,0.003917882884101915,0.017544561464865254
2007/S2_a_2008/S1,2007/S2,2008/S1,2008/S2,3,XEL,DUK,0.08657311926390321,0.001758975568496083,0.018488009736806414
2007/S2_a_2008/S1,2007/S2,2008/S1,2008/S2,4,ED,0961514D,0.09567909919479689,-0.0020047532789707946,0.01942051962370874
2007/S2_a_2008/S1,2007/S2,2008/S1,2008/S2,5,FNMA,FMCC,0.14124460674895545,0.0021348152066307494,0.023625239127825944
2007/S2_a_2008/S1,2007/S2,2008/S1,2008/S2,6,D,PPL,0.1502069201346785,0.004585288257659779,0.02402759480133929
2007/S2_a_2008/S1,2007/S2,2008/S1,2008/S2,7,AEP,0961514D,0.15084603470938873,-0.005668617951346465,0.023847829411764346
2007/S2_a_2008/S1,2007/S2,2008/S1,2008/S2,8,XEL,SCG,0.16439937917107272,0.013389134193551594,0.02179436791980772
2007/S2_a_2008/S1,2007/S2,2008/S1,2008/S2,9,VZ,AEE,0.17164440943122372,0.0030846880134766767,0.02596707644206491
2007/S2_a_2008/S1,2007/S2,2008/S1,2008/S2,10,SWY,CMS,0.1820885693712171,0.0015102686037327792,0.026891680294536775
2007/S2_a_2008/S1,2007/S2,2008/S1,2008/S2,11,CPB,ADP,0.1886469266594304,-0.00033569748144410494,0.02741292102895127
2007/S2_a_2008/S1,2007/S2,2008/S1,2008/S2,12,XEL,WEC,0.19503006279944657,-0.008066140443033028,0.02667752550573792
2007/S2_a_2008/S1,2007/S2,2008/S1,2008/S2,13,AEP,ED,0.1959466790264628,-0.003663864672375671,0.027698134844042533
2007/S2_a_2008/S1,2007/S2,2008/S1,2008/S2,14,CMCSK,TWC,0.1971869885068145,0.01017363276347241,0.026109200802131142
2007/S2_a_2008/S1,2007/S2,2008/S1,2008/S2,15,CMVT,GAS,0.1974219001660913,0.002237109282912081,0.02795562265636441
2007/S2_a_2008/S1,2007/S2,2008/S1,2008/S2,16,VNO,AVB,0.20519735639527426,-0.0032661527723014594,0.02840438510589721
2007/S2_a_2008/S1,2007/S2,2008/S1,2008/S2,17,DUK,SCG,0.20990817967822295,0.01163015862505551,0.026466735574739084
2007/S2_a_2008/S1,2007/S2,2008/S1,2008/S2,18,D,WEC,0.21121587981508583,-0.007519943971596936,0.02801290193403848
2007/S2_a_2008/S1,2007/S2,2008/S1,2008/S2,19,KMB,AEP,0.21163321233012766,0.003257893982169364,0.028853146257223933
2007/S2_a_2008/S1,2007/S2,2008/S1,2008/S2,20,KMB,0961514D,0.2134091000999092,-0.0024107239691771,0.02905857385977515
2008/S1_a_2008/S2,2008/S1,2008/S2,2009/S1,1,XEL,SCG,0.14858217162492338,-0.003043919805156646,0.024089615537237916
2008/S1_a_2008/S2,2008/S1,2008/S2,2009/S1,2,XEL,DUK,0.20488144088324134,0.011243612736512698,0.026193531671460615
2008/S1_a_2008/S2,2008/S1,2008/S2,2009/S1,3,BF_B,1958Q,0.21528885651798646,-0.019833416093843766,0.021433513371096904
2008/S1_a_2008/S2,2008/S1,2008/S2,2009/S1,4,PCG,0961514D,0.23753103756007476,-0.003374322539790458,0.030514787350231942
2008/S1_a_2008/S2,2008/S1,2008/S2,2009/S1,5,EIX,PPL,0.2542922388113311,0.004579106901213891,0.031433179262109395
2008/S1_a_2008/S2,2008/S1,2008/S2,2009/S1,6,XEL,0961514D,0.2580073004265273,0.0021501928605343417,0.03192486206505509
2008/S1_a_2008/S2,2008/S1,2008/S2,2009/S1,7,KMB,DUK,0.2661492805379453,0.0038815858054340926,0.03226486388864984
2008/S1_a_2008/S2,2008/S1,2008/S2,2009/S1,8,PX,AME,0.26966389914224465,0.00406812252295913,0.03245734961307042
2008/S1_a_2008/S2,2008/S1,2008/S2,2009/S1,9,XEL,GPC,0.2775980807721794,8.99881347340794e-06,0.03319005279152054
2008/S1_a_2008/S2,2008/S1,2008/S2,2009/S1,10,XEL,PCG,0.2896378201025982,0.005524515400324797,0.03344719788539637
2008/S1_a_2008/S2,2008/S1,2008/S2,2009/S1,11,SCHW,PSX,0.2938869455367694,0.02952768502190623,0.01705502850256946
2008/S1_a_2008/S2,2008/S1,2008/S2,2009/S1,12,UTX,AEP,0.2995351952947658,-0.0019354657076144136,0.03442195280146844
2008/S1_a_2008/S2,2008/S1,2008/S2,2009/S1,13,XEL,GAS,0.3053564601995049,0.0033734123805438817,0.034645445811132436
2008/S1_a_2008/S2,2008/S1,2008/S2,2009/S1,14,ETR,NEE,0.31487313083079016,-0.010621994069703577,0.033707893254675776
2008/S1_a_2008/S2,2008/S1,2008/S2,2009/S1,15,DTE,WEC,0.31793322366047505,-0.010413388704104872,0.03395247855412554
2008/S1_a_2008/S2,2008/S1,2008/S2,2009/S1,16,ITW,PBI,0.3227367447881875,-0.0072081719271845646,0.03505049848658077
2008/S1_a_2008/S2,2008/S1,2008/S2,2009/S1,17,MHFI,SPGI,0.32366841073041996,0.01964581498976639,0.029948436171486344
2008/S1_a_2008/S2,2008/S1,2008/S2,2009/S1,18,PG,0961514D,0.3240749070034781,0.012502533614931394,0.03360175438688798
2008/S1_a_2008/S2,2008/S1,2008/S2,2009/S1,19,FDX,UPS,0.3296201034110595,0.004344090219107184,0.03590362486085278
2008/S1_a_2008/S2,2008/S1,2008/S2,2009/S1,20,PCG,SCG,0.3328789905873464,-0.008568435205481445,0.03531627035632519
2008/S2_a_2009/S1,2008/S2,2009/S1,2009/S2,1,L,SE,0.17817636659052027,-0.0017299356824683895,0.026586865213279322
2008/S2_a_2009/S1,2008/S2,2009/S1,2009/S2,2,SCHW,PSX,0.22236299277608396,0.02540069408814274,0.015431868926001199
2008/S2_a_2009/S1,2008/S2,2009/S1,2009/S2,3,SLB,RIG,0.24679500620314343,0.005459322878997883,0.03087594676299094
2008/S2_a_2009/S1,2008/S2,2009/S1,2009/S2,4,MDT,SYK,0.24957974910404346,-0.00700244052266609,0.030742675572412035
2008/S2_a_2009/S1,2008/S2,2009/S1,2009/S2,5,MHFI,SPGI,0.2633743558006927,-0.007936199321371826,0.031401688383335236
2008/S2_a_2009/S1,2008/S2,2009/S1,2009/S2,6,NBR,CHK,0.278572905984376,-0.005020909789556155,0.032932388974495824
2008/S2_a_2009/S1,2008/S2,2009/S1,2009/S2,7,SWK,EFX,0.2884985822839212,-0.0002176966268241486,0.03390205246785183
2008/S2_a_2009/S1,2008/S2,2009/S1,2009/S2,8,XEL,WEC,0.30981370055462776,-0.011355682969658247,0.033239317761414915
2008/S2_a_2009/S1,2008/S2,2009/S1,2009/S2,9,HAL,EP,0.31114518349463083,-0.007062120908425066,0.034489853491481544
2008/S2_a_2009/S1,2008/S2,2009/S1,2009/S2,10,NE,CAM,0.3290601143600327,-0.007895499827721853,0.03533283447167844
2008/S2_a_2009/S1,2008/S2,2009/S1,2009/S2,11,JNJ,DUK,0.331356918202232,0.017977690738715996,0.03155411353963889
2008/S2_a_2009/S1,2008/S2,2009/S1,2009/S2,12,HON,DOV,0.33265431746985996,-0.02035782973081348,0.03015333504313893
2008/S2_a_2009/S1,2008/S2,2009/S1,2009/S2,13,0961514D,WEC,0.3330037881773933,0.01783335222386377,0.031739767205626865
2008/S2_a_2009/S1,2008/S2,2009/S1,2009/S2,14,UTX,PM,0.33363617876398166,0.0037218495858844735,0.036267346905944194
2008/S2_a_2009/S1,2008/S2,2009/S1,2009/S2,15,WMB,EP,0.33476635765077845,0.00032625190555652533,0.03651881219588239
2008/S2_a_2009/S1,2008/S2,2009/S1,2009/S2,16,ADP,ES,0.3354990046645412,0.0008709596559868125,0.036549799288889455
2008/S2_a_2009/S1,2008/S2,2009/S1,2009/S2,17,DOV,ARG,0.33986652940689055,0.011714157043949723,0.03487523109028961
2008/S2_a_2009/S1,2008/S2,2009/S1,2009/S2,18,ITW,WIN,0.3611663179642619,0.004916378455558081,0.03761173431642125
2008/S2_a_2009/S1,2008/S2,2009/S1,2009/S2,19,WMB,XEC,0.36264573947030954,-0.011286738974005043,0.036289195836537454
2008/S2_a_2009/S1,2008/S2,2009/S1,2009/S2,20,HAL,BJS,0.3739030873016418,-0.027699156358718235,0.026820770406853062
2009/S1_a_2009/S2,2009/S1,2009/S2,2010/S1,1,BF_B,1958Q,0.06465997999907813,-0.002322359593449569,0.015880637283190717
2009/S1_a_2009/S2,2009/S1,2009/S2,2010/S1,2,DGX,LH,0.13746625261887857,9.411513218000635e-05,0.023402252461580335
2009/S1_a_2009/S2,2009/S1,2009/S2,2010/S1,3,0961514D,ES,0.15053609453389072,0.0048998376032333155,0.023992526690216974
2009/S1_a_2009/S2,2009/S1,2009/S2,2010/S1,4,JNJ,0961514D,0.16190378598730604,0.0041981970542130384,0.025046754817085886
2009/S1_a_2009/S2,2009/S1,2009/S2,2010/S1,5,XEL,PCG,0.1662365911387269,-0.00850014588154057,0.024284909663367858
2009/S1_a_2009/S2,2009/S1,2009/S2,2010/S1,6,EIX,JNJ,0.20257596978558468,0.000808600156589218,0.02839751992171755
2009/S1_a_2009/S2,2009/S1,2009/S2,2010/S1,7,ED,PCG,0.21097418105318866,0.0027711887830105487,0.02885869891438495
2009/S1_a_2009/S2,2009/S1,2009/S2,2010/S1,8,PG,WM,0.21407449668873824,-0.00143670460113799,0.029168717786255686
2009/S1_a_2009/S2,2009/S1,2009/S2,2010/S1,9,ED,WEC,0.21727384871223876,0.013102125335857622,0.026330272464114193
2009/S1_a_2009/S2,2009/S1,2009/S2,2010/S1,10,T,VZ,0.2200651264133171,-0.007070693744814402,0.028749949557224614
2009/S1_a_2009/S2,2009/S1,2009/S2,2010/S1,11,CPB,1281683D,0.23170395065506,0.008297145509210608,0.02922338810577279
2009/S1_a_2009/S2,2009/S1,2009/S2,2010/S1,12,K,CL,0.2322389484154428,0.0031527055983097455,0.030253522475270862
2009/S1_a_2009/S2,2009/S1,2009/S2,2010/S1,13,CLX,LH,0.23585527886234559,0.0031913090329376064,0.03048667638054323
2009/S1_a_2009/S2,2009/S1,2009/S2,2010/S1,14,XEL,WEC,0.23959347578261259,0.0018307906713065027,0.030841376949860486
2009/S1_a_2009/S2,2009/S1,2009/S2,2010/S1,15,EIX,0961514D,0.25077455212289124,0.005006797210802257,0.031207914226889337
2009/S1_a_2009/S2,2009/S1,2009/S2,2010/S1,16,XEL,ED,0.256439541475288,-0.01127133466455112,0.02990187866186201
2009/S1_a_2009/S2,2009/S1,2009/S2,2010/S1,17,D,SCG,0.26204045361163253,0.006441621372167676,0.031659533609684605
2009/S1_a_2009/S2,2009/S1,2009/S2,2010/S1,18,CPB,DUK,0.2647135326003536,-0.006826956046561564,0.031746536387744155
2009/S1_a_2009/S2,2009/S1,2009/S2,2010/S1,19,HNZ,1281683D,0.28493937754609533,-0.013473966900841242,0.030869816352229344
2009/S1_a_2009/S2,2009/S1,2009/S2,2010/S1,20,CVX,ADP,0.2958290167751443,-0.024015660851951226,0.024485748461184946
2009/S2_a_2010/S1,2009/S2,2010/S1,2010/S2,1,BF_B,1958Q,0.09213832068053307,0.009820941973879536,0.01643927538419821
2009/S2_a_2010/S1,2009/S2,2010/S1,2010/S2,2,XEL,SCG,0.1006857056647732,-0.0094148449304183,0.01766764896286881
2009/S2_a_2010/S1,2009/S2,2010/S1,2010/S2,3,T,EIX,0.15548230837066512,0.01001918785415676,0.022774269818406162
2009/S2_a_2010/S1,2009/S2,2010/S1,2010/S2,4,ETR,AEE,0.1599144318352046,-0.01121781774660114,0.022600188115452665
2009/S2_a_2010/S1,2009/S2,2010/S1,2010/S2,5,JNJ,WMT,0.16236060639448624,0.014202426636298225,0.021079432202778043
2009/S2_a_2010/S1,2009/S2,2010/S1,2010/S2,6,SO,0961514D,0.16375045399013288,0.003155245662001344,0.02534555203855277
2009/S2_a_2010/S1,2009/S2,2010/S1,2010/S2,7,EIX,0961514D,0.17871577369066927,0.0022117386215141878,0.026591422634025287
2009/S2_a_2010/S1,2009/S2,2010/S1,2010/S2,8,MCD,MKC,0.17930971980331378,-0.005628130464792662,0.026126218682670364
2009/S2_a_2010/S1,2009/S2,2010/S1,2010/S2,9,ED,WM,0.19552642753637883,-0.0014982088582049216,0.027869987057935648
2009/S2_a_2010/S1,2009/S2,2010/S1,2010/S2,10,MHFI,SPGI,0.19942767419649954,-0.01818028207398425,0.021510301878353746
2009/S2_a_2010/S1,2009/S2,2010/S1,2010/S2,11,CMS,POM,0.20240153038525932,0.005889879590758086,0.02777681961031003
2009/S2_a_2010/S1,2009/S2,2010/S1,2010/S2,12,AEP,ED,0.2034601116936301,-0.006740065911018787,0.02765842685470026
2009/S2_a_2010/S1,2009/S2,2010/S1,2010/S2,13,0111145D,WM,0.21084473007795168,-0.012512618659321717,0.026131005563996737
2009/S2_a_2010/S1,2009/S2,2010/S1,2010/S2,14,CMS,PNW,0.21498981811907925,0.017309811116277912,0.023573498589831068
2009/S2_a_2010/S1,2009/S2,2010/S1,2010/S2,15,ED,WEC,0.21712695684118444,-0.0010879465043414699,0.029391483351018866
2009/S2_a_2010/S1,2009/S2,2010/S1,2010/S2,16,JNJ,PCG,0.21890801480958544,0.006667408060464548,0.02876650910635822
2009/S2_a_2010/S1,2009/S2,2010/S1,2010/S2,17,ED,0111145D,0.22300783873936325,0.011014409801116795,0.027688930755088367
2009/S2_a_2010/S1,2009/S2,2010/S1,2010/S2,18,SO,LH,0.22973843125282656,-0.008886841032608814,0.028913698588381248
2009/S2_a_2010/S1,2009/S2,2010/S1,2010/S2,19,XEL,PCG,0.23343226740894352,0.01054126637133011,0.028608530797878323
2009/S2_a_2010/S1,2009/S2,2010/S1,2010/S2,20,XEL,ES,0.23852082681582942,-0.0034770378018606557,0.03062914004951024
2010/S1_a_2010/S2,2010/S1,2010/S2,2011/S1,1,TE,SCG,0.06066656114046509,0.0020380387137526788,0.015411985490552591
2010/S1_a_2010/S2,2010/S1,2010/S2,2011/S1,2,MHFI,SPGI,0.06147430323238723,-0.0024907092476793465,0.015449569396416583
2010/S1_a_2010/S2,2010/S1,2010/S2,2011/S1,3,ED,SCG,0.09000589755055444,-0.004225131069354959,0.018457149787427497
2010/S1_a_2010/S2,2010/S1,2010/S2,2011/S1,4,ED,0961514D,0.09376890624184853,-0.003852183894926612,0.01893892442057858
2010/S1_a_2010/S2,2010/S1,2010/S2,2011/S1,5,BF_B,1958Q,0.09439747154283396,0.013124643328182996,0.014252824336710601
2010/S1_a_2010/S2,2010/S1,2010/S2,2011/S1,6,EIX,IBM,0.10323407545297414,0.002634557998089923,0.02010777432850708
2010/S1_a_2010/S2,2010/S1,2010/S2,2011/S1,7,SO,WEC,0.10330053866687194,-0.011298298903005016,0.016834363691487664
2010/S1_a_2010/S2,2010/S1,2010/S2,2011/S1,8,AEP,DUK,0.10651138496052681,-0.006736688212337363,0.019462383475420134
2010/S1_a_2010/S2,2010/S1,2010/S2,2011/S1,9,ED,TE,0.10836732144321104,-0.006263169783107639,0.019808047271950232
2010/S1_a_2010/S2,2010/S1,2010/S2,2011/S1,10,XEL,SCG,0.12088065827390437,0.01624170558692655,0.014722509283479058
2010/S1_a_2010/S2,2010/S1,2010/S2,2011/S1,11,UTX,ADP,0.12387517879699317,-0.0008054194549831353,0.022200795566609463
2010/S1_a_2010/S2,2010/S1,2010/S2,2011/S1,12,JNJ,WMT,0.12388860182028338,-0.011466127595550707,0.01901536777819304
2010/S1_a_2010/S2,2010/S1,2010/S2,2011/S1,13,ED,DUK,0.1332025988707528,0.01379651984111171,0.01842784150975253
2010/S1_a_2010/S2,2010/S1,2010/S2,2011/S1,14,PNW,NI,0.1356318894411288,7.393999839152063e-05,0.023245657755530568
2010/S1_a_2010/S2,2010/S1,2010/S2,2011/S1,15,BMS,WM,0.1370948272536907,0.001238107579881944,0.023337855799097158
2010/S1_a_2010/S2,2010/S1,2010/S2,2011/S1,16,MMM,WM,0.13957186909635766,0.001695813825111982,0.023519693485537802
2010/S1_a_2010/S2,2010/S1,2010/S2,2011/S1,17,CPB,CLX,0.13999369015527918,-0.002989064706883089,0.023425919021647472
2010/S1_a_2010/S2,2010/S1,2010/S2,2011/S1,18,XEL,PNW,0.14382701001261466,-0.016739520921370307,0.017078876858513548
2010/S1_a_2010/S2,2010/S1,2010/S2,2011/S1,19,CNP,POM,0.14472632553588483,-0.01610536125188475,0.017781531104134232
2010/S1_a_2010/S2,2010/S1,2010/S2,2011/S1,20,9876566D,PNW,0.15059759050245702,0.00981097093961009,0.02243550228931525
2010/S2_a_2011/S1,2010/S2,2011/S1,2011/S2,1,ED,PNW,0.043157747903023846,-0.0014458628956631366,0.013006232704020296
2010/S2_a_2011/S1,2010/S2,2011/S1,2011/S2,2,XEL,SO,0.06023765940858539,-0.00475931653570782,0.014707051091449045
2010/S2_a_2011/S1,2010/S2,2011/S1,2011/S2,3,0961514D,PNW,0.06898106564960926,-0.0031454070085090405,0.01624196853807928
2010/S2_a_2011/S1,2010/S2,2011/S1,2011/S2,4,XEL,DUK,0.07226836394772818,0.007191471051931892,0.015325036343142846
2010/S2_a_2011/S1,2010/S2,2011/S1,2011/S2,5,ED,0961514D,0.07883692678865373,0.001699544112845904,0.017605255899237268
2010/S2_a_2011/S1,2010/S2,2011/S1,2011/S2,6,BF_B,1958Q,0.08145281362862988,-0.012583579074962152,0.012816030180775222
2010/S2_a_2011/S1,2010/S2,2011/S1,2011/S2,7,MHFI,SPGI,0.08354792035606806,0.002561534471892786,0.018026421444838493
2010/S2_a_2011/S1,2010/S2,2011/S1,2011/S2,8,DUK,SO,0.08679521429201031,-0.01195078758763971,0.014178765048108362
2010/S2_a_2011/S1,2010/S2,2011/S1,2011/S2,9,HNZ,MDLZ,0.0957386621518026,0.005036857831155792,0.01882670217632174
2010/S2_a_2011/S1,2010/S2,2011/S1,2011/S2,10,ED,WEC,0.1285208486170859,-0.015466254323184199,0.016427084904455404
2010/S2_a_2011/S1,2010/S2,2011/S1,2011/S2,11,PNW,WEC,0.13999347006790686,-0.014020391427521062,0.01892559701048765
2010/S2_a_2011/S1,2010/S2,2011/S1,2011/S2,12,MCD,SO,0.14126399119538746,-0.005279260231731855,0.023077916012169283
2010/S2_a_2011/S1,2010/S2,2011/S1,2011/S2,13,ED,SO,0.15525737071175172,0.019337699692722168,0.015513546751984686
2010/S2_a_2011/S1,2010/S2,2011/S1,2011/S2,14,KMB,CLX,0.15746304789172427,0.00341543531985946,0.024761701794403193
2010/S2_a_2011/S1,2010/S2,2011/S1,2011/S2,15,VTR,O,0.16344587050662085,-0.009560508658459522,0.02359721777699867
2010/S2_a_2011/S1,2010/S2,2011/S1,2011/S2,16,PEP,PPL,0.16613441030858667,0.010602245090713036,0.023375411656229833
2010/S2_a_2011/S1,2010/S2,2011/S1,2011/S2,17,BMY,PEP,0.17205274381183244,0.010313401546133253,0.02399918006158221
2010/S2_a_2011/S1,2010/S2,2011/S1,2011/S2,18,DUK,HNZ,0.1765787674709145,0.004575589884439274,0.026070870573893356
2010/S2_a_2011/S1,2010/S2,2011/S1,2011/S2,19,XEL,O,0.17912175734670654,0.007837411606272998,0.025478066128018808
2010/S2_a_2011/S1,2010/S2,2011/S1,2011/S2,20,AEE,POM,0.18313690046977626,0.005495349235342992,0.02638967661881555
2011/S1_a_2011/S2,2011/S1,2011/S2,2012/S1,1,CMS,WEC,0.06608408560759926,0.0013732893112145706,0.01616755307462436
2011/S1_a_2011/S2,2011/S1,2011/S2,2012/S1,2,PNW,WEC,0.06921245071816884,0.005995564300264442,0.01548085301344468
2011/S1_a_2011/S2,2011/S1,2011/S2,2012/S1,3,BF_B,1958Q,0.07756928711501132,0.0052630316634945705,0.01676994709735909
2011/S1_a_2011/S2,2011/S1,2011/S2,2012/S1,4,CMS,PNW,0.0841556413967055,-0.0046222749890498715,0.017715272860845212
2011/S1_a_2011/S2,2011/S1,2011/S2,2012/S1,5,WMT,SCG,0.09803767225776028,-0.00839177477375665,0.01788535396801388
2011/S1_a_2011/S2,2011/S1,2011/S2,2012/S1,6,DUK,SO,0.09885803157703776,0.012828662892867887,0.015120397885890804
2011/S1_a_2011/S2,2011/S1,2011/S2,2012/S1,7,NEE,ES,0.1092763633823779,0.0019778466853680532,0.0207710504033526
2011/S1_a_2011/S2,2011/S1,2011/S2,2012/S1,8,TEG,POM,0.11013040907312188,-0.010505326560321692,0.018109803838907135
2011/S1_a_2011/S2,2011/S1,2011/S2,2012/S1,9,9876566D,CB,0.1194480003331364,-0.00567900704901532,0.021059649473751402
2011/S1_a_2011/S2,2011/S1,2011/S2,2012/S1,10,XEL,WEC,0.12661556404566454,-0.017323994356967694,0.014252297971505406
2011/S1_a_2011/S2,2011/S1,2011/S2,2012/S1,11,XEL,CMS,0.12706698568945285,-0.018697283668182265,0.012460408170269171
2011/S1_a_2011/S2,2011/S1,2011/S2,2012/S1,12,MHFI,SPGI,0.13368097565205517,-0.003912215742911826,0.022742627787016717
2011/S1_a_2011/S2,2011/S1,2011/S2,2012/S1,13,ABT,MDLZ,0.1386780048842411,0.00977971493821997,0.021365349051894203
2011/S1_a_2011/S2,2011/S1,2011/S2,2012/S1,14,XEL,AEP,0.1410521188495295,0.0017986792111329335,0.02363710000259981
2011/S1_a_2011/S2,2011/S1,2011/S2,2012/S1,15,POM,WEC,0.14549161352863393,-0.009841728010030434,0.02196365993133149
2011/S1_a_2011/S2,2011/S1,2011/S2,2012/S1,16,VTR,O,0.1457976331973896,-0.0022316562534361933,0.0239972276129533
2011/S1_a_2011/S2,2011/S1,2011/S2,2012/S1,17,DTE,GAS,0.14686301126016588,-0.00856148890339723,0.022616818479776403
2011/S1_a_2011/S2,2011/S1,2011/S2,2012/S1,18,TE,MKC,0.15144824922265343,0.0018522731165427533,0.02449356842702014
2011/S1_a_2011/S2,2011/S1,2011/S2,2012/S1,19,LLY,MDLZ,0.15659645455389182,0.0006789565465587651,0.024968528963749036
2011/S1_a_2011/S2,2011/S1,2011/S2,2012/S1,20,CMS,POM,0.15691813296496093,0.011215017321245005,0.02233593805774884
2011/S2_a_2012/S1,2011/S2,2012/S1,2012/S2,1,DUK,0961514D,0.05531986562743896,-0.004762175865627733,0.014058065307181324
2011/S2_a_2012/S1,2011/S2,2012/S1,2012/S2,2,BF_B,1958Q,0.0655564518895062,-0.0001955839318234465,0.01615990958352723
2011/S2_a_2012/S1,2011/S2,2012/S1,2012/S2,3,CMS,WEC,0.08011087541444795,-0.004107228905355494,0.017384771973051803
2011/S2_a_2012/S1,2011/S2,2012/S1,2012/S2,4,DTE,PNW,0.10137863804550307,0.00875499834605135,0.018081581287209176
2011/S2_a_2012/S1,2011/S2,2012/S1,2012/S2,5,VTR,HCN,0.1026717202596501,0.009474768566157598,0.017858381354510386
2011/S2_a_2012/S1,2011/S2,2012/S1,2012/S2,6,ED,SO,0.10291277409385202,-0.005837567106367628,0.019385512548002685
2011/S2_a_2012/S1,2011/S2,2012/S1,2012/S2,7,XEL,CMS,0.11318719633777619,-0.005873649611779143,0.020403622137392618
2011/S2_a_2012/S1,2011/S2,2012/S1,2012/S2,8,EIX,DTE,0.11536411671193036,-0.0047722268821112,0.020898638993733485
2011/S2_a_2012/S1,2011/S2,2012/S1,2012/S2,9,NEE,MKC,0.11689693604841978,0.0009332511315079624,0.021560390005502653
2011/S2_a_2012/S1,2011/S2,2012/S1,2012/S2,10,DUK,SCG,0.11856081416817688,0.003328363934002689,0.021476305532979762
2011/S2_a_2012/S1,2011/S2,2012/S1,2012/S2,11,SO,AEE,0.12367754801061892,0.005021813011289445,0.021619901864904492
2011/S2_a_2012/S1,2011/S2,2012/S1,2012/S2,12,XEL,DTE,0.1261202745861283,0.009099810096482365,0.020477664982824856
2011/S2_a_2012/S1,2011/S2,2012/S1,2012/S2,13,DTE,CMS,0.1268098860388136,-0.014973459708261505,0.01673681358084731
2011/S2_a_2012/S1,2011/S2,2012/S1,2012/S2,14,LLY,DTE,0.12701170917773652,0.0016851232515007445,0.02243149107943512
2011/S2_a_2012/S1,2011/S2,2012/S1,2012/S2,15,XEL,PNW,0.12806955367261708,0.017854808442533718,0.01379032214112055
2011/S2_a_2012/S1,2011/S2,2012/S1,2012/S2,16,MHFI,SPGI,0.13150198186406215,-0.0119537527603342,0.019505147567609786
2011/S2_a_2012/S1,2011/S2,2012/S1,2012/S2,17,DUK,SO,0.1387475200355084,0.008126293655660113,0.02205627397113173
2011/S2_a_2012/S1,2011/S2,2012/S1,2012/S2,18,ED,AEE,0.14048617352978,-0.0008157540950781835,0.02364397945944744
2011/S2_a_2012/S1,2011/S2,2012/S1,2012/S2,19,XOM,ADP,0.14281053322503112,0.011961495177750634,0.020623260450079162
2011/S2_a_2012/S1,2011/S2,2012/S1,2012/S2,20,CAH,ABC,0.14509974293349615,0.004711208319476083,0.023575468461540183
2012/S1_a_2012/S2,2012/S1,2012/S2,2013/S1,1,AVB,ESS,0.03267373063636114,0.00012997318574545114,0.01145438085977881
2012/S1_a_2012/S2,2012/S1,2012/S2,2013/S1,2,ED,AEE,0.06863346849132768,-0.003712776918000823,0.016180121968341503
2012/S1_a_2012/S2,2012/S1,2012/S2,2013/S1,3,XEL,D,0.07065906929233279,0.009426337726821768,0.013948428904489992
2012/S1_a_2012/S2,2012/S1,2012/S2,2013/S1,4,D,PEG,0.0757639986201184,0.007666807587141772,0.01566068594407789
2012/S1_a_2012/S2,2012/S1,2012/S2,2013/S1,5,XEL,DUK,0.08143411130049572,-0.0025216384542705206,0.0179069937849225
2012/S1_a_2012/S2,2012/S1,2012/S2,2013/S1,6,XEL,STR,0.08399639995161579,-0.0014479429818241981,0.018309286737898445
2012/S1_a_2012/S2,2012/S1,2012/S2,2013/S1,7,D,STR,0.09404591167367471,-0.010874280708645965,0.016092530687882824
2012/S1_a_2012/S2,2012/S1,2012/S2,2013/S1,8,DUK,STR,0.09757576100298593,0.001073695472446323,0.019766463374643828
2012/S1_a_2012/S2,2012/S1,2012/S2,2013/S1,9,DTE,CMS,0.1037972191558083,0.010937464563652327,0.017226367478048683
2012/S1_a_2012/S2,2012/S1,2012/S2,2013/S1,10,XEL,SO,0.10399064797627489,-0.010703764036786296,0.017395471741156087
2012/S1_a_2012/S2,2012/S1,2012/S2,2013/S1,11,NI,SCG,0.10738535770144608,0.001934949836665897,0.020676252795271733
2012/S1_a_2012/S2,2012/S1,2012/S2,2013/S1,12,JNJ,HNZ,0.11050255654606644,-0.008428360036513287,0.019299295960676605
2012/S1_a_2012/S2,2012/S1,2012/S2,2013/S1,13,ED,PEG,0.11531848423192059,-0.0013079867992486917,0.021480426961089514
2012/S1_a_2012/S2,2012/S1,2012/S2,2013/S1,14,MWV,BRK_B,0.11595623868151961,0.0016401181070316868,0.021517130732961506
2012/S1_a_2012/S2,2012/S1,2012/S2,2013/S1,15,CPB,HNZ,0.11637689036092524,-0.004321483558932725,0.021180813220654873
2012/S1_a_2012/S2,2012/S1,2012/S2,2013/S1,16,MHFI,SPGI,0.11730291427443262,-0.013358454588953116,0.017085990529743668
2012/S1_a_2012/S2,2012/S1,2012/S2,2013/S1,17,D,DUK,0.1175821338060814,-0.011947976181092288,0.018135323549385504
2012/S1_a_2012/S2,2012/S1,2012/S2,2013/S1,18,PEG,AEE,0.11803774349323248,-0.002404790118752131,0.021638875251413784
2012/S1_a_2012/S2,2012/S1,2012/S2,2013/S1,19,PNW,SCG,0.11956934403406194,0.005616942695448093,0.02117832421507149
2012/S1_a_2012/S2,2012/S1,2012/S2,2013/S1,20,MMM,BRK_B,0.12135449349955252,0.008266450600216779,0.02046359703687478
2012/S2_a_2013/S1,2012/S2,2013/S1,2013/S2,1,BF_B,1958Q,0.0414370240507651,0.005935727692610466,0.011476490890548852
2012/S2_a_2013/S1,2012/S2,2013/S1,2013/S2,2,XEL,PEG,0.06850658341562621,-0.005932657753966715,0.015520885101798483
2012/S2_a_2013/S1,2012/S2,2013/S1,2013/S2,3,POM,ES,0.07226199579815784,-0.0023241440360233126,0.016910221435177404
2012/S2_a_2013/S1,2012/S2,2013/S1,2013/S2,4,MO,RAI,0.08835388825690416,-0.001860747857651062,0.018782687098636976
2012/S2_a_2013/S1,2012/S2,2013/S1,2013/S2,5,XEL,WEC,0.09450402542211123,-0.0008983921708550311,0.01950010911957772
2012/S2_a_2013/S1,2012/S2,2013/S1,2013/S2,6,SO,TE,0.09575343234934053,0.00306436583877717,0.019408100049600075
2012/S2_a_2013/S1,2012/S2,2013/S1,2013/S2,7,XEL,TEG,0.09712389847692293,0.006847407883405135,0.018562127240866116
2012/S2_a_2013/S1,2012/S2,2013/S1,2013/S2,8,PEG,SCG,0.10179131027427957,-0.013590202940527502,0.015000349444748692
2012/S2_a_2013/S1,2012/S2,2013/S1,2013/S2,9,PNW,ES,0.10733058894675196,0.009106092603083649,0.01869570409999802
2012/S2_a_2013/S1,2012/S2,2013/S1,2013/S2,10,XEL,KO,0.11649457620580961,0.006148474855259308,0.02077931704566702
2012/S2_a_2013/S1,2012/S2,2013/S1,2013/S2,11,PEG,AEE,0.11658706449759393,0.0035921503665220598,0.021381149556611297
2012/S2_a_2013/S1,2012/S2,2013/S1,2013/S2,12,XEL,AEE,0.1200553027084652,-0.0023405073874446557,0.021876789049023612
2012/S2_a_2013/S1,2012/S2,2013/S1,2013/S2,13,TEG,WEC,0.1209526187860206,-0.0077458000542601655,0.020675416053098777
2012/S2_a_2013/S1,2012/S2,2013/S1,2013/S2,14,DTE,CMS,0.1250245536867851,-0.01383701396052081,0.017660585536055935
2012/S2_a_2013/S1,2012/S2,2013/S1,2013/S2,15,D,SCG,0.1254773503042088,0.0001765301906818044,0.022492793715188465
2012/S2_a_2013/S1,2012/S2,2013/S1,2013/S2,16,KO,TEG,0.12680522055330812,0.0006989330281458272,0.022601347217203003
2012/S2_a_2013/S1,2012/S2,2013/S1,2013/S2,17,KO,MO,0.12751759746964808,-0.004112083316061412,0.02229812658476833
2012/S2_a_2013/S1,2012/S2,2013/S1,2013/S2,18,BMS,PGR,0.1278014524663149,0.0029116204949495637,0.02251259025200702
2012/S2_a_2013/S1,2012/S2,2013/S1,2013/S2,19,VTR,HCN,0.1331980935019601,-0.009822039922138816,0.020981601859257678
2012/S2_a_2013/S1,2012/S2,2013/S1,2013/S2,20,SPG,PSA,0.13640317802833124,-0.008317358573767936,0.021921574204624587
2013/S1_a_2013/S2,2013/S1,2013/S2,2014/S1,1,DTE,CMS,0.044067762624536044,1.9727827281124805e-06,0.013250236657861212
2013/S1_a_2013/S2,2013/S1,2013/S2,2014/S1,2,DTE,WEC,0.04454184281723883,-0.00498884480170597,0.012347866657458888
2013/S1_a_2013/S2,2013/S1,2013/S2,2014/S1,3,CMS,WEC,0.04563299311121227,-0.0049908175844340825,0.012521871153012606
2013/S1_a_2013/S2,2013/S1,2013/S2,2014/S1,4,9876566D,TRV,0.0647877503052996,-0.008551239835412148,0.013590566393559423
2013/S1_a_2013/S2,2013/S1,2013/S2,2014/S1,5,XEL,ES,0.076164536516103,-0.010648462818827871,0.013769635294840137
2013/S1_a_2013/S2,2013/S1,2013/S2,2014/S1,6,MTB,HCBK,0.09037920140815459,0.009460164442516175,0.016438529001061103
2013/S1_a_2013/S2,2013/S1,2013/S2,2014/S1,7,ITW,SNA,0.09057953126603024,-0.0020345120760723767,0.018887003366796468
2013/S1_a_2013/S2,2013/S1,2013/S2,2014/S1,8,T,ED,0.09435652351100998,-0.000918310032634235,0.01936687252438027
2013/S1_a_2013/S2,2013/S1,2013/S2,2014/S1,9,WMT,1958Q,0.10479164071796276,-0.0018671847175699516,0.020346899219325292
2013/S1_a_2013/S2,2013/S1,2013/S2,2014/S1,10,UN,TE,0.10491172699119033,0.0010700929324111452,0.02041630100928873
2013/S1_a_2013/S2,2013/S1,2013/S2,2014/S1,11,ED,TE,0.11662016392745045,-0.004906344390765867,0.02098699708199727
2013/S1_a_2013/S2,2013/S1,2013/S2,2014/S1,12,PPL,ES,0.11717808581829559,-0.002846687887566017,0.02141749392683554
2013/S1_a_2013/S2,2013/S1,2013/S2,2014/S1,13,T,TE,0.11808745626262862,-0.0058246544234001,0.020890337200534587
2013/S1_a_2013/S2,2013/S1,2013/S2,2014/S1,14,T,PM,0.12104005452511046,-0.0027461844504747474,0.02178668671368564
2013/S1_a_2013/S2,2013/S1,2013/S2,2014/S1,15,XEL,SCG,0.12107673942114161,0.0019481698653114315,0.021876173364845857
2013/S1_a_2013/S2,2013/S1,2013/S2,2014/S1,16,BF_B,AEE,0.12149825113510815,-0.0007105594573339396,0.021989767419326196
2013/S1_a_2013/S2,2013/S1,2013/S2,2014/S1,17,EIX,ED,0.13036907765786054,0.009511971565036411,0.02070170631074385
2013/S1_a_2013/S2,2013/S1,2013/S2,2014/S1,18,PNW,TEG,0.13092153934394446,-0.005247445362021547,0.022225084287770883
2013/S1_a_2013/S2,2013/S1,2013/S2,2014/S1,19,SNA,LLL,0.13263643232005506,-0.009567955972703015,0.02089309683964977
2013/S1_a_2013/S2,2013/S1,2013/S2,2014/S1,20,UN,PM,0.13267603006079298,0.004148562905336497,0.022612178554787154
2013/S2_a_2014/S1,2013/S2,2014/S1,2014/S2,1,BF_B,1958Q,0.03740724194994982,-0.0033768590397322,0.01172963036486115
2013/S2_a_2014/S1,2013/S2,2014/S1,2014/S2,2,XEL,CMS,0.049726341203154334,-0.008712005862835217,0.011041353194627956
2013/S2_a_2014/S1,2013/S2,2014/S1,2014/S2,3,CMS,ES,0.05395844152531026,-0.0019449064025354108,0.014531900747772388
2013/S2_a_2014/S1,2013/S2,2014/S1,2014/S2,4,XEL,ES,0.057448172801287,-0.010656912265370624,0.010717039432781834
2013/S2_a_2014/S1,2013/S2,2014/S1,2014/S2,5,PG,WMT,0.061924232198634854,0.009050470749777923,0.012824692156940796
2013/S2_a_2014/S1,2013/S2,2014/S1,2014/S2,6,DTE,WEC,0.07886355773894138,-0.0062760765813244974,0.016572609182126722
2013/S2_a_2014/S1,2013/S2,2014/S1,2014/S2,7,SPG,MAC,0.09124599074971229,0.006276452768914057,0.017999417674376066
2013/S2_a_2014/S1,2013/S2,2014/S1,2014/S2,8,MTB,BRK_B,0.09901113748082935,-0.004157046231775589,0.01941949538680402
2013/S2_a_2014/S1,2013/S2,2014/S1,2014/S2,9,MTB,HCBK,0.10285894254570849,0.018071135595172715,0.00905149615367368
2013/S2_a_2014/S1,2013/S2,2014/S1,2014/S2,10,DTE,PPL,0.1083842229596712,0.0077338608964330575,0.019281046435128457
2013/S2_a_2014/S1,2013/S2,2014/S1,2014/S2,11,PPL,CMS,0.112661176096708,0.00891314382388898,0.019211680401362317
2013/S2_a_2014/S1,2013/S2,2014/S1,2014/S2,12,KO,MCD,0.11737964568669668,-0.0025496529680085326,0.02147373654497432
2013/S2_a_2014/S1,2013/S2,2014/S1,2014/S2,13,LEG,KRFT,0.11927704876723055,-0.0015235082725326469,0.02174573615283711
2013/S2_a_2014/S1,2013/S2,2014/S1,2014/S2,14,CL,CB,0.12191152256184523,0.008162951246026484,0.020464702071983837
2013/S2_a_2014/S1,2013/S2,2014/S1,2014/S2,15,ITW,TMK,0.1239163816665041,-0.0008274161074583135,0.02220368029491223
2013/S2_a_2014/S1,2013/S2,2014/S1,2014/S2,16,MRO,CVX,0.1278851580373157,0.0014220632140739303,0.02252714587003856
2013/S2_a_2014/S1,2013/S2,2014/S1,2014/S2,17,BDX,USB,0.13082492736828044,0.007357246388401005,0.0216071775567938
2013/S2_a_2014/S1,2013/S2,2014/S1,2014/S2,18,HON,BDX,0.13133142310323365,0.008180846036842509,0.02135509028487473
2013/S2_a_2014/S1,2013/S2,2014/S1,2014/S2,19,9876566D,WM,0.13340684704917294,-0.003207513794966325,0.022829197298531227
2013/S2_a_2014/S1,2013/S2,2014/S1,2014/S2,20,DTE,CMS,0.13400128718399174,0.016647004720322038,0.015988834514534554
2014/S1_a_2014/S2,2014/S1,2014/S2,2015/S1,1,BF_B,1958Q,0.04317274304901275,-0.0036993464094862085,0.012580273205753825
2014/S1_a_2014/S2,2014/S1,2014/S2,2015/S1,2,MHFI,SPGI,0.04912342463705954,0.006715711132000452,0.012265006920218502
2014/S1_a_2014/S2,2014/S1,2014/S2,2015/S1,3,AEP,CMS,0.06616074134262817,0.006557704256745156,0.014846339521300926
2014/S1_a_2014/S2,2014/S1,2014/S2,2015/S1,4,XEL,CMS,0.07562956134700016,-0.009514692454424585,0.014505962433515597
2014/S1_a_2014/S2,2014/S1,2014/S2,2015/S1,5,EQR,AVB,0.07949078577541968,0.0031138152060144588,0.01752032772720226
2014/S1_a_2014/S2,2014/S1,2014/S2,2015/S1,6,K,GIS,0.07994961987094484,-0.0033658009239318624,0.01752571345678169
2014/S1_a_2014/S2,2014/S1,2014/S2,2015/S1,7,MMM,ITW,0.09519721483673038,0.002397421879659691,0.01932618021382906
2014/S1_a_2014/S2,2014/S1,2014/S2,2015/S1,8,CVS,ALL,0.10452842423785569,0.00454165284399381,0.019893192731281588
2014/S1_a_2014/S2,2014/S1,2014/S2,2015/S1,9,STI,USB,0.10470760317889471,0.006258055342362922,0.01943817069772033
2014/S1_a_2014/S2,2014/S1,2014/S2,2015/S1,10,HIG,BLK,0.10800150198861047,0.006395480191343244,0.019728652887671463
2014/S1_a_2014/S2,2014/S1,2014/S2,2015/S1,11,VNO,BXP,0.10986128722277044,-0.006049511239791322,0.020023785407163763
2014/S1_a_2014/S2,2014/S1,2014/S2,2015/S1,12,SO,ES,0.11330586704411871,-0.003979741184771033,0.020869028634206855
2014/S1_a_2014/S2,2014/S1,2014/S2,2015/S1,13,MTB,HCBK,0.11666825336772035,0.013116261129289918,0.01709070065314316
2014/S1_a_2014/S2,2014/S1,2014/S2,2015/S1,14,ABT,MMC,0.1174397398091287,-0.0006555861971182348,0.021620728572668772
2014/S1_a_2014/S2,2014/S1,2014/S2,2015/S1,15,ITW,CB,0.11901066109726344,0.00821706449843347,0.02015829622264233
2014/S1_a_2014/S2,2014/S1,2014/S2,2015/S1,16,ALL,BRK_B,0.11921768193940352,0.009242335729160112,0.01972839965272804
2014/S1_a_2014/S2,2014/S1,2014/S2,2015/S1,17,PG,CB,0.1208172901386888,0.005577350114298168,0.021215867163610038
2014/S1_a_2014/S2,2014/S1,2014/S2,2015/S1,18,AEP,PCG,0.12165449419899232,-0.003102257747223343,0.021794882747673366
2014/S1_a_2014/S2,2014/S1,2014/S2,2015/S1,19,SPG,SLG,0.12251683947238234,0.004051064002782446,0.02171723729657703
2014/S1_a_2014/S2,2014/S1,2014/S2,2015/S1,20,PCG,CMS,0.12307105652155315,0.009659962003968499,0.019915729865030627
2014/S2_a_2015/S1,2014/S2,2015/S1,2015/S2,1,BF_B,1958Q,0.032587376034143745,0.005185578467479063,0.010140652197626224
2014/S2_a_2015/S1,2014/S2,2015/S1,2015/S2,2,PNC,STI,0.04025487261753824,-0.0010169165135691903,0.012622984566389257
2014/S2_a_2015/S1,2014/S2,2015/S1,2015/S2,3,WEC,ES,0.04605492416874313,-0.004790533065076945,0.012666693156028967
2014/S2_a_2015/S1,2014/S2,2015/S1,2015/S2,4,FITB,RF,0.05238801545431215,0.0010406788801834693,0.014409367290832352
2014/S2_a_2015/S1,2014/S2,2015/S1,2015/S2,5,MHFI,SPGI,0.06706262115199024,-0.009477388876431639,0.013304247647691798
2014/S2_a_2015/S1,2014/S2,2015/S1,2015/S2,6,MTB,HCBK,0.06964373782392386,0.0009117767171567995,0.01663221097904451
2014/S2_a_2015/S1,2014/S2,2015/S1,2015/S2,7,AIV,AVB,0.07478086447474652,0.005168063477718965,0.016465613896349138
2014/S2_a_2015/S1,2014/S2,2015/S1,2015/S2,8,TE,ES,0.07525259717601784,-0.005760466738544332,0.01632470410104714
2014/S2_a_2015/S1,2014/S2,2015/S1,2015/S2,9,XEL,TE,0.07757143022843138,0.004510468060514093,0.01698894192174909
2014/S2_a_2015/S1,2014/S2,2015/S1,2015/S2,10,TE,WEC,0.08300023130618683,-0.0009699336734673872,0.018158570784934786
2014/S2_a_2015/S1,2014/S2,2015/S1,2015/S2,11,XEL,ES,0.0845455060535869,-0.0012499986780302396,0.018310269350569962
2014/S2_a_2015/S1,2014/S2,2015/S1,2015/S2,12,AEP,AEE,0.0902766209399033,0.006600912306309744,0.017774199712965535
2014/S2_a_2015/S1,2014/S2,2015/S1,2015/S2,13,VNO,O,0.09665696585432215,-0.003965258171181145,0.019217221403753898
2014/S2_a_2015/S1,2014/S2,2015/S1,2015/S2,14,EQR,AVB,0.0973741672964934,-0.0016212222400244587,0.019629214363177733
2014/S2_a_2015/S1,2014/S2,2015/S1,2015/S2,15,XEL,WEC,0.10502983537935506,0.0035405343870467056,0.020145973140233718
2014/S2_a_2015/S1,2014/S2,2015/S1,2015/S2,16,ITW,CINF,0.1070108757013486,0.006637419231241264,0.019547564986328737
2014/S2_a_2015/S1,2014/S2,2015/S1,2015/S2,17,TMK,AME,0.11179272861380696,0.0068766202664110555,0.01994775808719581
2014/S2_a_2015/S1,2014/S2,2015/S1,2015/S2,18,PCG,CMS,0.11412067669209591,0.0031976154748787388,0.021080763027109442
2014/S2_a_2015/S1,2014/S2,2015/S1,2015/S2,19,DTE,TE,0.11463546154413962,-0.004932069689778515,0.020791651238323723
2014/S2_a_2015/S1,2014/S2,2015/S1,2015/S2,20,EIX,ES,0.11677136127514132,0.00807601422647306,0.019993566277637112
2015/S1_a_2015/S2,2015/S1,2015/S2,2016/S1,1,AEP,DTE,0.0462913029491574,0.00451860125479448,0.012832216623352925
2015/S1_a_2015/S2,2015/S1,2015/S2,2016/S1,2,DTE,ES,0.05042556391919106,-0.004511659182377468,0.013463497570271378
2015/S1_a_2015/S2,2015/S1,2015/S2,2016/S1,3,BF_B,1958Q,0.05167999841228266,0.006663790621496317,0.012733273883040937
2015/S1_a_2015/S2,2015/S1,2015/S2,2016/S1,4,DTE,PNW,0.05546867087628016,0.005457942145028634,0.013855193774026798
2015/S1_a_2015/S2,2015/S1,2015/S2,2016/S1,5,VTR,HCN,0.06258565176977982,0.002818700497235898,0.015568100535904754
2015/S1_a_2015/S2,2015/S1,2015/S2,2016/S1,6,PNW,ES,0.06736238097289515,-0.009969601327406104,0.01302532154926235
2015/S1_a_2015/S2,2015/S1,2015/S2,2016/S1,7,MHFI,SPGI,0.0695133041211875,0.0045853739669640915,0.016029455993587644
2015/S1_a_2015/S2,2015/S1,2015/S2,2016/S1,8,AEP,SO,0.07066498192062909,0.01062711356226746,0.013010482037450855
2015/S1_a_2015/S2,2015/S1,2015/S2,2016/S1,9,AEP,ES,0.07232139175738439,6.9420724170128895e-06,0.017008395534114557
2015/S1_a_2015/S2,2015/S1,2015/S2,2016/S1,10,SO,PNW,0.07458142373434384,-0.0006505701624443455,0.017259801865450394
2015/S1_a_2015/S2,2015/S1,2015/S2,2016/S1,11,SO,DTE,0.0793547472269438,-0.00610851230747298,0.016731880067914602
2015/S1_a_2015/S2,2015/S1,2015/S2,2016/S1,12,PRU,RF,0.07989239840674145,-0.0018654864334635521,0.01777851607515304
2015/S1_a_2015/S2,2015/S1,2015/S2,2016/S1,13,WFC,BBT,0.0848406312387624,0.009332211289700378,0.015872113807807064
2015/S1_a_2015/S2,2015/S1,2015/S2,2016/S1,14,WFC,STI,0.08708647316609586,0.004870682881251707,0.018014645340032803
2015/S1_a_2015/S2,2015/S1,2015/S2,2016/S1,15,WEC,ES,0.09860528076995934,0.011862431366963546,0.01591040464701985
2015/S1_a_2015/S2,2015/S1,2015/S2,2016/S1,16,VNO,DDR,0.10028696194200393,0.006543114871642456,0.018925227769714763
2015/S1_a_2015/S2,2015/S1,2015/S2,2016/S1,17,SO,ES,0.10214234584617543,-0.010620171489850448,0.017185173515003038
2015/S1_a_2015/S2,2015/S1,2015/S2,2016/S1,18,L,TROW,0.10236283612795205,0.0039568677023624176,0.019842679135858247
2015/S1_a_2015/S2,2015/S1,2015/S2,2016/S1,19,BXP,SLG,0.10551219182298155,0.001276729193781457,0.020503955952655313
2015/S1_a_2015/S2,2015/S1,2015/S2,2016/S1,20,AEP,PNW,0.10643679739609979,0.009976543399823116,0.018050419543702283
2015/S2_a_2016/S1,2015/S2,2016/S1,2016/S2,1,PCG,DTE,0.059988822468085345,-0.0031079148392362103,0.015142710307090149
2015/S2_a_2016/S1,2015/S2,2016/S1,2016/S2,2,CMS,WEC,0.06552422629169996,0.002764867382154279,0.015917843654417937
2015/S2_a_2016/S1,2015/S2,2016/S1,2016/S2,3,WFC,PNC,0.07206070579957213,-0.009366348695397647,0.014107318726257785
2015/S2_a_2016/S1,2015/S2,2016/S1,2016/S2,4,JPM,MTB,0.091843134655619,-0.0036690594261422982,0.01877214086042782
2015/S2_a_2016/S1,2015/S2,2016/S1,2016/S2,5,PNW,WEC,0.09323875372047041,-0.004656933890396864,0.01870015247390398
2015/S2_a_2016/S1,2015/S2,2016/S1,2016/S2,6,AZO,ORLY,0.10342824110853144,0.005458430866585336,0.01954869650456222
2015/S2_a_2016/S1,2015/S2,2016/S1,2016/S2,7,PEP,ADP,0.12354060920495158,0.006370042743163001,0.02124745995399381
2015/S2_a_2016/S1,2015/S2,2016/S1,2016/S2,8,EQR,AVB,0.12446058982584418,-0.007233381859846197,0.021055371215928844
2015/S2_a_2016/S1,2015/S2,2016/S1,2016/S2,9,MMM,GPC,0.1271626540433317,0.010961987404117773,0.019646378957897167
2015/S2_a_2016/S1,2015/S2,2016/S1,2016/S2,10,XEL,PNW,0.12748519990714158,-0.015060624611270201,0.016738670029056737
2015/S2_a_2016/S1,2015/S2,2016/S1,2016/S2,11,CMS,PNW,0.13459772117334978,0.007421801272551144,0.02193041979175656
2015/S2_a_2016/S1,2015/S2,2016/S1,2016/S2,12,ED,WEC,0.13654935509725874,0.005351278602326588,0.022699582903482677
2015/S2_a_2016/S1,2015/S2,2016/S1,2016/S2,13,AIG,PNC,0.14047445884705212,-0.00015200204252553717,0.023656627019102816
2015/S2_a_2016/S1,2015/S2,2016/S1,2016/S2,14,EMR,FLR,0.14200497913503796,-0.007614565872458809,0.022528743265305982
2015/S2_a_2016/S1,2015/S2,2016/S1,2016/S2,15,JPM,PNC,0.1445379957797286,-0.0009840592672957543,0.02397657936536982
2015/S2_a_2016/S1,2015/S2,2016/S1,2016/S2,16,AIG,WFC,0.1516836557726151,0.00921434665287211,0.02278321543930613
2015/S2_a_2016/S1,2015/S2,2016/S1,2016/S2,17,K,SO,0.15208517552605372,0.007244136195874797,0.02352085140896052
2015/S2_a_2016/S1,2015/S2,2016/S1,2016/S2,18,AEE,CMS,0.15292741980852043,0.010370753593394035,0.022389541367538037
2015/S2_a_2016/S1,2015/S2,2016/S1,2016/S2,19,AEP,SO,0.15542081023068022,0.0073592894106636044,0.023766183984030242
2015/S2_a_2016/S1,2015/S2,2016/S1,2016/S2,20,MET,IVZ,0.15561925572035307,-0.009457301890991436,0.02302607519305339
2016/S1_a_2016/S2,2016/S1,2016/S2,2017/S1,1,DTE,SCG,0.05799199062130356,0.004366816640920286,0.014556741644331633
2016/S1_a_2016/S2,2016/S1,2016/S2,2017/S1,2,PNW,SCG,0.05989146662886924,0.009781161798290442,0.011939813015311357
2016/S1_a_2016/S2,2016/S1,2016/S2,2017/S1,3,ED,WEC,0.06958848729368583,0.0012424670517658378,0.01660406861661853
2016/S1_a_2016/S2,2016/S1,2016/S2,2017/S1,4,AVB,UDR,0.06989085327234079,0.006128504749978457,0.015515843786956621
2016/S1_a_2016/S2,2016/S1,2016/S2,2017/S1,5,XEL,WEC,0.07105322504617106,-0.011322757319079798,0.012424369937238977
2016/S1_a_2016/S2,2016/S1,2016/S2,2017/S1,6,XEL,ED,0.07292284462926091,-0.012565224370845635,0.011489794368088018
2016/S1_a_2016/S2,2016/S1,2016/S2,2017/S1,7,CMS,WEC,0.08322925209029108,0.013168450811391405,0.012549568920642795
2016/S1_a_2016/S2,2016/S1,2016/S2,2017/S1,8,AEP,DUK,0.08429623251458906,-0.011632480694836026,0.014141706214831446
2016/S1_a_2016/S2,2016/S1,2016/S2,2017/S1,9,BAC,CFG,0.09019366622419511,-0.0019597382111730234,0.018854215461980885
2016/S1_a_2016/S2,2016/S1,2016/S2,2017/S1,10,MMC,AON,0.09988517800547925,0.0006009821082550186,0.0199395661412164
2016/S1_a_2016/S2,2016/S1,2016/S2,2017/S1,11,DTE,PNW,0.10035638108809053,-0.005414345157370155,0.01924563048151389
2016/S1_a_2016/S2,2016/S1,2016/S2,2017/S1,12,AEP,ETR,0.10553221774375743,-0.004052686129274881,0.02009869106343398
2016/S1_a_2016/S2,2016/S1,2016/S2,2017/S1,13,ED,CMS,0.10567467221687821,-0.01192598375962557,0.016679894842454506
2016/S1_a_2016/S2,2016/S1,2016/S2,2017/S1,14,AEE,SCG,0.11333789359423463,-0.011375576758048225,0.01793393692003438
2016/S1_a_2016/S2,2016/S1,2016/S2,2017/S1,15,CMCSA,INTU,0.14392731797192937,0.009855595431590501,0.0218150375893558
2016/S1_a_2016/S2,2016/S1,2016/S2,2017/S1,16,ALL,EXPD,0.1515299240022614,-0.0011402060442738278,0.02454383073437922
2016/S1_a_2016/S2,2016/S1,2016/S2,2017/S1,17,NEE,WEC,0.1610614181576011,0.0005593544359462363,0.02532518179391233
2016/S1_a_2016/S2,2016/S1,2016/S2,2017/S1,18,JPM,STI,0.16224325513360327,0.015612985967274331,0.020041231579429237
2016/S1_a_2016/S2,2016/S1,2016/S2,2017/S1,19,APD,WU,0.16228892508024728,-0.007927154265693594,0.02415531598241729
2016/S1_a_2016/S2,2016/S1,2016/S2,2017/S1,20,GE,HD,0.16254649853942738,0.0013788497916115928,0.02541036816644241
2016/S2_a_2017/S1,2016/S2,2017/S1,2017/S2,1,XEL,CMS,0.02861514430310308,0.00015530202033628383,0.01067615774363994
2016/S2_a_2017/S1,2016/S2,2017/S1,2017/S2,2,CMS,ES,0.03063072306048298,0.002466584900463204,0.010766915665603246
2016/S2_a_2017/S1,2016/S2,2017/S1,2017/S2,3,ED,CMS,0.030988487223908123,-0.0013433799803696386,0.011029426493284675
2016/S2_a_2017/S1,2016/S2,2017/S1,2017/S2,4,XEL,ES,0.032084225971289015,0.0026218869207994882,0.010996541403552714
2016/S2_a_2017/S1,2016/S2,2017/S1,2017/S2,5,ED,DUK,0.035011340501057475,0.00415049416590302,0.011054057112847505
2016/S2_a_2017/S1,2016/S2,2017/S1,2017/S2,6,AEP,DUK,0.04178230561251439,-0.00787951970589946,0.01020437064631279
2016/S2_a_2017/S1,2016/S2,2017/S1,2017/S2,7,XEL,PPL,0.04424029471454105,-0.0072266629632960645,0.011127597687307785
2016/S2_a_2017/S1,2016/S2,2017/S1,2017/S2,8,ED,LNT,0.05042643977293437,-0.008399102658250876,0.011405094017395529
2016/S2_a_2017/S1,2016/S2,2017/S1,2017/S2,9,XEL,ED,0.05482736234051799,0.001498682000705922,0.01470308506398633
2016/S2_a_2017/S1,2016/S2,2017/S1,2017/S2,10,AEP,ED,0.057951914440252494,-0.012030013871802482,0.009251286878051395
2016/S2_a_2017/S1,2016/S2,2017/S1,2017/S2,11,DUK,SRE,0.0607914111007517,0.005899615910337468,0.01439627458350013
2016/S2_a_2017/S1,2016/S2,2017/S1,2017/S2,12,CMS,LNT,0.06216563724245816,-0.007055722677881239,0.014060238244236125
2016/S2_a_2017/S1,2016/S2,2017/S1,2017/S2,13,PPL,CMS,0.06268803351423458,0.007381964983632349,0.013965765619665614
2016/S2_a_2017/S1,2016/S2,2017/S1,2017/S2,14,PPL,ES,0.06567325152366266,0.009848549884095554,0.012816631990265332
2016/S2_a_2017/S1,2016/S2,2017/S1,2017/S2,15,DUK,CMS,0.06593625337688991,-0.005493874146272658,0.01524438696084577
2016/S2_a_2017/S1,2016/S2,2017/S1,2017/S2,16,DUK,LNT,0.06756142794080233,-0.012549596824153898,0.010537988208805995
2016/S2_a_2017/S1,2016/S2,2017/S1,2017/S2,17,AEP,SRE,0.06878039054345209,-0.001979903795561992,0.016434409745621513
2016/S2_a_2017/S1,2016/S2,2017/S1,2017/S2,18,ETR,WEC,0.07922309852921217,0.007194939898124327,0.016237501988145712
2016/S2_a_2017/S1,2016/S2,2017/S1,2017/S2,19,ED,ES,0.07927698269253369,0.0011232049200935658,0.017736345086141733
2016/S2_a_2017/S1,2016/S2,2017/S1,2017/S2,20,DTE,PNW,0.08270440778835564,0.010145347824138846,0.015038666101386955
2017/S1_a_2017/S2,2017/S1,2017/S2,2018/S1,1,WEC,LNT,0.03483235529711237,-0.005913711169025694,0.010208699891699504
2017/S1_a_2017/S2,2017/S1,2017/S2,2018/S1,2,DUK,DTE,0.04880632647314087,0.005701032809473838,0.012751216557526573
2017/S1_a_2017/S2,2017/S1,2017/S2,2018/S1,3,DTE,LNT,0.05638765470052931,-0.0008205006117281954,0.01499582290713518
2017/S1_a_2017/S2,2017/S1,2017/S2,2018/S1,4,DUK,ES,0.05701909731942578,-0.010458905832306164,0.010874287251274829
2017/S1_a_2017/S2,2017/S1,2017/S2,2018/S1,5,SRE,PNW,0.058065395433459344,0.0018579096822800474,0.015126002314939643
2017/S1_a_2017/S2,2017/S1,2017/S2,2018/S1,6,CMS,PNW,0.05880104074140036,0.007450598196646925,0.013396667638801645
2017/S1_a_2017/S2,2017/S1,2017/S2,2018/S1,7,AEE,LNT,0.059774340993953956,0.003846713573344281,0.014974677620524762
2017/S1_a_2017/S2,2017/S1,2017/S2,2018/S1,8,PNW,ES,0.06634808746753151,0.009415794220965178,0.013280833570811121
2017/S1_a_2017/S2,2017/S1,2017/S2,2018/S1,9,ED,CMS,0.07407883365158341,-0.010270569296058038,0.013798869611930215
2017/S1_a_2017/S2,2017/S1,2017/S2,2018/S1,10,ED,ES,0.07509393141162946,0.006595823121554068,0.016021760935216352
2017/S1_a_2017/S2,2017/S1,2017/S2,2018/S1,11,DUK,LNT,0.07652095490129796,0.004880532197745643,0.016797885185157378
2017/S1_a_2017/S2,2017/S1,2017/S2,2018/S1,12,AEE,WEC,0.08273691045349096,0.009760424742369975,0.015339513913326868
2017/S1_a_2017/S2,2017/S1,2017/S2,2018/S1,13,KO,UDR,0.0847797053152135,0.0016948076434671526,0.01833671068703964
2017/S1_a_2017/S2,2017/S1,2017/S2,2018/S1,14,AEP,CMS,0.08531972841524293,0.004290054597936805,0.017966655975252578
2017/S1_a_2017/S2,2017/S1,2017/S2,2018/S1,15,DTE,WEC,0.0857998357823817,0.005093210557297498,0.017808840113050957
2017/S1_a_2017/S2,2017/S1,2017/S2,2018/S1,16,AEP,ED,0.08749141989903819,0.014560623893994842,0.011709221337948106
2017/S1_a_2017/S2,2017/S1,2017/S2,2018/S1,17,PNC,MS,0.08845638500508812,0.010395760004675758,0.01566274007449582
2017/S1_a_2017/S2,2017/S1,2017/S2,2018/S1,18,CMS,ES,0.09373498423747151,0.016866392417612102,0.009451287901249104
2017/S1_a_2017/S2,2017/S1,2017/S2,2018/S1,19,HSY,MKC,0.09992614784471243,-0.0040584943303730876,0.019574660396690553
2017/S1_a_2017/S2,2017/S1,2017/S2,2018/S1,20,XEL,NI,0.10072595753410951,0.0078014614417117045,0.018487768343074144
2017/S2_a_2018/S1,2017/S2,2018/S1,2018/S2,1,VTR,WELL,0.02965009514770145,0.0030530126843745188,0.010451899855702447
2017/S2_a_2018/S1,2017/S2,2018/S1,2018/S2,2,DUK,PNW,0.03459402579210291,0.005027113887019295,0.010630293581973418
2017/S2_a_2018/S1,2017/S2,2018/S1,2018/S2,3,XEL,AEP,0.0350471287754317,0.003754224730359756,0.011226661790720306
2017/S2_a_2018/S1,2017/S2,2018/S1,2018/S2,4,ED,DTE,0.046485886397704235,-0.0018761256222617946,0.013505910515439064
2017/S2_a_2018/S1,2017/S2,2018/S1,2018/S2,5,EQR,UDR,0.06122764155048799,0.00409078350918757,0.015103281711059935
2017/S2_a_2018/S1,2017/S2,2018/S1,2018/S2,6,DTE,ES,0.07098801609799921,0.007025660054005827,0.01530995511426685
2017/S2_a_2018/S1,2017/S2,2018/S1,2018/S2,7,DTE,CMS,0.08409873660139056,0.0011033180285288686,0.018307724230254944
2017/S2_a_2018/S1,2017/S2,2018/S1,2018/S2,8,ED,ES,0.08611870109098163,0.005149534431744031,0.01782837706243325
2017/S2_a_2018/S1,2017/S2,2018/S1,2018/S2,9,WEC,LNT,0.08730993652159214,0.003867069116332884,0.01828184087125512
2017/S2_a_2018/S1,2017/S2,2018/S1,2018/S2,10,CMA,RF,0.09037052957319247,0.0062768133506595075,0.017942300268097972
2017/S2_a_2018/S1,2017/S2,2018/S1,2018/S2,11,CMS,NI,0.10300280856881727,0.006161208348224054,0.019336465654617163
2017/S2_a_2018/S1,2017/S2,2018/S1,2018/S2,12,AEP,DTE,0.10466696182606938,0.014433509392313151,0.014474403239955962
2017/S2_a_2018/S1,2017/S2,2018/S1,2018/S2,13,AEP,ED,0.11243713410920009,0.01630963501457495,0.013515928578948695
2017/S2_a_2018/S1,2017/S2,2018/S1,2018/S2,14,DUK,SO,0.11957208352282578,-0.010669838764283917,0.01907845625301383
2017/S2_a_2018/S1,2017/S2,2018/S1,2018/S2,15,FRT,UDR,0.12096779883466979,0.0016533748235065637,0.021934598524665175
2017/S2_a_2018/S1,2017/S2,2018/S1,2018/S2,16,AIV,O,0.12146725131799485,0.011921726553208924,0.018524927287472563
2017/S2_a_2018/S1,2017/S2,2018/S1,2018/S2,17,ED,CMS,0.12331391656789492,-0.0007728075937329252,0.022195856499971515
2017/S2_a_2018/S1,2017/S2,2018/S1,2018/S2,18,AEP,CMS,0.12880548799716962,0.01553682742084202,0.01651857662325593
2017/S2_a_2018/S1,2017/S2,2018/S1,2018/S2,19,XEL,DTE,0.13159765930856793,0.018187734122672907,0.013938213301124998
2017/S2_a_2018/S1,2017/S2,2018/S1,2018/S2,20,PNC,MS,0.13176552368065586,0.007652594662902718,0.021639446407594656
2018/S1_a_2018/S2,2018/S1,2018/S2,2019/S1,1,XEL,AEP,0.01639540242132398,0.0018418641056394064,0.007885149107568103
2018/S1_a_2018/S2,2018/S1,2018/S2,2019/S1,2,AEP,DUK,0.022271124832855094,0.004158648598865925,0.008468823042770215
2018/S1_a_2018/S2,2018/S1,2018/S2,2019/S1,3,XEL,DUK,0.04842165156793499,0.006000512704505332,0.012551351677979031
2018/S1_a_2018/S2,2018/S1,2018/S2,2019/S1,4,AIV,AVB,0.054002657357955286,0.0057758894168324715,0.013509858892032869
2018/S1_a_2018/S2,2018/S1,2018/S2,2019/S1,5,DTE,WEC,0.06773364270662796,-0.006831968650182886,0.014969037110205011
2018/S1_a_2018/S2,2018/S1,2018/S2,2019/S1,6,DUK,PNW,0.06992020379664154,0.003296092304797957,0.01639430187004566
2018/S1_a_2018/S2,2018/S1,2018/S2,2019/S1,7,CMS,WEC,0.07449667368518931,0.00945626326953962,0.01442941773108988
2018/S1_a_2018/S2,2018/S1,2018/S2,2019/S1,8,AEP,PNW,0.08816773409273537,0.00745474090366388,0.017230074920965788
2018/S1_a_2018/S2,2018/S1,2018/S2,2019/S1,9,EQR,UDR,0.0894524680198856,0.006969628804220792,0.01757952910370752
2018/S1_a_2018/S2,2018/S1,2018/S2,2019/S1,10,ETR,LNT,0.09300377737531562,-0.00730046699090879,0.01784671129209061
2018/S1_a_2018/S2,2018/S1,2018/S2,2019/S1,11,AVB,MAA,0.09330486692294926,-0.0025712783220244854,0.019146319479072034
2018/S1_a_2018/S2,2018/S1,2018/S2,2019/S1,12,DUK,AWK,0.09407151537664049,0.009723781635864747,0.016773667592010804
2018/S1_a_2018/S2,2018/S1,2018/S2,2019/S1,13,XEL,DTE,0.0953948139516001,-0.01304677404528269,0.014514822409034156
2018/S1_a_2018/S2,2018/S1,2018/S2,2019/S1,14,HCP,O,0.10756742446358203,0.0012946569413204087,0.020702339401900992
2018/S1_a_2018/S2,2018/S1,2018/S2,2019/S1,15,AEP,AWK,0.11137413219790915,0.013882430234730674,0.015874626675678228
2018/S1_a_2018/S2,2018/S1,2018/S2,2019/S1,16,AEP,DTE,0.11321193158084952,-0.014888638150922097,0.015175292226176198
2018/S1_a_2018/S2,2018/S1,2018/S2,2019/S1,17,DUK,ES,0.11385994969265312,0.007691139964782049,0.019900993700722628
2018/S1_a_2018/S2,2018/S1,2018/S2,2019/S1,18,XEL,PNW,0.11717683148236802,0.009296605009303287,0.01954315107071383
2018/S1_a_2018/S2,2018/S1,2018/S2,2019/S1,19,AEP,ES,0.11767216692749116,0.011849788563647972,0.01815790485574974
2018/S1_a_2018/S2,2018/S1,2018/S2,2019/S1,20,ETR,WEC,0.12128682816819492,-0.004989471520909338,0.021451174963403864
2018/S2_a_2019/S1,2018/S2,2019/S1,2019/S2,1,XEL,WEC,0.025452237372746822,0.003355537606763115,0.009534829245245883
2018/S2_a_2019/S1,2018/S2,2019/S1,2019/S2,2,XEL,AEP,0.028940426793496954,0.005724417070400051,0.009128310940150207
2018/S2_a_2019/S1,2018/S2,2019/S1,2019/S2,3,AEP,WEC,0.037540611530630486,-0.0023688794636369365,0.01204704867328811
2018/S2_a_2019/S1,2018/S2,2019/S1,2019/S2,4,FE,CMS,0.0540899122229348,-0.004445688187929325,0.014049378833586498
2018/S2_a_2019/S1,2018/S2,2019/S1,2019/S2,5,EQR,AVB,0.05519859017249473,0.006130123236671008,0.013562881582507185
2018/S2_a_2019/S1,2018/S2,2019/S1,2019/S2,6,DTE,AEE,0.06225101110180731,0.007724296229431684,0.013787664448006089
2018/S2_a_2019/S1,2018/S2,2019/S1,2019/S2,7,EQR,AIV,0.06858104672289755,-0.004370236966689628,0.016007817359457055
2018/S2_a_2019/S1,2018/S2,2019/S1,2019/S2,8,STI,MTB,0.07229106445180378,-0.006280928200532944,0.01583404771419801
2018/S2_a_2019/S1,2018/S2,2019/S1,2019/S2,9,AIV,ESS,0.08943860956890148,-0.0004010786243574933,0.018948078873165086
2018/S2_a_2019/S1,2018/S2,2019/S1,2019/S2,10,AEE,WEC,0.12273259962989869,-0.007936659798400263,0.02072820454402982
2018/S2_a_2019/S1,2018/S2,2019/S1,2019/S2,11,XEL,ES,0.12559497147560705,-0.013023176957874272,0.018278763651550928
2018/S2_a_2019/S1,2018/S2,2019/S1,2019/S2,12,TMK,USB,0.12968221673258995,0.004437213192090896,0.02238401623368049
2018/S2_a_2019/S1,2018/S2,2019/S1,2019/S2,13,AVB,RSG,0.1371726975138472,-0.00030758593129053447,0.023469115417165662
2018/S2_a_2019/S1,2018/S2,2019/S1,2019/S2,14,AEP,ETR,0.13845905547384518,0.017587912558205573,0.015667912678192276
2018/S2_a_2019/S1,2018/S2,2019/S1,2019/S2,15,NEE,CMS,0.13848326850836656,-0.01977296949541855,0.012791294705696631
2018/S2_a_2019/S1,2018/S2,2019/S1,2019/S2,16,AIV,AVB,0.13882104612173407,0.010500360203360638,0.021137972362257017
2018/S2_a_2019/S1,2018/S2,2019/S1,2019/S2,17,EXC,FE,0.13998838573525063,-0.004451610341153863,0.023287462979886982
2018/S2_a_2019/S1,2018/S2,2019/S1,2019/S2,18,WEC,ES,0.14296000841409295,-0.016378714564637385,0.017458434368270305
2018/S2_a_2019/S1,2018/S2,2019/S1,2019/S2,19,CMS,AVB,0.14338879086301404,-0.012556947562855974,0.020434001689707233
2018/S2_a_2019/S1,2018/S2,2019/S1,2019/S2,20,ETR,CMS,0.14422995304084907,0.011322712953720877,0.021225410614512642
2019/S1_a_2019/S2,2019/S1,2019/S2,2020/S1,1,CMS,LNT,0.05990929965844316,0.0014680673492144948,0.015379163191663237
2019/S1_a_2019/S2,2019/S1,2019/S2,2020/S1,2,DTE,AEE,0.0697561801558777,-0.0020051346266697877,0.016549214038535612
2019/S1_a_2019/S2,2019/S1,2019/S2,2020/S1,3,AVB,UDR,0.07943747270303447,0.0032861963785173545,0.017482615482348654
2019/S1_a_2019/S2,2019/S1,2019/S2,2020/S1,4,CMS,ES,0.09954894091401911,0.0030911894830426114,0.01967271726018262
2019/S1_a_2019/S2,2019/S1,2019/S2,2020/S1,5,AEE,ATO,0.10971192286046971,0.0013718794716542412,0.020861681206465574
2019/S1_a_2019/S2,2019/S1,2019/S2,2020/S1,6,FE,LNT,0.11511367661455552,-0.0030500117400415376,0.02119624004164307
2019/S1_a_2019/S2,2019/S1,2019/S2,2020/S1,7,FE,ES,0.11587676371880207,-0.0014268896062134208,0.02143866338335315
2019/S1_a_2019/S2,2019/S1,2019/S2,2020/S1,8,AIV,UDR,0.11831287255392908,-0.004020259425031862,0.021333990435289128
2019/S1_a_2019/S2,2019/S1,2019/S2,2020/S1,9,AEP,LNT,0.11930883021398131,-0.0008046448798296825,0.02178724287371318
2019/S1_a_2019/S2,2019/S1,2019/S2,2020/S1,10,ES,LNT,0.12713018048953018,-0.001623122133828116,0.022446597100864323
2019/S1_a_2019/S2,2019/S1,2019/S2,2020/S1,11,AIV,AVB,0.13430790223515032,-0.007306455803549217,0.021942977489759548
2019/S1_a_2019/S2,2019/S1,2019/S2,2020/S1,12,AEP,CMS,0.14350533124161302,-0.0022727122290441782,0.023802281150593397
2019/S1_a_2019/S2,2019/S1,2019/S2,2020/S1,13,XEL,CMS,0.14645485489393195,0.017062140884716043,0.017064846872963117
2019/S1_a_2019/S2,2019/S1,2019/S2,2020/S1,14,JPM,PNC,0.15057293184611353,0.005911758488606667,0.023765606066809913
2019/S1_a_2019/S2,2019/S1,2019/S2,2020/S1,15,ED,ATO,0.15214516462708616,-0.009752592959343056,0.022597876634962804
2019/S1_a_2019/S2,2019/S1,2019/S2,2020/S1,16,ED,AEE,0.15752502353927866,-0.011124472430997297,0.02243530264950138
2019/S1_a_2019/S2,2019/S1,2019/S2,2020/S1,17,ICE,CBOE,0.16055560624613463,0.005745012852570929,0.024627770961170022
2019/S1_a_2019/S2,2019/S1,2019/S2,2020/S1,18,FE,CMS,0.162789224846847,-0.004518079089256032,0.025061290535160742
2019/S1_a_2019/S2,2019/S1,2019/S2,2020/S1,19,HBAN,RF,0.1669924183859166,0.009340552830905513,0.02403570093137016
2019/S1_a_2019/S2,2019/S1,2019/S2,2020/S1,20,VNO,SLG,0.18970686036800544,-0.007180990136562387,0.02653360436379246
2019/S2_a_2020/S1,2019/S2,2020/S1,2020/S2,1,CMS,LNT,0.11634993239795222,-0.0007763500522457102,0.02147326174095556
2019/S2_a_2020/S1,2019/S2,2020/S1,2020/S2,2,XEL,AWK,0.12283686770615532,-0.003335069287745136,0.021823864527661573
2019/S2_a_2020/S1,2019/S2,2020/S1,2020/S2,3,C,KEY,0.14399483350274522,-0.00011341832704424496,0.02390387321527825
2019/S2_a_2020/S1,2019/S2,2020/S1,2020/S2,4,KEY,CFG,0.15812397465197137,0.0043125100535630345,0.024673964950115184
2019/S2_a_2020/S1,2019/S2,2020/S1,2020/S2,5,MA,V,0.17628675664627735,0.016974882721763535,0.02025488926488497
2019/S2_a_2020/S1,2019/S2,2020/S1,2020/S2,6,RF,TFC,0.19397522426555724,-0.0110412990972828,0.02544305203202274
2019/S2_a_2020/S1,2019/S2,2020/S1,2020/S2,7,APH,AME,0.19518690456459353,0.0001329389684746212,0.02783044134919271
2019/S2_a_2020/S1,2019/S2,2020/S1,2020/S2,8,ARE,DRE,0.2068474176634254,0.0005238359841495591,0.028645201917991008
2019/S2_a_2020/S1,2019/S2,2020/S1,2020/S2,9,C,COF,0.20791866453532748,-0.0017270405880063652,0.028671929834519234
2019/S2_a_2020/S1,2019/S2,2020/S1,2020/S2,10,ADP,PAYX,0.21113790735637394,-8.260745315301338e-05,0.02894550030048756
2019/S2_a_2020/S1,2019/S2,2020/S1,2020/S2,11,AEP,ATO,0.2190917665446932,0.004716032383940332,0.029104682660584524
2019/S2_a_2020/S1,2019/S2,2020/S1,2020/S2,12,ESS,UDR,0.22205134616183386,-0.010311893197215634,0.02782802597032437
2019/S2_a_2020/S1,2019/S2,2020/S1,2020/S2,13,KEY,COF,0.23351540210853727,-0.0016136222609621192,0.0303979326898517
2019/S2_a_2020/S1,2019/S2,2020/S1,2020/S2,14,EVRG,LNT,0.23806127799514343,-0.015256223895973782,0.026664801199726546
2019/S2_a_2020/S1,2019/S2,2020/S1,2020/S2,15,WEC,ES,0.240755689595062,0.007329169188022296,0.030024154243482846
2019/S2_a_2020/S1,2019/S2,2020/S1,2020/S2,16,AMT,CCI,0.24435684097340982,-0.00035625917218242066,0.03113747869711521
2019/S2_a_2020/S1,2019/S2,2020/S1,2020/S2,17,COF,CFG,0.2532383895779162,0.005926132314525154,0.03113929734052613
2019/S2_a_2020/S1,2019/S2,2020/S1,2020/S2,18,AEE,ATO,0.2601661995639688,-0.007174981315182153,0.031316463877988816
2019/S2_a_2020/S1,2019/S2,2020/S1,2020/S2,19,TMO,DHR,0.26664973417746296,-0.0030120635635825167,0.03238866062036314
2019/S2_a_2020/S1,2019/S2,2020/S1,2020/S2,20,C,CFG,0.26790670263113725,0.004199091726518789,0.03233294751151935
2020/S1_a_2020/S2,2020/S1,2020/S2,2021/S1,1,APH,AME,0.19809160743534449,-0.0044576240346602255,0.0276790271578856
2020/S1_a_2020/S2,2020/S1,2020/S2,2021/S1,2,PEP,MDLZ,0.20567217115558378,0.002534557429469814,0.02845540258008991
2020/S1_a_2020/S2,2020/S1,2020/S2,2021/S1,3,PSA,EXR,0.2120415120657526,0.0061454014769126665,0.02834640625298565
2020/S1_a_2020/S2,2020/S1,2020/S2,2021/S1,4,DOV,FTV,0.22087037216834915,-0.005296236490725254,0.029125732606367093
2020/S1_a_2020/S2,2020/S1,2020/S2,2021/S1,5,CMS,LNT,0.22234184352191733,0.017492138982792428,0.0239816552901622
2020/S1_a_2020/S2,2020/S1,2020/S2,2021/S1,6,JPM,PNC,0.2288202015670322,0.013778524189267295,0.026784614614517713
2020/S1_a_2020/S2,2020/S1,2020/S2,2021/S1,7,FITB,RF,0.23383981126085018,-0.018754407152299625,0.023975241941399533
2020/S1_a_2020/S2,2020/S1,2020/S2,2021/S1,8,UNP,IEX,0.24011449544536845,0.008207442538777742,0.02975240958958039
2020/S1_a_2020/S2,2020/S1,2020/S2,2021/S1,9,OMC,PBCT,0.241402442551248,-0.005707484772302926,0.030417783462699435
2020/S1_a_2020/S2,2020/S1,2020/S2,2021/S1,10,VLO,PSX,0.24204151174313893,0.011814717625077239,0.02864159070369488
2020/S1_a_2020/S2,2020/S1,2020/S2,2021/S1,11,WM,RSG,0.252554316389876,-0.020141097236966405,0.024391106849225568
2020/S1_a_2020/S2,2020/S1,2020/S2,2021/S1,12,AVB,ESS,0.25306176288819415,-0.006337088868320444,0.031046663098755246
2020/S1_a_2020/S2,2020/S1,2020/S2,2021/S1,13,BAC,AFL,0.2533232608032563,-0.008190547684701014,0.03062514902751722
2020/S1_a_2020/S2,2020/S1,2020/S2,2021/S1,14,JPM,AFL,0.2580831802275725,0.015840580815003367,0.02778884440491872
2020/S1_a_2020/S2,2020/S1,2020/S2,2021/S1,15,PLD,DRE,0.271329489211098,0.01194420889791661,0.03055280786742229
2020/S1_a_2020/S2,2020/S1,2020/S2,2021/S1,16,TMO,DHR,0.2727426403149593,-0.0208329981882353,0.025427858230564312
2020/S1_a_2020/S2,2020/S1,2020/S2,2021/S1,17,ESS,UDR,0.28332451637720624,-0.024930782876595097,0.022367236248400788
2020/S1_a_2020/S2,2020/S1,2020/S2,2021/S1,18,MMC,WLTW,0.28681053704548276,-0.009490835367724883,0.03236825067130635
2020/S1_a_2020/S2,2020/S1,2020/S2,2021/S1,19,WEC,ES,0.2885607757013986,0.004452755999357833,0.03354365407280432
2020/S1_a_2020/S2,2020/S1,2020/S2,2021/S1,20,KEY,HBAN,0.28915967213123395,-0.02123471641856737,0.026358233950621687
2020/S2_a_2021/S1,2020/S2,2021/S1,2021/S2,1,AEE,LNT,0.10821277534410001,7.953559115197312e-05,0.02076343526208312
2020/S2_a_2021/S1,2020/S2,2021/S1,2021/S2,2,ESS,UDR,0.1114375146967177,0.008741773068186343,0.019163796836813754
2020/S2_a_2021/S1,2020/S2,2021/S1,2021/S2,3,AON,WLTW,0.15642966231644095,0.01260210742598371,0.02153554998471138
2020/S2_a_2021/S1,2020/S2,2021/S1,2021/S2,4,XEL,WEC,0.1680716304604175,0.010989514162906196,0.023417034715644314
2020/S2_a_2021/S1,2020/S2,2021/S1,2021/S2,5,EQR,UDR,0.17720716872418052,0.0065618970790008845,0.02574440939725818
2020/S2_a_2021/S1,2020/S2,2021/S1,2021/S2,6,AEP,ED,0.18916894673554907,-7.4052296929991994e-06,0.027452888505889256
2020/S2_a_2021/S1,2020/S2,2021/S1,2021/S2,7,FISV,GPN,0.19571033610827726,0.0026778346047745434,0.027794299550947536
2020/S2_a_2021/S1,2020/S2,2021/S1,2021/S2,8,ED,CMS,0.19778674088456683,0.012646190656089218,0.025048586578210703
2020/S2_a_2021/S1,2020/S2,2021/S1,2021/S2,9,CAG,GIS,0.2019029370944736,0.012742601613546527,0.0253253503008006
2020/S2_a_2021/S1,2020/S2,2021/S1,2021/S2,10,DUK,SO,0.20308403485807958,-0.003913705256401832,0.028173065636829676
2020/S2_a_2021/S1,2020/S2,2021/S1,2021/S2,11,AEP,CMS,0.21628306461980173,0.012638785426396218,0.02648226216564523
2020/S2_a_2021/S1,2020/S2,2021/S1,2021/S2,12,EQR,ESS,0.22924258227521932,-0.002179875989185457,0.03014210128407041
2020/S2_a_2021/S1,2020/S2,2021/S1,2021/S2,13,ED,WEC,0.24173706097144532,-0.013362591534774818,0.027996885863754352
2020/S2_a_2021/S1,2020/S2,2021/S1,2021/S2,14,IBM,MMC,0.27903152028579825,0.0016880811583836236,0.033298924796931216
2020/S2_a_2021/S1,2020/S2,2021/S1,2021/S2,15,BMY,PEP,0.2795883577591667,-0.005934814692546257,0.032841064042575814
2020/S2_a_2021/S1,2020/S2,2021/S1,2021/S2,16,PEP,CERN,0.29565746816422234,-0.00018005696572917198,0.03432033872474698
2020/S2_a_2021/S1,2020/S2,2021/S1,2021/S2,17,EXC,SO,0.2970205259822478,-0.01706255813931916,0.02985059354201299
2020/S2_a_2021/S1,2020/S2,2021/S1,2021/S2,18,CMS,WEC,0.3009855470505727,-0.026008782190864038,0.02280337273104779
2020/S2_a_2021/S1,2020/S2,2021/S1,2021/S2,19,AZO,ORLY,0.30130444982478366,-0.010032401730577522,0.033156689489558584
2020/S2_a_2021/S1,2020/S2,2021/S1,2021/S2,20,K,ATO,0.3073589650400095,0.012253564006281477,0.03276873009393773
2021/S1_a_2021/S2,2021/S1,2021/S2,2022/S1,1,AME,IEX,0.062183410428929164,-0.0044625473312171135,0.015091355220558107
2021/S1_a_2021/S2,2021/S1,2021/S2,2022/S1,2,CMS,WEC,0.06299534175877852,0.007341003893213744,0.014031123137672718
2021/S1_a_2021/S2,2021/S1,2021/S2,2022/S1,3,AVB,UDR,0.09698619980417789,-0.00843584427805554,0.01774689307819009
2021/S1_a_2021/S2,2021/S1,2021/S2,2022/S1,4,D,WEC,0.10120554885952515,0.00587341863233696,0.019198303913188535
2021/S1_a_2021/S2,2021/S1,2021/S2,2022/S1,5,SPGI,INFO,0.10974283067866963,-0.008480240132041747,0.019105534497669323
2021/S1_a_2021/S2,2021/S1,2021/S2,2022/S1,6,ITW,AME,0.11567214572232842,-0.003708941929936285,0.02114318202312356
2021/S1_a_2021/S2,2021/S1,2021/S2,2022/S1,7,XEL,WEC,0.11631001533203289,-0.006564250196877777,0.020496962306178437
2021/S1_a_2021/S2,2021/S1,2021/S2,2022/S1,8,D,CMS,0.11992672808503357,-0.0014675852608767846,0.02180901974005612
2021/S1_a_2021/S2,2021/S1,2021/S2,2022/S1,9,ITW,IEX,0.15833464160164112,-0.0081714892611534,0.023743968489036378
2021/S1_a_2021/S2,2021/S1,2021/S2,2022/S1,10,DUK,LNT,0.16504205396324778,0.005765181229719094,0.024983361051056547
2021/S1_a_2021/S2,2021/S1,2021/S2,2022/S1,11,EQR,ESS,0.16819780327864464,0.017745628944269048,0.01881352737960652
2021/S1_a_2021/S2,2021/S1,2021/S2,2022/S1,12,AEP,CMS,0.17326740146108932,0.019782463517432753,0.01724538670695381
2021/S1_a_2021/S2,2021/S1,2021/S2,2022/S1,13,KO,MDLZ,0.18378309521756364,-0.014116062489496452,0.02306830008964876
2021/S1_a_2021/S2,2021/S1,2021/S2,2022/S1,14,DUK,DTE,0.18577883897489755,-0.0030877107063531535,0.027029295137882624
2021/S1_a_2021/S2,2021/S1,2021/S2,2022/S1,15,XEL,ATO,0.19399330614533028,-0.007480821575597399,0.026771179417693143
2021/S1_a_2021/S2,2021/S1,2021/S2,2022/S1,16,CSX,UNP,0.19689675926815653,0.021129831130917702,0.018335776844572417
2021/S1_a_2021/S2,2021/S1,2021/S2,2022/S1,17,AEP,PPL,0.1985790165739445,-0.00889872851643302,0.026676742749399893
2021/S1_a_2021/S2,2021/S1,2021/S2,2022/S1,18,NI,AME,0.20501464057167595,-0.00213382727366069,0.02849947433814311
2021/S1_a_2021/S2,2021/S1,2021/S2,2022/S1,19,PPL,AMCR,0.20586516335788474,0.011079609393048074,0.026399490804105374
2021/S1_a_2021/S2,2021/S1,2021/S2,2022/S1,20,K,D,0.20637636067749554,0.0036066056792042204,0.028445687700477524
2021/S2_a_2022/S1,2021/S2,2022/S1,2022/S2,1,DTE,CMS,0.06250315131092066,0.0058652280676902485,0.01464508734770356
2021/S2_a_2022/S1,2021/S2,2022/S1,2022/S2,2,AVB,UDR,0.06947227122407185,-0.003008140349568069,0.016361448507909552
2021/S2_a_2022/S1,2021/S2,2022/S1,2022/S2,3,DUK,WEC,0.08944495189803092,-0.00013522229915896312,0.01887686499694087
2021/S2_a_2022/S1,2021/S2,2022/S1,2022/S2,4,AEE,CMS,0.11588235778867784,0.009459029874361669,0.019283490012829738
2021/S2_a_2022/S1,2021/S2,2022/S1,2022/S2,5,LEN,DHI,0.11997896109875228,-0.00556029356976455,0.02114151815119668
2021/S2_a_2022/S1,2021/S2,2022/S1,2022/S2,6,PEG,AEE,0.12073863612192781,-0.003996207551954051,0.021563791962338534
2021/S2_a_2022/S1,2021/S2,2022/S1,2022/S2,7,ES,EVRG,0.13271768438210074,0.01262838064382607,0.019200113396642397
2021/S2_a_2022/S1,2021/S2,2022/S1,2022/S2,8,ETR,AEE,0.14084353075827494,0.004009937925933351,0.023344933931893363
2021/S2_a_2022/S1,2021/S2,2022/S1,2022/S2,9,D,CMS,0.1432722285667296,-0.01168006093885142,0.020828786492657188
2021/S2_a_2022/S1,2021/S2,2022/S1,2022/S2,10,AEP,DTE,0.14443968501154814,-0.013290799719850107,0.01995263864355011
2021/S2_a_2022/S1,2021/S2,2022/S1,2022/S2,11,EQR,AVB,0.15275283956282237,-0.019091409920181057,0.015577002216627486
2021/S2_a_2022/S1,2021/S2,2022/S1,2022/S2,12,AEP,CMS,0.15673050073576178,-0.007425571652159858,0.023855094080963337
2021/S2_a_2022/S1,2021/S2,2022/S1,2022/S2,13,ETR,CMS,0.15987729040671184,0.01346896780029502,0.02132663736802469
2021/S2_a_2022/S1,2021/S2,2022/S1,2022/S2,14,D,DUK,0.16239768269440447,0.00464096214005888,0.025007566443727643
2021/S2_a_2022/S1,2021/S2,2022/S1,2022/S2,15,DTE,AEE,0.178698393562172,-0.00359380180667142,0.026438209542952226
2021/S2_a_2022/S1,2021/S2,2022/S1,2022/S2,16,XEL,JNJ,0.18776274889808064,-0.006296748924983413,0.0266129996279118
2021/S2_a_2022/S1,2021/S2,2022/S1,2022/S2,17,D,PEG,0.18985150276250806,-0.017142883261259033,0.021478622211871436
2021/S2_a_2022/S1,2021/S2,2022/S1,2022/S2,18,CMS,WEC,0.19508751612249853,0.016185800779751333,0.02267635789985451
2021/S2_a_2022/S1,2021/S2,2022/S1,2022/S2,19,VMC,MLM,0.19638785795518743,-0.0191962200200605,0.020309081090956384
2021/S2_a_2022/S1,2021/S2,2022/S1,2022/S2,20,DOW,LYB,0.1965075315142144,-0.0024208054136450503,0.027874986731378077
2022/S1_a_2022/S2,2022/S1,2022/S2,2023/S1,1,DUK,CMS,0.05460361840050609,0.006856165098979149,0.013085084857886904
2022/S1_a_2022/S2,2022/S1,2022/S2,2023/S1,2,WM,RSG,0.05806162758500477,-0.005313637171541695,0.014279314808119437
2022/S1_a_2022/S2,2022/S1,2022/S2,2023/S1,3,EQR,AVB,0.06070277245999023,0.012100981264545053,0.009787318697432794
2022/S1_a_2022/S2,2022/S1,2022/S2,2023/S1,4,MCO,SPGI,0.08059016708716626,-0.004973577540491932,0.017248920224254536
2022/S1_a_2022/S2,2022/S1,2022/S2,2023/S1,5,ETN,AME,0.08827138507024301,-0.003455065844140817,0.018468901168550052
2022/S1_a_2022/S2,2022/S1,2022/S2,2023/S1,6,LEN,DHI,0.10048263250450873,0.009190777021282853,0.01780792706168717
2022/S1_a_2022/S2,2022/S1,2022/S2,2023/S1,7,PHM,NVR,0.10566982609270781,0.0063291180402839636,0.019556618783992372
2022/S1_a_2022/S2,2022/S1,2022/S2,2023/S1,8,AEP,CNP,0.1061196150935757,0.000727198145127838,0.02058998610887368
2022/S1_a_2022/S2,2022/S1,2022/S2,2023/S1,9,CPT,UDR,0.11362384939013737,-0.014401145813551758,0.01569308206867939
2022/S1_a_2022/S2,2022/S1,2022/S2,2023/S1,10,XEL,WEC,0.11654071860482418,0.013636490384768704,0.01671721235509563
2022/S1_a_2022/S2,2022/S1,2022/S2,2023/S1,11,APH,CDW,0.12427952984290869,0.0010982762597189855,0.022268971323033165
2022/S1_a_2022/S2,2022/S1,2022/S2,2023/S1,12,AVB,UDR,0.1254132526020726,0.015976411979895,0.01566481049032653
2022/S1_a_2022/S2,2022/S1,2022/S2,2023/S1,13,ES,EVRG,0.12567582934116217,0.0026958219224468474,0.022257735547526088
2022/S1_a_2022/S2,2022/S1,2022/S2,2023/S1,14,DUK,AEE,0.1263703703310739,0.01228766239062798,0.018811987872395543
2022/S1_a_2022/S2,2022/S1,2022/S2,2023/S1,15,ES,LNT,0.12738690271902442,-0.0035434438050625334,0.022292182327012265
2022/S1_a_2022/S2,2022/S1,2022/S2,2023/S1,16,KEY,FITB,0.14740784494694026,-0.006764671874650157,0.023317108548742055
2022/S1_a_2022/S2,2022/S1,2022/S2,2023/S1,17,CSX,NSC,0.15472758667442577,0.013360368724359209,0.02096895077101055
2022/S1_a_2022/S2,2022/S1,2022/S2,2023/S1,18,ED,CNP,0.1557980754964774,0.012524427421825723,0.021580166232265295
2022/S1_a_2022/S2,2022/S1,2022/S2,2023/S1,19,TMO,DHR,0.16332382806996293,0.0028921798097347024,0.025394825248687816
2022/S1_a_2022/S2,2022/S1,2022/S2,2023/S1,20,CDNS,SNPS,0.17174803582270215,-0.007553836836130275,0.025093892694032175
2022/S2_a_2023/S1,2022/S2,2023/S1,2023/S2,1,XEL,AEE,0.051352416235545206,0.0015676663604872161,0.01424578031605615
2022/S2_a_2023/S1,2022/S2,2023/S1,2023/S2,2,XEL,AEP,0.08057030756208405,-0.008080651354828706,0.016022581446949975
2022/S2_a_2023/S1,2022/S2,2023/S1,2023/S2,3,WEC,LNT,0.08602506143756727,0.005620713638958525,0.017674316231507663
2022/S2_a_2023/S1,2022/S2,2023/S1,2023/S2,4,DUK,CMS,0.09206013889075848,0.00919048144190991,0.016835609482073372
2022/S2_a_2023/S1,2022/S2,2023/S1,2023/S2,5,AEP,ETR,0.10253483573603717,0.0007922223181149452,0.020236334062208965
2022/S2_a_2023/S1,2022/S2,2023/S1,2023/S2,6,AEE,WEC,0.1084466212940356,0.011351638640190079,0.017447387958080818
2022/S2_a_2023/S1,2022/S2,2023/S1,2023/S2,7,XEL,WEC,0.11882323216997293,0.012919305000677296,0.017541860027143197
2022/S2_a_2023/S1,2022/S2,2023/S1,2023/S2,8,AEP,AEE,0.12532539149731292,0.00964831771531592,0.020195028376162077
2022/S2_a_2023/S1,2022/S2,2023/S1,2023/S2,9,AVB,INVH,0.1339192123793964,-0.01550182797957684,0.01715834934153287
2022/S2_a_2023/S1,2022/S2,2023/S1,2023/S2,10,EXC,CMS,0.13675779542069222,0.006486046336810679,0.02246762358174823
2022/S2_a_2023/S1,2022/S2,2023/S1,2023/S2,11,WEC,EVRG,0.140018190673743,-0.007339494607107409,0.022494201672502285
2022/S2_a_2023/S1,2022/S2,2023/S1,2023/S2,12,EVRG,LNT,0.14260504029334697,0.012960208246065932,0.020044482916773847
2022/S2_a_2023/S1,2022/S2,2023/S1,2023/S2,13,XEL,EVRG,0.15460720032905328,0.005579810393569888,0.024231590541101886
2022/S2_a_2023/S1,2022/S2,2023/S1,2023/S2,14,AEE,EVRG,0.15540320163034949,0.00401214403308267,0.024605916312547285
2022/S2_a_2023/S1,2022/S2,2023/S1,2023/S2,15,AEE,NI,0.16118417369557392,0.011066264678147912,0.022842605630675104
2022/S2_a_2023/S1,2022/S2,2023/S1,2023/S2,16,DTE,CMS,0.16210377705760948,0.0004183294730737552,0.025460546119126834
2022/S2_a_2023/S1,2022/S2,2023/S1,2023/S2,17,APH,FTV,0.16998224230542291,0.013991483978940957,0.021986002337689763
2022/S2_a_2023/S1,2022/S2,2023/S1,2023/S2,18,DUK,ES,0.17630530364777997,-0.010986659445829269,0.024166747858782138
2022/S2_a_2023/S1,2022/S2,2023/S1,2023/S2,19,PPL,FE,0.17876639799055738,-0.004504036529648462,0.026357126199982112
2022/S2_a_2023/S1,2022/S2,2023/S1,2023/S2,20,DTE,LNT,0.18069081517933228,-0.020484745158345228,0.017362602839972475
2023/S1_a_2023/S2,2023/S1,2023/S2,2024/S1,1,FE,CMS,0.08724849127139578,-0.010137974262793791,0.015722730677993714
2023/S1_a_2023/S2,2023/S1,2023/S2,2024/S1,2,DTE,CMS,0.09431844813809676,-0.007049073839544089,0.018135598979866364
2023/S1_a_2023/S2,2023/S1,2023/S2,2024/S1,3,CPT,MAA,0.10721830467173277,0.01085317624143711,0.01767289191371939
2023/S1_a_2023/S2,2023/S1,2023/S2,2024/S1,4,PPL,FE,0.10867478975654876,0.0017875577196651208,0.020814339850177926
2023/S1_a_2023/S2,2023/S1,2023/S2,2024/S1,5,PPL,CMS,0.1146863673091616,-0.008350416543128672,0.019763054574051742
2023/S1_a_2023/S2,2023/S1,2023/S2,2024/S1,6,ED,CNP,0.11497015184659176,-0.007324768500052769,0.020195539434723964
2023/S1_a_2023/S2,2023/S1,2023/S2,2024/S1,7,XEL,AEP,0.12359490797854278,0.009668492150460327,0.02006265015332014
2023/S1_a_2023/S2,2023/S1,2023/S2,2024/S1,8,KO,LNT,0.12467224681398648,0.004991386281372312,0.02181003808550066
2023/S1_a_2023/S2,2023/S1,2023/S2,2024/S1,9,AEE,WEC,0.13204194322372587,-0.015615551502010286,0.016895685274864944
2023/S1_a_2023/S2,2023/S1,2023/S2,2024/S1,10,CNP,NI,0.13566647961101808,-0.012764559410476625,0.019525802656420312
2023/S1_a_2023/S2,2023/S1,2023/S2,2024/S1,11,ETR,CMS,0.140048916434921,0.00779520599135524,0.022392770574187114
2023/S1_a_2023/S2,2023/S1,2023/S2,2024/S1,12,DTE,PPL,0.14686417659493145,0.0013013427035845826,0.02425109639279433
2023/S1_a_2023/S2,2023/S1,2023/S2,2024/S1,13,WEC,LNT,0.15199680057958176,-0.0023534249772118087,0.0245940656552899
2023/S1_a_2023/S2,2023/S1,2023/S2,2024/S1,14,AWK,EVRG,0.15575512815388493,-0.005826706784157269,0.024319451960125242
2023/S1_a_2023/S2,2023/S1,2023/S2,2024/S1,15,DTE,FE,0.16081429818592596,0.0030889004232497025,0.025224213181824277
2023/S1_a_2023/S2,2023/S1,2023/S2,2024/S1,16,CMS,LNT,0.16787929950362468,-0.019027733352467737,0.017626837011038267
2023/S1_a_2023/S2,2023/S1,2023/S2,2024/S1,17,CTAS,ROP,0.1710401447833192,-0.0034642064070434437,0.025978054012263885
2023/S1_a_2023/S2,2023/S1,2023/S2,2024/S1,18,MO,NI,0.17320568925174484,0.0028278306970966564,0.02622167874681391
2023/S1_a_2023/S2,2023/S1,2023/S2,2024/S1,19,AEP,KHC,0.17324783430910884,-0.005822900870412091,0.025724153845252968
2023/S1_a_2023/S2,2023/S1,2023/S2,2024/S1,20,LH,REG,0.1798227369263259,0.008381694397542777,0.025527332912677975
2023/S2_a_2024/S1,2023/S2,2024/S1,2024/S2,1,FE,CMS,0.05743347475902283,-0.007653079446440264,0.013109221210478549
2023/S2_a_2024/S1,2023/S2,2024/S1,2024/S2,2,DTE,CMS,0.07914657023650307,-0.008198234527222419,0.015823297334520457
2023/S2_a_2024/S1,2023/S2,2024/S1,2024/S2,3,CAG,GIS,0.10205734590431348,-0.0068927656827097806,0.019030707716889216
2023/S2_a_2024/S1,2023/S2,2024/S1,2024/S2,4,CNP,PM,0.1049957397807475,0.001324974415558342,0.020491633171666135
2023/S2_a_2024/S1,2023/S2,2024/S1,2024/S2,5,DTE,FE,0.1184142161383761,-0.0005451550807821542,0.021800475071531034
2023/S2_a_2024/S1,2023/S2,2024/S1,2024/S2,6,MA,V,0.1214923748966612,-0.001125492860760583,0.022060130617451768
2023/S2_a_2024/S1,2023/S2,2024/S1,2024/S2,7,ED,SRE,0.12471376208964102,0.004926280785190548,0.021828714508468138
2023/S2_a_2024/S1,2023/S2,2024/S1,2024/S2,8,CMS,NI,0.12891653637774425,-0.009766622824167953,0.020541837612318443
2023/S2_a_2024/S1,2023/S2,2024/S1,2024/S2,9,ATO,INVH,0.1313765186140472,0.0024507325981745986,0.022838264590505333
2023/S2_a_2024/S1,2023/S2,2024/S1,2024/S2,10,AEP,CMS,0.14095510376472475,-0.006152707341895225,0.0229799241748982
2023/S2_a_2024/S1,2023/S2,2024/S1,2024/S2,11,AEP,DTE,0.14649991568069254,0.002045527185327193,0.024169238498877726
2023/S2_a_2024/S1,2023/S2,2024/S1,2024/S2,12,MAA,UDR,0.14696489459021223,0.00990009536588221,0.022176901269275136
2023/S2_a_2024/S1,2023/S2,2024/S1,2024/S2,13,DUK,ETR,0.1507069138432371,0.009099732977869849,0.02284974745897529
2023/S2_a_2024/S1,2023/S2,2024/S1,2024/S2,14,KO,CMS,0.15336310599144554,0.010086494678683302,0.022666497955800797
2023/S2_a_2024/S1,2023/S2,2024/S1,2024/S2,15,MO,PM,0.17361046301914485,-0.013805015993744672,0.02249193040231031
2023/S2_a_2024/S1,2023/S2,2024/S1,2024/S2,16,AEP,FE,0.17573509861358616,0.0015003721045450398,0.02652363646197187
2023/S2_a_2024/S1,2023/S2,2024/S1,2024/S2,17,AVB,PM,0.17731096109184818,-0.0069502545699482,0.02576028288816488
2023/S2_a_2024/S1,2023/S2,2024/S1,2024/S2,18,EXC,AEE,0.17846169183741267,0.020033995792105404,0.017712728274413232
2023/S2_a_2024/S1,2023/S2,2024/S1,2024/S2,19,CNP,CMS,0.17919671693931605,-0.005126249828672073,0.026330240346006388
2023/S2_a_2024/S1,2023/S2,2024/S1,2024/S2,20,KO,NI,0.18318969514928085,0.0003198718545153496,0.027121925780192884
2024/S1_a_2024/S2,2024/S1,2024/S2,2025/S1,1,PNC,RF,0.10230515085618208,-0.00504097685654439,0.019546804187879775
2024/S1_a_2024/S2,2024/S1,2024/S2,2025/S1,2,AVB,ESS,0.10416419838111324,0.0005317067576856659,0.020364502642593714
2024/S1_a_2024/S2,2024/S1,2024/S2,2025/S1,3,AEE,ATO,0.1112561266575085,-0.011236636742268527,0.01779006631444245
2024/S1_a_2024/S2,2024/S1,2024/S2,2025/S1,4,MAA,UDR,0.1130373966540219,0.0021397039335097987,0.021112830709004392
2024/S1_a_2024/S2,2024/S1,2024/S2,2025/S1,5,EVRG,LNT,0.12794346748069074,0.008692276866551033,0.02082974398410834
2024/S1_a_2024/S2,2024/S1,2024/S2,2025/S1,6,PPL,EVRG,0.13270902669944462,0.017681275807840884,0.014657700357576877
2024/S1_a_2024/S2,2024/S1,2024/S2,2025/S1,7,EQR,AVB,0.14241301643050974,0.012287044473019832,0.02039140980341107
2024/S1_a_2024/S2,2024/S1,2024/S2,2025/S1,8,EQR,CPT,0.15551198370064867,0.0014024584963446653,0.0248514573039384
2024/S1_a_2024/S2,2024/S1,2024/S2,2025/S1,9,AVB,CPT,0.16202752650451657,-0.010884585976675167,0.02294736963893067
2024/S1_a_2024/S2,2024/S1,2024/S2,2025/S1,10,ESS,CPT,0.16480120668552445,-0.011416292734360832,0.022928748830573352
2024/S1_a_2024/S2,2024/S1,2024/S2,2025/S1,11,DUK,CMS,0.1775482593803872,0.008240374927123604,0.025282192770117763
2024/S1_a_2024/S2,2024/S1,2024/S2,2025/S1,12,EQR,ESS,0.1788079078572764,0.012818751230705498,0.023396731759408533
2024/S1_a_2024/S2,2024/S1,2024/S2,2025/S1,13,PPG,UPS,0.19013907215412473,0.000709385597768639,0.027514013721423338
2024/S1_a_2024/S2,2024/S1,2024/S2,2025/S1,14,PPL,ATO,0.19373442318089928,0.004487966940753494,0.027415838449564953
2024/S1_a_2024/S2,2024/S1,2024/S2,2025/S1,15,AVB,UDR,0.19655016217893717,0.018888090199920972,0.020612788977418903
2024/S1_a_2024/S2,2024/S1,2024/S2,2025/S1,16,RSG,BRK.B,0.19735306682923692,0.002401553813835109,0.027937014154551566
2024/S1_a_2024/S2,2024/S1,2024/S2,2025/S1,17,CB,BRK.B,0.200681338755885,-0.003339601125263798,0.028077212759737246
2024/S1_a_2024/S2,2024/S1,2024/S2,2025/S1,18,CAG,GIS,0.20694541670206945,-0.012261286427791548,0.02595275758528068
2024/S1_a_2024/S2,2024/S1,2024/S2,2025/S1,19,PG,MMC,0.21068825095665034,0.010740098111636414,0.026899556764048715
2024/S1_a_2024/S2,2024/S1,2024/S2,2025/S1,20,D,DUK,0.21600283660916375,0.010877071786512434,0.027235767332219014
2024/S2_a_2025/S1,2024/S2,2025/S1,2025/S2,1,ESS,UDR,0.0812134796240116,0.005802902306219213,0.017098235051841704
2024/S2_a_2025/S1,2024/S2,2025/S1,2025/S2,2,EQR,UDR,0.11081351855136745,-0.008689438807619843,0.019215218601851842
2024/S2_a_2025/S1,2024/S2,2025/S1,2025/S2,3,MCO,SPGI,0.11465389455224795,-0.008525675208861466,0.019684469864780937
2024/S2_a_2025/S1,2024/S2,2025/S1,2025/S2,4,USB,RF,0.13283333833533106,0.0088201477076646,0.021339160876289086
2024/S2_a_2025/S1,2024/S2,2025/S1,2025/S2,5,EQR,AVB,0.1381494891318198,-0.008165403997098362,0.022087907022537993
2024/S2_a_2025/S1,2024/S2,2025/S1,2025/S2,6,AEP,DUK,0.14055494992715012,-0.0036403621576223274,0.023477057994526804
2024/S2_a_2025/S1,2024/S2,2025/S1,2025/S2,7,AEE,NI,0.14889886508956351,0.009961364636064726,0.022323980724978383
2024/S2_a_2025/S1,2024/S2,2025/S1,2025/S2,8,DUK,SO,0.15428674147574384,0.016673207091009445,0.01845299932096126
2024/S2_a_2025/S1,2024/S2,2025/S1,2025/S2,9,SO,VICI,0.15788953967080488,0.00047886883284268487,0.025176661822519344
2024/S2_a_2025/S1,2024/S2,2025/S1,2025/S2,10,PPL,EVRG,0.16624806344657372,0.0025504717506888417,0.02571248481061907
2024/S2_a_2025/S1,2024/S2,2025/S1,2025/S2,11,AVB,UDR,0.17928819629298687,-0.0005240348105214832,0.026828291065499065
2024/S2_a_2025/S1,2024/S2,2025/S1,2025/S2,12,PNC,KEY,0.17965605209383284,0.0027007703050165484,0.026724273522712345
2024/S2_a_2025/S1,2024/S2,2025/S1,2025/S2,13,EQR,ESS,0.1813839981601859,-0.014492341113839059,0.022750348461085427
2024/S2_a_2025/S1,2024/S2,2025/S1,2025/S2,14,PNW,LNT,0.1833079059310876,-0.0038116401807494196,0.026862415758432026
2024/S2_a_2025/S1,2024/S2,2025/S1,2025/S2,15,ESS,CPT,0.1915879844277697,-0.01745437671110833,0.021530231648476495
2024/S2_a_2025/S1,2024/S2,2025/S1,2025/S2,16,WM,VRSK,0.19359499362190036,-0.012323105943166105,0.02500042237396957
2024/S2_a_2025/S1,2024/S2,2025/S1,2025/S2,17,CMS,PNW,0.19365782681109067,-0.008203205347717003,0.026649192240234074
2024/S2_a_2025/S1,2024/S2,2025/S1,2025/S2,18,ADP,PAYX,0.1989353820162023,0.018347993736509464,0.021469429417374127
2024/S2_a_2025/S1,2024/S2,2025/S1,2025/S2,19,CMS,LNT,0.20667702790262865,-0.01201484552846642,0.026174261525469398
2024/S2_a_2025/S1,2024/S2,2025/S1,2025/S2,20,FITB,RF,0.2122279706431982,-0.010751858872551215,0.027134008754355236
